index,sample_id,label,clean_pred,adv_pred_saved,adv_pred_recomputed,prediction_match,clean_correct,raw_success,strict_success,file
0,airplane_0627,0,0,26,26,1,1,1,1,samples/000000_airplane_0627.npz
1,airplane_0628,0,0,26,26,1,1,1,1,samples/000001_airplane_0628.npz
2,airplane_0629,0,0,26,26,1,1,1,1,samples/000002_airplane_0629.npz
3,airplane_0630,0,0,26,26,1,1,1,1,samples/000003_airplane_0630.npz
4,airplane_0631,0,0,26,26,1,1,1,1,samples/000004_airplane_0631.npz
5,airplane_0632,0,0,26,26,1,1,1,1,samples/000005_airplane_0632.npz
6,airplane_0633,0,0,26,26,1,1,1,1,samples/000006_airplane_0633.npz
7,airplane_0634,0,0,26,26,1,1,1,1,samples/000007_airplane_0634.npz
8,airplane_0635,0,0,26,26,1,1,1,1,samples/000008_airplane_0635.npz
9,airplane_0636,0,0,26,26,1,1,1,1,samples/000009_airplane_0636.npz
10,airplane_0637,0,0,26,26,1,1,1,1,samples/000010_airplane_0637.npz
11,airplane_0638,0,0,26,26,1,1,1,1,samples/000011_airplane_0638.npz
12,airplane_0639,0,0,26,26,1,1,1,1,samples/000012_airplane_0639.npz
13,airplane_0640,0,0,26,26,1,1,1,1,samples/000013_airplane_0640.npz
14,airplane_0641,0,0,26,26,1,1,1,1,samples/000014_airplane_0641.npz
15,airplane_0642,0,0,26,26,1,1,1,1,samples/000015_airplane_0642.npz
16,airplane_0643,0,0,26,26,1,1,1,1,samples/000016_airplane_0643.npz
17,airplane_0644,0,0,26,26,1,1,1,1,samples/000017_airplane_0644.npz
18,airplane_0645,0,0,26,26,1,1,1,1,samples/000018_airplane_0645.npz
19,airplane_0646,0,0,26,26,1,1,1,1,samples/000019_airplane_0646.npz
20,airplane_0647,0,0,26,26,1,1,1,1,samples/000020_airplane_0647.npz
21,airplane_0648,0,0,26,26,1,1,1,1,samples/000021_airplane_0648.npz
22,airplane_0649,0,0,30,30,1,1,1,1,samples/000022_airplane_0649.npz
23,airplane_0650,0,0,12,12,1,1,1,1,samples/000023_airplane_0650.npz
24,airplane_0651,0,0,26,26,1,1,1,1,samples/000024_airplane_0651.npz
25,airplane_0652,0,0,26,26,1,1,1,1,samples/000025_airplane_0652.npz
26,airplane_0653,0,0,26,26,1,1,1,1,samples/000026_airplane_0653.npz
27,airplane_0654,0,0,26,26,1,1,1,1,samples/000027_airplane_0654.npz
28,airplane_0655,0,0,26,26,1,1,1,1,samples/000028_airplane_0655.npz
29,airplane_0656,0,0,26,26,1,1,1,1,samples/000029_airplane_0656.npz
30,airplane_0657,0,0,26,26,1,1,1,1,samples/000030_airplane_0657.npz
31,airplane_0658,0,0,26,26,1,1,1,1,samples/000031_airplane_0658.npz
32,airplane_0659,0,0,26,26,1,1,1,1,samples/000032_airplane_0659.npz
33,airplane_0660,0,0,26,26,1,1,1,1,samples/000033_airplane_0660.npz
34,airplane_0661,0,0,26,26,1,1,1,1,samples/000034_airplane_0661.npz
35,airplane_0662,0,0,26,26,1,1,1,1,samples/000035_airplane_0662.npz
36,airplane_0663,0,0,26,26,1,1,1,1,samples/000036_airplane_0663.npz
37,airplane_0664,0,0,26,26,1,1,1,1,samples/000037_airplane_0664.npz
38,airplane_0665,0,0,26,26,1,1,1,1,samples/000038_airplane_0665.npz
39,airplane_0666,0,0,26,26,1,1,1,1,samples/000039_airplane_0666.npz
40,airplane_0667,0,0,26,26,1,1,1,1,samples/000040_airplane_0667.npz
41,airplane_0668,0,0,26,26,1,1,1,1,samples/000041_airplane_0668.npz
42,airplane_0669,0,0,15,15,1,1,1,1,samples/000042_airplane_0669.npz
43,airplane_0670,0,0,26,26,1,1,1,1,samples/000043_airplane_0670.npz
44,airplane_0671,0,0,26,26,1,1,1,1,samples/000044_airplane_0671.npz
45,airplane_0672,0,0,26,26,1,1,1,1,samples/000045_airplane_0672.npz
46,airplane_0673,0,0,26,26,1,1,1,1,samples/000046_airplane_0673.npz
47,airplane_0674,0,0,26,26,1,1,1,1,samples/000047_airplane_0674.npz
48,airplane_0675,0,0,26,26,1,1,1,1,samples/000048_airplane_0675.npz
49,airplane_0676,0,0,15,15,1,1,1,1,samples/000049_airplane_0676.npz
50,airplane_0677,0,0,26,26,1,1,1,1,samples/000050_airplane_0677.npz
51,airplane_0678,0,0,26,26,1,1,1,1,samples/000051_airplane_0678.npz
52,airplane_0679,0,0,26,26,1,1,1,1,samples/000052_airplane_0679.npz
53,airplane_0680,0,0,26,26,1,1,1,1,samples/000053_airplane_0680.npz
54,airplane_0681,0,0,26,26,1,1,1,1,samples/000054_airplane_0681.npz
55,airplane_0682,0,0,26,26,1,1,1,1,samples/000055_airplane_0682.npz
56,airplane_0683,0,0,26,26,1,1,1,1,samples/000056_airplane_0683.npz
57,airplane_0684,0,0,26,26,1,1,1,1,samples/000057_airplane_0684.npz
58,airplane_0685,0,0,26,26,1,1,1,1,samples/000058_airplane_0685.npz
59,airplane_0686,0,0,26,26,1,1,1,1,samples/000059_airplane_0686.npz
60,airplane_0687,0,0,26,26,1,1,1,1,samples/000060_airplane_0687.npz
61,airplane_0688,0,0,26,26,1,1,1,1,samples/000061_airplane_0688.npz
62,airplane_0689,0,0,26,26,1,1,1,1,samples/000062_airplane_0689.npz
63,airplane_0690,0,0,26,26,1,1,1,1,samples/000063_airplane_0690.npz
64,airplane_0691,0,0,26,26,1,1,1,1,samples/000064_airplane_0691.npz
65,airplane_0692,0,0,26,26,1,1,1,1,samples/000065_airplane_0692.npz
66,airplane_0693,0,0,26,26,1,1,1,1,samples/000066_airplane_0693.npz
67,airplane_0694,0,0,26,26,1,1,1,1,samples/000067_airplane_0694.npz
68,airplane_0695,0,0,26,26,1,1,1,1,samples/000068_airplane_0695.npz
69,airplane_0696,0,0,26,26,1,1,1,1,samples/000069_airplane_0696.npz
70,airplane_0697,0,0,26,26,1,1,1,1,samples/000070_airplane_0697.npz
71,airplane_0698,0,0,26,26,1,1,1,1,samples/000071_airplane_0698.npz
72,airplane_0699,0,0,26,26,1,1,1,1,samples/000072_airplane_0699.npz
73,airplane_0700,0,0,26,26,1,1,1,1,samples/000073_airplane_0700.npz
74,airplane_0701,0,0,15,15,1,1,1,1,samples/000074_airplane_0701.npz
75,airplane_0702,0,0,26,26,1,1,1,1,samples/000075_airplane_0702.npz
76,airplane_0703,0,0,26,26,1,1,1,1,samples/000076_airplane_0703.npz
77,airplane_0704,0,0,26,26,1,1,1,1,samples/000077_airplane_0704.npz
78,airplane_0705,0,0,26,26,1,1,1,1,samples/000078_airplane_0705.npz
79,airplane_0706,0,0,26,26,1,1,1,1,samples/000079_airplane_0706.npz
80,airplane_0707,0,0,26,26,1,1,1,1,samples/000080_airplane_0707.npz
81,airplane_0708,0,0,26,26,1,1,1,1,samples/000081_airplane_0708.npz
82,airplane_0709,0,0,26,26,1,1,1,1,samples/000082_airplane_0709.npz
83,airplane_0710,0,0,26,26,1,1,1,1,samples/000083_airplane_0710.npz
84,airplane_0711,0,0,26,26,1,1,1,1,samples/000084_airplane_0711.npz
85,airplane_0712,0,0,26,26,1,1,1,1,samples/000085_airplane_0712.npz
86,airplane_0713,0,0,26,26,1,1,1,1,samples/000086_airplane_0713.npz
87,airplane_0714,0,0,12,12,1,1,1,1,samples/000087_airplane_0714.npz
88,airplane_0715,0,0,26,26,1,1,1,1,samples/000088_airplane_0715.npz
89,airplane_0716,0,0,26,26,1,1,1,1,samples/000089_airplane_0716.npz
90,airplane_0717,0,0,26,26,1,1,1,1,samples/000090_airplane_0717.npz
91,airplane_0718,0,0,26,26,1,1,1,1,samples/000091_airplane_0718.npz
92,airplane_0719,0,0,26,26,1,1,1,1,samples/000092_airplane_0719.npz
93,airplane_0720,0,0,26,26,1,1,1,1,samples/000093_airplane_0720.npz
94,airplane_0721,0,0,26,26,1,1,1,1,samples/000094_airplane_0721.npz
95,airplane_0722,0,0,26,26,1,1,1,1,samples/000095_airplane_0722.npz
96,airplane_0723,0,0,26,26,1,1,1,1,samples/000096_airplane_0723.npz
97,airplane_0724,0,0,15,15,1,1,1,1,samples/000097_airplane_0724.npz
98,airplane_0725,0,0,26,26,1,1,1,1,samples/000098_airplane_0725.npz
99,airplane_0726,0,0,26,26,1,1,1,1,samples/000099_airplane_0726.npz
100,bathtub_0107,1,1,29,29,1,1,1,1,samples/000100_bathtub_0107.npz
101,bathtub_0108,1,1,16,16,1,1,1,1,samples/000101_bathtub_0108.npz
102,bathtub_0109,1,1,29,29,1,1,1,1,samples/000102_bathtub_0109.npz
103,bathtub_0110,1,1,29,29,1,1,1,1,samples/000103_bathtub_0110.npz
104,bathtub_0111,1,1,2,2,1,1,1,1,samples/000104_bathtub_0111.npz
105,bathtub_0112,1,1,29,29,1,1,1,1,samples/000105_bathtub_0112.npz
106,bathtub_0113,1,1,30,30,1,1,1,1,samples/000106_bathtub_0113.npz
107,bathtub_0114,1,1,29,29,1,1,1,1,samples/000107_bathtub_0114.npz
108,bathtub_0115,1,1,15,15,1,1,1,1,samples/000108_bathtub_0115.npz
109,bathtub_0116,1,1,29,29,1,1,1,1,samples/000109_bathtub_0116.npz
110,bathtub_0117,1,1,6,6,1,1,1,1,samples/000110_bathtub_0117.npz
111,bathtub_0118,1,1,29,29,1,1,1,1,samples/000111_bathtub_0118.npz
112,bathtub_0119,1,1,15,15,1,1,1,1,samples/000112_bathtub_0119.npz
113,bathtub_0120,1,1,29,29,1,1,1,1,samples/000113_bathtub_0120.npz
114,bathtub_0121,1,1,15,15,1,1,1,1,samples/000114_bathtub_0121.npz
115,bathtub_0122,1,1,6,6,1,1,1,1,samples/000115_bathtub_0122.npz
116,bathtub_0123,1,1,2,2,1,1,1,1,samples/000116_bathtub_0123.npz
117,bathtub_0124,1,1,16,16,1,1,1,1,samples/000117_bathtub_0124.npz
118,bathtub_0125,1,1,2,2,1,1,1,1,samples/000118_bathtub_0125.npz
119,bathtub_0126,1,1,29,29,1,1,1,1,samples/000119_bathtub_0126.npz
120,bathtub_0127,1,6,6,6,1,0,1,0,samples/000120_bathtub_0127.npz
121,bathtub_0128,1,1,29,29,1,1,1,1,samples/000121_bathtub_0128.npz
122,bathtub_0129,1,1,29,29,1,1,1,1,samples/000122_bathtub_0129.npz
123,bathtub_0130,1,1,29,29,1,1,1,1,samples/000123_bathtub_0130.npz
124,bathtub_0131,1,1,2,2,1,1,1,1,samples/000124_bathtub_0131.npz
125,bathtub_0132,1,1,30,30,1,1,1,1,samples/000125_bathtub_0132.npz
126,bathtub_0133,1,1,29,29,1,1,1,1,samples/000126_bathtub_0133.npz
127,bathtub_0134,1,1,6,6,1,1,1,1,samples/000127_bathtub_0134.npz
128,bathtub_0135,1,1,15,15,1,1,1,1,samples/000128_bathtub_0135.npz
129,bathtub_0136,1,1,7,7,1,1,1,1,samples/000129_bathtub_0136.npz
130,bathtub_0137,1,1,16,16,1,1,1,1,samples/000130_bathtub_0137.npz
131,bathtub_0138,1,1,30,30,1,1,1,1,samples/000131_bathtub_0138.npz
132,bathtub_0139,1,1,6,6,1,1,1,1,samples/000132_bathtub_0139.npz
133,bathtub_0140,1,1,6,6,1,1,1,1,samples/000133_bathtub_0140.npz
134,bathtub_0141,1,1,36,36,1,1,1,1,samples/000134_bathtub_0141.npz
135,bathtub_0142,1,1,6,6,1,1,1,1,samples/000135_bathtub_0142.npz
136,bathtub_0143,1,1,29,29,1,1,1,1,samples/000136_bathtub_0143.npz
137,bathtub_0144,1,1,10,10,1,1,1,1,samples/000137_bathtub_0144.npz
138,bathtub_0145,1,1,6,6,1,1,1,1,samples/000138_bathtub_0145.npz
139,bathtub_0146,1,1,29,29,1,1,1,1,samples/000139_bathtub_0146.npz
140,bathtub_0147,1,1,29,29,1,1,1,1,samples/000140_bathtub_0147.npz
141,bathtub_0148,1,1,6,6,1,1,1,1,samples/000141_bathtub_0148.npz
142,bathtub_0149,1,1,29,29,1,1,1,1,samples/000142_bathtub_0149.npz
143,bathtub_0150,1,1,6,6,1,1,1,1,samples/000143_bathtub_0150.npz
144,bathtub_0151,1,1,29,29,1,1,1,1,samples/000144_bathtub_0151.npz
145,bathtub_0152,1,1,33,33,1,1,1,1,samples/000145_bathtub_0152.npz
146,bathtub_0153,1,1,29,29,1,1,1,1,samples/000146_bathtub_0153.npz
147,bathtub_0154,1,1,29,29,1,1,1,1,samples/000147_bathtub_0154.npz
148,bathtub_0155,1,1,6,6,1,1,1,1,samples/000148_bathtub_0155.npz
149,bathtub_0156,1,1,6,6,1,1,1,1,samples/000149_bathtub_0156.npz
150,bed_0516,2,2,12,12,1,1,1,1,samples/000150_bed_0516.npz
151,bed_0517,2,2,8,8,1,1,1,1,samples/000151_bed_0517.npz
152,bed_0518,2,2,34,34,1,1,1,1,samples/000152_bed_0518.npz
153,bed_0519,2,2,8,8,1,1,1,1,samples/000153_bed_0519.npz
154,bed_0520,2,2,33,33,1,1,1,1,samples/000154_bed_0520.npz
155,bed_0521,2,2,29,29,1,1,1,1,samples/000155_bed_0521.npz
156,bed_0522,2,2,36,36,1,1,1,1,samples/000156_bed_0522.npz
157,bed_0523,2,2,23,23,1,1,1,1,samples/000157_bed_0523.npz
158,bed_0524,2,2,15,15,1,1,1,1,samples/000158_bed_0524.npz
159,bed_0525,2,2,8,8,1,1,1,1,samples/000159_bed_0525.npz
160,bed_0526,2,2,37,37,1,1,1,1,samples/000160_bed_0526.npz
161,bed_0527,2,2,16,16,1,1,1,1,samples/000161_bed_0527.npz
162,bed_0528,2,2,23,23,1,1,1,1,samples/000162_bed_0528.npz
163,bed_0529,2,2,33,33,1,1,1,1,samples/000163_bed_0529.npz
164,bed_0530,2,2,26,26,1,1,1,1,samples/000164_bed_0530.npz
165,bed_0531,2,2,7,7,1,1,1,1,samples/000165_bed_0531.npz
166,bed_0532,2,2,23,23,1,1,1,1,samples/000166_bed_0532.npz
167,bed_0533,2,2,26,26,1,1,1,1,samples/000167_bed_0533.npz
168,bed_0534,2,2,26,26,1,1,1,1,samples/000168_bed_0534.npz
169,bed_0535,2,2,23,23,1,1,1,1,samples/000169_bed_0535.npz
170,bed_0536,2,2,26,26,1,1,1,1,samples/000170_bed_0536.npz
171,bed_0537,2,2,36,36,1,1,1,1,samples/000171_bed_0537.npz
172,bed_0538,2,2,8,8,1,1,1,1,samples/000172_bed_0538.npz
173,bed_0539,2,2,33,33,1,1,1,1,samples/000173_bed_0539.npz
174,bed_0540,2,2,14,14,1,1,1,1,samples/000174_bed_0540.npz
175,bed_0541,2,2,7,7,1,1,1,1,samples/000175_bed_0541.npz
176,bed_0542,2,2,26,26,1,1,1,1,samples/000176_bed_0542.npz
177,bed_0543,2,2,8,8,1,1,1,1,samples/000177_bed_0543.npz
178,bed_0544,2,2,27,27,1,1,1,1,samples/000178_bed_0544.npz
179,bed_0545,2,2,8,8,1,1,1,1,samples/000179_bed_0545.npz
180,bed_0546,2,2,23,23,1,1,1,1,samples/000180_bed_0546.npz
181,bed_0547,2,2,36,36,1,1,1,1,samples/000181_bed_0547.npz
182,bed_0548,2,2,29,29,1,1,1,1,samples/000182_bed_0548.npz
183,bed_0549,2,2,26,26,1,1,1,1,samples/000183_bed_0549.npz
184,bed_0550,2,2,26,26,1,1,1,1,samples/000184_bed_0550.npz
185,bed_0551,2,2,3,3,1,1,1,1,samples/000185_bed_0551.npz
186,bed_0552,2,2,26,26,1,1,1,1,samples/000186_bed_0552.npz
187,bed_0553,2,2,26,26,1,1,1,1,samples/000187_bed_0553.npz
188,bed_0554,2,2,26,26,1,1,1,1,samples/000188_bed_0554.npz
189,bed_0555,2,2,23,23,1,1,1,1,samples/000189_bed_0555.npz
190,bed_0556,2,2,34,34,1,1,1,1,samples/000190_bed_0556.npz
191,bed_0557,2,2,8,8,1,1,1,1,samples/000191_bed_0557.npz
192,bed_0558,2,2,16,16,1,1,1,1,samples/000192_bed_0558.npz
193,bed_0559,2,2,8,8,1,1,1,1,samples/000193_bed_0559.npz
194,bed_0560,2,2,34,34,1,1,1,1,samples/000194_bed_0560.npz
195,bed_0561,2,2,26,26,1,1,1,1,samples/000195_bed_0561.npz
196,bed_0562,2,2,33,33,1,1,1,1,samples/000196_bed_0562.npz
197,bed_0563,2,2,27,27,1,1,1,1,samples/000197_bed_0563.npz
198,bed_0564,2,2,33,33,1,1,1,1,samples/000198_bed_0564.npz
199,bed_0565,2,2,29,29,1,1,1,1,samples/000199_bed_0565.npz
200,bed_0566,2,2,36,36,1,1,1,1,samples/000200_bed_0566.npz
201,bed_0567,2,2,33,33,1,1,1,1,samples/000201_bed_0567.npz
202,bed_0568,2,2,2,2,1,1,0,0,samples/000202_bed_0568.npz
203,bed_0569,2,2,8,8,1,1,1,1,samples/000203_bed_0569.npz
204,bed_0570,2,2,26,26,1,1,1,1,samples/000204_bed_0570.npz
205,bed_0571,2,2,26,26,1,1,1,1,samples/000205_bed_0571.npz
206,bed_0572,2,2,23,23,1,1,1,1,samples/000206_bed_0572.npz
207,bed_0573,2,2,7,7,1,1,1,1,samples/000207_bed_0573.npz
208,bed_0574,2,2,23,23,1,1,1,1,samples/000208_bed_0574.npz
209,bed_0575,2,2,33,33,1,1,1,1,samples/000209_bed_0575.npz
210,bed_0576,2,2,23,23,1,1,1,1,samples/000210_bed_0576.npz
211,bed_0577,2,2,23,23,1,1,1,1,samples/000211_bed_0577.npz
212,bed_0578,2,2,27,27,1,1,1,1,samples/000212_bed_0578.npz
213,bed_0579,2,2,29,29,1,1,1,1,samples/000213_bed_0579.npz
214,bed_0580,2,2,30,30,1,1,1,1,samples/000214_bed_0580.npz
215,bed_0581,2,2,18,18,1,1,1,1,samples/000215_bed_0581.npz
216,bed_0582,2,2,27,27,1,1,1,1,samples/000216_bed_0582.npz
217,bed_0583,2,2,27,27,1,1,1,1,samples/000217_bed_0583.npz
218,bed_0584,2,2,26,26,1,1,1,1,samples/000218_bed_0584.npz
219,bed_0585,2,2,28,28,1,1,1,1,samples/000219_bed_0585.npz
220,bed_0586,2,2,26,26,1,1,1,1,samples/000220_bed_0586.npz
221,bed_0587,2,2,27,27,1,1,1,1,samples/000221_bed_0587.npz
222,bed_0588,2,2,27,27,1,1,1,1,samples/000222_bed_0588.npz
223,bed_0589,2,2,34,34,1,1,1,1,samples/000223_bed_0589.npz
224,bed_0590,2,2,34,34,1,1,1,1,samples/000224_bed_0590.npz
225,bed_0591,2,2,23,23,1,1,1,1,samples/000225_bed_0591.npz
226,bed_0592,2,2,8,8,1,1,1,1,samples/000226_bed_0592.npz
227,bed_0593,2,2,14,14,1,1,1,1,samples/000227_bed_0593.npz
228,bed_0594,2,2,27,27,1,1,1,1,samples/000228_bed_0594.npz
229,bed_0595,2,2,27,27,1,1,1,1,samples/000229_bed_0595.npz
230,bed_0596,2,2,33,33,1,1,1,1,samples/000230_bed_0596.npz
231,bed_0597,2,2,34,34,1,1,1,1,samples/000231_bed_0597.npz
232,bed_0598,2,2,8,8,1,1,1,1,samples/000232_bed_0598.npz
233,bed_0599,2,2,15,15,1,1,1,1,samples/000233_bed_0599.npz
234,bed_0600,2,2,14,14,1,1,1,1,samples/000234_bed_0600.npz
235,bed_0601,2,2,27,27,1,1,1,1,samples/000235_bed_0601.npz
236,bed_0602,2,2,7,7,1,1,1,1,samples/000236_bed_0602.npz
237,bed_0603,2,2,33,33,1,1,1,1,samples/000237_bed_0603.npz
238,bed_0604,2,27,27,27,1,0,1,0,samples/000238_bed_0604.npz
239,bed_0605,2,2,3,3,1,1,1,1,samples/000239_bed_0605.npz
240,bed_0606,2,2,3,3,1,1,1,1,samples/000240_bed_0606.npz
241,bed_0607,2,2,27,27,1,1,1,1,samples/000241_bed_0607.npz
242,bed_0608,2,2,33,33,1,1,1,1,samples/000242_bed_0608.npz
243,bed_0609,2,2,7,7,1,1,1,1,samples/000243_bed_0609.npz
244,bed_0610,2,2,26,26,1,1,1,1,samples/000244_bed_0610.npz
245,bed_0611,2,2,14,14,1,1,1,1,samples/000245_bed_0611.npz
246,bed_0612,2,2,1,1,1,1,1,1,samples/000246_bed_0612.npz
247,bed_0613,2,2,33,33,1,1,1,1,samples/000247_bed_0613.npz
248,bed_0614,2,2,14,14,1,1,1,1,samples/000248_bed_0614.npz
249,bed_0615,2,2,34,34,1,1,1,1,samples/000249_bed_0615.npz
250,bench_0174,3,3,33,33,1,1,1,1,samples/000250_bench_0174.npz
251,bench_0175,3,36,36,36,1,0,1,0,samples/000251_bench_0175.npz
252,bench_0176,3,3,33,33,1,1,1,1,samples/000252_bench_0176.npz
253,bench_0177,3,3,12,12,1,1,1,1,samples/000253_bench_0177.npz
254,bench_0178,3,3,8,8,1,1,1,1,samples/000254_bench_0178.npz
255,bench_0179,3,3,8,8,1,1,1,1,samples/000255_bench_0179.npz
256,bench_0180,3,3,2,2,1,1,1,1,samples/000256_bench_0180.npz
257,bench_0181,3,3,33,33,1,1,1,1,samples/000257_bench_0181.npz
258,bench_0182,3,3,8,8,1,1,1,1,samples/000258_bench_0182.npz
259,bench_0183,3,3,33,33,1,1,1,1,samples/000259_bench_0183.npz
260,bench_0184,3,36,33,33,1,0,1,0,samples/000260_bench_0184.npz
261,bench_0185,3,3,8,8,1,1,1,1,samples/000261_bench_0185.npz
262,bench_0186,3,3,33,33,1,1,1,1,samples/000262_bench_0186.npz
263,bench_0187,3,3,36,36,1,1,1,1,samples/000263_bench_0187.npz
264,bench_0188,3,33,33,33,1,0,1,0,samples/000264_bench_0188.npz
265,bench_0189,3,3,25,25,1,1,1,1,samples/000265_bench_0189.npz
266,bench_0190,3,3,2,2,1,1,1,1,samples/000266_bench_0190.npz
267,bench_0191,3,30,30,30,1,0,1,0,samples/000267_bench_0191.npz
268,bench_0192,3,3,2,2,1,1,1,1,samples/000268_bench_0192.npz
269,bench_0193,3,11,11,11,1,0,1,0,samples/000269_bench_0193.npz
270,bookshelf_0573,4,4,15,15,1,1,1,1,samples/000270_bookshelf_0573.npz
271,bookshelf_0574,4,4,36,36,1,1,1,1,samples/000271_bookshelf_0574.npz
272,bookshelf_0575,4,4,36,36,1,1,1,1,samples/000272_bookshelf_0575.npz
273,bookshelf_0576,4,4,36,36,1,1,1,1,samples/000273_bookshelf_0576.npz
274,bookshelf_0577,4,4,26,26,1,1,1,1,samples/000274_bookshelf_0577.npz
275,bookshelf_0578,4,4,14,14,1,1,1,1,samples/000275_bookshelf_0578.npz
276,bookshelf_0579,4,4,36,36,1,1,1,1,samples/000276_bookshelf_0579.npz
277,bookshelf_0580,4,4,36,36,1,1,1,1,samples/000277_bookshelf_0580.npz
278,bookshelf_0581,4,4,15,15,1,1,1,1,samples/000278_bookshelf_0581.npz
279,bookshelf_0582,4,4,26,26,1,1,1,1,samples/000279_bookshelf_0582.npz
280,bookshelf_0583,4,4,26,26,1,1,1,1,samples/000280_bookshelf_0583.npz
281,bookshelf_0584,4,4,11,11,1,1,1,1,samples/000281_bookshelf_0584.npz
282,bookshelf_0585,4,4,16,16,1,1,1,1,samples/000282_bookshelf_0585.npz
283,bookshelf_0586,4,4,14,14,1,1,1,1,samples/000283_bookshelf_0586.npz
284,bookshelf_0587,4,4,36,36,1,1,1,1,samples/000284_bookshelf_0587.npz
285,bookshelf_0588,4,4,26,26,1,1,1,1,samples/000285_bookshelf_0588.npz
286,bookshelf_0589,4,4,36,36,1,1,1,1,samples/000286_bookshelf_0589.npz
287,bookshelf_0590,4,4,5,5,1,1,1,1,samples/000287_bookshelf_0590.npz
288,bookshelf_0591,4,4,38,38,1,1,1,1,samples/000288_bookshelf_0591.npz
289,bookshelf_0592,4,13,13,13,1,0,1,0,samples/000289_bookshelf_0592.npz
290,bookshelf_0593,4,4,36,36,1,1,1,1,samples/000290_bookshelf_0593.npz
291,bookshelf_0594,4,4,11,11,1,1,1,1,samples/000291_bookshelf_0594.npz
292,bookshelf_0595,4,4,11,11,1,1,1,1,samples/000292_bookshelf_0595.npz
293,bookshelf_0596,4,4,26,26,1,1,1,1,samples/000293_bookshelf_0596.npz
294,bookshelf_0597,4,4,11,11,1,1,1,1,samples/000294_bookshelf_0597.npz
295,bookshelf_0598,4,4,36,36,1,1,1,1,samples/000295_bookshelf_0598.npz
296,bookshelf_0599,4,4,26,26,1,1,1,1,samples/000296_bookshelf_0599.npz
297,bookshelf_0600,4,4,26,26,1,1,1,1,samples/000297_bookshelf_0600.npz
298,bookshelf_0601,4,4,26,26,1,1,1,1,samples/000298_bookshelf_0601.npz
299,bookshelf_0602,4,4,37,37,1,1,1,1,samples/000299_bookshelf_0602.npz
300,bookshelf_0603,4,4,36,36,1,1,1,1,samples/000300_bookshelf_0603.npz
301,bookshelf_0604,4,4,14,14,1,1,1,1,samples/000301_bookshelf_0604.npz
302,bookshelf_0605,4,4,14,14,1,1,1,1,samples/000302_bookshelf_0605.npz
303,bookshelf_0606,4,4,36,36,1,1,1,1,samples/000303_bookshelf_0606.npz
304,bookshelf_0607,4,4,36,36,1,1,1,1,samples/000304_bookshelf_0607.npz
305,bookshelf_0608,4,4,26,26,1,1,1,1,samples/000305_bookshelf_0608.npz
306,bookshelf_0609,4,4,27,27,1,1,1,1,samples/000306_bookshelf_0609.npz
307,bookshelf_0610,4,4,11,11,1,1,1,1,samples/000307_bookshelf_0610.npz
308,bookshelf_0611,4,4,36,36,1,1,1,1,samples/000308_bookshelf_0611.npz
309,bookshelf_0612,4,4,21,21,1,1,1,1,samples/000309_bookshelf_0612.npz
310,bookshelf_0613,4,4,14,14,1,1,1,1,samples/000310_bookshelf_0613.npz
311,bookshelf_0614,4,4,26,26,1,1,1,1,samples/000311_bookshelf_0614.npz
312,bookshelf_0615,4,4,36,36,1,1,1,1,samples/000312_bookshelf_0615.npz
313,bookshelf_0616,4,4,26,26,1,1,1,1,samples/000313_bookshelf_0616.npz
314,bookshelf_0617,4,4,26,26,1,1,1,1,samples/000314_bookshelf_0617.npz
315,bookshelf_0618,4,4,26,26,1,1,1,1,samples/000315_bookshelf_0618.npz
316,bookshelf_0619,4,4,36,36,1,1,1,1,samples/000316_bookshelf_0619.npz
317,bookshelf_0620,4,4,26,26,1,1,1,1,samples/000317_bookshelf_0620.npz
318,bookshelf_0621,4,4,14,14,1,1,1,1,samples/000318_bookshelf_0621.npz
319,bookshelf_0622,4,4,26,26,1,1,1,1,samples/000319_bookshelf_0622.npz
320,bookshelf_0623,4,4,11,11,1,1,1,1,samples/000320_bookshelf_0623.npz
321,bookshelf_0624,4,4,26,26,1,1,1,1,samples/000321_bookshelf_0624.npz
322,bookshelf_0625,4,4,26,26,1,1,1,1,samples/000322_bookshelf_0625.npz
323,bookshelf_0626,4,4,37,37,1,1,1,1,samples/000323_bookshelf_0626.npz
324,bookshelf_0627,4,4,26,26,1,1,1,1,samples/000324_bookshelf_0627.npz
325,bookshelf_0628,4,4,26,26,1,1,1,1,samples/000325_bookshelf_0628.npz
326,bookshelf_0629,4,4,31,31,1,1,1,1,samples/000326_bookshelf_0629.npz
327,bookshelf_0630,4,4,36,36,1,1,1,1,samples/000327_bookshelf_0630.npz
328,bookshelf_0631,4,38,38,38,1,0,1,0,samples/000328_bookshelf_0631.npz
329,bookshelf_0632,4,4,36,36,1,1,1,1,samples/000329_bookshelf_0632.npz
330,bookshelf_0633,4,36,36,36,1,0,1,0,samples/000330_bookshelf_0633.npz
331,bookshelf_0634,4,4,36,36,1,1,1,1,samples/000331_bookshelf_0634.npz
332,bookshelf_0635,4,4,14,14,1,1,1,1,samples/000332_bookshelf_0635.npz
333,bookshelf_0636,4,4,36,36,1,1,1,1,samples/000333_bookshelf_0636.npz
334,bookshelf_0637,4,4,26,26,1,1,1,1,samples/000334_bookshelf_0637.npz
335,bookshelf_0638,4,4,15,15,1,1,1,1,samples/000335_bookshelf_0638.npz
336,bookshelf_0639,4,4,36,36,1,1,1,1,samples/000336_bookshelf_0639.npz
337,bookshelf_0640,4,4,36,36,1,1,1,1,samples/000337_bookshelf_0640.npz
338,bookshelf_0641,4,4,26,26,1,1,1,1,samples/000338_bookshelf_0641.npz
339,bookshelf_0642,4,4,26,26,1,1,1,1,samples/000339_bookshelf_0642.npz
340,bookshelf_0643,4,4,26,26,1,1,1,1,samples/000340_bookshelf_0643.npz
341,bookshelf_0644,4,4,26,26,1,1,1,1,samples/000341_bookshelf_0644.npz
342,bookshelf_0645,4,4,26,26,1,1,1,1,samples/000342_bookshelf_0645.npz
343,bookshelf_0646,4,4,26,26,1,1,1,1,samples/000343_bookshelf_0646.npz
344,bookshelf_0647,4,4,37,37,1,1,1,1,samples/000344_bookshelf_0647.npz
345,bookshelf_0648,4,4,11,11,1,1,1,1,samples/000345_bookshelf_0648.npz
346,bookshelf_0649,4,4,15,15,1,1,1,1,samples/000346_bookshelf_0649.npz
347,bookshelf_0650,4,4,26,26,1,1,1,1,samples/000347_bookshelf_0650.npz
348,bookshelf_0651,4,4,36,36,1,1,1,1,samples/000348_bookshelf_0651.npz
349,bookshelf_0652,4,4,11,11,1,1,1,1,samples/000349_bookshelf_0652.npz
350,bookshelf_0653,4,4,26,26,1,1,1,1,samples/000350_bookshelf_0653.npz
351,bookshelf_0654,4,4,26,26,1,1,1,1,samples/000351_bookshelf_0654.npz
352,bookshelf_0655,4,4,26,26,1,1,1,1,samples/000352_bookshelf_0655.npz
353,bookshelf_0656,4,4,36,36,1,1,1,1,samples/000353_bookshelf_0656.npz
354,bookshelf_0657,4,4,26,26,1,1,1,1,samples/000354_bookshelf_0657.npz
355,bookshelf_0658,4,4,36,36,1,1,1,1,samples/000355_bookshelf_0658.npz
356,bookshelf_0659,4,4,38,38,1,1,1,1,samples/000356_bookshelf_0659.npz
357,bookshelf_0660,4,4,37,37,1,1,1,1,samples/000357_bookshelf_0660.npz
358,bookshelf_0661,4,4,36,36,1,1,1,1,samples/000358_bookshelf_0661.npz
359,bookshelf_0662,4,4,14,14,1,1,1,1,samples/000359_bookshelf_0662.npz
360,bookshelf_0663,4,4,26,26,1,1,1,1,samples/000360_bookshelf_0663.npz
361,bookshelf_0664,4,4,26,26,1,1,1,1,samples/000361_bookshelf_0664.npz
362,bookshelf_0665,4,4,36,36,1,1,1,1,samples/000362_bookshelf_0665.npz
363,bookshelf_0666,4,4,26,26,1,1,1,1,samples/000363_bookshelf_0666.npz
364,bookshelf_0667,4,4,36,36,1,1,1,1,samples/000364_bookshelf_0667.npz
365,bookshelf_0668,4,4,26,26,1,1,1,1,samples/000365_bookshelf_0668.npz
366,bookshelf_0669,4,4,26,26,1,1,1,1,samples/000366_bookshelf_0669.npz
367,bookshelf_0670,4,4,23,23,1,1,1,1,samples/000367_bookshelf_0670.npz
368,bookshelf_0671,4,4,26,26,1,1,1,1,samples/000368_bookshelf_0671.npz
369,bookshelf_0672,4,4,11,11,1,1,1,1,samples/000369_bookshelf_0672.npz
370,bottle_0336,5,5,37,37,1,1,1,1,samples/000370_bottle_0336.npz
371,bottle_0337,5,5,15,15,1,1,1,1,samples/000371_bottle_0337.npz
372,bottle_0338,5,5,37,37,1,1,1,1,samples/000372_bottle_0338.npz
373,bottle_0339,5,5,37,37,1,1,1,1,samples/000373_bottle_0339.npz
374,bottle_0340,5,5,37,37,1,1,1,1,samples/000374_bottle_0340.npz
375,bottle_0341,5,5,15,15,1,1,1,1,samples/000375_bottle_0341.npz
376,bottle_0342,5,5,37,37,1,1,1,1,samples/000376_bottle_0342.npz
377,bottle_0343,5,5,26,26,1,1,1,1,samples/000377_bottle_0343.npz
378,bottle_0344,5,5,15,15,1,1,1,1,samples/000378_bottle_0344.npz
379,bottle_0345,5,5,15,15,1,1,1,1,samples/000379_bottle_0345.npz
380,bottle_0346,5,5,26,26,1,1,1,1,samples/000380_bottle_0346.npz
381,bottle_0347,5,5,15,15,1,1,1,1,samples/000381_bottle_0347.npz
382,bottle_0348,5,5,9,9,1,1,1,1,samples/000382_bottle_0348.npz
383,bottle_0349,5,5,15,15,1,1,1,1,samples/000383_bottle_0349.npz
384,bottle_0350,5,5,37,37,1,1,1,1,samples/000384_bottle_0350.npz
385,bottle_0351,5,5,37,37,1,1,1,1,samples/000385_bottle_0351.npz
386,bottle_0352,5,5,37,37,1,1,1,1,samples/000386_bottle_0352.npz
387,bottle_0353,5,5,15,15,1,1,1,1,samples/000387_bottle_0353.npz
388,bottle_0354,5,5,37,37,1,1,1,1,samples/000388_bottle_0354.npz
389,bottle_0355,5,5,37,37,1,1,1,1,samples/000389_bottle_0355.npz
390,bottle_0356,5,5,37,37,1,1,1,1,samples/000390_bottle_0356.npz
391,bottle_0357,5,5,37,37,1,1,1,1,samples/000391_bottle_0357.npz
392,bottle_0358,5,5,37,37,1,1,1,1,samples/000392_bottle_0358.npz
393,bottle_0359,5,5,24,24,1,1,1,1,samples/000393_bottle_0359.npz
394,bottle_0360,5,5,15,15,1,1,1,1,samples/000394_bottle_0360.npz
395,bottle_0361,5,5,37,37,1,1,1,1,samples/000395_bottle_0361.npz
396,bottle_0362,5,5,26,26,1,1,1,1,samples/000396_bottle_0362.npz
397,bottle_0363,5,5,37,37,1,1,1,1,samples/000397_bottle_0363.npz
398,bottle_0364,5,5,26,26,1,1,1,1,samples/000398_bottle_0364.npz
399,bottle_0365,5,5,37,37,1,1,1,1,samples/000399_bottle_0365.npz
400,bottle_0366,5,5,9,9,1,1,1,1,samples/000400_bottle_0366.npz
401,bottle_0367,5,5,37,37,1,1,1,1,samples/000401_bottle_0367.npz
402,bottle_0368,5,5,15,15,1,1,1,1,samples/000402_bottle_0368.npz
403,bottle_0369,5,5,10,10,1,1,1,1,samples/000403_bottle_0369.npz
404,bottle_0370,5,5,15,15,1,1,1,1,samples/000404_bottle_0370.npz
405,bottle_0371,5,5,26,26,1,1,1,1,samples/000405_bottle_0371.npz
406,bottle_0372,5,5,37,37,1,1,1,1,samples/000406_bottle_0372.npz
407,bottle_0373,5,5,15,15,1,1,1,1,samples/000407_bottle_0373.npz
408,bottle_0374,5,5,29,29,1,1,1,1,samples/000408_bottle_0374.npz
409,bottle_0375,5,37,37,37,1,0,1,0,samples/000409_bottle_0375.npz
410,bottle_0376,5,5,37,37,1,1,1,1,samples/000410_bottle_0376.npz
411,bottle_0377,5,5,37,37,1,1,1,1,samples/000411_bottle_0377.npz
412,bottle_0378,5,5,26,26,1,1,1,1,samples/000412_bottle_0378.npz
413,bottle_0379,5,5,26,26,1,1,1,1,samples/000413_bottle_0379.npz
414,bottle_0380,5,5,11,11,1,1,1,1,samples/000414_bottle_0380.npz
415,bottle_0381,5,5,37,37,1,1,1,1,samples/000415_bottle_0381.npz
416,bottle_0382,5,5,37,37,1,1,1,1,samples/000416_bottle_0382.npz
417,bottle_0383,5,5,27,27,1,1,1,1,samples/000417_bottle_0383.npz
418,bottle_0384,5,5,24,24,1,1,1,1,samples/000418_bottle_0384.npz
419,bottle_0385,5,5,15,15,1,1,1,1,samples/000419_bottle_0385.npz
420,bottle_0386,5,5,37,37,1,1,1,1,samples/000420_bottle_0386.npz
421,bottle_0387,5,5,37,37,1,1,1,1,samples/000421_bottle_0387.npz
422,bottle_0388,5,5,37,37,1,1,1,1,samples/000422_bottle_0388.npz
423,bottle_0389,5,5,37,37,1,1,1,1,samples/000423_bottle_0389.npz
424,bottle_0390,5,5,10,10,1,1,1,1,samples/000424_bottle_0390.npz
425,bottle_0391,5,5,15,15,1,1,1,1,samples/000425_bottle_0391.npz
426,bottle_0392,5,5,37,37,1,1,1,1,samples/000426_bottle_0392.npz
427,bottle_0393,5,5,15,15,1,1,1,1,samples/000427_bottle_0393.npz
428,bottle_0394,5,5,37,37,1,1,1,1,samples/000428_bottle_0394.npz
429,bottle_0395,5,5,37,37,1,1,1,1,samples/000429_bottle_0395.npz
430,bottle_0396,5,5,37,37,1,1,1,1,samples/000430_bottle_0396.npz
431,bottle_0397,5,5,15,15,1,1,1,1,samples/000431_bottle_0397.npz
432,bottle_0398,5,5,37,37,1,1,1,1,samples/000432_bottle_0398.npz
433,bottle_0399,5,5,37,37,1,1,1,1,samples/000433_bottle_0399.npz
434,bottle_0400,5,5,37,37,1,1,1,1,samples/000434_bottle_0400.npz
435,bottle_0401,5,5,15,15,1,1,1,1,samples/000435_bottle_0401.npz
436,bottle_0402,5,5,15,15,1,1,1,1,samples/000436_bottle_0402.npz
437,bottle_0403,5,5,37,37,1,1,1,1,samples/000437_bottle_0403.npz
438,bottle_0404,5,5,37,37,1,1,1,1,samples/000438_bottle_0404.npz
439,bottle_0405,5,5,37,37,1,1,1,1,samples/000439_bottle_0405.npz
440,bottle_0406,5,5,15,15,1,1,1,1,samples/000440_bottle_0406.npz
441,bottle_0407,5,5,37,37,1,1,1,1,samples/000441_bottle_0407.npz
442,bottle_0408,5,5,27,27,1,1,1,1,samples/000442_bottle_0408.npz
443,bottle_0409,5,5,37,37,1,1,1,1,samples/000443_bottle_0409.npz
444,bottle_0410,5,5,37,37,1,1,1,1,samples/000444_bottle_0410.npz
445,bottle_0411,5,5,37,37,1,1,1,1,samples/000445_bottle_0411.npz
446,bottle_0412,5,5,15,15,1,1,1,1,samples/000446_bottle_0412.npz
447,bottle_0413,5,5,26,26,1,1,1,1,samples/000447_bottle_0413.npz
448,bottle_0414,5,5,37,37,1,1,1,1,samples/000448_bottle_0414.npz
449,bottle_0415,5,5,37,37,1,1,1,1,samples/000449_bottle_0415.npz
450,bottle_0416,5,5,37,37,1,1,1,1,samples/000450_bottle_0416.npz
451,bottle_0417,5,5,26,26,1,1,1,1,samples/000451_bottle_0417.npz
452,bottle_0418,5,5,15,15,1,1,1,1,samples/000452_bottle_0418.npz
453,bottle_0419,5,5,37,37,1,1,1,1,samples/000453_bottle_0419.npz
454,bottle_0420,5,5,26,26,1,1,1,1,samples/000454_bottle_0420.npz
455,bottle_0421,5,5,37,37,1,1,1,1,samples/000455_bottle_0421.npz
456,bottle_0422,5,5,37,37,1,1,1,1,samples/000456_bottle_0422.npz
457,bottle_0423,5,5,37,37,1,1,1,1,samples/000457_bottle_0423.npz
458,bottle_0424,5,5,37,37,1,1,1,1,samples/000458_bottle_0424.npz
459,bottle_0425,5,5,15,15,1,1,1,1,samples/000459_bottle_0425.npz
460,bottle_0426,5,5,15,15,1,1,1,1,samples/000460_bottle_0426.npz
461,bottle_0427,5,5,9,9,1,1,1,1,samples/000461_bottle_0427.npz
462,bottle_0428,5,5,37,37,1,1,1,1,samples/000462_bottle_0428.npz
463,bottle_0429,5,5,37,37,1,1,1,1,samples/000463_bottle_0429.npz
464,bottle_0430,5,5,23,23,1,1,1,1,samples/000464_bottle_0430.npz
465,bottle_0431,5,5,27,27,1,1,1,1,samples/000465_bottle_0431.npz
466,bottle_0432,5,5,26,26,1,1,1,1,samples/000466_bottle_0432.npz
467,bottle_0433,5,5,37,37,1,1,1,1,samples/000467_bottle_0433.npz
468,bottle_0434,5,5,37,37,1,1,1,1,samples/000468_bottle_0434.npz
469,bottle_0435,5,37,37,37,1,0,1,0,samples/000469_bottle_0435.npz
470,bowl_0065,6,6,1,1,1,1,1,1,samples/000470_bowl_0065.npz
471,bowl_0066,6,6,26,26,1,1,1,1,samples/000471_bowl_0066.npz
472,bowl_0067,6,6,37,37,1,1,1,1,samples/000472_bowl_0067.npz
473,bowl_0068,6,6,10,10,1,1,1,1,samples/000473_bowl_0068.npz
474,bowl_0069,6,6,26,26,1,1,1,1,samples/000474_bowl_0069.npz
475,bowl_0070,6,6,37,37,1,1,1,1,samples/000475_bowl_0070.npz
476,bowl_0071,6,6,15,15,1,1,1,1,samples/000476_bowl_0071.npz
477,bowl_0072,6,6,37,37,1,1,1,1,samples/000477_bowl_0072.npz
478,bowl_0073,6,6,1,1,1,1,1,1,samples/000478_bowl_0073.npz
479,bowl_0074,6,37,37,37,1,0,1,0,samples/000479_bowl_0074.npz
480,bowl_0075,6,6,1,1,1,1,1,1,samples/000480_bowl_0075.npz
481,bowl_0076,6,6,37,37,1,1,1,1,samples/000481_bowl_0076.npz
482,bowl_0077,6,6,37,37,1,1,1,1,samples/000482_bowl_0077.npz
483,bowl_0078,6,6,26,26,1,1,1,1,samples/000483_bowl_0078.npz
484,bowl_0079,6,6,1,1,1,1,1,1,samples/000484_bowl_0079.npz
485,bowl_0080,6,6,10,10,1,1,1,1,samples/000485_bowl_0080.npz
486,bowl_0081,6,6,15,15,1,1,1,1,samples/000486_bowl_0081.npz
487,bowl_0082,6,6,37,37,1,1,1,1,samples/000487_bowl_0082.npz
488,bowl_0083,6,6,27,27,1,1,1,1,samples/000488_bowl_0083.npz
489,bowl_0084,6,6,10,10,1,1,1,1,samples/000489_bowl_0084.npz
490,car_0198,7,7,27,27,1,1,1,1,samples/000490_car_0198.npz
491,car_0199,7,7,26,26,1,1,1,1,samples/000491_car_0199.npz
492,car_0200,7,7,33,33,1,1,1,1,samples/000492_car_0200.npz
493,car_0201,7,7,34,34,1,1,1,1,samples/000493_car_0201.npz
494,car_0202,7,7,26,26,1,1,1,1,samples/000494_car_0202.npz
495,car_0203,7,7,26,26,1,1,1,1,samples/000495_car_0203.npz
496,car_0204,7,7,26,26,1,1,1,1,samples/000496_car_0204.npz
497,car_0205,7,7,34,34,1,1,1,1,samples/000497_car_0205.npz
498,car_0206,7,7,16,16,1,1,1,1,samples/000498_car_0206.npz
499,car_0207,7,7,34,34,1,1,1,1,samples/000499_car_0207.npz
500,car_0208,7,7,34,34,1,1,1,1,samples/000500_car_0208.npz
501,car_0209,7,7,30,30,1,1,1,1,samples/000501_car_0209.npz
502,car_0210,7,7,14,14,1,1,1,1,samples/000502_car_0210.npz
503,car_0211,7,7,34,34,1,1,1,1,samples/000503_car_0211.npz
504,car_0212,7,7,26,26,1,1,1,1,samples/000504_car_0212.npz
505,car_0213,7,7,29,29,1,1,1,1,samples/000505_car_0213.npz
506,car_0214,7,7,2,2,1,1,1,1,samples/000506_car_0214.npz
507,car_0215,7,7,2,2,1,1,1,1,samples/000507_car_0215.npz
508,car_0216,7,7,26,26,1,1,1,1,samples/000508_car_0216.npz
509,car_0217,7,7,26,26,1,1,1,1,samples/000509_car_0217.npz
510,car_0218,7,7,25,25,1,1,1,1,samples/000510_car_0218.npz
511,car_0219,7,7,26,26,1,1,1,1,samples/000511_car_0219.npz
512,car_0220,7,7,26,26,1,1,1,1,samples/000512_car_0220.npz
513,car_0221,7,7,27,27,1,1,1,1,samples/000513_car_0221.npz
514,car_0222,7,7,27,27,1,1,1,1,samples/000514_car_0222.npz
515,car_0223,7,7,26,26,1,1,1,1,samples/000515_car_0223.npz
516,car_0224,7,7,34,34,1,1,1,1,samples/000516_car_0224.npz
517,car_0225,7,7,23,23,1,1,1,1,samples/000517_car_0225.npz
518,car_0226,7,7,34,34,1,1,1,1,samples/000518_car_0226.npz
519,car_0227,7,7,26,26,1,1,1,1,samples/000519_car_0227.npz
520,car_0228,7,7,34,34,1,1,1,1,samples/000520_car_0228.npz
521,car_0229,7,7,23,23,1,1,1,1,samples/000521_car_0229.npz
522,car_0230,7,7,23,23,1,1,1,1,samples/000522_car_0230.npz
523,car_0231,7,7,27,27,1,1,1,1,samples/000523_car_0231.npz
524,car_0232,7,7,34,34,1,1,1,1,samples/000524_car_0232.npz
525,car_0233,7,7,26,26,1,1,1,1,samples/000525_car_0233.npz
526,car_0234,7,7,3,3,1,1,1,1,samples/000526_car_0234.npz
527,car_0235,7,7,26,26,1,1,1,1,samples/000527_car_0235.npz
528,car_0236,7,7,27,27,1,1,1,1,samples/000528_car_0236.npz
529,car_0237,7,7,26,26,1,1,1,1,samples/000529_car_0237.npz
530,car_0238,7,7,34,34,1,1,1,1,samples/000530_car_0238.npz
531,car_0239,7,7,14,14,1,1,1,1,samples/000531_car_0239.npz
532,car_0240,7,7,26,26,1,1,1,1,samples/000532_car_0240.npz
533,car_0241,7,7,34,34,1,1,1,1,samples/000533_car_0241.npz
534,car_0242,7,7,26,26,1,1,1,1,samples/000534_car_0242.npz
535,car_0243,7,7,28,28,1,1,1,1,samples/000535_car_0243.npz
536,car_0244,7,7,34,34,1,1,1,1,samples/000536_car_0244.npz
537,car_0245,7,7,26,26,1,1,1,1,samples/000537_car_0245.npz
538,car_0246,7,7,27,27,1,1,1,1,samples/000538_car_0246.npz
539,car_0247,7,7,34,34,1,1,1,1,samples/000539_car_0247.npz
540,car_0248,7,7,27,27,1,1,1,1,samples/000540_car_0248.npz
541,car_0249,7,7,34,34,1,1,1,1,samples/000541_car_0249.npz
542,car_0250,7,7,34,34,1,1,1,1,samples/000542_car_0250.npz
543,car_0251,7,7,23,23,1,1,1,1,samples/000543_car_0251.npz
544,car_0252,7,7,2,2,1,1,1,1,samples/000544_car_0252.npz
545,car_0253,7,7,23,23,1,1,1,1,samples/000545_car_0253.npz
546,car_0254,7,7,33,33,1,1,1,1,samples/000546_car_0254.npz
547,car_0255,7,7,23,23,1,1,1,1,samples/000547_car_0255.npz
548,car_0256,7,7,27,27,1,1,1,1,samples/000548_car_0256.npz
549,car_0257,7,7,34,34,1,1,1,1,samples/000549_car_0257.npz
550,car_0258,7,7,34,34,1,1,1,1,samples/000550_car_0258.npz
551,car_0259,7,7,34,34,1,1,1,1,samples/000551_car_0259.npz
552,car_0260,7,7,26,26,1,1,1,1,samples/000552_car_0260.npz
553,car_0261,7,7,26,26,1,1,1,1,samples/000553_car_0261.npz
554,car_0262,7,7,34,34,1,1,1,1,samples/000554_car_0262.npz
555,car_0263,7,7,34,34,1,1,1,1,samples/000555_car_0263.npz
556,car_0264,7,7,27,27,1,1,1,1,samples/000556_car_0264.npz
557,car_0265,7,7,34,34,1,1,1,1,samples/000557_car_0265.npz
558,car_0266,7,7,34,34,1,1,1,1,samples/000558_car_0266.npz
559,car_0267,7,7,34,34,1,1,1,1,samples/000559_car_0267.npz
560,car_0268,7,7,26,26,1,1,1,1,samples/000560_car_0268.npz
561,car_0269,7,7,2,2,1,1,1,1,samples/000561_car_0269.npz
562,car_0270,7,7,27,27,1,1,1,1,samples/000562_car_0270.npz
563,car_0271,7,7,26,26,1,1,1,1,samples/000563_car_0271.npz
564,car_0272,7,7,26,26,1,1,1,1,samples/000564_car_0272.npz
565,car_0273,7,7,34,34,1,1,1,1,samples/000565_car_0273.npz
566,car_0274,7,7,26,26,1,1,1,1,samples/000566_car_0274.npz
567,car_0275,7,7,34,34,1,1,1,1,samples/000567_car_0275.npz
568,car_0276,7,7,26,26,1,1,1,1,samples/000568_car_0276.npz
569,car_0277,7,7,33,33,1,1,1,1,samples/000569_car_0277.npz
570,car_0278,7,7,34,34,1,1,1,1,samples/000570_car_0278.npz
571,car_0279,7,7,34,34,1,1,1,1,samples/000571_car_0279.npz
572,car_0280,7,7,34,34,1,1,1,1,samples/000572_car_0280.npz
573,car_0281,7,7,34,34,1,1,1,1,samples/000573_car_0281.npz
574,car_0282,7,7,2,2,1,1,1,1,samples/000574_car_0282.npz
575,car_0283,7,7,34,34,1,1,1,1,samples/000575_car_0283.npz
576,car_0284,7,7,34,34,1,1,1,1,samples/000576_car_0284.npz
577,car_0285,7,7,34,34,1,1,1,1,samples/000577_car_0285.npz
578,car_0286,7,7,34,34,1,1,1,1,samples/000578_car_0286.npz
579,car_0287,7,7,27,27,1,1,1,1,samples/000579_car_0287.npz
580,car_0288,7,7,26,26,1,1,1,1,samples/000580_car_0288.npz
581,car_0289,7,7,26,26,1,1,1,1,samples/000581_car_0289.npz
582,car_0290,7,7,14,14,1,1,1,1,samples/000582_car_0290.npz
583,car_0291,7,7,26,26,1,1,1,1,samples/000583_car_0291.npz
584,car_0292,7,7,34,34,1,1,1,1,samples/000584_car_0292.npz
585,car_0293,7,7,34,34,1,1,1,1,samples/000585_car_0293.npz
586,car_0294,7,7,34,34,1,1,1,1,samples/000586_car_0294.npz
587,car_0295,7,7,37,37,1,1,1,1,samples/000587_car_0295.npz
588,car_0296,7,7,23,23,1,1,1,1,samples/000588_car_0296.npz
589,car_0297,7,7,34,34,1,1,1,1,samples/000589_car_0297.npz
590,chair_0890,8,8,26,26,1,1,1,1,samples/000590_chair_0890.npz
591,chair_0891,8,8,32,32,1,1,1,1,samples/000591_chair_0891.npz
592,chair_0892,8,8,14,14,1,1,1,1,samples/000592_chair_0892.npz
593,chair_0893,8,8,26,26,1,1,1,1,samples/000593_chair_0893.npz
594,chair_0894,8,8,26,26,1,1,1,1,samples/000594_chair_0894.npz
595,chair_0895,8,8,15,15,1,1,1,1,samples/000595_chair_0895.npz
596,chair_0896,8,8,2,2,1,1,1,1,samples/000596_chair_0896.npz
597,chair_0897,8,8,23,23,1,1,1,1,samples/000597_chair_0897.npz
598,chair_0898,8,8,31,31,1,1,1,1,samples/000598_chair_0898.npz
599,chair_0899,8,8,26,26,1,1,1,1,samples/000599_chair_0899.npz
600,chair_0900,8,8,26,26,1,1,1,1,samples/000600_chair_0900.npz
601,chair_0901,8,8,4,4,1,1,1,1,samples/000601_chair_0901.npz
602,chair_0902,8,8,32,32,1,1,1,1,samples/000602_chair_0902.npz
603,chair_0903,8,8,2,2,1,1,1,1,samples/000603_chair_0903.npz
604,chair_0904,8,8,26,26,1,1,1,1,samples/000604_chair_0904.npz
605,chair_0905,8,8,27,27,1,1,1,1,samples/000605_chair_0905.npz
606,chair_0906,8,8,2,2,1,1,1,1,samples/000606_chair_0906.npz
607,chair_0907,8,8,32,32,1,1,1,1,samples/000607_chair_0907.npz
608,chair_0908,8,8,26,26,1,1,1,1,samples/000608_chair_0908.npz
609,chair_0909,8,8,26,26,1,1,1,1,samples/000609_chair_0909.npz
610,chair_0910,8,8,26,26,1,1,1,1,samples/000610_chair_0910.npz
611,chair_0911,8,8,3,3,1,1,1,1,samples/000611_chair_0911.npz
612,chair_0912,8,8,26,26,1,1,1,1,samples/000612_chair_0912.npz
613,chair_0913,8,8,2,2,1,1,1,1,samples/000613_chair_0913.npz
614,chair_0914,8,8,32,32,1,1,1,1,samples/000614_chair_0914.npz
615,chair_0915,8,8,3,3,1,1,1,1,samples/000615_chair_0915.npz
616,chair_0916,8,8,3,3,1,1,1,1,samples/000616_chair_0916.npz
617,chair_0917,8,8,32,32,1,1,1,1,samples/000617_chair_0917.npz
618,chair_0918,8,8,23,23,1,1,1,1,samples/000618_chair_0918.npz
619,chair_0919,8,8,4,4,1,1,1,1,samples/000619_chair_0919.npz
620,chair_0920,8,32,32,32,1,0,1,0,samples/000620_chair_0920.npz
621,chair_0921,8,8,26,26,1,1,1,1,samples/000621_chair_0921.npz
622,chair_0922,8,8,37,37,1,1,1,1,samples/000622_chair_0922.npz
623,chair_0923,8,8,23,23,1,1,1,1,samples/000623_chair_0923.npz
624,chair_0924,8,8,26,26,1,1,1,1,samples/000624_chair_0924.npz
625,chair_0925,8,8,26,26,1,1,1,1,samples/000625_chair_0925.npz
626,chair_0926,8,8,29,29,1,1,1,1,samples/000626_chair_0926.npz
627,chair_0927,8,8,2,2,1,1,1,1,samples/000627_chair_0927.npz
628,chair_0928,8,8,26,26,1,1,1,1,samples/000628_chair_0928.npz
629,chair_0929,8,8,25,25,1,1,1,1,samples/000629_chair_0929.npz
630,chair_0930,8,8,26,26,1,1,1,1,samples/000630_chair_0930.npz
631,chair_0931,8,8,37,37,1,1,1,1,samples/000631_chair_0931.npz
632,chair_0932,8,8,26,26,1,1,1,1,samples/000632_chair_0932.npz
633,chair_0933,8,8,26,26,1,1,1,1,samples/000633_chair_0933.npz
634,chair_0934,8,8,3,3,1,1,1,1,samples/000634_chair_0934.npz
635,chair_0935,8,8,3,3,1,1,1,1,samples/000635_chair_0935.npz
636,chair_0936,8,8,26,26,1,1,1,1,samples/000636_chair_0936.npz
637,chair_0937,8,8,26,26,1,1,1,1,samples/000637_chair_0937.npz
638,chair_0938,8,8,3,3,1,1,1,1,samples/000638_chair_0938.npz
639,chair_0939,8,8,26,26,1,1,1,1,samples/000639_chair_0939.npz
640,chair_0940,8,8,32,32,1,1,1,1,samples/000640_chair_0940.npz
641,chair_0941,8,8,3,3,1,1,1,1,samples/000641_chair_0941.npz
642,chair_0942,8,8,26,26,1,1,1,1,samples/000642_chair_0942.npz
643,chair_0943,8,8,26,26,1,1,1,1,samples/000643_chair_0943.npz
644,chair_0944,8,8,26,26,1,1,1,1,samples/000644_chair_0944.npz
645,chair_0945,8,8,26,26,1,1,1,1,samples/000645_chair_0945.npz
646,chair_0946,8,8,26,26,1,1,1,1,samples/000646_chair_0946.npz
647,chair_0947,8,8,26,26,1,1,1,1,samples/000647_chair_0947.npz
648,chair_0948,8,8,32,32,1,1,1,1,samples/000648_chair_0948.npz
649,chair_0949,8,8,26,26,1,1,1,1,samples/000649_chair_0949.npz
650,chair_0950,8,8,20,20,1,1,1,1,samples/000650_chair_0950.npz
651,chair_0951,8,8,26,26,1,1,1,1,samples/000651_chair_0951.npz
652,chair_0952,8,8,26,26,1,1,1,1,samples/000652_chair_0952.npz
653,chair_0953,8,8,26,26,1,1,1,1,samples/000653_chair_0953.npz
654,chair_0954,8,8,26,26,1,1,1,1,samples/000654_chair_0954.npz
655,chair_0955,8,8,3,3,1,1,1,1,samples/000655_chair_0955.npz
656,chair_0956,8,8,3,3,1,1,1,1,samples/000656_chair_0956.npz
657,chair_0957,8,8,3,3,1,1,1,1,samples/000657_chair_0957.npz
658,chair_0958,8,8,3,3,1,1,1,1,samples/000658_chair_0958.npz
659,chair_0959,8,8,26,26,1,1,1,1,samples/000659_chair_0959.npz
660,chair_0960,8,8,15,15,1,1,1,1,samples/000660_chair_0960.npz
661,chair_0961,8,8,26,26,1,1,1,1,samples/000661_chair_0961.npz
662,chair_0962,8,8,26,26,1,1,1,1,samples/000662_chair_0962.npz
663,chair_0963,8,8,26,26,1,1,1,1,samples/000663_chair_0963.npz
664,chair_0964,8,8,26,26,1,1,1,1,samples/000664_chair_0964.npz
665,chair_0965,8,8,26,26,1,1,1,1,samples/000665_chair_0965.npz
666,chair_0966,8,8,23,23,1,1,1,1,samples/000666_chair_0966.npz
667,chair_0967,8,8,26,26,1,1,1,1,samples/000667_chair_0967.npz
668,chair_0968,8,8,26,26,1,1,1,1,samples/000668_chair_0968.npz
669,chair_0969,8,8,3,3,1,1,1,1,samples/000669_chair_0969.npz
670,chair_0970,8,8,26,26,1,1,1,1,samples/000670_chair_0970.npz
671,chair_0971,8,8,26,26,1,1,1,1,samples/000671_chair_0971.npz
672,chair_0972,8,8,23,23,1,1,1,1,samples/000672_chair_0972.npz
673,chair_0973,8,8,32,32,1,1,1,1,samples/000673_chair_0973.npz
674,chair_0974,8,8,36,36,1,1,1,1,samples/000674_chair_0974.npz
675,chair_0975,8,8,29,29,1,1,1,1,samples/000675_chair_0975.npz
676,chair_0976,8,8,26,26,1,1,1,1,samples/000676_chair_0976.npz
677,chair_0977,8,8,23,23,1,1,1,1,samples/000677_chair_0977.npz
678,chair_0978,8,8,26,26,1,1,1,1,samples/000678_chair_0978.npz
679,chair_0979,8,8,2,2,1,1,1,1,samples/000679_chair_0979.npz
680,chair_0980,8,8,26,26,1,1,1,1,samples/000680_chair_0980.npz
681,chair_0981,8,8,23,23,1,1,1,1,samples/000681_chair_0981.npz
682,chair_0982,8,8,2,2,1,1,1,1,samples/000682_chair_0982.npz
683,chair_0983,8,8,26,26,1,1,1,1,samples/000683_chair_0983.npz
684,chair_0984,8,8,26,26,1,1,1,1,samples/000684_chair_0984.npz
685,chair_0985,8,8,26,26,1,1,1,1,samples/000685_chair_0985.npz
686,chair_0986,8,8,2,2,1,1,1,1,samples/000686_chair_0986.npz
687,chair_0987,8,8,33,33,1,1,1,1,samples/000687_chair_0987.npz
688,chair_0988,8,8,26,26,1,1,1,1,samples/000688_chair_0988.npz
689,chair_0989,8,8,26,26,1,1,1,1,samples/000689_chair_0989.npz
690,cone_0168,9,9,34,34,1,1,1,1,samples/000690_cone_0168.npz
691,cone_0169,9,9,34,34,1,1,1,1,samples/000691_cone_0169.npz
692,cone_0170,9,9,26,26,1,1,1,1,samples/000692_cone_0170.npz
693,cone_0171,9,9,11,11,1,1,1,1,samples/000693_cone_0171.npz
694,cone_0172,9,9,37,37,1,1,1,1,samples/000694_cone_0172.npz
695,cone_0173,9,9,37,37,1,1,1,1,samples/000695_cone_0173.npz
696,cone_0174,9,9,34,34,1,1,1,1,samples/000696_cone_0174.npz
697,cone_0175,9,9,37,37,1,1,1,1,samples/000697_cone_0175.npz
698,cone_0176,9,9,34,34,1,1,1,1,samples/000698_cone_0176.npz
699,cone_0177,9,9,26,26,1,1,1,1,samples/000699_cone_0177.npz
700,cone_0178,9,9,37,37,1,1,1,1,samples/000700_cone_0178.npz
701,cone_0179,9,9,26,26,1,1,1,1,samples/000701_cone_0179.npz
702,cone_0180,9,9,34,34,1,1,1,1,samples/000702_cone_0180.npz
703,cone_0181,9,9,34,34,1,1,1,1,samples/000703_cone_0181.npz
704,cone_0182,9,9,5,5,1,1,1,1,samples/000704_cone_0182.npz
705,cone_0183,9,9,34,34,1,1,1,1,samples/000705_cone_0183.npz
706,cone_0184,9,9,37,37,1,1,1,1,samples/000706_cone_0184.npz
707,cone_0185,9,9,28,28,1,1,1,1,samples/000707_cone_0185.npz
708,cone_0186,9,9,26,26,1,1,1,1,samples/000708_cone_0186.npz
709,cone_0187,9,9,26,26,1,1,1,1,samples/000709_cone_0187.npz
710,cup_0080,10,10,37,37,1,1,1,1,samples/000710_cup_0080.npz
711,cup_0081,10,37,37,37,1,0,1,0,samples/000711_cup_0081.npz
712,cup_0082,10,15,15,15,1,0,1,0,samples/000712_cup_0082.npz
713,cup_0083,10,6,6,6,1,0,1,0,samples/000713_cup_0083.npz
714,cup_0084,10,15,15,15,1,0,1,0,samples/000714_cup_0084.npz
715,cup_0085,10,15,15,15,1,0,1,0,samples/000715_cup_0085.npz
716,cup_0086,10,10,37,37,1,1,1,1,samples/000716_cup_0086.npz
717,cup_0087,10,10,37,37,1,1,1,1,samples/000717_cup_0087.npz
718,cup_0088,10,37,37,37,1,0,1,0,samples/000718_cup_0088.npz
719,cup_0089,10,10,15,15,1,1,1,1,samples/000719_cup_0089.npz
720,cup_0090,10,10,37,37,1,1,1,1,samples/000720_cup_0090.npz
721,cup_0091,10,10,15,15,1,1,1,1,samples/000721_cup_0091.npz
722,cup_0092,10,10,15,15,1,1,1,1,samples/000722_cup_0092.npz
723,cup_0093,10,37,37,37,1,0,1,0,samples/000723_cup_0093.npz
724,cup_0094,10,10,37,37,1,1,1,1,samples/000724_cup_0094.npz
725,cup_0095,10,10,37,37,1,1,1,1,samples/000725_cup_0095.npz
726,cup_0096,10,10,19,19,1,1,1,1,samples/000726_cup_0096.npz
727,cup_0097,10,37,37,37,1,0,1,0,samples/000727_cup_0097.npz
728,cup_0098,10,10,15,15,1,1,1,1,samples/000728_cup_0098.npz
729,cup_0099,10,10,15,15,1,1,1,1,samples/000729_cup_0099.npz
730,curtain_0139,11,11,26,26,1,1,1,1,samples/000730_curtain_0139.npz
731,curtain_0140,11,11,26,26,1,1,1,1,samples/000731_curtain_0140.npz
732,curtain_0141,11,11,22,22,1,1,1,1,samples/000732_curtain_0141.npz
733,curtain_0142,11,11,26,26,1,1,1,1,samples/000733_curtain_0142.npz
734,curtain_0143,11,11,22,22,1,1,1,1,samples/000734_curtain_0143.npz
735,curtain_0144,11,11,26,26,1,1,1,1,samples/000735_curtain_0144.npz
736,curtain_0145,11,11,26,26,1,1,1,1,samples/000736_curtain_0145.npz
737,curtain_0146,11,11,26,26,1,1,1,1,samples/000737_curtain_0146.npz
738,curtain_0147,11,11,26,26,1,1,1,1,samples/000738_curtain_0147.npz
739,curtain_0148,11,11,26,26,1,1,1,1,samples/000739_curtain_0148.npz
740,curtain_0149,11,22,22,22,1,0,1,0,samples/000740_curtain_0149.npz
741,curtain_0150,11,11,26,26,1,1,1,1,samples/000741_curtain_0150.npz
742,curtain_0151,11,11,26,26,1,1,1,1,samples/000742_curtain_0151.npz
743,curtain_0152,11,11,26,26,1,1,1,1,samples/000743_curtain_0152.npz
744,curtain_0153,11,11,26,26,1,1,1,1,samples/000744_curtain_0153.npz
745,curtain_0154,11,11,26,26,1,1,1,1,samples/000745_curtain_0154.npz
746,curtain_0155,11,11,4,4,1,1,1,1,samples/000746_curtain_0155.npz
747,curtain_0156,11,11,26,26,1,1,1,1,samples/000747_curtain_0156.npz
748,curtain_0157,11,11,26,26,1,1,1,1,samples/000748_curtain_0157.npz
749,curtain_0158,11,11,26,26,1,1,1,1,samples/000749_curtain_0158.npz
750,desk_0201,12,12,36,36,1,1,1,1,samples/000750_desk_0201.npz
751,desk_0202,12,33,33,33,1,0,1,0,samples/000751_desk_0202.npz
752,desk_0203,12,12,23,23,1,1,1,1,samples/000752_desk_0203.npz
753,desk_0204,12,12,21,21,1,1,1,1,samples/000753_desk_0204.npz
754,desk_0205,12,12,23,23,1,1,1,1,samples/000754_desk_0205.npz
755,desk_0206,12,12,15,15,1,1,1,1,samples/000755_desk_0206.npz
756,desk_0207,12,33,33,33,1,0,1,0,samples/000756_desk_0207.npz
757,desk_0208,12,12,23,23,1,1,1,1,samples/000757_desk_0208.npz
758,desk_0209,12,12,15,15,1,1,1,1,samples/000758_desk_0209.npz
759,desk_0210,12,12,30,30,1,1,1,1,samples/000759_desk_0210.npz
760,desk_0211,12,12,33,33,1,1,1,1,samples/000760_desk_0211.npz
761,desk_0212,12,12,38,38,1,1,1,1,samples/000761_desk_0212.npz
762,desk_0213,12,12,23,23,1,1,1,1,samples/000762_desk_0213.npz
763,desk_0214,12,12,23,23,1,1,1,1,samples/000763_desk_0214.npz
764,desk_0215,12,12,16,16,1,1,1,1,samples/000764_desk_0215.npz
765,desk_0216,12,12,30,30,1,1,1,1,samples/000765_desk_0216.npz
766,desk_0217,12,12,23,23,1,1,1,1,samples/000766_desk_0217.npz
767,desk_0218,12,12,33,33,1,1,1,1,samples/000767_desk_0218.npz
768,desk_0219,12,12,29,29,1,1,1,1,samples/000768_desk_0219.npz
769,desk_0220,12,12,16,16,1,1,1,1,samples/000769_desk_0220.npz
770,desk_0221,12,12,33,33,1,1,1,1,samples/000770_desk_0221.npz
771,desk_0222,12,12,3,3,1,1,1,1,samples/000771_desk_0222.npz
772,desk_0223,12,12,23,23,1,1,1,1,samples/000772_desk_0223.npz
773,desk_0224,12,33,33,33,1,0,1,0,samples/000773_desk_0224.npz
774,desk_0225,12,12,14,14,1,1,1,1,samples/000774_desk_0225.npz
775,desk_0226,12,12,2,2,1,1,1,1,samples/000775_desk_0226.npz
776,desk_0227,12,12,36,36,1,1,1,1,samples/000776_desk_0227.npz
777,desk_0228,12,12,23,23,1,1,1,1,samples/000777_desk_0228.npz
778,desk_0229,12,12,33,33,1,1,1,1,samples/000778_desk_0229.npz
779,desk_0230,12,12,36,36,1,1,1,1,samples/000779_desk_0230.npz
780,desk_0231,12,12,36,36,1,1,1,1,samples/000780_desk_0231.npz
781,desk_0232,12,12,33,33,1,1,1,1,samples/000781_desk_0232.npz
782,desk_0233,12,12,33,33,1,1,1,1,samples/000782_desk_0233.npz
783,desk_0234,12,33,33,33,1,0,1,0,samples/000783_desk_0234.npz
784,desk_0235,12,12,29,29,1,1,1,1,samples/000784_desk_0235.npz
785,desk_0236,12,12,26,26,1,1,1,1,samples/000785_desk_0236.npz
786,desk_0237,12,12,16,16,1,1,1,1,samples/000786_desk_0237.npz
787,desk_0238,12,12,2,2,1,1,1,1,samples/000787_desk_0238.npz
788,desk_0239,12,12,30,30,1,1,1,1,samples/000788_desk_0239.npz
789,desk_0240,12,12,23,23,1,1,1,1,samples/000789_desk_0240.npz
790,desk_0241,12,12,23,23,1,1,1,1,samples/000790_desk_0241.npz
791,desk_0242,12,33,33,33,1,0,1,0,samples/000791_desk_0242.npz
792,desk_0243,12,30,30,30,1,0,1,0,samples/000792_desk_0243.npz
793,desk_0244,12,12,16,16,1,1,1,1,samples/000793_desk_0244.npz
794,desk_0245,12,12,23,23,1,1,1,1,samples/000794_desk_0245.npz
795,desk_0246,12,12,3,3,1,1,1,1,samples/000795_desk_0246.npz
796,desk_0247,12,12,30,30,1,1,1,1,samples/000796_desk_0247.npz
797,desk_0248,12,12,36,36,1,1,1,1,samples/000797_desk_0248.npz
798,desk_0249,12,12,33,33,1,1,1,1,samples/000798_desk_0249.npz
799,desk_0250,12,12,14,14,1,1,1,1,samples/000799_desk_0250.npz
800,desk_0251,12,33,33,33,1,0,1,0,samples/000800_desk_0251.npz
801,desk_0252,12,14,23,23,1,0,1,0,samples/000801_desk_0252.npz
802,desk_0253,12,12,30,30,1,1,1,1,samples/000802_desk_0253.npz
803,desk_0254,12,12,3,3,1,1,1,1,samples/000803_desk_0254.npz
804,desk_0255,12,12,33,33,1,1,1,1,samples/000804_desk_0255.npz
805,desk_0256,12,12,30,30,1,1,1,1,samples/000805_desk_0256.npz
806,desk_0257,12,12,3,3,1,1,1,1,samples/000806_desk_0257.npz
807,desk_0258,12,12,23,23,1,1,1,1,samples/000807_desk_0258.npz
808,desk_0259,12,12,23,23,1,1,1,1,samples/000808_desk_0259.npz
809,desk_0260,12,12,23,23,1,1,1,1,samples/000809_desk_0260.npz
810,desk_0261,12,12,23,23,1,1,1,1,samples/000810_desk_0261.npz
811,desk_0262,12,12,14,14,1,1,1,1,samples/000811_desk_0262.npz
812,desk_0263,12,12,36,36,1,1,1,1,samples/000812_desk_0263.npz
813,desk_0264,12,12,16,16,1,1,1,1,samples/000813_desk_0264.npz
814,desk_0265,12,23,23,23,1,0,1,0,samples/000814_desk_0265.npz
815,desk_0266,12,12,38,38,1,1,1,1,samples/000815_desk_0266.npz
816,desk_0267,12,12,3,3,1,1,1,1,samples/000816_desk_0267.npz
817,desk_0268,12,12,23,23,1,1,1,1,samples/000817_desk_0268.npz
818,desk_0269,12,12,23,23,1,1,1,1,samples/000818_desk_0269.npz
819,desk_0270,12,12,36,36,1,1,1,1,samples/000819_desk_0270.npz
820,desk_0271,12,12,26,26,1,1,1,1,samples/000820_desk_0271.npz
821,desk_0272,12,12,26,26,1,1,1,1,samples/000821_desk_0272.npz
822,desk_0273,12,12,23,23,1,1,1,1,samples/000822_desk_0273.npz
823,desk_0274,12,12,30,30,1,1,1,1,samples/000823_desk_0274.npz
824,desk_0275,12,12,33,33,1,1,1,1,samples/000824_desk_0275.npz
825,desk_0276,12,12,23,23,1,1,1,1,samples/000825_desk_0276.npz
826,desk_0277,12,12,27,27,1,1,1,1,samples/000826_desk_0277.npz
827,desk_0278,12,12,36,36,1,1,1,1,samples/000827_desk_0278.npz
828,desk_0279,12,12,30,30,1,1,1,1,samples/000828_desk_0279.npz
829,desk_0280,12,12,33,33,1,1,1,1,samples/000829_desk_0280.npz
830,desk_0281,12,12,23,23,1,1,1,1,samples/000830_desk_0281.npz
831,desk_0282,12,12,23,23,1,1,1,1,samples/000831_desk_0282.npz
832,desk_0283,12,12,2,2,1,1,1,1,samples/000832_desk_0283.npz
833,desk_0284,12,12,23,23,1,1,1,1,samples/000833_desk_0284.npz
834,desk_0285,12,12,36,36,1,1,1,1,samples/000834_desk_0285.npz
835,desk_0286,12,12,33,33,1,1,1,1,samples/000835_desk_0286.npz
836,door_0110,13,13,11,11,1,1,1,1,samples/000836_door_0110.npz
837,door_0111,13,13,11,11,1,1,1,1,samples/000837_door_0111.npz
838,door_0112,13,13,11,11,1,1,1,1,samples/000838_door_0112.npz
839,door_0113,13,13,11,11,1,1,1,1,samples/000839_door_0113.npz
840,door_0114,13,13,11,11,1,1,1,1,samples/000840_door_0114.npz
841,door_0115,13,13,26,26,1,1,1,1,samples/000841_door_0115.npz
842,door_0116,13,13,11,11,1,1,1,1,samples/000842_door_0116.npz
843,door_0117,13,13,11,11,1,1,1,1,samples/000843_door_0117.npz
844,door_0118,13,13,11,11,1,1,1,1,samples/000844_door_0118.npz
845,door_0119,13,13,11,11,1,1,1,1,samples/000845_door_0119.npz
846,door_0120,13,13,11,11,1,1,1,1,samples/000846_door_0120.npz
847,door_0121,13,13,20,20,1,1,1,1,samples/000847_door_0121.npz
848,door_0122,13,13,11,11,1,1,1,1,samples/000848_door_0122.npz
849,door_0123,13,13,11,11,1,1,1,1,samples/000849_door_0123.npz
850,door_0124,13,13,21,21,1,1,1,1,samples/000850_door_0124.npz
851,door_0125,13,13,11,11,1,1,1,1,samples/000851_door_0125.npz
852,door_0126,13,13,11,11,1,1,1,1,samples/000852_door_0126.npz
853,door_0127,13,13,11,11,1,1,1,1,samples/000853_door_0127.npz
854,door_0128,13,13,11,11,1,1,1,1,samples/000854_door_0128.npz
855,door_0129,13,11,11,11,1,0,1,0,samples/000855_door_0129.npz
856,dresser_0201,14,14,23,23,1,1,1,1,samples/000856_dresser_0201.npz
857,dresser_0202,14,23,23,23,1,0,1,0,samples/000857_dresser_0202.npz
858,dresser_0203,14,14,23,23,1,1,1,1,samples/000858_dresser_0203.npz
859,dresser_0204,14,14,39,39,1,1,1,1,samples/000859_dresser_0204.npz
860,dresser_0205,14,14,38,38,1,1,1,1,samples/000860_dresser_0205.npz
861,dresser_0206,14,14,23,23,1,1,1,1,samples/000861_dresser_0206.npz
862,dresser_0207,14,14,5,5,1,1,1,1,samples/000862_dresser_0207.npz
863,dresser_0208,14,23,23,23,1,0,1,0,samples/000863_dresser_0208.npz
864,dresser_0209,14,14,38,38,1,1,1,1,samples/000864_dresser_0209.npz
865,dresser_0210,14,14,23,23,1,1,1,1,samples/000865_dresser_0210.npz
866,dresser_0211,14,14,38,38,1,1,1,1,samples/000866_dresser_0211.npz
867,dresser_0212,14,23,23,23,1,0,1,0,samples/000867_dresser_0212.npz
868,dresser_0213,14,14,23,23,1,1,1,1,samples/000868_dresser_0213.npz
869,dresser_0214,14,14,38,38,1,1,1,1,samples/000869_dresser_0214.npz
870,dresser_0215,14,14,23,23,1,1,1,1,samples/000870_dresser_0215.npz
871,dresser_0216,14,23,23,23,1,0,1,0,samples/000871_dresser_0216.npz
872,dresser_0217,14,14,23,23,1,1,1,1,samples/000872_dresser_0217.npz
873,dresser_0218,14,14,39,39,1,1,1,1,samples/000873_dresser_0218.npz
874,dresser_0219,14,14,23,23,1,1,1,1,samples/000874_dresser_0219.npz
875,dresser_0220,14,14,27,27,1,1,1,1,samples/000875_dresser_0220.npz
876,dresser_0221,14,14,23,23,1,1,1,1,samples/000876_dresser_0221.npz
877,dresser_0222,14,14,38,38,1,1,1,1,samples/000877_dresser_0222.npz
878,dresser_0223,14,14,38,38,1,1,1,1,samples/000878_dresser_0223.npz
879,dresser_0224,14,14,23,23,1,1,1,1,samples/000879_dresser_0224.npz
880,dresser_0225,14,14,23,23,1,1,1,1,samples/000880_dresser_0225.npz
881,dresser_0226,14,14,38,38,1,1,1,1,samples/000881_dresser_0226.npz
882,dresser_0227,14,23,23,23,1,0,1,0,samples/000882_dresser_0227.npz
883,dresser_0228,14,14,39,39,1,1,1,1,samples/000883_dresser_0228.npz
884,dresser_0229,14,14,23,23,1,1,1,1,samples/000884_dresser_0229.npz
885,dresser_0230,14,14,38,38,1,1,1,1,samples/000885_dresser_0230.npz
886,dresser_0231,14,14,38,38,1,1,1,1,samples/000886_dresser_0231.npz
887,dresser_0232,14,14,23,23,1,1,1,1,samples/000887_dresser_0232.npz
888,dresser_0233,14,14,12,12,1,1,1,1,samples/000888_dresser_0233.npz
889,dresser_0234,14,14,23,23,1,1,1,1,samples/000889_dresser_0234.npz
890,dresser_0235,14,14,23,23,1,1,1,1,samples/000890_dresser_0235.npz
891,dresser_0236,14,14,23,23,1,1,1,1,samples/000891_dresser_0236.npz
892,dresser_0237,14,14,23,23,1,1,1,1,samples/000892_dresser_0237.npz
893,dresser_0238,14,14,38,38,1,1,1,1,samples/000893_dresser_0238.npz
894,dresser_0239,14,14,38,38,1,1,1,1,samples/000894_dresser_0239.npz
895,dresser_0240,14,14,23,23,1,1,1,1,samples/000895_dresser_0240.npz
896,dresser_0241,14,14,23,23,1,1,1,1,samples/000896_dresser_0241.npz
897,dresser_0242,14,14,23,23,1,1,1,1,samples/000897_dresser_0242.npz
898,dresser_0243,14,14,23,23,1,1,1,1,samples/000898_dresser_0243.npz
899,dresser_0244,14,14,23,23,1,1,1,1,samples/000899_dresser_0244.npz
900,dresser_0245,14,14,23,23,1,1,1,1,samples/000900_dresser_0245.npz
901,dresser_0246,14,14,23,23,1,1,1,1,samples/000901_dresser_0246.npz
902,dresser_0247,14,14,38,38,1,1,1,1,samples/000902_dresser_0247.npz
903,dresser_0248,14,14,23,23,1,1,1,1,samples/000903_dresser_0248.npz
904,dresser_0249,14,14,38,38,1,1,1,1,samples/000904_dresser_0249.npz
905,dresser_0250,14,14,23,23,1,1,1,1,samples/000905_dresser_0250.npz
906,dresser_0251,14,14,38,38,1,1,1,1,samples/000906_dresser_0251.npz
907,dresser_0252,14,14,23,23,1,1,1,1,samples/000907_dresser_0252.npz
908,dresser_0253,14,14,23,23,1,1,1,1,samples/000908_dresser_0253.npz
909,dresser_0254,14,14,16,16,1,1,1,1,samples/000909_dresser_0254.npz
910,dresser_0255,14,14,38,38,1,1,1,1,samples/000910_dresser_0255.npz
911,dresser_0256,14,14,23,23,1,1,1,1,samples/000911_dresser_0256.npz
912,dresser_0257,14,14,23,23,1,1,1,1,samples/000912_dresser_0257.npz
913,dresser_0258,14,14,23,23,1,1,1,1,samples/000913_dresser_0258.npz
914,dresser_0259,14,23,23,23,1,0,1,0,samples/000914_dresser_0259.npz
915,dresser_0260,14,23,23,23,1,0,1,0,samples/000915_dresser_0260.npz
916,dresser_0261,14,14,38,38,1,1,1,1,samples/000916_dresser_0261.npz
917,dresser_0262,14,14,38,38,1,1,1,1,samples/000917_dresser_0262.npz
918,dresser_0263,14,14,23,23,1,1,1,1,samples/000918_dresser_0263.npz
919,dresser_0264,14,14,23,23,1,1,1,1,samples/000919_dresser_0264.npz
920,dresser_0265,14,14,38,38,1,1,1,1,samples/000920_dresser_0265.npz
921,dresser_0266,14,14,38,38,1,1,1,1,samples/000921_dresser_0266.npz
922,dresser_0267,14,14,23,23,1,1,1,1,samples/000922_dresser_0267.npz
923,dresser_0268,14,14,23,23,1,1,1,1,samples/000923_dresser_0268.npz
924,dresser_0269,14,14,23,23,1,1,1,1,samples/000924_dresser_0269.npz
925,dresser_0270,14,14,30,30,1,1,1,1,samples/000925_dresser_0270.npz
926,dresser_0271,14,14,23,23,1,1,1,1,samples/000926_dresser_0271.npz
927,dresser_0272,14,23,23,23,1,0,1,0,samples/000927_dresser_0272.npz
928,dresser_0273,14,14,23,23,1,1,1,1,samples/000928_dresser_0273.npz
929,dresser_0274,14,14,23,23,1,1,1,1,samples/000929_dresser_0274.npz
930,dresser_0275,14,14,38,38,1,1,1,1,samples/000930_dresser_0275.npz
931,dresser_0276,14,14,23,23,1,1,1,1,samples/000931_dresser_0276.npz
932,dresser_0277,14,14,23,23,1,1,1,1,samples/000932_dresser_0277.npz
933,dresser_0278,14,14,23,23,1,1,1,1,samples/000933_dresser_0278.npz
934,dresser_0279,14,14,23,23,1,1,1,1,samples/000934_dresser_0279.npz
935,dresser_0280,14,14,23,23,1,1,1,1,samples/000935_dresser_0280.npz
936,dresser_0281,14,14,23,23,1,1,1,1,samples/000936_dresser_0281.npz
937,dresser_0282,14,14,23,23,1,1,1,1,samples/000937_dresser_0282.npz
938,dresser_0283,14,38,38,38,1,0,1,0,samples/000938_dresser_0283.npz
939,dresser_0284,14,23,23,23,1,0,1,0,samples/000939_dresser_0284.npz
940,dresser_0285,14,14,23,23,1,1,1,1,samples/000940_dresser_0285.npz
941,dresser_0286,14,14,27,27,1,1,1,1,samples/000941_dresser_0286.npz
942,flower_pot_0150,15,26,26,26,1,0,1,0,samples/000942_flower_pot_0150.npz
943,flower_pot_0151,15,26,26,26,1,0,1,0,samples/000943_flower_pot_0151.npz
944,flower_pot_0152,15,15,26,26,1,1,1,1,samples/000944_flower_pot_0152.npz
945,flower_pot_0153,15,37,37,37,1,0,1,0,samples/000945_flower_pot_0153.npz
946,flower_pot_0154,15,26,26,26,1,0,1,0,samples/000946_flower_pot_0154.npz
947,flower_pot_0155,15,37,37,37,1,0,1,0,samples/000947_flower_pot_0155.npz
948,flower_pot_0156,15,26,26,26,1,0,1,0,samples/000948_flower_pot_0156.npz
949,flower_pot_0157,15,26,26,26,1,0,1,0,samples/000949_flower_pot_0157.npz
950,flower_pot_0158,15,15,26,26,1,1,1,1,samples/000950_flower_pot_0158.npz
951,flower_pot_0159,15,37,37,37,1,0,1,0,samples/000951_flower_pot_0159.npz
952,flower_pot_0160,15,37,37,37,1,0,1,0,samples/000952_flower_pot_0160.npz
953,flower_pot_0161,15,26,26,26,1,0,1,0,samples/000953_flower_pot_0161.npz
954,flower_pot_0162,15,10,10,10,1,0,1,0,samples/000954_flower_pot_0162.npz
955,flower_pot_0163,15,37,37,37,1,0,1,0,samples/000955_flower_pot_0163.npz
956,flower_pot_0164,15,26,26,26,1,0,1,0,samples/000956_flower_pot_0164.npz
957,flower_pot_0165,15,26,26,26,1,0,1,0,samples/000957_flower_pot_0165.npz
958,flower_pot_0166,15,26,26,26,1,0,1,0,samples/000958_flower_pot_0166.npz
959,flower_pot_0167,15,15,4,4,1,1,1,1,samples/000959_flower_pot_0167.npz
960,flower_pot_0168,15,26,26,26,1,0,1,0,samples/000960_flower_pot_0168.npz
961,flower_pot_0169,15,26,26,26,1,0,1,0,samples/000961_flower_pot_0169.npz
962,glass_box_0172,16,16,14,14,1,1,1,1,samples/000962_glass_box_0172.npz
963,glass_box_0173,16,16,14,14,1,1,1,1,samples/000963_glass_box_0173.npz
964,glass_box_0174,16,16,27,27,1,1,1,1,samples/000964_glass_box_0174.npz
965,glass_box_0175,16,16,14,14,1,1,1,1,samples/000965_glass_box_0175.npz
966,glass_box_0176,16,16,14,14,1,1,1,1,samples/000966_glass_box_0176.npz
967,glass_box_0177,16,16,27,27,1,1,1,1,samples/000967_glass_box_0177.npz
968,glass_box_0178,16,16,14,14,1,1,1,1,samples/000968_glass_box_0178.npz
969,glass_box_0179,16,16,27,27,1,1,1,1,samples/000969_glass_box_0179.npz
970,glass_box_0180,16,16,27,27,1,1,1,1,samples/000970_glass_box_0180.npz
971,glass_box_0181,16,14,14,14,1,0,1,0,samples/000971_glass_box_0181.npz
972,glass_box_0182,16,13,13,13,1,0,1,0,samples/000972_glass_box_0182.npz
973,glass_box_0183,16,23,23,23,1,0,1,0,samples/000973_glass_box_0183.npz
974,glass_box_0184,16,16,23,23,1,1,1,1,samples/000974_glass_box_0184.npz
975,glass_box_0185,16,16,14,14,1,1,1,1,samples/000975_glass_box_0185.npz
976,glass_box_0186,16,16,38,38,1,1,1,1,samples/000976_glass_box_0186.npz
977,glass_box_0187,16,16,38,38,1,1,1,1,samples/000977_glass_box_0187.npz
978,glass_box_0188,16,16,27,27,1,1,1,1,samples/000978_glass_box_0188.npz
979,glass_box_0189,16,16,14,14,1,1,1,1,samples/000979_glass_box_0189.npz
980,glass_box_0190,16,16,23,23,1,1,1,1,samples/000980_glass_box_0190.npz
981,glass_box_0191,16,16,27,27,1,1,1,1,samples/000981_glass_box_0191.npz
982,glass_box_0192,16,16,27,27,1,1,1,1,samples/000982_glass_box_0192.npz
983,glass_box_0193,16,16,27,27,1,1,1,1,samples/000983_glass_box_0193.npz
984,glass_box_0194,16,16,27,27,1,1,1,1,samples/000984_glass_box_0194.npz
985,glass_box_0195,16,16,27,27,1,1,1,1,samples/000985_glass_box_0195.npz
986,glass_box_0196,16,16,27,27,1,1,1,1,samples/000986_glass_box_0196.npz
987,glass_box_0197,16,16,27,27,1,1,1,1,samples/000987_glass_box_0197.npz
988,glass_box_0198,16,16,27,27,1,1,1,1,samples/000988_glass_box_0198.npz
989,glass_box_0199,16,16,38,38,1,1,1,1,samples/000989_glass_box_0199.npz
990,glass_box_0200,16,16,27,27,1,1,1,1,samples/000990_glass_box_0200.npz
991,glass_box_0201,16,16,23,23,1,1,1,1,samples/000991_glass_box_0201.npz
992,glass_box_0202,16,16,14,14,1,1,1,1,samples/000992_glass_box_0202.npz
993,glass_box_0203,16,16,23,23,1,1,1,1,samples/000993_glass_box_0203.npz
994,glass_box_0204,16,16,27,27,1,1,1,1,samples/000994_glass_box_0204.npz
995,glass_box_0205,16,16,27,27,1,1,1,1,samples/000995_glass_box_0205.npz
996,glass_box_0206,16,16,23,23,1,1,1,1,samples/000996_glass_box_0206.npz
997,glass_box_0207,16,16,23,23,1,1,1,1,samples/000997_glass_box_0207.npz
998,glass_box_0208,16,16,27,27,1,1,1,1,samples/000998_glass_box_0208.npz
999,glass_box_0209,16,16,27,27,1,1,1,1,samples/000999_glass_box_0209.npz
1000,glass_box_0210,16,16,27,27,1,1,1,1,samples/001000_glass_box_0210.npz
1001,glass_box_0211,16,16,14,14,1,1,1,1,samples/001001_glass_box_0211.npz
1002,glass_box_0212,16,16,27,27,1,1,1,1,samples/001002_glass_box_0212.npz
1003,glass_box_0213,16,16,27,27,1,1,1,1,samples/001003_glass_box_0213.npz
1004,glass_box_0214,16,16,14,14,1,1,1,1,samples/001004_glass_box_0214.npz
1005,glass_box_0215,16,16,38,38,1,1,1,1,samples/001005_glass_box_0215.npz
1006,glass_box_0216,16,16,27,27,1,1,1,1,samples/001006_glass_box_0216.npz
1007,glass_box_0217,16,16,27,27,1,1,1,1,samples/001007_glass_box_0217.npz
1008,glass_box_0218,16,16,27,27,1,1,1,1,samples/001008_glass_box_0218.npz
1009,glass_box_0219,16,16,27,27,1,1,1,1,samples/001009_glass_box_0219.npz
1010,glass_box_0220,16,16,34,34,1,1,1,1,samples/001010_glass_box_0220.npz
1011,glass_box_0221,16,16,27,27,1,1,1,1,samples/001011_glass_box_0221.npz
1012,glass_box_0222,16,16,38,38,1,1,1,1,samples/001012_glass_box_0222.npz
1013,glass_box_0223,16,16,27,27,1,1,1,1,samples/001013_glass_box_0223.npz
1014,glass_box_0224,16,16,14,14,1,1,1,1,samples/001014_glass_box_0224.npz
1015,glass_box_0225,16,16,27,27,1,1,1,1,samples/001015_glass_box_0225.npz
1016,glass_box_0226,16,16,27,27,1,1,1,1,samples/001016_glass_box_0226.npz
1017,glass_box_0227,16,16,27,27,1,1,1,1,samples/001017_glass_box_0227.npz
1018,glass_box_0228,16,16,23,23,1,1,1,1,samples/001018_glass_box_0228.npz
1019,glass_box_0229,16,16,27,27,1,1,1,1,samples/001019_glass_box_0229.npz
1020,glass_box_0230,16,16,23,23,1,1,1,1,samples/001020_glass_box_0230.npz
1021,glass_box_0231,16,16,27,27,1,1,1,1,samples/001021_glass_box_0231.npz
1022,glass_box_0232,16,16,27,27,1,1,1,1,samples/001022_glass_box_0232.npz
1023,glass_box_0233,16,16,14,14,1,1,1,1,samples/001023_glass_box_0233.npz
1024,glass_box_0234,16,16,27,27,1,1,1,1,samples/001024_glass_box_0234.npz
1025,glass_box_0235,16,16,14,14,1,1,1,1,samples/001025_glass_box_0235.npz
1026,glass_box_0236,16,16,14,14,1,1,1,1,samples/001026_glass_box_0236.npz
1027,glass_box_0237,16,16,23,23,1,1,1,1,samples/001027_glass_box_0237.npz
1028,glass_box_0238,16,16,14,14,1,1,1,1,samples/001028_glass_box_0238.npz
1029,glass_box_0239,16,16,23,23,1,1,1,1,samples/001029_glass_box_0239.npz
1030,glass_box_0240,16,16,14,14,1,1,1,1,samples/001030_glass_box_0240.npz
1031,glass_box_0241,16,16,27,27,1,1,1,1,samples/001031_glass_box_0241.npz
1032,glass_box_0242,16,16,14,14,1,1,1,1,samples/001032_glass_box_0242.npz
1033,glass_box_0243,16,27,27,27,1,0,1,0,samples/001033_glass_box_0243.npz
1034,glass_box_0244,16,16,14,14,1,1,1,1,samples/001034_glass_box_0244.npz
1035,glass_box_0245,16,16,12,12,1,1,1,1,samples/001035_glass_box_0245.npz
1036,glass_box_0246,16,16,27,27,1,1,1,1,samples/001036_glass_box_0246.npz
1037,glass_box_0247,16,14,14,14,1,0,1,0,samples/001037_glass_box_0247.npz
1038,glass_box_0248,16,16,36,36,1,1,1,1,samples/001038_glass_box_0248.npz
1039,glass_box_0249,16,16,27,27,1,1,1,1,samples/001039_glass_box_0249.npz
1040,glass_box_0250,16,16,27,27,1,1,1,1,samples/001040_glass_box_0250.npz
1041,glass_box_0251,16,16,27,27,1,1,1,1,samples/001041_glass_box_0251.npz
1042,glass_box_0252,16,16,27,27,1,1,1,1,samples/001042_glass_box_0252.npz
1043,glass_box_0253,16,16,14,14,1,1,1,1,samples/001043_glass_box_0253.npz
1044,glass_box_0254,16,16,14,14,1,1,1,1,samples/001044_glass_box_0254.npz
1045,glass_box_0255,16,16,27,27,1,1,1,1,samples/001045_glass_box_0255.npz
1046,glass_box_0256,16,16,27,27,1,1,1,1,samples/001046_glass_box_0256.npz
1047,glass_box_0257,16,16,26,26,1,1,1,1,samples/001047_glass_box_0257.npz
1048,glass_box_0258,16,16,27,27,1,1,1,1,samples/001048_glass_box_0258.npz
1049,glass_box_0259,16,16,14,14,1,1,1,1,samples/001049_glass_box_0259.npz
1050,glass_box_0260,16,16,14,14,1,1,1,1,samples/001050_glass_box_0260.npz
1051,glass_box_0261,16,27,27,27,1,0,1,0,samples/001051_glass_box_0261.npz
1052,glass_box_0262,16,16,14,14,1,1,1,1,samples/001052_glass_box_0262.npz
1053,glass_box_0263,16,16,14,14,1,1,1,1,samples/001053_glass_box_0263.npz
1054,glass_box_0264,16,16,38,38,1,1,1,1,samples/001054_glass_box_0264.npz
1055,glass_box_0265,16,16,34,34,1,1,1,1,samples/001055_glass_box_0265.npz
1056,glass_box_0266,16,16,14,14,1,1,1,1,samples/001056_glass_box_0266.npz
1057,glass_box_0267,16,16,14,14,1,1,1,1,samples/001057_glass_box_0267.npz
1058,glass_box_0268,16,16,27,27,1,1,1,1,samples/001058_glass_box_0268.npz
1059,glass_box_0269,16,16,14,14,1,1,1,1,samples/001059_glass_box_0269.npz
1060,glass_box_0270,16,16,14,14,1,1,1,1,samples/001060_glass_box_0270.npz
1061,glass_box_0271,16,16,36,36,1,1,1,1,samples/001061_glass_box_0271.npz
1062,guitar_0156,17,17,0,0,1,1,1,1,samples/001062_guitar_0156.npz
1063,guitar_0157,17,17,18,18,1,1,1,1,samples/001063_guitar_0157.npz
1064,guitar_0158,17,17,26,26,1,1,1,1,samples/001064_guitar_0158.npz
1065,guitar_0159,17,17,26,26,1,1,1,1,samples/001065_guitar_0159.npz
1066,guitar_0160,17,17,26,26,1,1,1,1,samples/001066_guitar_0160.npz
1067,guitar_0161,17,17,26,26,1,1,1,1,samples/001067_guitar_0161.npz
1068,guitar_0162,17,17,26,26,1,1,1,1,samples/001068_guitar_0162.npz
1069,guitar_0163,17,17,26,26,1,1,1,1,samples/001069_guitar_0163.npz
1070,guitar_0164,17,17,0,0,1,1,1,1,samples/001070_guitar_0164.npz
1071,guitar_0165,17,17,0,0,1,1,1,1,samples/001071_guitar_0165.npz
1072,guitar_0166,17,17,26,26,1,1,1,1,samples/001072_guitar_0166.npz
1073,guitar_0167,17,17,0,0,1,1,1,1,samples/001073_guitar_0167.npz
1074,guitar_0168,17,17,0,0,1,1,1,1,samples/001074_guitar_0168.npz
1075,guitar_0169,17,17,26,26,1,1,1,1,samples/001075_guitar_0169.npz
1076,guitar_0170,17,17,26,26,1,1,1,1,samples/001076_guitar_0170.npz
1077,guitar_0171,17,17,0,0,1,1,1,1,samples/001077_guitar_0171.npz
1078,guitar_0172,17,17,0,0,1,1,1,1,samples/001078_guitar_0172.npz
1079,guitar_0173,17,17,0,0,1,1,1,1,samples/001079_guitar_0173.npz
1080,guitar_0174,17,17,26,26,1,1,1,1,samples/001080_guitar_0174.npz
1081,guitar_0175,17,17,0,0,1,1,1,1,samples/001081_guitar_0175.npz
1082,guitar_0176,17,17,0,0,1,1,1,1,samples/001082_guitar_0176.npz
1083,guitar_0177,17,17,26,26,1,1,1,1,samples/001083_guitar_0177.npz
1084,guitar_0178,17,17,0,0,1,1,1,1,samples/001084_guitar_0178.npz
1085,guitar_0179,17,17,26,26,1,1,1,1,samples/001085_guitar_0179.npz
1086,guitar_0180,17,17,0,0,1,1,1,1,samples/001086_guitar_0180.npz
1087,guitar_0181,17,17,26,26,1,1,1,1,samples/001087_guitar_0181.npz
1088,guitar_0182,17,17,26,26,1,1,1,1,samples/001088_guitar_0182.npz
1089,guitar_0183,17,17,26,26,1,1,1,1,samples/001089_guitar_0183.npz
1090,guitar_0184,17,17,0,0,1,1,1,1,samples/001090_guitar_0184.npz
1091,guitar_0185,17,17,26,26,1,1,1,1,samples/001091_guitar_0185.npz
1092,guitar_0186,17,17,26,26,1,1,1,1,samples/001092_guitar_0186.npz
1093,guitar_0187,17,17,0,0,1,1,1,1,samples/001093_guitar_0187.npz
1094,guitar_0188,17,17,26,26,1,1,1,1,samples/001094_guitar_0188.npz
1095,guitar_0189,17,17,0,0,1,1,1,1,samples/001095_guitar_0189.npz
1096,guitar_0190,17,17,26,26,1,1,1,1,samples/001096_guitar_0190.npz
1097,guitar_0191,17,17,0,0,1,1,1,1,samples/001097_guitar_0191.npz
1098,guitar_0192,17,17,0,0,1,1,1,1,samples/001098_guitar_0192.npz
1099,guitar_0193,17,17,26,26,1,1,1,1,samples/001099_guitar_0193.npz
1100,guitar_0194,17,17,0,0,1,1,1,1,samples/001100_guitar_0194.npz
1101,guitar_0195,17,17,0,0,1,1,1,1,samples/001101_guitar_0195.npz
1102,guitar_0196,17,17,26,26,1,1,1,1,samples/001102_guitar_0196.npz
1103,guitar_0197,17,17,0,0,1,1,1,1,samples/001103_guitar_0197.npz
1104,guitar_0198,17,17,0,0,1,1,1,1,samples/001104_guitar_0198.npz
1105,guitar_0199,17,17,0,0,1,1,1,1,samples/001105_guitar_0199.npz
1106,guitar_0200,17,17,0,0,1,1,1,1,samples/001106_guitar_0200.npz
1107,guitar_0201,17,17,0,0,1,1,1,1,samples/001107_guitar_0201.npz
1108,guitar_0202,17,17,26,26,1,1,1,1,samples/001108_guitar_0202.npz
1109,guitar_0203,17,17,26,26,1,1,1,1,samples/001109_guitar_0203.npz
1110,guitar_0204,17,17,26,26,1,1,1,1,samples/001110_guitar_0204.npz
1111,guitar_0205,17,17,26,26,1,1,1,1,samples/001111_guitar_0205.npz
1112,guitar_0206,17,17,0,0,1,1,1,1,samples/001112_guitar_0206.npz
1113,guitar_0207,17,17,0,0,1,1,1,1,samples/001113_guitar_0207.npz
1114,guitar_0208,17,17,27,27,1,1,1,1,samples/001114_guitar_0208.npz
1115,guitar_0209,17,17,0,0,1,1,1,1,samples/001115_guitar_0209.npz
1116,guitar_0210,17,17,0,0,1,1,1,1,samples/001116_guitar_0210.npz
1117,guitar_0211,17,17,26,26,1,1,1,1,samples/001117_guitar_0211.npz
1118,guitar_0212,17,17,26,26,1,1,1,1,samples/001118_guitar_0212.npz
1119,guitar_0213,17,17,26,26,1,1,1,1,samples/001119_guitar_0213.npz
1120,guitar_0214,17,17,26,26,1,1,1,1,samples/001120_guitar_0214.npz
1121,guitar_0215,17,17,0,0,1,1,1,1,samples/001121_guitar_0215.npz
1122,guitar_0216,17,17,0,0,1,1,1,1,samples/001122_guitar_0216.npz
1123,guitar_0217,17,17,26,26,1,1,1,1,samples/001123_guitar_0217.npz
1124,guitar_0218,17,17,26,26,1,1,1,1,samples/001124_guitar_0218.npz
1125,guitar_0219,17,17,0,0,1,1,1,1,samples/001125_guitar_0219.npz
1126,guitar_0220,17,17,26,26,1,1,1,1,samples/001126_guitar_0220.npz
1127,guitar_0221,17,17,0,0,1,1,1,1,samples/001127_guitar_0221.npz
1128,guitar_0222,17,17,26,26,1,1,1,1,samples/001128_guitar_0222.npz
1129,guitar_0223,17,17,0,0,1,1,1,1,samples/001129_guitar_0223.npz
1130,guitar_0224,17,17,0,0,1,1,1,1,samples/001130_guitar_0224.npz
1131,guitar_0225,17,17,0,0,1,1,1,1,samples/001131_guitar_0225.npz
1132,guitar_0226,17,17,0,0,1,1,1,1,samples/001132_guitar_0226.npz
1133,guitar_0227,17,17,0,0,1,1,1,1,samples/001133_guitar_0227.npz
1134,guitar_0228,17,17,26,26,1,1,1,1,samples/001134_guitar_0228.npz
1135,guitar_0229,17,17,26,26,1,1,1,1,samples/001135_guitar_0229.npz
1136,guitar_0230,17,17,7,7,1,1,1,1,samples/001136_guitar_0230.npz
1137,guitar_0231,17,17,0,0,1,1,1,1,samples/001137_guitar_0231.npz
1138,guitar_0232,17,17,26,26,1,1,1,1,samples/001138_guitar_0232.npz
1139,guitar_0233,17,17,26,26,1,1,1,1,samples/001139_guitar_0233.npz
1140,guitar_0234,17,17,26,26,1,1,1,1,samples/001140_guitar_0234.npz
1141,guitar_0235,17,17,0,0,1,1,1,1,samples/001141_guitar_0235.npz
1142,guitar_0236,17,17,26,26,1,1,1,1,samples/001142_guitar_0236.npz
1143,guitar_0237,17,17,26,26,1,1,1,1,samples/001143_guitar_0237.npz
1144,guitar_0238,17,17,0,0,1,1,1,1,samples/001144_guitar_0238.npz
1145,guitar_0239,17,17,26,26,1,1,1,1,samples/001145_guitar_0239.npz
1146,guitar_0240,17,17,0,0,1,1,1,1,samples/001146_guitar_0240.npz
1147,guitar_0241,17,17,26,26,1,1,1,1,samples/001147_guitar_0241.npz
1148,guitar_0242,17,17,26,26,1,1,1,1,samples/001148_guitar_0242.npz
1149,guitar_0243,17,17,26,26,1,1,1,1,samples/001149_guitar_0243.npz
1150,guitar_0244,17,17,0,0,1,1,1,1,samples/001150_guitar_0244.npz
1151,guitar_0245,17,17,0,0,1,1,1,1,samples/001151_guitar_0245.npz
1152,guitar_0246,17,17,0,0,1,1,1,1,samples/001152_guitar_0246.npz
1153,guitar_0247,17,17,26,26,1,1,1,1,samples/001153_guitar_0247.npz
1154,guitar_0248,17,17,0,0,1,1,1,1,samples/001154_guitar_0248.npz
1155,guitar_0249,17,17,26,26,1,1,1,1,samples/001155_guitar_0249.npz
1156,guitar_0250,17,17,26,26,1,1,1,1,samples/001156_guitar_0250.npz
1157,guitar_0251,17,17,26,26,1,1,1,1,samples/001157_guitar_0251.npz
1158,guitar_0252,17,17,0,0,1,1,1,1,samples/001158_guitar_0252.npz
1159,guitar_0253,17,17,0,0,1,1,1,1,samples/001159_guitar_0253.npz
1160,guitar_0254,17,17,26,26,1,1,1,1,samples/001160_guitar_0254.npz
1161,guitar_0255,17,17,0,0,1,1,1,1,samples/001161_guitar_0255.npz
1162,keyboard_0146,18,18,17,17,1,1,1,1,samples/001162_keyboard_0146.npz
1163,keyboard_0147,18,18,3,3,1,1,1,1,samples/001163_keyboard_0147.npz
1164,keyboard_0148,18,18,34,34,1,1,1,1,samples/001164_keyboard_0148.npz
1165,keyboard_0149,18,18,3,3,1,1,1,1,samples/001165_keyboard_0149.npz
1166,keyboard_0150,18,18,34,34,1,1,1,1,samples/001166_keyboard_0150.npz
1167,keyboard_0151,18,18,17,17,1,1,1,1,samples/001167_keyboard_0151.npz
1168,keyboard_0152,18,18,17,17,1,1,1,1,samples/001168_keyboard_0152.npz
1169,keyboard_0153,18,18,17,17,1,1,1,1,samples/001169_keyboard_0153.npz
1170,keyboard_0154,18,18,17,17,1,1,1,1,samples/001170_keyboard_0154.npz
1171,keyboard_0155,18,18,33,33,1,1,1,1,samples/001171_keyboard_0155.npz
1172,keyboard_0156,18,18,17,17,1,1,1,1,samples/001172_keyboard_0156.npz
1173,keyboard_0157,18,18,7,7,1,1,1,1,samples/001173_keyboard_0157.npz
1174,keyboard_0158,18,18,2,2,1,1,1,1,samples/001174_keyboard_0158.npz
1175,keyboard_0159,18,18,3,3,1,1,1,1,samples/001175_keyboard_0159.npz
1176,keyboard_0160,18,18,34,34,1,1,1,1,samples/001176_keyboard_0160.npz
1177,keyboard_0161,18,18,33,33,1,1,1,1,samples/001177_keyboard_0161.npz
1178,keyboard_0162,18,18,26,26,1,1,1,1,samples/001178_keyboard_0162.npz
1179,keyboard_0163,18,18,17,17,1,1,1,1,samples/001179_keyboard_0163.npz
1180,keyboard_0164,18,18,17,17,1,1,1,1,samples/001180_keyboard_0164.npz
1181,keyboard_0165,18,18,17,17,1,1,1,1,samples/001181_keyboard_0165.npz
1182,lamp_0125,19,19,26,26,1,1,1,1,samples/001182_lamp_0125.npz
1183,lamp_0126,19,19,26,26,1,1,1,1,samples/001183_lamp_0126.npz
1184,lamp_0127,19,19,26,26,1,1,1,1,samples/001184_lamp_0127.npz
1185,lamp_0128,19,19,15,15,1,1,1,1,samples/001185_lamp_0128.npz
1186,lamp_0129,19,1,1,1,1,0,1,0,samples/001186_lamp_0129.npz
1187,lamp_0130,19,38,38,38,1,0,1,0,samples/001187_lamp_0130.npz
1188,lamp_0131,19,9,9,9,1,0,1,0,samples/001188_lamp_0131.npz
1189,lamp_0132,19,19,37,37,1,1,1,1,samples/001189_lamp_0132.npz
1190,lamp_0133,19,19,26,26,1,1,1,1,samples/001190_lamp_0133.npz
1191,lamp_0134,19,19,26,26,1,1,1,1,samples/001191_lamp_0134.npz
1192,lamp_0135,19,19,26,26,1,1,1,1,samples/001192_lamp_0135.npz
1193,lamp_0136,19,19,26,26,1,1,1,1,samples/001193_lamp_0136.npz
1194,lamp_0137,19,19,26,26,1,1,1,1,samples/001194_lamp_0137.npz
1195,lamp_0138,19,26,26,26,1,0,1,0,samples/001195_lamp_0138.npz
1196,lamp_0139,19,19,26,26,1,1,1,1,samples/001196_lamp_0139.npz
1197,lamp_0140,19,19,31,31,1,1,1,1,samples/001197_lamp_0140.npz
1198,lamp_0141,19,19,26,26,1,1,1,1,samples/001198_lamp_0141.npz
1199,lamp_0142,19,19,26,26,1,1,1,1,samples/001199_lamp_0142.npz
1200,lamp_0143,19,19,9,9,1,1,1,1,samples/001200_lamp_0143.npz
1201,lamp_0144,19,19,26,26,1,1,1,1,samples/001201_lamp_0144.npz
1202,laptop_0150,20,20,2,2,1,1,1,1,samples/001202_laptop_0150.npz
1203,laptop_0151,20,20,11,11,1,1,1,1,samples/001203_laptop_0151.npz
1204,laptop_0152,20,20,2,2,1,1,1,1,samples/001204_laptop_0152.npz
1205,laptop_0153,20,20,2,2,1,1,1,1,samples/001205_laptop_0153.npz
1206,laptop_0154,20,20,8,8,1,1,1,1,samples/001206_laptop_0154.npz
1207,laptop_0155,20,20,8,8,1,1,1,1,samples/001207_laptop_0155.npz
1208,laptop_0156,20,20,2,2,1,1,1,1,samples/001208_laptop_0156.npz
1209,laptop_0157,20,20,26,26,1,1,1,1,samples/001209_laptop_0157.npz
1210,laptop_0158,20,20,30,30,1,1,1,1,samples/001210_laptop_0158.npz
1211,laptop_0159,20,20,8,8,1,1,1,1,samples/001211_laptop_0159.npz
1212,laptop_0160,20,20,26,26,1,1,1,1,samples/001212_laptop_0160.npz
1213,laptop_0161,20,20,26,26,1,1,1,1,samples/001213_laptop_0161.npz
1214,laptop_0162,20,20,26,26,1,1,1,1,samples/001214_laptop_0162.npz
1215,laptop_0163,20,20,26,26,1,1,1,1,samples/001215_laptop_0163.npz
1216,laptop_0164,20,20,8,8,1,1,1,1,samples/001216_laptop_0164.npz
1217,laptop_0165,20,20,26,26,1,1,1,1,samples/001217_laptop_0165.npz
1218,laptop_0166,20,20,26,26,1,1,1,1,samples/001218_laptop_0166.npz
1219,laptop_0167,20,20,8,8,1,1,1,1,samples/001219_laptop_0167.npz
1220,laptop_0168,20,20,26,26,1,1,1,1,samples/001220_laptop_0168.npz
1221,laptop_0169,20,20,22,22,1,1,1,1,samples/001221_laptop_0169.npz
1222,mantel_0285,21,21,23,23,1,1,1,1,samples/001222_mantel_0285.npz
1223,mantel_0286,21,21,27,27,1,1,1,1,samples/001223_mantel_0286.npz
1224,mantel_0287,21,21,27,27,1,1,1,1,samples/001224_mantel_0287.npz
1225,mantel_0288,21,21,4,4,1,1,1,1,samples/001225_mantel_0288.npz
1226,mantel_0289,21,21,27,27,1,1,1,1,samples/001226_mantel_0289.npz
1227,mantel_0290,21,21,3,3,1,1,1,1,samples/001227_mantel_0290.npz
1228,mantel_0291,21,21,7,7,1,1,1,1,samples/001228_mantel_0291.npz
1229,mantel_0292,21,21,11,11,1,1,1,1,samples/001229_mantel_0292.npz
1230,mantel_0293,21,21,11,11,1,1,1,1,samples/001230_mantel_0293.npz
1231,mantel_0294,21,21,28,28,1,1,1,1,samples/001231_mantel_0294.npz
1232,mantel_0295,21,21,28,28,1,1,1,1,samples/001232_mantel_0295.npz
1233,mantel_0296,21,21,27,27,1,1,1,1,samples/001233_mantel_0296.npz
1234,mantel_0297,21,21,28,28,1,1,1,1,samples/001234_mantel_0297.npz
1235,mantel_0298,21,21,38,38,1,1,1,1,samples/001235_mantel_0298.npz
1236,mantel_0299,21,21,27,27,1,1,1,1,samples/001236_mantel_0299.npz
1237,mantel_0300,21,21,23,23,1,1,1,1,samples/001237_mantel_0300.npz
1238,mantel_0301,21,21,27,27,1,1,1,1,samples/001238_mantel_0301.npz
1239,mantel_0302,21,21,28,28,1,1,1,1,samples/001239_mantel_0302.npz
1240,mantel_0303,21,4,4,4,1,0,1,0,samples/001240_mantel_0303.npz
1241,mantel_0304,21,21,23,23,1,1,1,1,samples/001241_mantel_0304.npz
1242,mantel_0305,21,21,14,14,1,1,1,1,samples/001242_mantel_0305.npz
1243,mantel_0306,21,21,36,36,1,1,1,1,samples/001243_mantel_0306.npz
1244,mantel_0307,21,21,27,27,1,1,1,1,samples/001244_mantel_0307.npz
1245,mantel_0308,21,21,16,16,1,1,1,1,samples/001245_mantel_0308.npz
1246,mantel_0309,21,21,36,36,1,1,1,1,samples/001246_mantel_0309.npz
1247,mantel_0310,21,21,4,4,1,1,1,1,samples/001247_mantel_0310.npz
1248,mantel_0311,21,21,36,36,1,1,1,1,samples/001248_mantel_0311.npz
1249,mantel_0312,21,21,37,37,1,1,1,1,samples/001249_mantel_0312.npz
1250,mantel_0313,21,21,36,36,1,1,1,1,samples/001250_mantel_0313.npz
1251,mantel_0314,21,21,19,19,1,1,1,1,samples/001251_mantel_0314.npz
1252,mantel_0315,21,21,36,36,1,1,1,1,samples/001252_mantel_0315.npz
1253,mantel_0316,21,21,4,4,1,1,1,1,samples/001253_mantel_0316.npz
1254,mantel_0317,21,21,39,39,1,1,1,1,samples/001254_mantel_0317.npz
1255,mantel_0318,21,21,4,4,1,1,1,1,samples/001255_mantel_0318.npz
1256,mantel_0319,21,21,27,27,1,1,1,1,samples/001256_mantel_0319.npz
1257,mantel_0320,21,21,25,25,1,1,1,1,samples/001257_mantel_0320.npz
1258,mantel_0321,21,21,27,27,1,1,1,1,samples/001258_mantel_0321.npz
1259,mantel_0322,21,21,23,23,1,1,1,1,samples/001259_mantel_0322.npz
1260,mantel_0323,21,21,4,4,1,1,1,1,samples/001260_mantel_0323.npz
1261,mantel_0324,21,21,25,25,1,1,1,1,samples/001261_mantel_0324.npz
1262,mantel_0325,21,21,38,38,1,1,1,1,samples/001262_mantel_0325.npz
1263,mantel_0326,21,21,36,36,1,1,1,1,samples/001263_mantel_0326.npz
1264,mantel_0327,21,21,23,23,1,1,1,1,samples/001264_mantel_0327.npz
1265,mantel_0328,21,21,28,28,1,1,1,1,samples/001265_mantel_0328.npz
1266,mantel_0329,21,21,16,16,1,1,1,1,samples/001266_mantel_0329.npz
1267,mantel_0330,21,21,23,23,1,1,1,1,samples/001267_mantel_0330.npz
1268,mantel_0331,21,21,25,25,1,1,1,1,samples/001268_mantel_0331.npz
1269,mantel_0332,21,21,28,28,1,1,1,1,samples/001269_mantel_0332.npz
1270,mantel_0333,21,4,4,4,1,0,1,0,samples/001270_mantel_0333.npz
1271,mantel_0334,21,21,4,4,1,1,1,1,samples/001271_mantel_0334.npz
1272,mantel_0335,21,21,23,23,1,1,1,1,samples/001272_mantel_0335.npz
1273,mantel_0336,21,21,27,27,1,1,1,1,samples/001273_mantel_0336.npz
1274,mantel_0337,21,21,4,4,1,1,1,1,samples/001274_mantel_0337.npz
1275,mantel_0338,21,21,28,28,1,1,1,1,samples/001275_mantel_0338.npz
1276,mantel_0339,21,21,36,36,1,1,1,1,samples/001276_mantel_0339.npz
1277,mantel_0340,21,21,28,28,1,1,1,1,samples/001277_mantel_0340.npz
1278,mantel_0341,21,21,23,23,1,1,1,1,samples/001278_mantel_0341.npz
1279,mantel_0342,21,21,28,28,1,1,1,1,samples/001279_mantel_0342.npz
1280,mantel_0343,21,21,28,28,1,1,1,1,samples/001280_mantel_0343.npz
1281,mantel_0344,21,21,28,28,1,1,1,1,samples/001281_mantel_0344.npz
1282,mantel_0345,21,21,36,36,1,1,1,1,samples/001282_mantel_0345.npz
1283,mantel_0346,21,21,26,26,1,1,1,1,samples/001283_mantel_0346.npz
1284,mantel_0347,21,21,29,29,1,1,1,1,samples/001284_mantel_0347.npz
1285,mantel_0348,21,21,25,25,1,1,1,1,samples/001285_mantel_0348.npz
1286,mantel_0349,21,21,14,14,1,1,1,1,samples/001286_mantel_0349.npz
1287,mantel_0350,21,21,24,24,1,1,1,1,samples/001287_mantel_0350.npz
1288,mantel_0351,21,21,23,23,1,1,1,1,samples/001288_mantel_0351.npz
1289,mantel_0352,21,21,27,27,1,1,1,1,samples/001289_mantel_0352.npz
1290,mantel_0353,21,21,25,25,1,1,1,1,samples/001290_mantel_0353.npz
1291,mantel_0354,21,21,28,28,1,1,1,1,samples/001291_mantel_0354.npz
1292,mantel_0355,21,21,36,36,1,1,1,1,samples/001292_mantel_0355.npz
1293,mantel_0356,21,21,25,25,1,1,1,1,samples/001293_mantel_0356.npz
1294,mantel_0357,21,21,27,27,1,1,1,1,samples/001294_mantel_0357.npz
1295,mantel_0358,21,21,23,23,1,1,1,1,samples/001295_mantel_0358.npz
1296,mantel_0359,21,38,38,38,1,0,1,0,samples/001296_mantel_0359.npz
1297,mantel_0360,21,21,37,37,1,1,1,1,samples/001297_mantel_0360.npz
1298,mantel_0361,21,21,23,23,1,1,1,1,samples/001298_mantel_0361.npz
1299,mantel_0362,21,21,25,25,1,1,1,1,samples/001299_mantel_0362.npz
1300,mantel_0363,21,21,11,11,1,1,1,1,samples/001300_mantel_0363.npz
1301,mantel_0364,21,21,15,15,1,1,1,1,samples/001301_mantel_0364.npz
1302,mantel_0365,21,21,12,12,1,1,1,1,samples/001302_mantel_0365.npz
1303,mantel_0366,21,39,39,39,1,0,1,0,samples/001303_mantel_0366.npz
1304,mantel_0367,21,21,14,14,1,1,1,1,samples/001304_mantel_0367.npz
1305,mantel_0368,21,21,3,3,1,1,1,1,samples/001305_mantel_0368.npz
1306,mantel_0369,21,21,16,16,1,1,1,1,samples/001306_mantel_0369.npz
1307,mantel_0370,21,21,27,27,1,1,1,1,samples/001307_mantel_0370.npz
1308,mantel_0371,21,21,25,25,1,1,1,1,samples/001308_mantel_0371.npz
1309,mantel_0372,21,21,4,4,1,1,1,1,samples/001309_mantel_0372.npz
1310,mantel_0373,21,21,4,4,1,1,1,1,samples/001310_mantel_0373.npz
1311,mantel_0374,21,21,36,36,1,1,1,1,samples/001311_mantel_0374.npz
1312,mantel_0375,21,21,4,4,1,1,1,1,samples/001312_mantel_0375.npz
1313,mantel_0376,21,21,36,36,1,1,1,1,samples/001313_mantel_0376.npz
1314,mantel_0377,21,21,3,3,1,1,1,1,samples/001314_mantel_0377.npz
1315,mantel_0378,21,21,36,36,1,1,1,1,samples/001315_mantel_0378.npz
1316,mantel_0379,21,21,27,27,1,1,1,1,samples/001316_mantel_0379.npz
1317,mantel_0380,21,21,14,14,1,1,1,1,samples/001317_mantel_0380.npz
1318,mantel_0381,21,21,36,36,1,1,1,1,samples/001318_mantel_0381.npz
1319,mantel_0382,21,21,25,25,1,1,1,1,samples/001319_mantel_0382.npz
1320,mantel_0383,21,21,15,15,1,1,1,1,samples/001320_mantel_0383.npz
1321,mantel_0384,21,21,36,36,1,1,1,1,samples/001321_mantel_0384.npz
1322,monitor_0466,22,22,32,32,1,1,1,1,samples/001322_monitor_0466.npz
1323,monitor_0467,22,22,26,26,1,1,1,1,samples/001323_monitor_0467.npz
1324,monitor_0468,22,22,15,15,1,1,1,1,samples/001324_monitor_0468.npz
1325,monitor_0469,22,22,26,26,1,1,1,1,samples/001325_monitor_0469.npz
1326,monitor_0470,22,22,26,26,1,1,1,1,samples/001326_monitor_0470.npz
1327,monitor_0471,22,22,26,26,1,1,1,1,samples/001327_monitor_0471.npz
1328,monitor_0472,22,22,23,23,1,1,1,1,samples/001328_monitor_0472.npz
1329,monitor_0473,22,22,26,26,1,1,1,1,samples/001329_monitor_0473.npz
1330,monitor_0474,22,22,26,26,1,1,1,1,samples/001330_monitor_0474.npz
1331,monitor_0475,22,22,26,26,1,1,1,1,samples/001331_monitor_0475.npz
1332,monitor_0476,22,22,26,26,1,1,1,1,samples/001332_monitor_0476.npz
1333,monitor_0477,22,22,26,26,1,1,1,1,samples/001333_monitor_0477.npz
1334,monitor_0478,22,22,26,26,1,1,1,1,samples/001334_monitor_0478.npz
1335,monitor_0479,22,22,15,15,1,1,1,1,samples/001335_monitor_0479.npz
1336,monitor_0480,22,22,26,26,1,1,1,1,samples/001336_monitor_0480.npz
1337,monitor_0481,22,22,38,38,1,1,1,1,samples/001337_monitor_0481.npz
1338,monitor_0482,22,22,26,26,1,1,1,1,samples/001338_monitor_0482.npz
1339,monitor_0483,22,22,26,26,1,1,1,1,samples/001339_monitor_0483.npz
1340,monitor_0484,22,22,26,26,1,1,1,1,samples/001340_monitor_0484.npz
1341,monitor_0485,22,22,26,26,1,1,1,1,samples/001341_monitor_0485.npz
1342,monitor_0486,22,22,26,26,1,1,1,1,samples/001342_monitor_0486.npz
1343,monitor_0487,22,22,26,26,1,1,1,1,samples/001343_monitor_0487.npz
1344,monitor_0488,22,22,23,23,1,1,1,1,samples/001344_monitor_0488.npz
1345,monitor_0489,22,22,26,26,1,1,1,1,samples/001345_monitor_0489.npz
1346,monitor_0490,22,22,15,15,1,1,1,1,samples/001346_monitor_0490.npz
1347,monitor_0491,22,22,26,26,1,1,1,1,samples/001347_monitor_0491.npz
1348,monitor_0492,22,22,15,15,1,1,1,1,samples/001348_monitor_0492.npz
1349,monitor_0493,22,22,26,26,1,1,1,1,samples/001349_monitor_0493.npz
1350,monitor_0494,22,22,19,19,1,1,1,1,samples/001350_monitor_0494.npz
1351,monitor_0495,22,22,14,14,1,1,1,1,samples/001351_monitor_0495.npz
1352,monitor_0496,22,22,26,26,1,1,1,1,samples/001352_monitor_0496.npz
1353,monitor_0497,22,22,14,14,1,1,1,1,samples/001353_monitor_0497.npz
1354,monitor_0498,22,22,26,26,1,1,1,1,samples/001354_monitor_0498.npz
1355,monitor_0499,22,22,38,38,1,1,1,1,samples/001355_monitor_0499.npz
1356,monitor_0500,22,22,20,20,1,1,1,1,samples/001356_monitor_0500.npz
1357,monitor_0501,22,22,15,15,1,1,1,1,samples/001357_monitor_0501.npz
1358,monitor_0502,22,22,26,26,1,1,1,1,samples/001358_monitor_0502.npz
1359,monitor_0503,22,22,26,26,1,1,1,1,samples/001359_monitor_0503.npz
1360,monitor_0504,22,22,26,26,1,1,1,1,samples/001360_monitor_0504.npz
1361,monitor_0505,22,22,26,26,1,1,1,1,samples/001361_monitor_0505.npz
1362,monitor_0506,22,22,14,14,1,1,1,1,samples/001362_monitor_0506.npz
1363,monitor_0507,22,22,20,20,1,1,1,1,samples/001363_monitor_0507.npz
1364,monitor_0508,22,22,26,26,1,1,1,1,samples/001364_monitor_0508.npz
1365,monitor_0509,22,22,26,26,1,1,1,1,samples/001365_monitor_0509.npz
1366,monitor_0510,22,22,26,26,1,1,1,1,samples/001366_monitor_0510.npz
1367,monitor_0511,22,22,20,20,1,1,1,1,samples/001367_monitor_0511.npz
1368,monitor_0512,22,22,26,26,1,1,1,1,samples/001368_monitor_0512.npz
1369,monitor_0513,22,22,26,26,1,1,1,1,samples/001369_monitor_0513.npz
1370,monitor_0514,22,22,15,15,1,1,1,1,samples/001370_monitor_0514.npz
1371,monitor_0515,22,22,26,26,1,1,1,1,samples/001371_monitor_0515.npz
1372,monitor_0516,22,22,26,26,1,1,1,1,samples/001372_monitor_0516.npz
1373,monitor_0517,22,22,26,26,1,1,1,1,samples/001373_monitor_0517.npz
1374,monitor_0518,22,22,26,26,1,1,1,1,samples/001374_monitor_0518.npz
1375,monitor_0519,22,22,34,34,1,1,1,1,samples/001375_monitor_0519.npz
1376,monitor_0520,22,22,26,26,1,1,1,1,samples/001376_monitor_0520.npz
1377,monitor_0521,22,22,14,14,1,1,1,1,samples/001377_monitor_0521.npz
1378,monitor_0522,22,22,36,36,1,1,1,1,samples/001378_monitor_0522.npz
1379,monitor_0523,22,22,26,26,1,1,1,1,samples/001379_monitor_0523.npz
1380,monitor_0524,22,22,26,26,1,1,1,1,samples/001380_monitor_0524.npz
1381,monitor_0525,22,22,26,26,1,1,1,1,samples/001381_monitor_0525.npz
1382,monitor_0526,22,22,14,14,1,1,1,1,samples/001382_monitor_0526.npz
1383,monitor_0527,22,22,15,15,1,1,1,1,samples/001383_monitor_0527.npz
1384,monitor_0528,22,22,26,26,1,1,1,1,samples/001384_monitor_0528.npz
1385,monitor_0529,22,22,26,26,1,1,1,1,samples/001385_monitor_0529.npz
1386,monitor_0530,22,22,26,26,1,1,1,1,samples/001386_monitor_0530.npz
1387,monitor_0531,22,22,27,27,1,1,1,1,samples/001387_monitor_0531.npz
1388,monitor_0532,22,22,26,26,1,1,1,1,samples/001388_monitor_0532.npz
1389,monitor_0533,22,22,39,39,1,1,1,1,samples/001389_monitor_0533.npz
1390,monitor_0534,22,22,26,26,1,1,1,1,samples/001390_monitor_0534.npz
1391,monitor_0535,22,22,14,14,1,1,1,1,samples/001391_monitor_0535.npz
1392,monitor_0536,22,22,26,26,1,1,1,1,samples/001392_monitor_0536.npz
1393,monitor_0537,22,22,26,26,1,1,1,1,samples/001393_monitor_0537.npz
1394,monitor_0538,22,22,26,26,1,1,1,1,samples/001394_monitor_0538.npz
1395,monitor_0539,22,22,26,26,1,1,1,1,samples/001395_monitor_0539.npz
1396,monitor_0540,22,22,11,11,1,1,1,1,samples/001396_monitor_0540.npz
1397,monitor_0541,22,22,27,27,1,1,1,1,samples/001397_monitor_0541.npz
1398,monitor_0542,22,22,26,26,1,1,1,1,samples/001398_monitor_0542.npz
1399,monitor_0543,22,22,26,26,1,1,1,1,samples/001399_monitor_0543.npz
1400,monitor_0544,22,22,26,26,1,1,1,1,samples/001400_monitor_0544.npz
1401,monitor_0545,22,22,26,26,1,1,1,1,samples/001401_monitor_0545.npz
1402,monitor_0546,22,22,15,15,1,1,1,1,samples/001402_monitor_0546.npz
1403,monitor_0547,22,22,26,26,1,1,1,1,samples/001403_monitor_0547.npz
1404,monitor_0548,22,22,39,39,1,1,1,1,samples/001404_monitor_0548.npz
1405,monitor_0549,22,22,39,39,1,1,1,1,samples/001405_monitor_0549.npz
1406,monitor_0550,22,22,26,26,1,1,1,1,samples/001406_monitor_0550.npz
1407,monitor_0551,22,22,26,26,1,1,1,1,samples/001407_monitor_0551.npz
1408,monitor_0552,22,22,26,26,1,1,1,1,samples/001408_monitor_0552.npz
1409,monitor_0553,22,22,26,26,1,1,1,1,samples/001409_monitor_0553.npz
1410,monitor_0554,22,22,26,26,1,1,1,1,samples/001410_monitor_0554.npz
1411,monitor_0555,22,22,27,27,1,1,1,1,samples/001411_monitor_0555.npz
1412,monitor_0556,22,22,14,14,1,1,1,1,samples/001412_monitor_0556.npz
1413,monitor_0557,22,22,26,26,1,1,1,1,samples/001413_monitor_0557.npz
1414,monitor_0558,22,22,26,26,1,1,1,1,samples/001414_monitor_0558.npz
1415,monitor_0559,22,22,26,26,1,1,1,1,samples/001415_monitor_0559.npz
1416,monitor_0560,22,22,15,15,1,1,1,1,samples/001416_monitor_0560.npz
1417,monitor_0561,22,22,15,15,1,1,1,1,samples/001417_monitor_0561.npz
1418,monitor_0562,22,22,14,14,1,1,1,1,samples/001418_monitor_0562.npz
1419,monitor_0563,22,22,26,26,1,1,1,1,samples/001419_monitor_0563.npz
1420,monitor_0564,22,22,11,11,1,1,1,1,samples/001420_monitor_0564.npz
1421,monitor_0565,22,22,26,26,1,1,1,1,samples/001421_monitor_0565.npz
1422,night_stand_0201,23,23,36,36,1,1,1,1,samples/001422_night_stand_0201.npz
1423,night_stand_0202,23,14,14,14,1,0,1,0,samples/001423_night_stand_0202.npz
1424,night_stand_0203,23,36,36,36,1,0,1,0,samples/001424_night_stand_0203.npz
1425,night_stand_0204,23,23,15,15,1,1,1,1,samples/001425_night_stand_0204.npz
1426,night_stand_0205,23,23,33,33,1,1,1,1,samples/001426_night_stand_0205.npz
1427,night_stand_0206,23,23,12,12,1,1,1,1,samples/001427_night_stand_0206.npz
1428,night_stand_0207,23,12,12,12,1,0,1,0,samples/001428_night_stand_0207.npz
1429,night_stand_0208,23,23,14,14,1,1,1,1,samples/001429_night_stand_0208.npz
1430,night_stand_0209,23,12,12,12,1,0,1,0,samples/001430_night_stand_0209.npz
1431,night_stand_0210,23,14,14,14,1,0,1,0,samples/001431_night_stand_0210.npz
1432,night_stand_0211,23,23,14,14,1,1,1,1,samples/001432_night_stand_0211.npz
1433,night_stand_0212,23,33,33,33,1,0,1,0,samples/001433_night_stand_0212.npz
1434,night_stand_0213,23,23,33,33,1,1,1,1,samples/001434_night_stand_0213.npz
1435,night_stand_0214,23,23,14,14,1,1,1,1,samples/001435_night_stand_0214.npz
1436,night_stand_0215,23,23,14,14,1,1,1,1,samples/001436_night_stand_0215.npz
1437,night_stand_0216,23,23,33,33,1,1,1,1,samples/001437_night_stand_0216.npz
1438,night_stand_0217,23,23,32,32,1,1,1,1,samples/001438_night_stand_0217.npz
1439,night_stand_0218,23,23,14,14,1,1,1,1,samples/001439_night_stand_0218.npz
1440,night_stand_0219,23,23,14,14,1,1,1,1,samples/001440_night_stand_0219.npz
1441,night_stand_0220,23,14,14,14,1,0,1,0,samples/001441_night_stand_0220.npz
1442,night_stand_0221,23,23,14,14,1,1,1,1,samples/001442_night_stand_0221.npz
1443,night_stand_0222,23,23,14,14,1,1,1,1,samples/001443_night_stand_0222.npz
1444,night_stand_0223,23,14,14,14,1,0,1,0,samples/001444_night_stand_0223.npz
1445,night_stand_0224,23,23,27,27,1,1,1,1,samples/001445_night_stand_0224.npz
1446,night_stand_0225,23,23,33,33,1,1,1,1,samples/001446_night_stand_0225.npz
1447,night_stand_0226,23,14,14,14,1,0,1,0,samples/001447_night_stand_0226.npz
1448,night_stand_0227,23,23,14,14,1,1,1,1,samples/001448_night_stand_0227.npz
1449,night_stand_0228,23,14,14,14,1,0,1,0,samples/001449_night_stand_0228.npz
1450,night_stand_0229,23,23,33,33,1,1,1,1,samples/001450_night_stand_0229.npz
1451,night_stand_0230,23,23,14,14,1,1,1,1,samples/001451_night_stand_0230.npz
1452,night_stand_0231,23,23,14,14,1,1,1,1,samples/001452_night_stand_0231.npz
1453,night_stand_0232,23,23,14,14,1,1,1,1,samples/001453_night_stand_0232.npz
1454,night_stand_0233,23,23,36,36,1,1,1,1,samples/001454_night_stand_0233.npz
1455,night_stand_0234,23,36,36,36,1,0,1,0,samples/001455_night_stand_0234.npz
1456,night_stand_0235,23,23,36,36,1,1,1,1,samples/001456_night_stand_0235.npz
1457,night_stand_0236,23,23,14,14,1,1,1,1,samples/001457_night_stand_0236.npz
1458,night_stand_0237,23,23,14,14,1,1,1,1,samples/001458_night_stand_0237.npz
1459,night_stand_0238,23,23,33,33,1,1,1,1,samples/001459_night_stand_0238.npz
1460,night_stand_0239,23,23,33,33,1,1,1,1,samples/001460_night_stand_0239.npz
1461,night_stand_0240,23,23,33,33,1,1,1,1,samples/001461_night_stand_0240.npz
1462,night_stand_0241,23,14,14,14,1,0,1,0,samples/001462_night_stand_0241.npz
1463,night_stand_0242,23,23,33,33,1,1,1,1,samples/001463_night_stand_0242.npz
1464,night_stand_0243,23,23,14,14,1,1,1,1,samples/001464_night_stand_0243.npz
1465,night_stand_0244,23,23,14,14,1,1,1,1,samples/001465_night_stand_0244.npz
1466,night_stand_0245,23,23,14,14,1,1,1,1,samples/001466_night_stand_0245.npz
1467,night_stand_0246,23,23,12,12,1,1,1,1,samples/001467_night_stand_0246.npz
1468,night_stand_0247,23,14,14,14,1,0,1,0,samples/001468_night_stand_0247.npz
1469,night_stand_0248,23,23,27,27,1,1,1,1,samples/001469_night_stand_0248.npz
1470,night_stand_0249,23,23,14,14,1,1,1,1,samples/001470_night_stand_0249.npz
1471,night_stand_0250,23,23,33,33,1,1,1,1,samples/001471_night_stand_0250.npz
1472,night_stand_0251,23,23,14,14,1,1,1,1,samples/001472_night_stand_0251.npz
1473,night_stand_0252,23,14,14,14,1,0,1,0,samples/001473_night_stand_0252.npz
1474,night_stand_0253,23,23,14,14,1,1,1,1,samples/001474_night_stand_0253.npz
1475,night_stand_0254,23,16,16,16,1,0,1,0,samples/001475_night_stand_0254.npz
1476,night_stand_0255,23,23,27,27,1,1,1,1,samples/001476_night_stand_0255.npz
1477,night_stand_0256,23,23,14,14,1,1,1,1,samples/001477_night_stand_0256.npz
1478,night_stand_0257,23,14,14,14,1,0,1,0,samples/001478_night_stand_0257.npz
1479,night_stand_0258,23,23,14,14,1,1,1,1,samples/001479_night_stand_0258.npz
1480,night_stand_0259,23,23,32,32,1,1,1,1,samples/001480_night_stand_0259.npz
1481,night_stand_0260,23,23,14,14,1,1,1,1,samples/001481_night_stand_0260.npz
1482,night_stand_0261,23,14,14,14,1,0,1,0,samples/001482_night_stand_0261.npz
1483,night_stand_0262,23,23,14,14,1,1,1,1,samples/001483_night_stand_0262.npz
1484,night_stand_0263,23,23,12,12,1,1,1,1,samples/001484_night_stand_0263.npz
1485,night_stand_0264,23,23,32,32,1,1,1,1,samples/001485_night_stand_0264.npz
1486,night_stand_0265,23,23,14,14,1,1,1,1,samples/001486_night_stand_0265.npz
1487,night_stand_0266,23,23,14,14,1,1,1,1,samples/001487_night_stand_0266.npz
1488,night_stand_0267,23,23,14,14,1,1,1,1,samples/001488_night_stand_0267.npz
1489,night_stand_0268,23,23,14,14,1,1,1,1,samples/001489_night_stand_0268.npz
1490,night_stand_0269,23,23,14,14,1,1,1,1,samples/001490_night_stand_0269.npz
1491,night_stand_0270,23,23,14,14,1,1,1,1,samples/001491_night_stand_0270.npz
1492,night_stand_0271,23,23,14,14,1,1,1,1,samples/001492_night_stand_0271.npz
1493,night_stand_0272,23,23,14,14,1,1,1,1,samples/001493_night_stand_0272.npz
1494,night_stand_0273,23,23,36,36,1,1,1,1,samples/001494_night_stand_0273.npz
1495,night_stand_0274,23,14,14,14,1,0,1,0,samples/001495_night_stand_0274.npz
1496,night_stand_0275,23,23,14,14,1,1,1,1,samples/001496_night_stand_0275.npz
1497,night_stand_0276,23,23,14,14,1,1,1,1,samples/001497_night_stand_0276.npz
1498,night_stand_0277,23,14,14,14,1,0,1,0,samples/001498_night_stand_0277.npz
1499,night_stand_0278,23,12,12,12,1,0,1,0,samples/001499_night_stand_0278.npz
1500,night_stand_0279,23,23,14,14,1,1,1,1,samples/001500_night_stand_0279.npz
1501,night_stand_0280,23,23,14,14,1,1,1,1,samples/001501_night_stand_0280.npz
1502,night_stand_0281,23,23,14,14,1,1,1,1,samples/001502_night_stand_0281.npz
1503,night_stand_0282,23,33,33,33,1,0,1,0,samples/001503_night_stand_0282.npz
1504,night_stand_0283,23,33,33,33,1,0,1,0,samples/001504_night_stand_0283.npz
1505,night_stand_0284,23,23,14,14,1,1,1,1,samples/001505_night_stand_0284.npz
1506,night_stand_0285,23,27,27,27,1,0,1,0,samples/001506_night_stand_0285.npz
1507,night_stand_0286,23,23,14,14,1,1,1,1,samples/001507_night_stand_0286.npz
1508,person_0089,24,24,37,37,1,1,1,1,samples/001508_person_0089.npz
1509,person_0090,24,24,37,37,1,1,1,1,samples/001509_person_0090.npz
1510,person_0091,24,24,37,37,1,1,1,1,samples/001510_person_0091.npz
1511,person_0092,24,24,26,26,1,1,1,1,samples/001511_person_0092.npz
1512,person_0093,24,26,26,26,1,0,1,0,samples/001512_person_0093.npz
1513,person_0094,24,24,26,26,1,1,1,1,samples/001513_person_0094.npz
1514,person_0095,24,24,26,26,1,1,1,1,samples/001514_person_0095.npz
1515,person_0096,24,24,26,26,1,1,1,1,samples/001515_person_0096.npz
1516,person_0097,24,24,15,15,1,1,1,1,samples/001516_person_0097.npz
1517,person_0098,24,24,26,26,1,1,1,1,samples/001517_person_0098.npz
1518,person_0099,24,24,26,26,1,1,1,1,samples/001518_person_0099.npz
1519,person_0100,24,24,37,37,1,1,1,1,samples/001519_person_0100.npz
1520,person_0101,24,24,26,26,1,1,1,1,samples/001520_person_0101.npz
1521,person_0102,24,24,26,26,1,1,1,1,samples/001521_person_0102.npz
1522,person_0103,24,24,37,37,1,1,1,1,samples/001522_person_0103.npz
1523,person_0104,24,24,26,26,1,1,1,1,samples/001523_person_0104.npz
1524,person_0105,24,24,26,26,1,1,1,1,samples/001524_person_0105.npz
1525,person_0106,24,24,26,26,1,1,1,1,samples/001525_person_0106.npz
1526,person_0107,24,24,26,26,1,1,1,1,samples/001526_person_0107.npz
1527,person_0108,24,24,5,5,1,1,1,1,samples/001527_person_0108.npz
1528,piano_0232,25,25,26,26,1,1,1,1,samples/001528_piano_0232.npz
1529,piano_0233,25,25,3,3,1,1,1,1,samples/001529_piano_0233.npz
1530,piano_0234,25,25,26,26,1,1,1,1,samples/001530_piano_0234.npz
1531,piano_0235,25,25,4,4,1,1,1,1,samples/001531_piano_0235.npz
1532,piano_0236,25,33,33,33,1,0,1,0,samples/001532_piano_0236.npz
1533,piano_0237,25,25,33,33,1,1,1,1,samples/001533_piano_0237.npz
1534,piano_0238,25,25,26,26,1,1,1,1,samples/001534_piano_0238.npz
1535,piano_0239,25,25,33,33,1,1,1,1,samples/001535_piano_0239.npz
1536,piano_0240,25,25,21,21,1,1,1,1,samples/001536_piano_0240.npz
1537,piano_0241,25,25,8,8,1,1,1,1,samples/001537_piano_0241.npz
1538,piano_0242,25,25,3,3,1,1,1,1,samples/001538_piano_0242.npz
1539,piano_0243,25,25,26,26,1,1,1,1,samples/001539_piano_0243.npz
1540,piano_0244,25,25,33,33,1,1,1,1,samples/001540_piano_0244.npz
1541,piano_0245,25,25,21,21,1,1,1,1,samples/001541_piano_0245.npz
1542,piano_0246,25,25,36,36,1,1,1,1,samples/001542_piano_0246.npz
1543,piano_0247,25,25,27,27,1,1,1,1,samples/001543_piano_0247.npz
1544,piano_0248,25,25,12,12,1,1,1,1,samples/001544_piano_0248.npz
1545,piano_0249,25,25,5,5,1,1,1,1,samples/001545_piano_0249.npz
1546,piano_0250,25,25,12,12,1,1,1,1,samples/001546_piano_0250.npz
1547,piano_0251,25,25,4,4,1,1,1,1,samples/001547_piano_0251.npz
1548,piano_0252,25,25,12,12,1,1,1,1,samples/001548_piano_0252.npz
1549,piano_0253,25,25,26,26,1,1,1,1,samples/001549_piano_0253.npz
1550,piano_0254,25,25,3,3,1,1,1,1,samples/001550_piano_0254.npz
1551,piano_0255,25,25,27,27,1,1,1,1,samples/001551_piano_0255.npz
1552,piano_0256,25,25,4,4,1,1,1,1,samples/001552_piano_0256.npz
1553,piano_0257,25,25,23,23,1,1,1,1,samples/001553_piano_0257.npz
1554,piano_0258,25,25,26,26,1,1,1,1,samples/001554_piano_0258.npz
1555,piano_0259,25,25,22,22,1,1,1,1,samples/001555_piano_0259.npz
1556,piano_0260,25,25,15,15,1,1,1,1,samples/001556_piano_0260.npz
1557,piano_0261,25,25,26,26,1,1,1,1,samples/001557_piano_0261.npz
1558,piano_0262,25,25,3,3,1,1,1,1,samples/001558_piano_0262.npz
1559,piano_0263,25,25,3,3,1,1,1,1,samples/001559_piano_0263.npz
1560,piano_0264,25,25,22,22,1,1,1,1,samples/001560_piano_0264.npz
1561,piano_0265,25,25,38,38,1,1,1,1,samples/001561_piano_0265.npz
1562,piano_0266,25,25,26,26,1,1,1,1,samples/001562_piano_0266.npz
1563,piano_0267,25,25,14,14,1,1,1,1,samples/001563_piano_0267.npz
1564,piano_0268,25,25,33,33,1,1,1,1,samples/001564_piano_0268.npz
1565,piano_0269,25,25,21,21,1,1,1,1,samples/001565_piano_0269.npz
1566,piano_0270,25,25,26,26,1,1,1,1,samples/001566_piano_0270.npz
1567,piano_0271,25,25,36,36,1,1,1,1,samples/001567_piano_0271.npz
1568,piano_0272,25,2,2,2,1,0,1,0,samples/001568_piano_0272.npz
1569,piano_0273,25,25,5,5,1,1,1,1,samples/001569_piano_0273.npz
1570,piano_0274,25,25,14,14,1,1,1,1,samples/001570_piano_0274.npz
1571,piano_0275,25,25,26,26,1,1,1,1,samples/001571_piano_0275.npz
1572,piano_0276,25,25,22,22,1,1,1,1,samples/001572_piano_0276.npz
1573,piano_0277,25,25,26,26,1,1,1,1,samples/001573_piano_0277.npz
1574,piano_0278,25,25,26,26,1,1,1,1,samples/001574_piano_0278.npz
1575,piano_0279,25,25,26,26,1,1,1,1,samples/001575_piano_0279.npz
1576,piano_0280,25,25,26,26,1,1,1,1,samples/001576_piano_0280.npz
1577,piano_0281,25,25,21,21,1,1,1,1,samples/001577_piano_0281.npz
1578,piano_0282,25,25,38,38,1,1,1,1,samples/001578_piano_0282.npz
1579,piano_0283,25,25,38,38,1,1,1,1,samples/001579_piano_0283.npz
1580,piano_0284,25,25,33,33,1,1,1,1,samples/001580_piano_0284.npz
1581,piano_0285,25,25,27,27,1,1,1,1,samples/001581_piano_0285.npz
1582,piano_0286,25,25,12,12,1,1,1,1,samples/001582_piano_0286.npz
1583,piano_0287,25,21,21,21,1,0,1,0,samples/001583_piano_0287.npz
1584,piano_0288,25,25,36,36,1,1,1,1,samples/001584_piano_0288.npz
1585,piano_0289,25,25,22,22,1,1,1,1,samples/001585_piano_0289.npz
1586,piano_0290,25,25,15,15,1,1,1,1,samples/001586_piano_0290.npz
1587,piano_0291,25,25,38,38,1,1,1,1,samples/001587_piano_0291.npz
1588,piano_0292,25,25,8,8,1,1,1,1,samples/001588_piano_0292.npz
1589,piano_0293,25,25,4,4,1,1,1,1,samples/001589_piano_0293.npz
1590,piano_0294,25,25,21,21,1,1,1,1,samples/001590_piano_0294.npz
1591,piano_0295,25,25,39,39,1,1,1,1,samples/001591_piano_0295.npz
1592,piano_0296,25,33,33,33,1,0,1,0,samples/001592_piano_0296.npz
1593,piano_0297,25,25,36,36,1,1,1,1,samples/001593_piano_0297.npz
1594,piano_0298,25,20,20,20,1,0,1,0,samples/001594_piano_0298.npz
1595,piano_0299,25,25,22,22,1,1,1,1,samples/001595_piano_0299.npz
1596,piano_0300,25,25,26,26,1,1,1,1,samples/001596_piano_0300.npz
1597,piano_0301,25,4,4,4,1,0,1,0,samples/001597_piano_0301.npz
1598,piano_0302,25,25,23,23,1,1,1,1,samples/001598_piano_0302.npz
1599,piano_0303,25,25,3,3,1,1,1,1,samples/001599_piano_0303.npz
1600,piano_0304,25,25,4,4,1,1,1,1,samples/001600_piano_0304.npz
1601,piano_0305,25,25,26,26,1,1,1,1,samples/001601_piano_0305.npz
1602,piano_0306,25,25,3,3,1,1,1,1,samples/001602_piano_0306.npz
1603,piano_0307,25,25,22,22,1,1,1,1,samples/001603_piano_0307.npz
1604,piano_0308,25,25,26,26,1,1,1,1,samples/001604_piano_0308.npz
1605,piano_0309,25,25,34,34,1,1,1,1,samples/001605_piano_0309.npz
1606,piano_0310,25,25,4,4,1,1,1,1,samples/001606_piano_0310.npz
1607,piano_0311,25,25,7,7,1,1,1,1,samples/001607_piano_0311.npz
1608,piano_0312,25,25,15,15,1,1,1,1,samples/001608_piano_0312.npz
1609,piano_0313,25,25,36,36,1,1,1,1,samples/001609_piano_0313.npz
1610,piano_0314,25,25,3,3,1,1,1,1,samples/001610_piano_0314.npz
1611,piano_0315,25,25,36,36,1,1,1,1,samples/001611_piano_0315.npz
1612,piano_0316,25,25,34,34,1,1,1,1,samples/001612_piano_0316.npz
1613,piano_0317,25,25,34,34,1,1,1,1,samples/001613_piano_0317.npz
1614,piano_0318,25,25,12,12,1,1,1,1,samples/001614_piano_0318.npz
1615,piano_0319,25,25,12,12,1,1,1,1,samples/001615_piano_0319.npz
1616,piano_0320,25,25,3,3,1,1,1,1,samples/001616_piano_0320.npz
1617,piano_0321,25,25,21,21,1,1,1,1,samples/001617_piano_0321.npz
1618,piano_0322,25,25,12,12,1,1,1,1,samples/001618_piano_0322.npz
1619,piano_0323,25,25,3,3,1,1,1,1,samples/001619_piano_0323.npz
1620,piano_0324,25,25,34,34,1,1,1,1,samples/001620_piano_0324.npz
1621,piano_0325,25,25,21,21,1,1,1,1,samples/001621_piano_0325.npz
1622,piano_0326,25,25,34,34,1,1,1,1,samples/001622_piano_0326.npz
1623,piano_0327,25,25,36,36,1,1,1,1,samples/001623_piano_0327.npz
1624,piano_0328,25,25,3,3,1,1,1,1,samples/001624_piano_0328.npz
1625,piano_0329,25,25,4,4,1,1,1,1,samples/001625_piano_0329.npz
1626,piano_0330,25,25,27,27,1,1,1,1,samples/001626_piano_0330.npz
1627,piano_0331,25,25,14,14,1,1,1,1,samples/001627_piano_0331.npz
1628,plant_0241,26,26,15,15,1,1,1,1,samples/001628_plant_0241.npz
1629,plant_0242,26,26,15,15,1,1,1,1,samples/001629_plant_0242.npz
1630,plant_0243,26,26,15,15,1,1,1,1,samples/001630_plant_0243.npz
1631,plant_0244,26,26,15,15,1,1,1,1,samples/001631_plant_0244.npz
1632,plant_0245,26,26,15,15,1,1,1,1,samples/001632_plant_0245.npz
1633,plant_0246,26,15,15,15,1,0,1,0,samples/001633_plant_0246.npz
1634,plant_0247,26,26,15,15,1,1,1,1,samples/001634_plant_0247.npz
1635,plant_0248,26,26,0,0,1,1,1,1,samples/001635_plant_0248.npz
1636,plant_0249,26,26,15,15,1,1,1,1,samples/001636_plant_0249.npz
1637,plant_0250,26,26,19,19,1,1,1,1,samples/001637_plant_0250.npz
1638,plant_0251,26,26,15,15,1,1,1,1,samples/001638_plant_0251.npz
1639,plant_0252,26,18,18,18,1,0,1,0,samples/001639_plant_0252.npz
1640,plant_0253,26,26,4,4,1,1,1,1,samples/001640_plant_0253.npz
1641,plant_0254,26,26,15,15,1,1,1,1,samples/001641_plant_0254.npz
1642,plant_0255,26,26,15,15,1,1,1,1,samples/001642_plant_0255.npz
1643,plant_0256,26,26,15,15,1,1,1,1,samples/001643_plant_0256.npz
1644,plant_0257,26,26,15,15,1,1,1,1,samples/001644_plant_0257.npz
1645,plant_0258,26,15,15,15,1,0,1,0,samples/001645_plant_0258.npz
1646,plant_0259,26,26,15,15,1,1,1,1,samples/001646_plant_0259.npz
1647,plant_0260,26,26,15,15,1,1,1,1,samples/001647_plant_0260.npz
1648,plant_0261,26,15,15,15,1,0,1,0,samples/001648_plant_0261.npz
1649,plant_0262,26,26,0,0,1,1,1,1,samples/001649_plant_0262.npz
1650,plant_0263,26,26,4,4,1,1,1,1,samples/001650_plant_0263.npz
1651,plant_0264,26,15,15,15,1,0,1,0,samples/001651_plant_0264.npz
1652,plant_0265,26,26,24,24,1,1,1,1,samples/001652_plant_0265.npz
1653,plant_0266,26,26,15,15,1,1,1,1,samples/001653_plant_0266.npz
1654,plant_0267,26,26,4,4,1,1,1,1,samples/001654_plant_0267.npz
1655,plant_0268,26,15,15,15,1,0,1,0,samples/001655_plant_0268.npz
1656,plant_0269,26,26,19,19,1,1,1,1,samples/001656_plant_0269.npz
1657,plant_0270,26,26,15,15,1,1,1,1,samples/001657_plant_0270.npz
1658,plant_0271,26,26,15,15,1,1,1,1,samples/001658_plant_0271.npz
1659,plant_0272,26,26,15,15,1,1,1,1,samples/001659_plant_0272.npz
1660,plant_0273,26,26,15,15,1,1,1,1,samples/001660_plant_0273.npz
1661,plant_0274,26,26,15,15,1,1,1,1,samples/001661_plant_0274.npz
1662,plant_0275,26,26,4,4,1,1,1,1,samples/001662_plant_0275.npz
1663,plant_0276,26,26,24,24,1,1,1,1,samples/001663_plant_0276.npz
1664,plant_0277,26,26,15,15,1,1,1,1,samples/001664_plant_0277.npz
1665,plant_0278,26,26,7,7,1,1,1,1,samples/001665_plant_0278.npz
1666,plant_0279,26,26,15,15,1,1,1,1,samples/001666_plant_0279.npz
1667,plant_0280,26,26,15,15,1,1,1,1,samples/001667_plant_0280.npz
1668,plant_0281,26,26,15,15,1,1,1,1,samples/001668_plant_0281.npz
1669,plant_0282,26,26,15,15,1,1,1,1,samples/001669_plant_0282.npz
1670,plant_0283,26,26,15,15,1,1,1,1,samples/001670_plant_0283.npz
1671,plant_0284,26,26,15,15,1,1,1,1,samples/001671_plant_0284.npz
1672,plant_0285,26,26,15,15,1,1,1,1,samples/001672_plant_0285.npz
1673,plant_0286,26,26,15,15,1,1,1,1,samples/001673_plant_0286.npz
1674,plant_0287,26,26,15,15,1,1,1,1,samples/001674_plant_0287.npz
1675,plant_0288,26,26,15,15,1,1,1,1,samples/001675_plant_0288.npz
1676,plant_0289,26,26,15,15,1,1,1,1,samples/001676_plant_0289.npz
1677,plant_0290,26,15,15,15,1,0,1,0,samples/001677_plant_0290.npz
1678,plant_0291,26,26,15,15,1,1,1,1,samples/001678_plant_0291.npz
1679,plant_0292,26,26,15,15,1,1,1,1,samples/001679_plant_0292.npz
1680,plant_0293,26,26,15,15,1,1,1,1,samples/001680_plant_0293.npz
1681,plant_0294,26,26,15,15,1,1,1,1,samples/001681_plant_0294.npz
1682,plant_0295,26,26,15,15,1,1,1,1,samples/001682_plant_0295.npz
1683,plant_0296,26,26,15,15,1,1,1,1,samples/001683_plant_0296.npz
1684,plant_0297,26,26,15,15,1,1,1,1,samples/001684_plant_0297.npz
1685,plant_0298,26,26,15,15,1,1,1,1,samples/001685_plant_0298.npz
1686,plant_0299,26,26,15,15,1,1,1,1,samples/001686_plant_0299.npz
1687,plant_0300,26,26,15,15,1,1,1,1,samples/001687_plant_0300.npz
1688,plant_0301,26,26,15,15,1,1,1,1,samples/001688_plant_0301.npz
1689,plant_0302,26,26,15,15,1,1,1,1,samples/001689_plant_0302.npz
1690,plant_0303,26,26,15,15,1,1,1,1,samples/001690_plant_0303.npz
1691,plant_0304,26,26,15,15,1,1,1,1,samples/001691_plant_0304.npz
1692,plant_0305,26,26,15,15,1,1,1,1,samples/001692_plant_0305.npz
1693,plant_0306,26,26,15,15,1,1,1,1,samples/001693_plant_0306.npz
1694,plant_0307,26,26,15,15,1,1,1,1,samples/001694_plant_0307.npz
1695,plant_0308,26,26,15,15,1,1,1,1,samples/001695_plant_0308.npz
1696,plant_0309,26,26,15,15,1,1,1,1,samples/001696_plant_0309.npz
1697,plant_0310,26,26,15,15,1,1,1,1,samples/001697_plant_0310.npz
1698,plant_0311,26,15,15,15,1,0,1,0,samples/001698_plant_0311.npz
1699,plant_0312,26,26,15,15,1,1,1,1,samples/001699_plant_0312.npz
1700,plant_0313,26,26,15,15,1,1,1,1,samples/001700_plant_0313.npz
1701,plant_0314,26,26,15,15,1,1,1,1,samples/001701_plant_0314.npz
1702,plant_0315,26,26,15,15,1,1,1,1,samples/001702_plant_0315.npz
1703,plant_0316,26,26,26,26,1,1,0,0,samples/001703_plant_0316.npz
1704,plant_0317,26,37,37,37,1,0,1,0,samples/001704_plant_0317.npz
1705,plant_0318,26,26,15,15,1,1,1,1,samples/001705_plant_0318.npz
1706,plant_0319,26,26,15,15,1,1,1,1,samples/001706_plant_0319.npz
1707,plant_0320,26,26,4,4,1,1,1,1,samples/001707_plant_0320.npz
1708,plant_0321,26,26,15,15,1,1,1,1,samples/001708_plant_0321.npz
1709,plant_0322,26,26,15,15,1,1,1,1,samples/001709_plant_0322.npz
1710,plant_0323,26,26,15,15,1,1,1,1,samples/001710_plant_0323.npz
1711,plant_0324,26,37,37,37,1,0,1,0,samples/001711_plant_0324.npz
1712,plant_0325,26,15,15,15,1,0,1,0,samples/001712_plant_0325.npz
1713,plant_0326,26,26,15,15,1,1,1,1,samples/001713_plant_0326.npz
1714,plant_0327,26,26,15,15,1,1,1,1,samples/001714_plant_0327.npz
1715,plant_0328,26,26,4,4,1,1,1,1,samples/001715_plant_0328.npz
1716,plant_0329,26,26,15,15,1,1,1,1,samples/001716_plant_0329.npz
1717,plant_0330,26,26,15,15,1,1,1,1,samples/001717_plant_0330.npz
1718,plant_0331,26,26,26,26,1,1,0,0,samples/001718_plant_0331.npz
1719,plant_0332,26,26,15,15,1,1,1,1,samples/001719_plant_0332.npz
1720,plant_0333,26,26,15,15,1,1,1,1,samples/001720_plant_0333.npz
1721,plant_0334,26,26,15,15,1,1,1,1,samples/001721_plant_0334.npz
1722,plant_0335,26,26,15,15,1,1,1,1,samples/001722_plant_0335.npz
1723,plant_0336,26,26,15,15,1,1,1,1,samples/001723_plant_0336.npz
1724,plant_0337,26,26,15,15,1,1,1,1,samples/001724_plant_0337.npz
1725,plant_0338,26,26,24,24,1,1,1,1,samples/001725_plant_0338.npz
1726,plant_0339,26,26,15,15,1,1,1,1,samples/001726_plant_0339.npz
1727,plant_0340,26,26,15,15,1,1,1,1,samples/001727_plant_0340.npz
1728,radio_0105,27,27,14,14,1,1,1,1,samples/001728_radio_0105.npz
1729,radio_0106,27,27,26,26,1,1,1,1,samples/001729_radio_0106.npz
1730,radio_0107,27,9,9,9,1,0,1,0,samples/001730_radio_0107.npz
1731,radio_0108,27,27,36,36,1,1,1,1,samples/001731_radio_0108.npz
1732,radio_0109,27,27,26,26,1,1,1,1,samples/001732_radio_0109.npz
1733,radio_0110,27,27,23,23,1,1,1,1,samples/001733_radio_0110.npz
1734,radio_0111,27,22,4,4,1,0,1,0,samples/001734_radio_0111.npz
1735,radio_0112,27,27,34,34,1,1,1,1,samples/001735_radio_0112.npz
1736,radio_0113,27,36,36,36,1,0,1,0,samples/001736_radio_0113.npz
1737,radio_0114,27,27,29,29,1,1,1,1,samples/001737_radio_0114.npz
1738,radio_0115,27,16,16,16,1,0,1,0,samples/001738_radio_0115.npz
1739,radio_0116,27,27,39,39,1,1,1,1,samples/001739_radio_0116.npz
1740,radio_0117,27,27,38,38,1,1,1,1,samples/001740_radio_0117.npz
1741,radio_0118,27,27,23,23,1,1,1,1,samples/001741_radio_0118.npz
1742,radio_0119,27,27,29,29,1,1,1,1,samples/001742_radio_0119.npz
1743,radio_0120,27,36,36,36,1,0,1,0,samples/001743_radio_0120.npz
1744,radio_0121,27,27,16,16,1,1,1,1,samples/001744_radio_0121.npz
1745,radio_0122,27,27,16,16,1,1,1,1,samples/001745_radio_0122.npz
1746,radio_0123,27,16,16,16,1,0,1,0,samples/001746_radio_0123.npz
1747,radio_0124,27,27,36,36,1,1,1,1,samples/001747_radio_0124.npz
1748,range_hood_0116,28,28,27,27,1,1,1,1,samples/001748_range_hood_0116.npz
1749,range_hood_0117,28,34,34,34,1,0,1,0,samples/001749_range_hood_0117.npz
1750,range_hood_0118,28,28,29,29,1,1,1,1,samples/001750_range_hood_0118.npz
1751,range_hood_0119,28,28,21,21,1,1,1,1,samples/001751_range_hood_0119.npz
1752,range_hood_0120,28,28,21,21,1,1,1,1,samples/001752_range_hood_0120.npz
1753,range_hood_0121,28,28,21,21,1,1,1,1,samples/001753_range_hood_0121.npz
1754,range_hood_0122,28,28,21,21,1,1,1,1,samples/001754_range_hood_0122.npz
1755,range_hood_0123,28,28,21,21,1,1,1,1,samples/001755_range_hood_0123.npz
1756,range_hood_0124,28,28,21,21,1,1,1,1,samples/001756_range_hood_0124.npz
1757,range_hood_0125,28,28,21,21,1,1,1,1,samples/001757_range_hood_0125.npz
1758,range_hood_0126,28,28,21,21,1,1,1,1,samples/001758_range_hood_0126.npz
1759,range_hood_0127,28,28,21,21,1,1,1,1,samples/001759_range_hood_0127.npz
1760,range_hood_0128,28,28,21,21,1,1,1,1,samples/001760_range_hood_0128.npz
1761,range_hood_0129,28,28,21,21,1,1,1,1,samples/001761_range_hood_0129.npz
1762,range_hood_0130,28,28,21,21,1,1,1,1,samples/001762_range_hood_0130.npz
1763,range_hood_0131,28,28,21,21,1,1,1,1,samples/001763_range_hood_0131.npz
1764,range_hood_0132,28,28,21,21,1,1,1,1,samples/001764_range_hood_0132.npz
1765,range_hood_0133,28,28,21,21,1,1,1,1,samples/001765_range_hood_0133.npz
1766,range_hood_0134,28,28,21,21,1,1,1,1,samples/001766_range_hood_0134.npz
1767,range_hood_0135,28,28,21,21,1,1,1,1,samples/001767_range_hood_0135.npz
1768,range_hood_0136,28,28,5,5,1,1,1,1,samples/001768_range_hood_0136.npz
1769,range_hood_0137,28,28,31,31,1,1,1,1,samples/001769_range_hood_0137.npz
1770,range_hood_0138,28,28,21,21,1,1,1,1,samples/001770_range_hood_0138.npz
1771,range_hood_0139,28,28,21,21,1,1,1,1,samples/001771_range_hood_0139.npz
1772,range_hood_0140,28,28,21,21,1,1,1,1,samples/001772_range_hood_0140.npz
1773,range_hood_0141,28,28,7,7,1,1,1,1,samples/001773_range_hood_0141.npz
1774,range_hood_0142,28,28,21,21,1,1,1,1,samples/001774_range_hood_0142.npz
1775,range_hood_0143,28,28,5,5,1,1,1,1,samples/001775_range_hood_0143.npz
1776,range_hood_0144,28,34,34,34,1,0,1,0,samples/001776_range_hood_0144.npz
1777,range_hood_0145,28,28,21,21,1,1,1,1,samples/001777_range_hood_0145.npz
1778,range_hood_0146,28,28,21,21,1,1,1,1,samples/001778_range_hood_0146.npz
1779,range_hood_0147,28,28,21,21,1,1,1,1,samples/001779_range_hood_0147.npz
1780,range_hood_0148,28,28,21,21,1,1,1,1,samples/001780_range_hood_0148.npz
1781,range_hood_0149,28,28,21,21,1,1,1,1,samples/001781_range_hood_0149.npz
1782,range_hood_0150,28,28,21,21,1,1,1,1,samples/001782_range_hood_0150.npz
1783,range_hood_0151,28,28,21,21,1,1,1,1,samples/001783_range_hood_0151.npz
1784,range_hood_0152,28,28,21,21,1,1,1,1,samples/001784_range_hood_0152.npz
1785,range_hood_0153,28,28,21,21,1,1,1,1,samples/001785_range_hood_0153.npz
1786,range_hood_0154,28,28,21,21,1,1,1,1,samples/001786_range_hood_0154.npz
1787,range_hood_0155,28,28,21,21,1,1,1,1,samples/001787_range_hood_0155.npz
1788,range_hood_0156,28,28,21,21,1,1,1,1,samples/001788_range_hood_0156.npz
1789,range_hood_0157,28,28,21,21,1,1,1,1,samples/001789_range_hood_0157.npz
1790,range_hood_0158,28,27,27,27,1,0,1,0,samples/001790_range_hood_0158.npz
1791,range_hood_0159,28,28,34,34,1,1,1,1,samples/001791_range_hood_0159.npz
1792,range_hood_0160,28,28,21,21,1,1,1,1,samples/001792_range_hood_0160.npz
1793,range_hood_0161,28,28,21,21,1,1,1,1,samples/001793_range_hood_0161.npz
1794,range_hood_0162,28,28,21,21,1,1,1,1,samples/001794_range_hood_0162.npz
1795,range_hood_0163,28,28,27,27,1,1,1,1,samples/001795_range_hood_0163.npz
1796,range_hood_0164,28,28,34,34,1,1,1,1,samples/001796_range_hood_0164.npz
1797,range_hood_0165,28,28,21,21,1,1,1,1,samples/001797_range_hood_0165.npz
1798,range_hood_0166,28,28,5,5,1,1,1,1,samples/001798_range_hood_0166.npz
1799,range_hood_0167,28,28,21,21,1,1,1,1,samples/001799_range_hood_0167.npz
1800,range_hood_0168,28,28,21,21,1,1,1,1,samples/001800_range_hood_0168.npz
1801,range_hood_0169,28,28,21,21,1,1,1,1,samples/001801_range_hood_0169.npz
1802,range_hood_0170,28,28,21,21,1,1,1,1,samples/001802_range_hood_0170.npz
1803,range_hood_0171,28,28,21,21,1,1,1,1,samples/001803_range_hood_0171.npz
1804,range_hood_0172,28,28,29,29,1,1,1,1,samples/001804_range_hood_0172.npz
1805,range_hood_0173,28,28,16,16,1,1,1,1,samples/001805_range_hood_0173.npz
1806,range_hood_0174,28,28,37,37,1,1,1,1,samples/001806_range_hood_0174.npz
1807,range_hood_0175,28,28,21,21,1,1,1,1,samples/001807_range_hood_0175.npz
1808,range_hood_0176,28,28,21,21,1,1,1,1,samples/001808_range_hood_0176.npz
1809,range_hood_0177,28,28,21,21,1,1,1,1,samples/001809_range_hood_0177.npz
1810,range_hood_0178,28,28,34,34,1,1,1,1,samples/001810_range_hood_0178.npz
1811,range_hood_0179,28,28,34,34,1,1,1,1,samples/001811_range_hood_0179.npz
1812,range_hood_0180,28,28,31,31,1,1,1,1,samples/001812_range_hood_0180.npz
1813,range_hood_0181,28,28,34,34,1,1,1,1,samples/001813_range_hood_0181.npz
1814,range_hood_0182,28,28,9,9,1,1,1,1,samples/001814_range_hood_0182.npz
1815,range_hood_0183,28,28,2,2,1,1,1,1,samples/001815_range_hood_0183.npz
1816,range_hood_0184,28,28,20,20,1,1,1,1,samples/001816_range_hood_0184.npz
1817,range_hood_0185,28,28,27,27,1,1,1,1,samples/001817_range_hood_0185.npz
1818,range_hood_0186,28,28,26,26,1,1,1,1,samples/001818_range_hood_0186.npz
1819,range_hood_0187,28,28,9,9,1,1,1,1,samples/001819_range_hood_0187.npz
1820,range_hood_0188,28,28,27,27,1,1,1,1,samples/001820_range_hood_0188.npz
1821,range_hood_0189,28,36,36,36,1,0,1,0,samples/001821_range_hood_0189.npz
1822,range_hood_0190,28,28,21,21,1,1,1,1,samples/001822_range_hood_0190.npz
1823,range_hood_0191,28,28,21,21,1,1,1,1,samples/001823_range_hood_0191.npz
1824,range_hood_0192,28,28,21,21,1,1,1,1,samples/001824_range_hood_0192.npz
1825,range_hood_0193,28,28,34,34,1,1,1,1,samples/001825_range_hood_0193.npz
1826,range_hood_0194,28,28,37,37,1,1,1,1,samples/001826_range_hood_0194.npz
1827,range_hood_0195,28,28,37,37,1,1,1,1,samples/001827_range_hood_0195.npz
1828,range_hood_0196,28,28,9,9,1,1,1,1,samples/001828_range_hood_0196.npz
1829,range_hood_0197,28,39,39,39,1,0,1,0,samples/001829_range_hood_0197.npz
1830,range_hood_0198,28,28,21,21,1,1,1,1,samples/001830_range_hood_0198.npz
1831,range_hood_0199,28,21,21,21,1,0,1,0,samples/001831_range_hood_0199.npz
1832,range_hood_0200,28,28,21,21,1,1,1,1,samples/001832_range_hood_0200.npz
1833,range_hood_0201,28,28,21,21,1,1,1,1,samples/001833_range_hood_0201.npz
1834,range_hood_0202,28,28,21,21,1,1,1,1,samples/001834_range_hood_0202.npz
1835,range_hood_0203,28,28,21,21,1,1,1,1,samples/001835_range_hood_0203.npz
1836,range_hood_0204,28,28,21,21,1,1,1,1,samples/001836_range_hood_0204.npz
1837,range_hood_0205,28,28,21,21,1,1,1,1,samples/001837_range_hood_0205.npz
1838,range_hood_0206,28,28,21,21,1,1,1,1,samples/001838_range_hood_0206.npz
1839,range_hood_0207,28,28,34,34,1,1,1,1,samples/001839_range_hood_0207.npz
1840,range_hood_0208,28,28,14,14,1,1,1,1,samples/001840_range_hood_0208.npz
1841,range_hood_0209,28,28,36,36,1,1,1,1,samples/001841_range_hood_0209.npz
1842,range_hood_0210,28,28,21,21,1,1,1,1,samples/001842_range_hood_0210.npz
1843,range_hood_0211,28,28,21,21,1,1,1,1,samples/001843_range_hood_0211.npz
1844,range_hood_0212,28,28,21,21,1,1,1,1,samples/001844_range_hood_0212.npz
1845,range_hood_0213,28,28,21,21,1,1,1,1,samples/001845_range_hood_0213.npz
1846,range_hood_0214,28,28,21,21,1,1,1,1,samples/001846_range_hood_0214.npz
1847,range_hood_0215,28,28,21,21,1,1,1,1,samples/001847_range_hood_0215.npz
1848,sink_0129,29,29,23,23,1,1,1,1,samples/001848_sink_0129.npz
1849,sink_0130,29,29,2,2,1,1,1,1,samples/001849_sink_0130.npz
1850,sink_0131,29,29,23,23,1,1,1,1,samples/001850_sink_0131.npz
1851,sink_0132,29,29,12,12,1,1,1,1,samples/001851_sink_0132.npz
1852,sink_0133,29,29,26,26,1,1,1,1,samples/001852_sink_0133.npz
1853,sink_0134,29,4,4,4,1,0,1,0,samples/001853_sink_0134.npz
1854,sink_0135,29,29,23,23,1,1,1,1,samples/001854_sink_0135.npz
1855,sink_0136,29,29,14,14,1,1,1,1,samples/001855_sink_0136.npz
1856,sink_0137,29,29,26,26,1,1,1,1,samples/001856_sink_0137.npz
1857,sink_0138,29,29,26,26,1,1,1,1,samples/001857_sink_0138.npz
1858,sink_0139,29,29,1,1,1,1,1,1,samples/001858_sink_0139.npz
1859,sink_0140,29,29,38,38,1,1,1,1,samples/001859_sink_0140.npz
1860,sink_0141,29,29,39,39,1,1,1,1,samples/001860_sink_0141.npz
1861,sink_0142,29,29,26,26,1,1,1,1,samples/001861_sink_0142.npz
1862,sink_0143,29,29,1,1,1,1,1,1,samples/001862_sink_0143.npz
1863,sink_0144,29,29,15,15,1,1,1,1,samples/001863_sink_0144.npz
1864,sink_0145,29,29,1,1,1,1,1,1,samples/001864_sink_0145.npz
1865,sink_0146,29,29,15,15,1,1,1,1,samples/001865_sink_0146.npz
1866,sink_0147,29,29,1,1,1,1,1,1,samples/001866_sink_0147.npz
1867,sink_0148,29,35,35,35,1,0,1,0,samples/001867_sink_0148.npz
1868,sofa_0681,30,30,23,23,1,1,1,1,samples/001868_sofa_0681.npz
1869,sofa_0682,30,30,23,23,1,1,1,1,samples/001869_sofa_0682.npz
1870,sofa_0683,30,30,7,7,1,1,1,1,samples/001870_sofa_0683.npz
1871,sofa_0684,30,30,15,15,1,1,1,1,samples/001871_sofa_0684.npz
1872,sofa_0685,30,30,34,34,1,1,1,1,samples/001872_sofa_0685.npz
1873,sofa_0686,30,30,33,33,1,1,1,1,samples/001873_sofa_0686.npz
1874,sofa_0687,30,30,12,12,1,1,1,1,samples/001874_sofa_0687.npz
1875,sofa_0688,30,30,26,26,1,1,1,1,samples/001875_sofa_0688.npz
1876,sofa_0689,30,30,2,2,1,1,1,1,samples/001876_sofa_0689.npz
1877,sofa_0690,30,30,12,12,1,1,1,1,samples/001877_sofa_0690.npz
1878,sofa_0691,30,30,2,2,1,1,1,1,samples/001878_sofa_0691.npz
1879,sofa_0692,30,30,1,1,1,1,1,1,samples/001879_sofa_0692.npz
1880,sofa_0693,30,30,2,2,1,1,1,1,samples/001880_sofa_0693.npz
1881,sofa_0694,30,30,23,23,1,1,1,1,samples/001881_sofa_0694.npz
1882,sofa_0695,30,30,2,2,1,1,1,1,samples/001882_sofa_0695.npz
1883,sofa_0696,30,30,26,26,1,1,1,1,samples/001883_sofa_0696.npz
1884,sofa_0697,30,30,12,12,1,1,1,1,samples/001884_sofa_0697.npz
1885,sofa_0698,30,30,29,29,1,1,1,1,samples/001885_sofa_0698.npz
1886,sofa_0699,30,30,14,14,1,1,1,1,samples/001886_sofa_0699.npz
1887,sofa_0700,30,30,12,12,1,1,1,1,samples/001887_sofa_0700.npz
1888,sofa_0701,30,30,2,2,1,1,1,1,samples/001888_sofa_0701.npz
1889,sofa_0702,30,30,2,2,1,1,1,1,samples/001889_sofa_0702.npz
1890,sofa_0703,30,30,14,14,1,1,1,1,samples/001890_sofa_0703.npz
1891,sofa_0704,30,30,26,26,1,1,1,1,samples/001891_sofa_0704.npz
1892,sofa_0705,30,30,34,34,1,1,1,1,samples/001892_sofa_0705.npz
1893,sofa_0706,30,30,36,36,1,1,1,1,samples/001893_sofa_0706.npz
1894,sofa_0707,30,30,2,2,1,1,1,1,samples/001894_sofa_0707.npz
1895,sofa_0708,30,30,7,7,1,1,1,1,samples/001895_sofa_0708.npz
1896,sofa_0709,30,30,29,29,1,1,1,1,samples/001896_sofa_0709.npz
1897,sofa_0710,30,30,14,14,1,1,1,1,samples/001897_sofa_0710.npz
1898,sofa_0711,30,30,7,7,1,1,1,1,samples/001898_sofa_0711.npz
1899,sofa_0712,30,30,26,26,1,1,1,1,samples/001899_sofa_0712.npz
1900,sofa_0713,30,30,36,36,1,1,1,1,samples/001900_sofa_0713.npz
1901,sofa_0714,30,30,14,14,1,1,1,1,samples/001901_sofa_0714.npz
1902,sofa_0715,30,30,15,15,1,1,1,1,samples/001902_sofa_0715.npz
1903,sofa_0716,30,30,26,26,1,1,1,1,samples/001903_sofa_0716.npz
1904,sofa_0717,30,30,26,26,1,1,1,1,samples/001904_sofa_0717.npz
1905,sofa_0718,30,30,26,26,1,1,1,1,samples/001905_sofa_0718.npz
1906,sofa_0719,30,30,14,14,1,1,1,1,samples/001906_sofa_0719.npz
1907,sofa_0720,30,30,23,23,1,1,1,1,samples/001907_sofa_0720.npz
1908,sofa_0721,30,30,2,2,1,1,1,1,samples/001908_sofa_0721.npz
1909,sofa_0722,30,30,26,26,1,1,1,1,samples/001909_sofa_0722.npz
1910,sofa_0723,30,30,12,12,1,1,1,1,samples/001910_sofa_0723.npz
1911,sofa_0724,30,30,26,26,1,1,1,1,samples/001911_sofa_0724.npz
1912,sofa_0725,30,30,14,14,1,1,1,1,samples/001912_sofa_0725.npz
1913,sofa_0726,30,30,15,15,1,1,1,1,samples/001913_sofa_0726.npz
1914,sofa_0727,30,30,23,23,1,1,1,1,samples/001914_sofa_0727.npz
1915,sofa_0728,30,30,26,26,1,1,1,1,samples/001915_sofa_0728.npz
1916,sofa_0729,30,30,14,14,1,1,1,1,samples/001916_sofa_0729.npz
1917,sofa_0730,30,30,15,15,1,1,1,1,samples/001917_sofa_0730.npz
1918,sofa_0731,30,30,2,2,1,1,1,1,samples/001918_sofa_0731.npz
1919,sofa_0732,30,30,2,2,1,1,1,1,samples/001919_sofa_0732.npz
1920,sofa_0733,30,30,2,2,1,1,1,1,samples/001920_sofa_0733.npz
1921,sofa_0734,30,30,14,14,1,1,1,1,samples/001921_sofa_0734.npz
1922,sofa_0735,30,30,14,14,1,1,1,1,samples/001922_sofa_0735.npz
1923,sofa_0736,30,30,23,23,1,1,1,1,samples/001923_sofa_0736.npz
1924,sofa_0737,30,30,14,14,1,1,1,1,samples/001924_sofa_0737.npz
1925,sofa_0738,30,30,14,14,1,1,1,1,samples/001925_sofa_0738.npz
1926,sofa_0739,30,30,2,2,1,1,1,1,samples/001926_sofa_0739.npz
1927,sofa_0740,30,30,14,14,1,1,1,1,samples/001927_sofa_0740.npz
1928,sofa_0741,30,30,23,23,1,1,1,1,samples/001928_sofa_0741.npz
1929,sofa_0742,30,30,23,23,1,1,1,1,samples/001929_sofa_0742.npz
1930,sofa_0743,30,30,26,26,1,1,1,1,samples/001930_sofa_0743.npz
1931,sofa_0744,30,30,14,14,1,1,1,1,samples/001931_sofa_0744.npz
1932,sofa_0745,30,30,15,15,1,1,1,1,samples/001932_sofa_0745.npz
1933,sofa_0746,30,30,12,12,1,1,1,1,samples/001933_sofa_0746.npz
1934,sofa_0747,30,30,23,23,1,1,1,1,samples/001934_sofa_0747.npz
1935,sofa_0748,30,30,36,36,1,1,1,1,samples/001935_sofa_0748.npz
1936,sofa_0749,30,30,26,26,1,1,1,1,samples/001936_sofa_0749.npz
1937,sofa_0750,30,30,12,12,1,1,1,1,samples/001937_sofa_0750.npz
1938,sofa_0751,30,30,3,3,1,1,1,1,samples/001938_sofa_0751.npz
1939,sofa_0752,30,30,26,26,1,1,1,1,samples/001939_sofa_0752.npz
1940,sofa_0753,30,30,14,14,1,1,1,1,samples/001940_sofa_0753.npz
1941,sofa_0754,30,30,12,12,1,1,1,1,samples/001941_sofa_0754.npz
1942,sofa_0755,30,30,2,2,1,1,1,1,samples/001942_sofa_0755.npz
1943,sofa_0756,30,30,26,26,1,1,1,1,samples/001943_sofa_0756.npz
1944,sofa_0757,30,30,2,2,1,1,1,1,samples/001944_sofa_0757.npz
1945,sofa_0758,30,30,14,14,1,1,1,1,samples/001945_sofa_0758.npz
1946,sofa_0759,30,30,23,23,1,1,1,1,samples/001946_sofa_0759.npz
1947,sofa_0760,30,30,23,23,1,1,1,1,samples/001947_sofa_0760.npz
1948,sofa_0761,30,30,14,14,1,1,1,1,samples/001948_sofa_0761.npz
1949,sofa_0762,30,30,14,14,1,1,1,1,samples/001949_sofa_0762.npz
1950,sofa_0763,30,30,34,34,1,1,1,1,samples/001950_sofa_0763.npz
1951,sofa_0764,30,30,2,2,1,1,1,1,samples/001951_sofa_0764.npz
1952,sofa_0765,30,30,26,26,1,1,1,1,samples/001952_sofa_0765.npz
1953,sofa_0766,30,30,14,14,1,1,1,1,samples/001953_sofa_0766.npz
1954,sofa_0767,30,30,23,23,1,1,1,1,samples/001954_sofa_0767.npz
1955,sofa_0768,30,30,15,15,1,1,1,1,samples/001955_sofa_0768.npz
1956,sofa_0769,30,30,2,2,1,1,1,1,samples/001956_sofa_0769.npz
1957,sofa_0770,30,30,34,34,1,1,1,1,samples/001957_sofa_0770.npz
1958,sofa_0771,30,30,23,23,1,1,1,1,samples/001958_sofa_0771.npz
1959,sofa_0772,30,30,14,14,1,1,1,1,samples/001959_sofa_0772.npz
1960,sofa_0773,30,30,26,26,1,1,1,1,samples/001960_sofa_0773.npz
1961,sofa_0774,30,30,26,26,1,1,1,1,samples/001961_sofa_0774.npz
1962,sofa_0775,30,30,12,12,1,1,1,1,samples/001962_sofa_0775.npz
1963,sofa_0776,30,30,2,2,1,1,1,1,samples/001963_sofa_0776.npz
1964,sofa_0777,30,30,2,2,1,1,1,1,samples/001964_sofa_0777.npz
1965,sofa_0778,30,30,23,23,1,1,1,1,samples/001965_sofa_0778.npz
1966,sofa_0779,30,30,23,23,1,1,1,1,samples/001966_sofa_0779.npz
1967,sofa_0780,30,30,1,1,1,1,1,1,samples/001967_sofa_0780.npz
1968,stairs_0125,31,31,26,26,1,1,1,1,samples/001968_stairs_0125.npz
1969,stairs_0126,31,31,15,15,1,1,1,1,samples/001969_stairs_0126.npz
1970,stairs_0127,31,31,26,26,1,1,1,1,samples/001970_stairs_0127.npz
1971,stairs_0128,31,34,34,34,1,0,1,0,samples/001971_stairs_0128.npz
1972,stairs_0129,31,31,26,26,1,1,1,1,samples/001972_stairs_0129.npz
1973,stairs_0130,31,31,29,29,1,1,1,1,samples/001973_stairs_0130.npz
1974,stairs_0131,31,31,2,2,1,1,1,1,samples/001974_stairs_0131.npz
1975,stairs_0132,31,31,3,3,1,1,1,1,samples/001975_stairs_0132.npz
1976,stairs_0133,31,31,26,26,1,1,1,1,samples/001976_stairs_0133.npz
1977,stairs_0134,31,31,26,26,1,1,1,1,samples/001977_stairs_0134.npz
1978,stairs_0135,31,31,29,29,1,1,1,1,samples/001978_stairs_0135.npz
1979,stairs_0136,31,31,26,26,1,1,1,1,samples/001979_stairs_0136.npz
1980,stairs_0137,31,31,29,29,1,1,1,1,samples/001980_stairs_0137.npz
1981,stairs_0138,31,31,26,26,1,1,1,1,samples/001981_stairs_0138.npz
1982,stairs_0139,31,31,26,26,1,1,1,1,samples/001982_stairs_0139.npz
1983,stairs_0140,31,31,26,26,1,1,1,1,samples/001983_stairs_0140.npz
1984,stairs_0141,31,31,34,34,1,1,1,1,samples/001984_stairs_0141.npz
1985,stairs_0142,31,31,26,26,1,1,1,1,samples/001985_stairs_0142.npz
1986,stairs_0143,31,31,7,7,1,1,1,1,samples/001986_stairs_0143.npz
1987,stairs_0144,31,31,26,26,1,1,1,1,samples/001987_stairs_0144.npz
1988,stool_0091,32,32,19,19,1,1,1,1,samples/001988_stool_0091.npz
1989,stool_0092,32,32,23,23,1,1,1,1,samples/001989_stool_0092.npz
1990,stool_0093,32,5,5,5,1,0,1,0,samples/001990_stool_0093.npz
1991,stool_0094,32,32,26,26,1,1,1,1,samples/001991_stool_0094.npz
1992,stool_0095,32,32,8,8,1,1,1,1,samples/001992_stool_0095.npz
1993,stool_0096,32,8,8,8,1,0,1,0,samples/001993_stool_0096.npz
1994,stool_0097,32,32,24,24,1,1,1,1,samples/001994_stool_0097.npz
1995,stool_0098,32,32,8,8,1,1,1,1,samples/001995_stool_0098.npz
1996,stool_0099,32,8,8,8,1,0,1,0,samples/001996_stool_0099.npz
1997,stool_0100,32,32,33,33,1,1,1,1,samples/001997_stool_0100.npz
1998,stool_0101,32,32,19,19,1,1,1,1,samples/001998_stool_0101.npz
1999,stool_0102,32,32,19,19,1,1,1,1,samples/001999_stool_0102.npz
2000,stool_0103,32,33,33,33,1,0,1,0,samples/002000_stool_0103.npz
2001,stool_0104,32,32,33,33,1,1,1,1,samples/002001_stool_0104.npz
2002,stool_0105,32,32,19,19,1,1,1,1,samples/002002_stool_0105.npz
2003,stool_0106,32,32,26,26,1,1,1,1,samples/002003_stool_0106.npz
2004,stool_0107,32,32,26,26,1,1,1,1,samples/002004_stool_0107.npz
2005,stool_0108,32,32,19,19,1,1,1,1,samples/002005_stool_0108.npz
2006,stool_0109,32,32,8,8,1,1,1,1,samples/002006_stool_0109.npz
2007,stool_0110,32,32,33,33,1,1,1,1,samples/002007_stool_0110.npz
2008,table_0393,33,33,12,12,1,1,1,1,samples/002008_table_0393.npz
2009,table_0394,33,33,12,12,1,1,1,1,samples/002009_table_0394.npz
2010,table_0395,33,33,12,12,1,1,1,1,samples/002010_table_0395.npz
2011,table_0396,33,33,3,3,1,1,1,1,samples/002011_table_0396.npz
2012,table_0397,33,33,12,12,1,1,1,1,samples/002012_table_0397.npz
2013,table_0398,33,12,12,12,1,0,1,0,samples/002013_table_0398.npz
2014,table_0399,33,33,3,3,1,1,1,1,samples/002014_table_0399.npz
2015,table_0400,33,33,12,12,1,1,1,1,samples/002015_table_0400.npz
2016,table_0401,33,12,12,12,1,0,1,0,samples/002016_table_0401.npz
2017,table_0402,33,33,3,3,1,1,1,1,samples/002017_table_0402.npz
2018,table_0403,33,33,12,12,1,1,1,1,samples/002018_table_0403.npz
2019,table_0404,33,33,26,26,1,1,1,1,samples/002019_table_0404.npz
2020,table_0405,33,33,3,3,1,1,1,1,samples/002020_table_0405.npz
2021,table_0406,33,33,12,12,1,1,1,1,samples/002021_table_0406.npz
2022,table_0407,33,12,12,12,1,0,1,0,samples/002022_table_0407.npz
2023,table_0408,33,33,26,26,1,1,1,1,samples/002023_table_0408.npz
2024,table_0409,33,12,12,12,1,0,1,0,samples/002024_table_0409.npz
2025,table_0410,33,33,12,12,1,1,1,1,samples/002025_table_0410.npz
2026,table_0411,33,12,12,12,1,0,1,0,samples/002026_table_0411.npz
2027,table_0412,33,12,12,12,1,0,1,0,samples/002027_table_0412.npz
2028,table_0413,33,33,3,3,1,1,1,1,samples/002028_table_0413.npz
2029,table_0414,33,33,12,12,1,1,1,1,samples/002029_table_0414.npz
2030,table_0415,33,33,12,12,1,1,1,1,samples/002030_table_0415.npz
2031,table_0416,33,33,26,26,1,1,1,1,samples/002031_table_0416.npz
2032,table_0417,33,33,12,12,1,1,1,1,samples/002032_table_0417.npz
2033,table_0418,33,33,3,3,1,1,1,1,samples/002033_table_0418.npz
2034,table_0419,33,33,12,12,1,1,1,1,samples/002034_table_0419.npz
2035,table_0420,33,12,12,12,1,0,1,0,samples/002035_table_0420.npz
2036,table_0421,33,33,12,12,1,1,1,1,samples/002036_table_0421.npz
2037,table_0422,33,33,12,12,1,1,1,1,samples/002037_table_0422.npz
2038,table_0423,33,33,12,12,1,1,1,1,samples/002038_table_0423.npz
2039,table_0424,33,33,3,3,1,1,1,1,samples/002039_table_0424.npz
2040,table_0425,33,33,3,3,1,1,1,1,samples/002040_table_0425.npz
2041,table_0426,33,33,3,3,1,1,1,1,samples/002041_table_0426.npz
2042,table_0427,33,12,12,12,1,0,1,0,samples/002042_table_0427.npz
2043,table_0428,33,33,3,3,1,1,1,1,samples/002043_table_0428.npz
2044,table_0429,33,12,12,12,1,0,1,0,samples/002044_table_0429.npz
2045,table_0430,33,12,12,12,1,0,1,0,samples/002045_table_0430.npz
2046,table_0431,33,33,3,3,1,1,1,1,samples/002046_table_0431.npz
2047,table_0432,33,33,3,3,1,1,1,1,samples/002047_table_0432.npz
2048,table_0433,33,33,26,26,1,1,1,1,samples/002048_table_0433.npz
2049,table_0434,33,33,12,12,1,1,1,1,samples/002049_table_0434.npz
2050,table_0435,33,12,12,12,1,0,1,0,samples/002050_table_0435.npz
2051,table_0436,33,33,12,12,1,1,1,1,samples/002051_table_0436.npz
2052,table_0437,33,33,12,12,1,1,1,1,samples/002052_table_0437.npz
2053,table_0438,33,12,12,12,1,0,1,0,samples/002053_table_0438.npz
2054,table_0439,33,33,12,12,1,1,1,1,samples/002054_table_0439.npz
2055,table_0440,33,33,12,12,1,1,1,1,samples/002055_table_0440.npz
2056,table_0441,33,33,12,12,1,1,1,1,samples/002056_table_0441.npz
2057,table_0442,33,33,3,3,1,1,1,1,samples/002057_table_0442.npz
2058,table_0443,33,33,12,12,1,1,1,1,samples/002058_table_0443.npz
2059,table_0444,33,33,12,12,1,1,1,1,samples/002059_table_0444.npz
2060,table_0445,33,12,12,12,1,0,1,0,samples/002060_table_0445.npz
2061,table_0446,33,33,12,12,1,1,1,1,samples/002061_table_0446.npz
2062,table_0447,33,33,3,3,1,1,1,1,samples/002062_table_0447.npz
2063,table_0448,33,33,3,3,1,1,1,1,samples/002063_table_0448.npz
2064,table_0449,33,33,3,3,1,1,1,1,samples/002064_table_0449.npz
2065,table_0450,33,23,23,23,1,0,1,0,samples/002065_table_0450.npz
2066,table_0451,33,12,12,12,1,0,1,0,samples/002066_table_0451.npz
2067,table_0452,33,33,3,3,1,1,1,1,samples/002067_table_0452.npz
2068,table_0453,33,33,12,12,1,1,1,1,samples/002068_table_0453.npz
2069,table_0454,33,33,3,3,1,1,1,1,samples/002069_table_0454.npz
2070,table_0455,33,33,12,12,1,1,1,1,samples/002070_table_0455.npz
2071,table_0456,33,12,12,12,1,0,1,0,samples/002071_table_0456.npz
2072,table_0457,33,33,3,3,1,1,1,1,samples/002072_table_0457.npz
2073,table_0458,33,33,12,12,1,1,1,1,samples/002073_table_0458.npz
2074,table_0459,33,33,12,12,1,1,1,1,samples/002074_table_0459.npz
2075,table_0460,33,33,12,12,1,1,1,1,samples/002075_table_0460.npz
2076,table_0461,33,33,12,12,1,1,1,1,samples/002076_table_0461.npz
2077,table_0462,33,33,12,12,1,1,1,1,samples/002077_table_0462.npz
2078,table_0463,33,33,3,3,1,1,1,1,samples/002078_table_0463.npz
2079,table_0464,33,33,12,12,1,1,1,1,samples/002079_table_0464.npz
2080,table_0465,33,33,3,3,1,1,1,1,samples/002080_table_0465.npz
2081,table_0466,33,33,12,12,1,1,1,1,samples/002081_table_0466.npz
2082,table_0467,33,33,12,12,1,1,1,1,samples/002082_table_0467.npz
2083,table_0468,33,33,12,12,1,1,1,1,samples/002083_table_0468.npz
2084,table_0469,33,33,12,12,1,1,1,1,samples/002084_table_0469.npz
2085,table_0470,33,33,12,12,1,1,1,1,samples/002085_table_0470.npz
2086,table_0471,33,33,12,12,1,1,1,1,samples/002086_table_0471.npz
2087,table_0472,33,12,12,12,1,0,1,0,samples/002087_table_0472.npz
2088,table_0473,33,33,12,12,1,1,1,1,samples/002088_table_0473.npz
2089,table_0474,33,12,12,12,1,0,1,0,samples/002089_table_0474.npz
2090,table_0475,33,33,3,3,1,1,1,1,samples/002090_table_0475.npz
2091,table_0476,33,33,3,3,1,1,1,1,samples/002091_table_0476.npz
2092,table_0477,33,33,12,12,1,1,1,1,samples/002092_table_0477.npz
2093,table_0478,33,33,12,12,1,1,1,1,samples/002093_table_0478.npz
2094,table_0479,33,33,3,3,1,1,1,1,samples/002094_table_0479.npz
2095,table_0480,33,33,12,12,1,1,1,1,samples/002095_table_0480.npz
2096,table_0481,33,12,12,12,1,0,1,0,samples/002096_table_0481.npz
2097,table_0482,33,33,26,26,1,1,1,1,samples/002097_table_0482.npz
2098,table_0483,33,23,23,23,1,0,1,0,samples/002098_table_0483.npz
2099,table_0484,33,12,12,12,1,0,1,0,samples/002099_table_0484.npz
2100,table_0485,33,33,12,12,1,1,1,1,samples/002100_table_0485.npz
2101,table_0486,33,33,12,12,1,1,1,1,samples/002101_table_0486.npz
2102,table_0487,33,3,3,3,1,0,1,0,samples/002102_table_0487.npz
2103,table_0488,33,33,12,12,1,1,1,1,samples/002103_table_0488.npz
2104,table_0489,33,33,32,32,1,1,1,1,samples/002104_table_0489.npz
2105,table_0490,33,33,23,23,1,1,1,1,samples/002105_table_0490.npz
2106,table_0491,33,33,23,23,1,1,1,1,samples/002106_table_0491.npz
2107,table_0492,33,33,32,32,1,1,1,1,samples/002107_table_0492.npz
2108,tent_0164,34,34,7,7,1,1,1,1,samples/002108_tent_0164.npz
2109,tent_0165,34,34,36,36,1,1,1,1,samples/002109_tent_0165.npz
2110,tent_0166,34,34,31,31,1,1,1,1,samples/002110_tent_0166.npz
2111,tent_0167,34,34,36,36,1,1,1,1,samples/002111_tent_0167.npz
2112,tent_0168,34,34,11,11,1,1,1,1,samples/002112_tent_0168.npz
2113,tent_0169,34,34,16,16,1,1,1,1,samples/002113_tent_0169.npz
2114,tent_0170,34,17,17,17,1,0,1,0,samples/002114_tent_0170.npz
2115,tent_0171,34,34,7,7,1,1,1,1,samples/002115_tent_0171.npz
2116,tent_0172,34,34,27,27,1,1,1,1,samples/002116_tent_0172.npz
2117,tent_0173,34,34,16,16,1,1,1,1,samples/002117_tent_0173.npz
2118,tent_0174,34,34,7,7,1,1,1,1,samples/002118_tent_0174.npz
2119,tent_0175,34,34,27,27,1,1,1,1,samples/002119_tent_0175.npz
2120,tent_0176,34,34,7,7,1,1,1,1,samples/002120_tent_0176.npz
2121,tent_0177,34,34,36,36,1,1,1,1,samples/002121_tent_0177.npz
2122,tent_0178,34,34,36,36,1,1,1,1,samples/002122_tent_0178.npz
2123,tent_0179,34,34,28,28,1,1,1,1,samples/002123_tent_0179.npz
2124,tent_0180,34,34,14,14,1,1,1,1,samples/002124_tent_0180.npz
2125,tent_0181,34,34,9,9,1,1,1,1,samples/002125_tent_0181.npz
2126,tent_0182,34,34,7,7,1,1,1,1,samples/002126_tent_0182.npz
2127,tent_0183,34,34,7,7,1,1,1,1,samples/002127_tent_0183.npz
2128,toilet_0345,35,35,14,14,1,1,1,1,samples/002128_toilet_0345.npz
2129,toilet_0346,35,35,37,37,1,1,1,1,samples/002129_toilet_0346.npz
2130,toilet_0347,35,27,27,27,1,0,1,0,samples/002130_toilet_0347.npz
2131,toilet_0348,35,35,29,29,1,1,1,1,samples/002131_toilet_0348.npz
2132,toilet_0349,35,35,37,37,1,1,1,1,samples/002132_toilet_0349.npz
2133,toilet_0350,35,35,15,15,1,1,1,1,samples/002133_toilet_0350.npz
2134,toilet_0351,35,35,12,12,1,1,1,1,samples/002134_toilet_0351.npz
2135,toilet_0352,35,35,8,8,1,1,1,1,samples/002135_toilet_0352.npz
2136,toilet_0353,35,35,27,27,1,1,1,1,samples/002136_toilet_0353.npz
2137,toilet_0354,35,35,2,2,1,1,1,1,samples/002137_toilet_0354.npz
2138,toilet_0355,35,35,15,15,1,1,1,1,samples/002138_toilet_0355.npz
2139,toilet_0356,35,35,23,23,1,1,1,1,samples/002139_toilet_0356.npz
2140,toilet_0357,35,35,26,26,1,1,1,1,samples/002140_toilet_0357.npz
2141,toilet_0358,35,35,8,8,1,1,1,1,samples/002141_toilet_0358.npz
2142,toilet_0359,35,35,26,26,1,1,1,1,samples/002142_toilet_0359.npz
2143,toilet_0360,35,35,27,27,1,1,1,1,samples/002143_toilet_0360.npz
2144,toilet_0361,35,35,15,15,1,1,1,1,samples/002144_toilet_0361.npz
2145,toilet_0362,35,35,14,14,1,1,1,1,samples/002145_toilet_0362.npz
2146,toilet_0363,35,35,23,23,1,1,1,1,samples/002146_toilet_0363.npz
2147,toilet_0364,35,35,14,14,1,1,1,1,samples/002147_toilet_0364.npz
2148,toilet_0365,35,35,14,14,1,1,1,1,samples/002148_toilet_0365.npz
2149,toilet_0366,35,35,36,36,1,1,1,1,samples/002149_toilet_0366.npz
2150,toilet_0367,35,35,38,38,1,1,1,1,samples/002150_toilet_0367.npz
2151,toilet_0368,35,35,36,36,1,1,1,1,samples/002151_toilet_0368.npz
2152,toilet_0369,35,35,8,8,1,1,1,1,samples/002152_toilet_0369.npz
2153,toilet_0370,35,35,36,36,1,1,1,1,samples/002153_toilet_0370.npz
2154,toilet_0371,35,35,27,27,1,1,1,1,samples/002154_toilet_0371.npz
2155,toilet_0372,35,35,8,8,1,1,1,1,samples/002155_toilet_0372.npz
2156,toilet_0373,35,35,37,37,1,1,1,1,samples/002156_toilet_0373.npz
2157,toilet_0374,35,35,26,26,1,1,1,1,samples/002157_toilet_0374.npz
2158,toilet_0375,35,35,26,26,1,1,1,1,samples/002158_toilet_0375.npz
2159,toilet_0376,35,35,14,14,1,1,1,1,samples/002159_toilet_0376.npz
2160,toilet_0377,35,35,8,8,1,1,1,1,samples/002160_toilet_0377.npz
2161,toilet_0378,35,35,38,38,1,1,1,1,samples/002161_toilet_0378.npz
2162,toilet_0379,35,35,37,37,1,1,1,1,samples/002162_toilet_0379.npz
2163,toilet_0380,35,35,14,14,1,1,1,1,samples/002163_toilet_0380.npz
2164,toilet_0381,35,35,8,8,1,1,1,1,samples/002164_toilet_0381.npz
2165,toilet_0382,35,35,8,8,1,1,1,1,samples/002165_toilet_0382.npz
2166,toilet_0383,35,35,14,14,1,1,1,1,samples/002166_toilet_0383.npz
2167,toilet_0384,35,35,23,23,1,1,1,1,samples/002167_toilet_0384.npz
2168,toilet_0385,35,35,14,14,1,1,1,1,samples/002168_toilet_0385.npz
2169,toilet_0386,35,35,29,29,1,1,1,1,samples/002169_toilet_0386.npz
2170,toilet_0387,35,35,5,5,1,1,1,1,samples/002170_toilet_0387.npz
2171,toilet_0388,35,35,36,36,1,1,1,1,samples/002171_toilet_0388.npz
2172,toilet_0389,35,35,1,1,1,1,1,1,samples/002172_toilet_0389.npz
2173,toilet_0390,35,35,15,15,1,1,1,1,samples/002173_toilet_0390.npz
2174,toilet_0391,35,35,23,23,1,1,1,1,samples/002174_toilet_0391.npz
2175,toilet_0392,35,35,32,32,1,1,1,1,samples/002175_toilet_0392.npz
2176,toilet_0393,35,35,8,8,1,1,1,1,samples/002176_toilet_0393.npz
2177,toilet_0394,35,35,26,26,1,1,1,1,samples/002177_toilet_0394.npz
2178,toilet_0395,35,35,37,37,1,1,1,1,samples/002178_toilet_0395.npz
2179,toilet_0396,35,35,27,27,1,1,1,1,samples/002179_toilet_0396.npz
2180,toilet_0397,35,35,15,15,1,1,1,1,samples/002180_toilet_0397.npz
2181,toilet_0398,35,35,14,14,1,1,1,1,samples/002181_toilet_0398.npz
2182,toilet_0399,35,35,14,14,1,1,1,1,samples/002182_toilet_0399.npz
2183,toilet_0400,35,35,5,5,1,1,1,1,samples/002183_toilet_0400.npz
2184,toilet_0401,35,35,8,8,1,1,1,1,samples/002184_toilet_0401.npz
2185,toilet_0402,35,35,23,23,1,1,1,1,samples/002185_toilet_0402.npz
2186,toilet_0403,35,35,21,21,1,1,1,1,samples/002186_toilet_0403.npz
2187,toilet_0404,35,35,37,37,1,1,1,1,samples/002187_toilet_0404.npz
2188,toilet_0405,35,35,15,15,1,1,1,1,samples/002188_toilet_0405.npz
2189,toilet_0406,35,35,8,8,1,1,1,1,samples/002189_toilet_0406.npz
2190,toilet_0407,35,35,8,8,1,1,1,1,samples/002190_toilet_0407.npz
2191,toilet_0408,35,35,14,14,1,1,1,1,samples/002191_toilet_0408.npz
2192,toilet_0409,35,35,8,8,1,1,1,1,samples/002192_toilet_0409.npz
2193,toilet_0410,35,35,37,37,1,1,1,1,samples/002193_toilet_0410.npz
2194,toilet_0411,35,35,26,26,1,1,1,1,samples/002194_toilet_0411.npz
2195,toilet_0412,35,35,37,37,1,1,1,1,samples/002195_toilet_0412.npz
2196,toilet_0413,35,35,27,27,1,1,1,1,samples/002196_toilet_0413.npz
2197,toilet_0414,35,35,8,8,1,1,1,1,samples/002197_toilet_0414.npz
2198,toilet_0415,35,35,15,15,1,1,1,1,samples/002198_toilet_0415.npz
2199,toilet_0416,35,35,37,37,1,1,1,1,samples/002199_toilet_0416.npz
2200,toilet_0417,35,35,14,14,1,1,1,1,samples/002200_toilet_0417.npz
2201,toilet_0418,35,35,29,29,1,1,1,1,samples/002201_toilet_0418.npz
2202,toilet_0419,35,35,8,8,1,1,1,1,samples/002202_toilet_0419.npz
2203,toilet_0420,35,35,15,15,1,1,1,1,samples/002203_toilet_0420.npz
2204,toilet_0421,35,35,26,26,1,1,1,1,samples/002204_toilet_0421.npz
2205,toilet_0422,35,35,5,5,1,1,1,1,samples/002205_toilet_0422.npz
2206,toilet_0423,35,35,2,2,1,1,1,1,samples/002206_toilet_0423.npz
2207,toilet_0424,35,35,15,15,1,1,1,1,samples/002207_toilet_0424.npz
2208,toilet_0425,35,35,36,36,1,1,1,1,samples/002208_toilet_0425.npz
2209,toilet_0426,35,35,36,36,1,1,1,1,samples/002209_toilet_0426.npz
2210,toilet_0427,35,35,8,8,1,1,1,1,samples/002210_toilet_0427.npz
2211,toilet_0428,35,35,5,5,1,1,1,1,samples/002211_toilet_0428.npz
2212,toilet_0429,35,35,26,26,1,1,1,1,samples/002212_toilet_0429.npz
2213,toilet_0430,35,35,8,8,1,1,1,1,samples/002213_toilet_0430.npz
2214,toilet_0431,35,35,37,37,1,1,1,1,samples/002214_toilet_0431.npz
2215,toilet_0432,35,35,14,14,1,1,1,1,samples/002215_toilet_0432.npz
2216,toilet_0433,35,35,26,26,1,1,1,1,samples/002216_toilet_0433.npz
2217,toilet_0434,35,35,15,15,1,1,1,1,samples/002217_toilet_0434.npz
2218,toilet_0435,35,35,37,37,1,1,1,1,samples/002218_toilet_0435.npz
2219,toilet_0436,35,35,36,36,1,1,1,1,samples/002219_toilet_0436.npz
2220,toilet_0437,35,35,38,38,1,1,1,1,samples/002220_toilet_0437.npz
2221,toilet_0438,35,35,37,37,1,1,1,1,samples/002221_toilet_0438.npz
2222,toilet_0439,35,35,8,8,1,1,1,1,samples/002222_toilet_0439.npz
2223,toilet_0440,35,35,36,36,1,1,1,1,samples/002223_toilet_0440.npz
2224,toilet_0441,35,35,8,8,1,1,1,1,samples/002224_toilet_0441.npz
2225,toilet_0442,35,35,37,37,1,1,1,1,samples/002225_toilet_0442.npz
2226,toilet_0443,35,35,8,8,1,1,1,1,samples/002226_toilet_0443.npz
2227,toilet_0444,35,35,26,26,1,1,1,1,samples/002227_toilet_0444.npz
2228,tv_stand_0268,36,36,4,4,1,1,1,1,samples/002228_tv_stand_0268.npz
2229,tv_stand_0269,36,4,4,4,1,0,1,0,samples/002229_tv_stand_0269.npz
2230,tv_stand_0270,36,36,4,4,1,1,1,1,samples/002230_tv_stand_0270.npz
2231,tv_stand_0271,36,36,27,27,1,1,1,1,samples/002231_tv_stand_0271.npz
2232,tv_stand_0272,36,36,3,3,1,1,1,1,samples/002232_tv_stand_0272.npz
2233,tv_stand_0273,36,36,4,4,1,1,1,1,samples/002233_tv_stand_0273.npz
2234,tv_stand_0274,36,36,4,4,1,1,1,1,samples/002234_tv_stand_0274.npz
2235,tv_stand_0275,36,36,4,4,1,1,1,1,samples/002235_tv_stand_0275.npz
2236,tv_stand_0276,36,36,3,3,1,1,1,1,samples/002236_tv_stand_0276.npz
2237,tv_stand_0277,36,36,14,14,1,1,1,1,samples/002237_tv_stand_0277.npz
2238,tv_stand_0278,36,36,3,3,1,1,1,1,samples/002238_tv_stand_0278.npz
2239,tv_stand_0279,36,3,3,3,1,0,1,0,samples/002239_tv_stand_0279.npz
2240,tv_stand_0280,36,36,4,4,1,1,1,1,samples/002240_tv_stand_0280.npz
2241,tv_stand_0281,36,36,23,23,1,1,1,1,samples/002241_tv_stand_0281.npz
2242,tv_stand_0282,36,36,33,33,1,1,1,1,samples/002242_tv_stand_0282.npz
2243,tv_stand_0283,36,36,3,3,1,1,1,1,samples/002243_tv_stand_0283.npz
2244,tv_stand_0284,36,36,34,34,1,1,1,1,samples/002244_tv_stand_0284.npz
2245,tv_stand_0285,36,36,4,4,1,1,1,1,samples/002245_tv_stand_0285.npz
2246,tv_stand_0286,36,36,27,27,1,1,1,1,samples/002246_tv_stand_0286.npz
2247,tv_stand_0287,36,36,33,33,1,1,1,1,samples/002247_tv_stand_0287.npz
2248,tv_stand_0288,36,36,3,3,1,1,1,1,samples/002248_tv_stand_0288.npz
2249,tv_stand_0289,36,36,33,33,1,1,1,1,samples/002249_tv_stand_0289.npz
2250,tv_stand_0290,36,36,14,14,1,1,1,1,samples/002250_tv_stand_0290.npz
2251,tv_stand_0291,36,36,23,23,1,1,1,1,samples/002251_tv_stand_0291.npz
2252,tv_stand_0292,36,36,23,23,1,1,1,1,samples/002252_tv_stand_0292.npz
2253,tv_stand_0293,36,36,4,4,1,1,1,1,samples/002253_tv_stand_0293.npz
2254,tv_stand_0294,36,36,4,4,1,1,1,1,samples/002254_tv_stand_0294.npz
2255,tv_stand_0295,36,36,23,23,1,1,1,1,samples/002255_tv_stand_0295.npz
2256,tv_stand_0296,36,1,1,1,1,0,1,0,samples/002256_tv_stand_0296.npz
2257,tv_stand_0297,36,36,4,4,1,1,1,1,samples/002257_tv_stand_0297.npz
2258,tv_stand_0298,36,36,3,3,1,1,1,1,samples/002258_tv_stand_0298.npz
2259,tv_stand_0299,36,36,3,3,1,1,1,1,samples/002259_tv_stand_0299.npz
2260,tv_stand_0300,36,36,3,3,1,1,1,1,samples/002260_tv_stand_0300.npz
2261,tv_stand_0301,36,36,4,4,1,1,1,1,samples/002261_tv_stand_0301.npz
2262,tv_stand_0302,36,36,3,3,1,1,1,1,samples/002262_tv_stand_0302.npz
2263,tv_stand_0303,36,36,14,14,1,1,1,1,samples/002263_tv_stand_0303.npz
2264,tv_stand_0304,36,36,4,4,1,1,1,1,samples/002264_tv_stand_0304.npz
2265,tv_stand_0305,36,36,15,15,1,1,1,1,samples/002265_tv_stand_0305.npz
2266,tv_stand_0306,36,36,4,4,1,1,1,1,samples/002266_tv_stand_0306.npz
2267,tv_stand_0307,36,36,3,3,1,1,1,1,samples/002267_tv_stand_0307.npz
2268,tv_stand_0308,36,36,23,23,1,1,1,1,samples/002268_tv_stand_0308.npz
2269,tv_stand_0309,36,36,23,23,1,1,1,1,samples/002269_tv_stand_0309.npz
2270,tv_stand_0310,36,36,23,23,1,1,1,1,samples/002270_tv_stand_0310.npz
2271,tv_stand_0311,36,36,23,23,1,1,1,1,samples/002271_tv_stand_0311.npz
2272,tv_stand_0312,36,36,27,27,1,1,1,1,samples/002272_tv_stand_0312.npz
2273,tv_stand_0313,36,36,4,4,1,1,1,1,samples/002273_tv_stand_0313.npz
2274,tv_stand_0314,36,14,14,14,1,0,1,0,samples/002274_tv_stand_0314.npz
2275,tv_stand_0315,36,36,27,27,1,1,1,1,samples/002275_tv_stand_0315.npz
2276,tv_stand_0316,36,36,4,4,1,1,1,1,samples/002276_tv_stand_0316.npz
2277,tv_stand_0317,36,36,23,23,1,1,1,1,samples/002277_tv_stand_0317.npz
2278,tv_stand_0318,36,36,38,38,1,1,1,1,samples/002278_tv_stand_0318.npz
2279,tv_stand_0319,36,36,3,3,1,1,1,1,samples/002279_tv_stand_0319.npz
2280,tv_stand_0320,36,36,16,16,1,1,1,1,samples/002280_tv_stand_0320.npz
2281,tv_stand_0321,36,36,34,34,1,1,1,1,samples/002281_tv_stand_0321.npz
2282,tv_stand_0322,36,36,27,27,1,1,1,1,samples/002282_tv_stand_0322.npz
2283,tv_stand_0323,36,36,4,4,1,1,1,1,samples/002283_tv_stand_0323.npz
2284,tv_stand_0324,36,36,38,38,1,1,1,1,samples/002284_tv_stand_0324.npz
2285,tv_stand_0325,36,36,3,3,1,1,1,1,samples/002285_tv_stand_0325.npz
2286,tv_stand_0326,36,36,23,23,1,1,1,1,samples/002286_tv_stand_0326.npz
2287,tv_stand_0327,36,36,4,4,1,1,1,1,samples/002287_tv_stand_0327.npz
2288,tv_stand_0328,36,36,4,4,1,1,1,1,samples/002288_tv_stand_0328.npz
2289,tv_stand_0329,36,36,4,4,1,1,1,1,samples/002289_tv_stand_0329.npz
2290,tv_stand_0330,36,36,4,4,1,1,1,1,samples/002290_tv_stand_0330.npz
2291,tv_stand_0331,36,36,27,27,1,1,1,1,samples/002291_tv_stand_0331.npz
2292,tv_stand_0332,36,36,27,27,1,1,1,1,samples/002292_tv_stand_0332.npz
2293,tv_stand_0333,36,36,27,27,1,1,1,1,samples/002293_tv_stand_0333.npz
2294,tv_stand_0334,36,3,3,3,1,0,1,0,samples/002294_tv_stand_0334.npz
2295,tv_stand_0335,36,36,14,14,1,1,1,1,samples/002295_tv_stand_0335.npz
2296,tv_stand_0336,36,36,34,34,1,1,1,1,samples/002296_tv_stand_0336.npz
2297,tv_stand_0337,36,36,27,27,1,1,1,1,samples/002297_tv_stand_0337.npz
2298,tv_stand_0338,36,4,4,4,1,0,1,0,samples/002298_tv_stand_0338.npz
2299,tv_stand_0339,36,36,4,4,1,1,1,1,samples/002299_tv_stand_0339.npz
2300,tv_stand_0340,36,36,23,23,1,1,1,1,samples/002300_tv_stand_0340.npz
2301,tv_stand_0341,36,12,12,12,1,0,1,0,samples/002301_tv_stand_0341.npz
2302,tv_stand_0342,36,4,4,4,1,0,1,0,samples/002302_tv_stand_0342.npz
2303,tv_stand_0343,36,36,4,4,1,1,1,1,samples/002303_tv_stand_0343.npz
2304,tv_stand_0344,36,36,12,12,1,1,1,1,samples/002304_tv_stand_0344.npz
2305,tv_stand_0345,36,36,33,33,1,1,1,1,samples/002305_tv_stand_0345.npz
2306,tv_stand_0346,36,36,33,33,1,1,1,1,samples/002306_tv_stand_0346.npz
2307,tv_stand_0347,36,16,16,16,1,0,1,0,samples/002307_tv_stand_0347.npz
2308,tv_stand_0348,36,36,23,23,1,1,1,1,samples/002308_tv_stand_0348.npz
2309,tv_stand_0349,36,36,4,4,1,1,1,1,samples/002309_tv_stand_0349.npz
2310,tv_stand_0350,36,36,4,4,1,1,1,1,samples/002310_tv_stand_0350.npz
2311,tv_stand_0351,36,36,4,4,1,1,1,1,samples/002311_tv_stand_0351.npz
2312,tv_stand_0352,36,36,14,14,1,1,1,1,samples/002312_tv_stand_0352.npz
2313,tv_stand_0353,36,36,4,4,1,1,1,1,samples/002313_tv_stand_0353.npz
2314,tv_stand_0354,36,36,27,27,1,1,1,1,samples/002314_tv_stand_0354.npz
2315,tv_stand_0355,36,22,22,22,1,0,1,0,samples/002315_tv_stand_0355.npz
2316,tv_stand_0356,36,36,4,4,1,1,1,1,samples/002316_tv_stand_0356.npz
2317,tv_stand_0357,36,14,14,14,1,0,1,0,samples/002317_tv_stand_0357.npz
2318,tv_stand_0358,36,36,4,4,1,1,1,1,samples/002318_tv_stand_0358.npz
2319,tv_stand_0359,36,36,4,4,1,1,1,1,samples/002319_tv_stand_0359.npz
2320,tv_stand_0360,36,36,27,27,1,1,1,1,samples/002320_tv_stand_0360.npz
2321,tv_stand_0361,36,36,3,3,1,1,1,1,samples/002321_tv_stand_0361.npz
2322,tv_stand_0362,36,36,4,4,1,1,1,1,samples/002322_tv_stand_0362.npz
2323,tv_stand_0363,36,36,2,2,1,1,1,1,samples/002323_tv_stand_0363.npz
2324,tv_stand_0364,36,36,27,27,1,1,1,1,samples/002324_tv_stand_0364.npz
2325,tv_stand_0365,36,36,4,4,1,1,1,1,samples/002325_tv_stand_0365.npz
2326,tv_stand_0366,36,36,3,3,1,1,1,1,samples/002326_tv_stand_0366.npz
2327,tv_stand_0367,36,36,3,3,1,1,1,1,samples/002327_tv_stand_0367.npz
2328,vase_0476,37,37,15,15,1,1,1,1,samples/002328_vase_0476.npz
2329,vase_0477,37,37,15,15,1,1,1,1,samples/002329_vase_0477.npz
2330,vase_0478,37,37,15,15,1,1,1,1,samples/002330_vase_0478.npz
2331,vase_0479,37,37,15,15,1,1,1,1,samples/002331_vase_0479.npz
2332,vase_0480,37,10,10,10,1,0,1,0,samples/002332_vase_0480.npz
2333,vase_0481,37,37,15,15,1,1,1,1,samples/002333_vase_0481.npz
2334,vase_0482,37,37,15,15,1,1,1,1,samples/002334_vase_0482.npz
2335,vase_0483,37,15,15,15,1,0,1,0,samples/002335_vase_0483.npz
2336,vase_0484,37,37,14,14,1,1,1,1,samples/002336_vase_0484.npz
2337,vase_0485,37,37,34,34,1,1,1,1,samples/002337_vase_0485.npz
2338,vase_0486,37,37,15,15,1,1,1,1,samples/002338_vase_0486.npz
2339,vase_0487,37,37,15,15,1,1,1,1,samples/002339_vase_0487.npz
2340,vase_0488,37,37,15,15,1,1,1,1,samples/002340_vase_0488.npz
2341,vase_0489,37,37,5,5,1,1,1,1,samples/002341_vase_0489.npz
2342,vase_0490,37,10,10,10,1,0,1,0,samples/002342_vase_0490.npz
2343,vase_0491,37,37,5,5,1,1,1,1,samples/002343_vase_0491.npz
2344,vase_0492,37,37,15,15,1,1,1,1,samples/002344_vase_0492.npz
2345,vase_0493,37,37,15,15,1,1,1,1,samples/002345_vase_0493.npz
2346,vase_0494,37,37,5,5,1,1,1,1,samples/002346_vase_0494.npz
2347,vase_0495,37,37,10,10,1,1,1,1,samples/002347_vase_0495.npz
2348,vase_0496,37,37,15,15,1,1,1,1,samples/002348_vase_0496.npz
2349,vase_0497,37,37,15,15,1,1,1,1,samples/002349_vase_0497.npz
2350,vase_0498,37,37,6,6,1,1,1,1,samples/002350_vase_0498.npz
2351,vase_0499,37,37,26,26,1,1,1,1,samples/002351_vase_0499.npz
2352,vase_0500,37,37,15,15,1,1,1,1,samples/002352_vase_0500.npz
2353,vase_0501,37,37,15,15,1,1,1,1,samples/002353_vase_0501.npz
2354,vase_0502,37,37,5,5,1,1,1,1,samples/002354_vase_0502.npz
2355,vase_0503,37,37,15,15,1,1,1,1,samples/002355_vase_0503.npz
2356,vase_0504,37,37,6,6,1,1,1,1,samples/002356_vase_0504.npz
2357,vase_0505,37,37,5,5,1,1,1,1,samples/002357_vase_0505.npz
2358,vase_0506,37,37,26,26,1,1,1,1,samples/002358_vase_0506.npz
2359,vase_0507,37,37,15,15,1,1,1,1,samples/002359_vase_0507.npz
2360,vase_0508,37,5,5,5,1,0,1,0,samples/002360_vase_0508.npz
2361,vase_0509,37,37,5,5,1,1,1,1,samples/002361_vase_0509.npz
2362,vase_0510,37,37,15,15,1,1,1,1,samples/002362_vase_0510.npz
2363,vase_0511,37,37,5,5,1,1,1,1,samples/002363_vase_0511.npz
2364,vase_0512,37,37,15,15,1,1,1,1,samples/002364_vase_0512.npz
2365,vase_0513,37,37,5,5,1,1,1,1,samples/002365_vase_0513.npz
2366,vase_0514,37,37,15,15,1,1,1,1,samples/002366_vase_0514.npz
2367,vase_0515,37,37,26,26,1,1,1,1,samples/002367_vase_0515.npz
2368,vase_0516,37,37,5,5,1,1,1,1,samples/002368_vase_0516.npz
2369,vase_0517,37,37,15,15,1,1,1,1,samples/002369_vase_0517.npz
2370,vase_0518,37,37,15,15,1,1,1,1,samples/002370_vase_0518.npz
2371,vase_0519,37,37,24,24,1,1,1,1,samples/002371_vase_0519.npz
2372,vase_0520,37,37,5,5,1,1,1,1,samples/002372_vase_0520.npz
2373,vase_0521,37,37,15,15,1,1,1,1,samples/002373_vase_0521.npz
2374,vase_0522,37,37,5,5,1,1,1,1,samples/002374_vase_0522.npz
2375,vase_0523,37,15,15,15,1,0,1,0,samples/002375_vase_0523.npz
2376,vase_0524,37,37,15,15,1,1,1,1,samples/002376_vase_0524.npz
2377,vase_0525,37,37,26,26,1,1,1,1,samples/002377_vase_0525.npz
2378,vase_0526,37,37,15,15,1,1,1,1,samples/002378_vase_0526.npz
2379,vase_0527,37,37,15,15,1,1,1,1,samples/002379_vase_0527.npz
2380,vase_0528,37,10,10,10,1,0,1,0,samples/002380_vase_0528.npz
2381,vase_0529,37,37,6,6,1,1,1,1,samples/002381_vase_0529.npz
2382,vase_0530,37,37,11,11,1,1,1,1,samples/002382_vase_0530.npz
2383,vase_0531,37,10,10,10,1,0,1,0,samples/002383_vase_0531.npz
2384,vase_0532,37,37,15,15,1,1,1,1,samples/002384_vase_0532.npz
2385,vase_0533,37,37,15,15,1,1,1,1,samples/002385_vase_0533.npz
2386,vase_0534,37,10,10,10,1,0,1,0,samples/002386_vase_0534.npz
2387,vase_0535,37,37,15,15,1,1,1,1,samples/002387_vase_0535.npz
2388,vase_0536,37,37,15,15,1,1,1,1,samples/002388_vase_0536.npz
2389,vase_0537,37,10,10,10,1,0,1,0,samples/002389_vase_0537.npz
2390,vase_0538,37,37,15,15,1,1,1,1,samples/002390_vase_0538.npz
2391,vase_0539,37,37,15,15,1,1,1,1,samples/002391_vase_0539.npz
2392,vase_0540,37,37,15,15,1,1,1,1,samples/002392_vase_0540.npz
2393,vase_0541,37,37,15,15,1,1,1,1,samples/002393_vase_0541.npz
2394,vase_0542,37,37,15,15,1,1,1,1,samples/002394_vase_0542.npz
2395,vase_0543,37,37,15,15,1,1,1,1,samples/002395_vase_0543.npz
2396,vase_0544,37,37,5,5,1,1,1,1,samples/002396_vase_0544.npz
2397,vase_0545,37,37,15,15,1,1,1,1,samples/002397_vase_0545.npz
2398,vase_0546,37,37,5,5,1,1,1,1,samples/002398_vase_0546.npz
2399,vase_0547,37,15,15,15,1,0,1,0,samples/002399_vase_0547.npz
2400,vase_0548,37,10,10,10,1,0,1,0,samples/002400_vase_0548.npz
2401,vase_0549,37,37,5,5,1,1,1,1,samples/002401_vase_0549.npz
2402,vase_0550,37,37,5,5,1,1,1,1,samples/002402_vase_0550.npz
2403,vase_0551,37,10,10,10,1,0,1,0,samples/002403_vase_0551.npz
2404,vase_0552,37,37,8,8,1,1,1,1,samples/002404_vase_0552.npz
2405,vase_0553,37,6,6,6,1,0,1,0,samples/002405_vase_0553.npz
2406,vase_0554,37,37,15,15,1,1,1,1,samples/002406_vase_0554.npz
2407,vase_0555,37,37,15,15,1,1,1,1,samples/002407_vase_0555.npz
2408,vase_0556,37,37,15,15,1,1,1,1,samples/002408_vase_0556.npz
2409,vase_0557,37,37,28,28,1,1,1,1,samples/002409_vase_0557.npz
2410,vase_0558,37,37,5,5,1,1,1,1,samples/002410_vase_0558.npz
2411,vase_0559,37,10,10,10,1,0,1,0,samples/002411_vase_0559.npz
2412,vase_0560,37,37,34,34,1,1,1,1,samples/002412_vase_0560.npz
2413,vase_0561,37,37,26,26,1,1,1,1,samples/002413_vase_0561.npz
2414,vase_0562,37,37,15,15,1,1,1,1,samples/002414_vase_0562.npz
2415,vase_0563,37,37,15,15,1,1,1,1,samples/002415_vase_0563.npz
2416,vase_0564,37,37,5,5,1,1,1,1,samples/002416_vase_0564.npz
2417,vase_0565,37,37,15,15,1,1,1,1,samples/002417_vase_0565.npz
2418,vase_0566,37,37,15,15,1,1,1,1,samples/002418_vase_0566.npz
2419,vase_0567,37,37,26,26,1,1,1,1,samples/002419_vase_0567.npz
2420,vase_0568,37,5,5,5,1,0,1,0,samples/002420_vase_0568.npz
2421,vase_0569,37,37,15,15,1,1,1,1,samples/002421_vase_0569.npz
2422,vase_0570,37,37,15,15,1,1,1,1,samples/002422_vase_0570.npz
2423,vase_0571,37,37,15,15,1,1,1,1,samples/002423_vase_0571.npz
2424,vase_0572,37,37,10,10,1,1,1,1,samples/002424_vase_0572.npz
2425,vase_0573,37,37,15,15,1,1,1,1,samples/002425_vase_0573.npz
2426,vase_0574,37,37,15,15,1,1,1,1,samples/002426_vase_0574.npz
2427,vase_0575,37,37,15,15,1,1,1,1,samples/002427_vase_0575.npz
2428,wardrobe_0088,38,38,14,14,1,1,1,1,samples/002428_wardrobe_0088.npz
2429,wardrobe_0089,38,38,39,39,1,1,1,1,samples/002429_wardrobe_0089.npz
2430,wardrobe_0090,38,38,4,4,1,1,1,1,samples/002430_wardrobe_0090.npz
2431,wardrobe_0091,38,38,4,4,1,1,1,1,samples/002431_wardrobe_0091.npz
2432,wardrobe_0092,38,38,27,27,1,1,1,1,samples/002432_wardrobe_0092.npz
2433,wardrobe_0093,38,38,39,39,1,1,1,1,samples/002433_wardrobe_0093.npz
2434,wardrobe_0094,38,38,14,14,1,1,1,1,samples/002434_wardrobe_0094.npz
2435,wardrobe_0095,38,4,4,4,1,0,1,0,samples/002435_wardrobe_0095.npz
2436,wardrobe_0096,38,38,39,39,1,1,1,1,samples/002436_wardrobe_0096.npz
2437,wardrobe_0097,38,38,4,4,1,1,1,1,samples/002437_wardrobe_0097.npz
2438,wardrobe_0098,38,14,14,14,1,0,1,0,samples/002438_wardrobe_0098.npz
2439,wardrobe_0099,38,14,14,14,1,0,1,0,samples/002439_wardrobe_0099.npz
2440,wardrobe_0100,38,38,39,39,1,1,1,1,samples/002440_wardrobe_0100.npz
2441,wardrobe_0101,38,38,39,39,1,1,1,1,samples/002441_wardrobe_0101.npz
2442,wardrobe_0102,38,38,27,27,1,1,1,1,samples/002442_wardrobe_0102.npz
2443,wardrobe_0103,38,38,39,39,1,1,1,1,samples/002443_wardrobe_0103.npz
2444,wardrobe_0104,38,38,14,14,1,1,1,1,samples/002444_wardrobe_0104.npz
2445,wardrobe_0105,38,39,39,39,1,0,1,0,samples/002445_wardrobe_0105.npz
2446,wardrobe_0106,38,38,27,27,1,1,1,1,samples/002446_wardrobe_0106.npz
2447,wardrobe_0107,38,38,14,14,1,1,1,1,samples/002447_wardrobe_0107.npz
2448,xbox_0104,39,39,5,5,1,1,1,1,samples/002448_xbox_0104.npz
2449,xbox_0105,39,14,14,14,1,0,1,0,samples/002449_xbox_0105.npz
2450,xbox_0106,39,39,27,27,1,1,1,1,samples/002450_xbox_0106.npz
2451,xbox_0107,39,39,38,38,1,1,1,1,samples/002451_xbox_0107.npz
2452,xbox_0108,39,39,38,38,1,1,1,1,samples/002452_xbox_0108.npz
2453,xbox_0109,39,39,11,11,1,1,1,1,samples/002453_xbox_0109.npz
2454,xbox_0110,39,39,14,14,1,1,1,1,samples/002454_xbox_0110.npz
2455,xbox_0111,39,39,38,38,1,1,1,1,samples/002455_xbox_0111.npz
2456,xbox_0112,39,39,5,5,1,1,1,1,samples/002456_xbox_0112.npz
2457,xbox_0113,39,39,14,14,1,1,1,1,samples/002457_xbox_0113.npz
2458,xbox_0114,39,39,14,14,1,1,1,1,samples/002458_xbox_0114.npz
2459,xbox_0115,39,4,4,4,1,0,1,0,samples/002459_xbox_0115.npz
2460,xbox_0116,39,39,14,14,1,1,1,1,samples/002460_xbox_0116.npz
2461,xbox_0117,39,39,38,38,1,1,1,1,samples/002461_xbox_0117.npz
2462,xbox_0118,39,39,38,38,1,1,1,1,samples/002462_xbox_0118.npz
2463,xbox_0119,39,39,5,5,1,1,1,1,samples/002463_xbox_0119.npz
2464,xbox_0120,39,39,38,38,1,1,1,1,samples/002464_xbox_0120.npz
2465,xbox_0121,39,39,38,38,1,1,1,1,samples/002465_xbox_0121.npz
2466,xbox_0122,39,39,14,14,1,1,1,1,samples/002466_xbox_0122.npz
2467,xbox_0123,39,39,26,26,1,1,1,1,samples/002467_xbox_0123.npz
