index,sample_id,label,adv_pred,success,query_count,mse_l2,linf,chamfer,hausdorff,elapsed_seconds,file
0,airplane_0627,0,2,1,0,0.6934541986663044,0.1600000113248825,0.00022402574541047215,0.027663469314575195,1.6441305465996265,samples/000000_airplane_0627.npz
1,airplane_0628,0,2,1,0,0.7797133687989373,0.1599999964237213,0.0002377771306782961,0.035589396953582764,0.6834784038364887,samples/000001_airplane_0628.npz
2,airplane_0629,0,15,1,0,0.7743800806428438,0.1599999964237213,0.0002549304917920381,0.029227256774902344,0.6472931653261185,samples/000002_airplane_0629.npz
3,airplane_0630,0,20,1,0,1.2058856675791372,0.1599999964237213,0.0004596247454173863,0.043269675225019455,0.6999315023422241,samples/000003_airplane_0630.npz
4,airplane_0631,0,26,1,0,0.7804787357367385,0.1599999964237213,0.0002371926821069792,0.04115757346153259,0.6522968038916588,samples/000004_airplane_0631.npz
5,airplane_0632,0,15,1,0,0.8122699760400461,0.1599999964237213,0.00026813734439201653,0.026726357638835907,0.6551119983196259,samples/000005_airplane_0632.npz
6,airplane_0633,0,26,1,0,0.7786174192740862,0.1599999964237213,0.000252097612246871,0.033173829317092896,0.6479226015508175,samples/000006_airplane_0633.npz
7,airplane_0634,0,26,1,0,0.6734058549708021,0.1599999964237213,0.0002041702246060595,0.03600592911243439,0.6546806655824184,samples/000007_airplane_0634.npz
8,airplane_0635,0,15,1,0,0.9522835973029011,0.1600000262260437,0.00036175877903588116,0.033956050872802734,0.6539016328752041,samples/000008_airplane_0635.npz
9,airplane_0636,0,20,1,0,1.644768414646081,0.1599999964237213,0.000684014055877924,0.051550865173339844,0.6684041991829872,samples/000009_airplane_0636.npz
10,airplane_0637,0,2,1,0,0.7402458089383261,0.1599999964237213,0.00025768406339921057,0.035389333963394165,0.6468596421182156,samples/000010_airplane_0637.npz
11,airplane_0638,0,34,1,0,1.1383497590634137,0.1599999964237213,0.0004262414004188031,0.04244810715317726,0.6518412753939629,samples/000011_airplane_0638.npz
12,airplane_0639,0,30,1,0,0.7555038443997095,0.1599999964237213,0.00022565407562069595,0.04002135992050171,0.6784066185355186,samples/000012_airplane_0639.npz
13,airplane_0640,0,34,1,0,0.8672447701178533,0.15999990701675415,0.0003025250625796616,0.03885495662689209,0.7043358981609344,samples/000013_airplane_0640.npz
14,airplane_0641,0,2,1,0,0.7088360591895513,0.1599999964237213,0.00021392606140580028,0.029702723026275635,0.6499865651130676,samples/000014_airplane_0641.npz
15,airplane_0642,0,20,1,0,1.2869618031673422,0.1600000262260437,0.0005565050523728132,0.041269224137067795,0.6500200293958187,samples/000015_airplane_0642.npz
16,airplane_0643,0,20,1,0,1.185401970493461,0.1599999964237213,0.0004670272464863956,0.046570420265197754,0.6638106517493725,samples/000016_airplane_0643.npz
17,airplane_0644,0,15,1,0,0.7275592673139518,0.1600000262260437,0.00024296712945215404,0.029971003532409668,0.6546885594725609,samples/000017_airplane_0644.npz
18,airplane_0645,0,26,1,0,0.6297263372480137,0.1600000113248825,0.00017746895900927484,0.026476800441741943,0.6602339446544647,samples/000018_airplane_0645.npz
19,airplane_0646,0,20,1,0,1.0793523022463527,0.1599999964237213,0.00039929040940478444,0.04300040006637573,0.6653385125100613,samples/000019_airplane_0646.npz
20,airplane_0647,0,31,1,0,0.8022263025871377,0.1599999964237213,0.0002661722246557474,0.03947955369949341,0.6708267517387867,samples/000020_airplane_0647.npz
21,airplane_0648,0,2,1,0,0.8205940036047656,0.1599999964237213,0.00023160874843597412,0.04029303789138794,0.6730132214725018,samples/000021_airplane_0648.npz
22,airplane_0649,0,26,1,0,0.5277806485527443,0.15999989211559296,0.00011708086094586179,0.021421223878860474,0.6911034099757671,samples/000022_airplane_0649.npz
23,airplane_0650,0,22,1,0,0.779577333850974,0.1599999964237213,0.00025585643015801907,0.036350905895233154,0.6661275401711464,samples/000023_airplane_0650.npz
24,airplane_0651,0,8,1,0,1.2123695396751109,0.1599999964237213,0.0005270101828500628,0.043474674224853516,0.6787085123360157,samples/000024_airplane_0651.npz
25,airplane_0652,0,25,1,0,0.6398225620101253,0.15999996662139893,0.00015628719120286405,0.021752819418907166,0.6919691041111946,samples/000025_airplane_0652.npz
26,airplane_0653,0,2,1,0,1.0629300060778524,0.1600000262260437,0.0003805945161730051,0.03380614519119263,0.6765193901956081,samples/000026_airplane_0653.npz
27,airplane_0654,0,20,1,0,1.4876209506380489,0.1600000262260437,0.0006269696168601513,0.04681265354156494,0.66508799046278,samples/000027_airplane_0654.npz
28,airplane_0655,0,15,1,0,1.0531764756478528,0.1600000113248825,0.0003790453774854541,0.05054497718811035,0.666945330798626,samples/000028_airplane_0655.npz
29,airplane_0656,0,30,1,0,0.7163265982707393,0.1600000262260437,0.00020408726413734257,0.03487849235534668,0.6977643743157387,samples/000029_airplane_0656.npz
30,airplane_0657,0,34,1,0,0.5638765538451515,0.1600000113248825,0.00011000003723893315,0.018046021461486816,0.7042002864181995,samples/000030_airplane_0657.npz
31,airplane_0658,0,26,1,0,0.7244159306604688,0.1599999964237213,0.00022017344599589705,0.03745448589324951,0.7172407358884811,samples/000031_airplane_0658.npz
32,airplane_0659,0,34,1,0,0.8267317153412911,0.1600000262260437,0.0002687553933355957,0.022025197744369507,0.6701041720807552,samples/000032_airplane_0659.npz
33,airplane_0660,0,30,1,0,0.8702479819691095,0.1600000262260437,0.0003227736451663077,0.041651129722595215,0.6614915356040001,samples/000033_airplane_0660.npz
34,airplane_0661,0,26,1,0,0.5487266324505409,0.15999913215637207,0.00013315734395291656,0.022514760494232178,0.6493137553334236,samples/000034_airplane_0661.npz
35,airplane_0662,0,26,1,0,0.35136142384592545,0.15999993681907654,6.156062590889633e-05,0.015148162841796875,0.6525697931647301,samples/000035_airplane_0662.npz
36,airplane_0663,0,6,1,0,1.0248708661076642,0.1599999964237213,0.0003734390193130821,0.0359761081635952,0.654433760792017,samples/000036_airplane_0663.npz
37,airplane_0664,0,8,1,0,0.8853273440165854,0.1600000262260437,0.0003355122171342373,0.04190647602081299,0.6848272792994976,samples/000037_airplane_0664.npz
38,airplane_0665,0,2,1,0,0.6827472677431083,0.1599999964237213,0.00021100451704114676,0.030595511198043823,0.6923597939312458,samples/000038_airplane_0665.npz
39,airplane_0666,0,15,1,0,0.8463665076114112,0.1599999964237213,0.0002701843623071909,0.042407214641571045,0.6644592061638832,samples/000039_airplane_0666.npz
40,airplane_0667,0,22,1,0,1.07485478385123,0.1600000262260437,0.0004293298115953803,0.03678610920906067,0.6590585671365261,samples/000040_airplane_0667.npz
41,airplane_0668,0,25,1,0,0.9192194595606515,0.1599999964237213,0.0003327742451801896,0.0365050733089447,0.6978643462061882,samples/000041_airplane_0668.npz
42,airplane_0669,0,8,1,0,1.0100463240924864,0.1600000262260437,0.0003908470389433205,0.04224877059459686,0.7213461808860302,samples/000042_airplane_0669.npz
43,airplane_0670,0,10,1,0,0.8661792667624371,0.15999996662139893,0.00028966303216293454,0.04270535707473755,0.7022763974964619,samples/000043_airplane_0670.npz
44,airplane_0671,0,26,1,0,0.9101891736800566,0.1600000262260437,0.0003357180976308882,0.043206751346588135,0.7077180184423923,samples/000044_airplane_0671.npz
45,airplane_0672,0,20,1,0,1.1214698399924246,0.1599999964237213,0.0004242696741130203,0.044705986976623535,0.666701041162014,samples/000045_airplane_0672.npz
46,airplane_0673,0,20,1,0,1.102257164596803,0.1600000262260437,0.00037314591463655233,0.0435977578163147,0.7615458890795708,samples/000046_airplane_0673.npz
47,airplane_0674,0,20,1,0,0.6395196450133742,0.1600000262260437,0.0001754108670866117,0.029388606548309326,0.6914213597774506,samples/000047_airplane_0674.npz
48,airplane_0675,0,34,1,0,1.1288907799106271,0.1600000262260437,0.00036497481050901115,0.03615275025367737,0.6927387528121471,samples/000048_airplane_0675.npz
49,airplane_0676,0,15,1,0,0.8675069993640939,0.1600000262260437,0.00028973229927942157,0.028184831142425537,0.6733224391937256,samples/000049_airplane_0676.npz
50,airplane_0677,0,6,1,0,0.6656009804058763,0.15999998152256012,0.00020776795281562954,0.04094451665878296,0.6877546198666096,samples/000050_airplane_0677.npz
51,airplane_0678,0,15,1,0,0.7768350594918858,0.1600000262260437,0.00027002222486771643,0.029599860310554504,0.6786660365760326,samples/000051_airplane_0678.npz
52,airplane_0679,0,26,1,0,0.5664130637975795,0.15999996662139893,0.00013431539991870522,0.016796857118606567,0.6898510754108429,samples/000052_airplane_0679.npz
53,airplane_0680,0,26,1,0,0.5346823494427351,0.1599999964237213,0.0001333588152192533,0.019831568002700806,0.7363732047379017,samples/000053_airplane_0680.npz
54,airplane_0681,0,20,1,0,1.3565759451726458,0.1599999964237213,0.0005955988890491426,0.04516410827636719,0.7250383608043194,samples/000054_airplane_0681.npz
55,airplane_0682,0,15,1,0,0.6649603776134444,0.1599999964237213,0.00020007966668345034,0.023456573486328125,0.7288491651415825,samples/000055_airplane_0682.npz
56,airplane_0683,0,26,1,0,0.705641471275227,0.1600000113248825,0.00025428691878914833,0.030354738235473633,0.6830915287137032,samples/000056_airplane_0683.npz
57,airplane_0684,0,15,1,0,0.9206669214031006,0.15999996662139893,0.00032539901440031826,0.03172796964645386,0.6781079396605492,samples/000057_airplane_0684.npz
58,airplane_0685,0,15,1,0,0.9854932972318641,0.1599999964237213,0.00040704748244024813,0.04234814643859863,0.6847712136805058,samples/000058_airplane_0685.npz
59,airplane_0686,0,31,1,0,0.6891245937266641,0.1599999964237213,0.00017823654343374074,0.040394604206085205,0.7549889907240868,samples/000059_airplane_0686.npz
60,airplane_0687,0,15,1,0,0.8600829849431573,0.1599999964237213,0.00030964615871198475,0.02884519100189209,0.7676769867539406,samples/000060_airplane_0687.npz
61,airplane_0688,0,15,1,0,0.9905525012518045,0.1600000262260437,0.0003803073486778885,0.03402423858642578,0.6737596206367016,samples/000061_airplane_0688.npz
62,airplane_0689,0,15,1,0,0.8357954439336839,0.1600000262260437,0.0003080065653193742,0.02968961000442505,0.661548912525177,samples/000062_airplane_0689.npz
63,airplane_0690,0,26,1,0,0.6946020139639479,0.1599999964237213,0.00021687221305910498,0.03011193871498108,0.678883071988821,samples/000063_airplane_0690.npz
64,airplane_0691,0,26,1,0,0.6616752011179524,0.1599999964237213,0.00021801811817567796,0.024751633405685425,0.6991646885871887,samples/000064_airplane_0691.npz
65,airplane_0692,0,2,1,0,0.7260708529837506,0.15999996662139893,0.00023641056031920016,0.033895671367645264,0.6782158054411411,samples/000065_airplane_0692.npz
66,airplane_0693,0,20,1,0,1.3981143215694205,0.1599999964237213,0.0006096382276155055,0.050700604915618896,0.668752197176218,samples/000066_airplane_0693.npz
67,airplane_0694,0,15,1,0,0.8876558301347526,0.1599999964237213,0.00031095213489606977,0.04508566856384277,0.7260640226304531,samples/000067_airplane_0694.npz
68,airplane_0695,0,15,1,0,0.9084061426472816,0.1600000262260437,0.00032545143039897084,0.03447622060775757,0.6644759252667427,samples/000068_airplane_0695.npz
69,airplane_0696,0,25,1,0,1.1480891808875484,0.15999998152256012,0.0004765930352732539,0.05050137639045715,0.6636075116693974,samples/000069_airplane_0696.npz
70,airplane_0697,0,26,1,0,0.6356939833688021,0.1599999964237213,0.0001695292885415256,0.025676704943180084,0.6640453413128853,samples/000070_airplane_0697.npz
71,airplane_0698,0,25,1,0,1.0172765947691895,0.1600000262260437,0.0003094322746619582,0.04256916046142578,0.6709468923509121,samples/000071_airplane_0698.npz
72,airplane_0699,0,26,1,0,0.6838393832717834,0.1599999964237213,0.00020871110609732568,0.02735564112663269,0.6868030875921249,samples/000072_airplane_0699.npz
73,airplane_0700,0,8,1,0,1.1895801870946927,0.1599999964237213,0.000435234687756747,0.0453660786151886,0.6931464895606041,samples/000073_airplane_0700.npz
74,airplane_0701,0,15,1,0,0.8868088025314352,0.1599999964237213,0.00030922735459171236,0.033507585525512695,0.7182335183024406,samples/000074_airplane_0701.npz
75,airplane_0702,0,31,1,0,1.0797613828032127,0.1600000262260437,0.0004242878931108862,0.047393083572387695,0.7283880449831486,samples/000075_airplane_0702.npz
76,airplane_0703,0,20,1,0,1.0659760246595615,0.15999996662139893,0.0004170209576841444,0.049935221672058105,0.678865198045969,samples/000076_airplane_0703.npz
77,airplane_0704,0,15,1,0,0.9109326108928886,0.15999996662139893,0.0003464047040324658,0.03288090229034424,0.685077503323555,samples/000077_airplane_0704.npz
78,airplane_0705,0,31,1,0,1.010483152948419,0.1600000262260437,0.0003734047641046345,0.043256402015686035,0.6821548528969288,samples/000078_airplane_0705.npz
79,airplane_0706,0,2,1,0,0.3698849666676552,0.15999971330165863,7.092453597579151e-05,0.007612347602844238,0.731712993234396,samples/000079_airplane_0706.npz
80,airplane_0707,0,15,1,0,0.8817283083100013,0.1599999964237213,0.00031036639120429754,0.043691277503967285,0.8166145347058773,samples/000080_airplane_0707.npz
81,airplane_0708,0,15,1,0,0.757039796999464,0.15999996662139893,0.0002572358353063464,0.02631114423274994,0.8559474609792233,samples/000081_airplane_0708.npz
82,airplane_0709,0,34,1,0,0.8543739367815391,0.1599999964237213,0.0002466760342940688,0.03219085931777954,0.7995125614106655,samples/000082_airplane_0709.npz
83,airplane_0710,0,15,1,0,0.8239909666345157,0.1599999964237213,0.00028678454691544175,0.03319418430328369,0.7619476094841957,samples/000083_airplane_0710.npz
84,airplane_0711,0,15,1,0,0.7830957448507626,0.1599999964237213,0.0002473859640303999,0.029823899269104004,0.7582367360591888,samples/000084_airplane_0711.npz
85,airplane_0712,0,3,1,0,0.7519026999472406,0.1599999964237213,0.0002457602240610868,0.04034149646759033,0.7766530625522137,samples/000085_airplane_0712.npz
86,airplane_0713,0,0,0,0,1.9250253118361904,0.1600000262260437,0.0010039431508630514,0.044967472553253174,0.7106412760913372,samples/000086_airplane_0713.npz
87,airplane_0714,0,15,1,0,0.8992568882096952,0.15999996662139893,0.0003398379194550216,0.046897828578948975,0.6805026307702065,samples/000087_airplane_0714.npz
88,airplane_0715,0,25,1,0,0.7418223938612803,0.1600000262260437,0.00023317808518186212,0.04111270606517792,0.7123863287270069,samples/000088_airplane_0715.npz
89,airplane_0716,0,15,1,0,0.6289381173157451,0.1600000113248825,0.00018811011977959424,0.02821400761604309,0.6659847274422646,samples/000089_airplane_0716.npz
90,airplane_0717,0,15,1,0,0.923990618425897,0.1599999964237213,0.0003299946547485888,0.03217834234237671,0.6870630122721195,samples/000090_airplane_0717.npz
91,airplane_0718,0,15,1,0,0.8147603011444292,0.1600000262260437,0.00028574251336976886,0.030013952404260635,0.6953342519700527,samples/000091_airplane_0718.npz
92,airplane_0719,0,2,1,0,0.760879053773417,0.1599999964237213,0.0002551809884607792,0.0308685302734375,0.6871040500700474,samples/000092_airplane_0719.npz
93,airplane_0720,0,26,1,0,0.76868542306931,0.1600000262260437,0.0002352595911361277,0.028347909450531006,0.6855100952088833,samples/000093_airplane_0720.npz
94,airplane_0721,0,20,1,0,1.3679282007574523,0.1600000262260437,0.0005092013161629438,0.050910770893096924,0.694297831505537,samples/000094_airplane_0721.npz
95,airplane_0722,0,8,1,0,1.6288510868968546,0.1600000262260437,0.000850996992085129,0.04713614657521248,0.6612096913158894,samples/000095_airplane_0722.npz
96,airplane_0723,0,2,1,0,0.36507476032028213,0.1599997878074646,5.8580244512995705e-05,0.010492026805877686,0.6472586207091808,samples/000096_airplane_0723.npz
97,airplane_0724,0,26,1,0,0.8105667755257738,0.1599999964237213,0.000253707985393703,0.021965384483337402,0.6617644019424915,samples/000097_airplane_0724.npz
98,airplane_0725,0,15,1,0,1.0531995662020417,0.1599999964237213,0.0004278482811059803,0.04802906513214111,0.707783866673708,samples/000098_airplane_0725.npz
99,airplane_0726,0,26,1,0,0.6224266720291628,0.15999992191791534,0.00017896601639222354,0.0363922119140625,0.7119044698774815,samples/000099_airplane_0726.npz
100,bathtub_0107,1,10,1,0,0.9327259100208691,0.1599999964237213,0.00045995181426405907,0.026864558458328247,0.7127412855625153,samples/000100_bathtub_0107.npz
101,bathtub_0108,1,16,1,0,0.527502396349865,0.1599997878074646,0.00018188789545092732,0.027704566717147827,0.6860654354095459,samples/000101_bathtub_0108.npz
102,bathtub_0109,1,29,1,0,0.33825934143129677,0.15999992191791534,8.520308620063588e-05,0.020627766847610474,0.7098013274371624,samples/000102_bathtub_0109.npz
103,bathtub_0110,1,29,1,0,0.493893957579443,0.15999969840049744,0.00015991146210581064,0.029712319374084473,0.7190775386989117,samples/000103_bathtub_0110.npz
104,bathtub_0111,1,2,1,0,0.3879774733986467,0.15689346194267273,7.756261766189709e-05,0.009965777397155762,0.7145202308893204,samples/000104_bathtub_0111.npz
105,bathtub_0112,1,16,1,0,0.5044933713396207,0.15999868512153625,0.00017692259280011058,0.01997995376586914,0.7405287362635136,samples/000105_bathtub_0112.npz
106,bathtub_0113,1,2,1,0,0.5518131734705868,0.15999984741210938,0.00017417337221559137,0.014598429203033447,0.7217483371496201,samples/000106_bathtub_0113.npz
107,bathtub_0114,1,35,1,0,0.5223033560431415,0.159999817609787,0.0001877002650871873,0.035564303398132324,0.6906024888157845,samples/000107_bathtub_0114.npz
108,bathtub_0115,1,16,1,0,0.7393913098114016,0.15999990701675415,0.00036022489075548947,0.02911996841430664,0.7070644348859787,samples/000108_bathtub_0115.npz
109,bathtub_0116,1,29,1,0,0.8293332965631441,0.1599999964237213,0.0003363424330018461,0.03577280044555664,0.691577635705471,samples/000109_bathtub_0116.npz
110,bathtub_0117,1,6,1,0,3.0908632358376806e-05,3.7550926208496094e-06,2.8594513423740864e-09,1.1920928955078125e-07,0.7206858620047569,samples/000110_bathtub_0117.npz
111,bathtub_0118,1,29,1,0,1.032560079895586,0.1599999964237213,0.0005543394363485277,0.03629869967699051,0.6469099335372448,samples/000111_bathtub_0118.npz
112,bathtub_0119,1,10,1,0,0.6405884569491781,0.15999987721443176,0.00022340485884342343,0.028219357132911682,0.684037234634161,samples/000112_bathtub_0119.npz
113,bathtub_0120,1,2,1,0,0.5695856766930433,0.1599999964237213,0.00018687595729716122,0.02689945697784424,0.6770366504788399,samples/000113_bathtub_0120.npz
114,bathtub_0121,1,2,1,0,0.7538396776286459,0.15999974310398102,0.0003155964077450335,0.01678377389907837,0.6668578758835793,samples/000114_bathtub_0121.npz
115,bathtub_0122,1,6,1,0,0.7313110778438757,0.1600000262260437,0.0003115710860583931,0.01720529794692993,0.6574236191809177,samples/000115_bathtub_0122.npz
116,bathtub_0123,1,2,1,0,0.5180276250390812,0.1599748730659485,0.00014776710304431617,0.016869187355041504,0.6524639464914799,samples/000116_bathtub_0123.npz
117,bathtub_0124,1,16,1,0,0.38798644619672656,0.14652828872203827,0.0001199227845063433,0.014335691928863525,0.6460687220096588,samples/000117_bathtub_0124.npz
118,bathtub_0125,1,2,1,0,0.0020121738511003026,0.0015794634819030762,1.8590071704238653e-09,2.6226043701171875e-06,0.6525226049125195,samples/000118_bathtub_0125.npz
119,bathtub_0126,1,29,1,0,0.8343412810380927,0.1600000113248825,0.00033447169698774815,0.04036104679107666,0.6813197135925293,samples/000119_bathtub_0126.npz
120,bathtub_0127,1,6,1,0,3.9090740477458484e-05,1.395493745803833e-05,3.1632225727662444e-09,1.1920928955078125e-07,0.6697056815028191,samples/000120_bathtub_0127.npz
121,bathtub_0128,1,2,1,0,0.3742444652729108,0.15999773144721985,9.094784036278725e-05,0.015443146228790283,0.7307395115494728,samples/000121_bathtub_0128.npz
122,bathtub_0129,1,34,1,0,0.48027055420694587,0.15999990701675415,0.00015799576067365706,0.02892361581325531,0.6552804037928581,samples/000122_bathtub_0129.npz
123,bathtub_0130,1,2,1,0,0.5010956962768898,0.15999457240104675,0.00014545011799782515,0.017914950847625732,0.6439570896327496,samples/000123_bathtub_0130.npz
124,bathtub_0131,1,2,1,0,0.38813356760953255,0.14316652715206146,9.855562529992312e-05,0.011596322059631348,0.6578566916286945,samples/000124_bathtub_0131.npz
125,bathtub_0132,1,29,1,0,0.7253118025395476,0.1599999964237213,0.0003139346372336149,0.03219045698642731,0.6925367377698421,samples/000125_bathtub_0132.npz
126,bathtub_0133,1,16,1,0,0.8725513869950181,0.15999992191791534,0.0004283956077415496,0.036802567541599274,0.6678605638444424,samples/000126_bathtub_0133.npz
127,bathtub_0134,1,29,1,0,0.3784667346665399,0.15999996662139893,7.63681746320799e-05,0.021960854530334473,0.6909529007971287,samples/000127_bathtub_0134.npz
128,bathtub_0135,1,35,1,0,0.8125451882340842,0.1600000113248825,0.0003616831381805241,0.03689134120941162,0.7133104205131531,samples/000128_bathtub_0135.npz
129,bathtub_0136,1,16,1,0,0.7201991296120702,0.15999996662139893,0.0003193909942638129,0.028929434716701508,0.7082207165658474,samples/000129_bathtub_0136.npz
130,bathtub_0137,1,16,1,0,0.4729985109234208,0.1599999964237213,0.00014539706171490252,0.016575992107391357,0.7131037414073944,samples/000130_bathtub_0137.npz
131,bathtub_0138,1,2,1,0,0.5370089350335311,0.15999987721443176,0.00014222037862055004,0.010275095701217651,0.7240425832569599,samples/000131_bathtub_0138.npz
132,bathtub_0139,1,2,1,0,0.38010243243031533,0.1599999964237213,8.094422082649544e-05,0.009980201721191406,0.8386307545006275,samples/000132_bathtub_0139.npz
133,bathtub_0140,1,6,1,0,0.9021006169913605,0.1600000262260437,0.00039374729385599494,0.040352582931518555,0.8058115094900131,samples/000133_bathtub_0140.npz
134,bathtub_0141,1,12,1,0,0.5871144300231775,0.1599999964237213,0.0001910965220304206,0.024108409881591797,0.7264504097402096,samples/000134_bathtub_0141.npz
135,bathtub_0142,1,2,1,0,0.7881531243596377,0.1599999964237213,0.0002968206536024809,0.030232921242713928,0.7161987535655499,samples/000135_bathtub_0142.npz
136,bathtub_0143,1,29,1,0,1.4098928316458053,0.1600000262260437,0.0008563761366531253,0.036486342549324036,0.674180381000042,samples/000136_bathtub_0143.npz
137,bathtub_0144,1,29,1,0,1.0371000645106447,0.1599999964237213,0.0005507753230631351,0.033705614507198334,0.664271280169487,samples/000137_bathtub_0144.npz
138,bathtub_0145,1,30,1,0,0.5305541965505771,0.15999972820281982,0.00014370607095770538,0.03167015314102173,0.6667094677686691,samples/000138_bathtub_0145.npz
139,bathtub_0146,1,29,1,0,0.7768237804613075,0.1600000262260437,0.0002839549269992858,0.03195524215698242,0.6910241916775703,samples/000139_bathtub_0146.npz
140,bathtub_0147,1,16,1,0,0.6368739167223881,0.1599999964237213,0.0002647230285219848,0.027703076601028442,0.6852932274341583,samples/000140_bathtub_0147.npz
141,bathtub_0148,1,10,1,0,0.9545496783379825,0.1599999964237213,0.0003926942008547485,0.043997928500175476,0.6565802916884422,samples/000141_bathtub_0148.npz
142,bathtub_0149,1,29,1,0,0.499085252669561,0.15999972820281982,0.0001418219762854278,0.02632957696914673,0.6535463258624077,samples/000142_bathtub_0149.npz
143,bathtub_0150,1,10,1,0,1.8383882438756882,0.1600000262260437,0.0012159512843936682,0.047497209161520004,0.6686681397259235,samples/000143_bathtub_0150.npz
144,bathtub_0151,1,29,1,0,0.3879107253983426,0.15999823808670044,0.00011129811173304915,0.027720436453819275,0.7084426060318947,samples/000144_bathtub_0151.npz
145,bathtub_0152,1,2,1,0,0.6028061372234279,0.1599999964237213,0.00019471142149996012,0.035062193870544434,0.7345273420214653,samples/000145_bathtub_0152.npz
146,bathtub_0153,1,29,1,0,0.3879794753731852,0.126835435628891,9.852981747826561e-05,0.010963201522827148,0.7258893735706806,samples/000146_bathtub_0153.npz
147,bathtub_0154,1,29,1,0,0.6640134120076393,0.1600000262260437,0.00023840063659008592,0.023047544062137604,0.6807846650481224,samples/000147_bathtub_0154.npz
148,bathtub_0155,1,6,1,0,0.7772452229690131,0.1599999964237213,0.00032075418857857585,0.028498172760009766,0.6594695970416069,samples/000148_bathtub_0155.npz
149,bathtub_0156,1,2,1,0,0.5699095086056171,0.1459188461303711,0.00021013812511228025,0.018079936504364014,0.6520223692059517,samples/000149_bathtub_0156.npz
150,bed_0516,2,23,1,0,0.48536932315989306,0.1599999964237213,0.00016700095147825778,0.02138751745223999,0.6460051164031029,samples/000150_bed_0516.npz
151,bed_0517,2,3,1,0,0.536502252250043,0.159999817609787,0.00017496268264949322,0.03106054663658142,0.7247042693197727,samples/000151_bed_0517.npz
152,bed_0518,2,1,1,0,0.5038743119875072,0.1599980592727661,0.00013602081162389368,0.016322538256645203,0.7196712791919708,samples/000152_bed_0518.npz
153,bed_0519,2,8,1,0,0.38396841328412806,0.15999284386634827,7.615833601448685e-05,0.007109999656677246,0.6649063117802143,samples/000153_bed_0519.npz
154,bed_0520,2,1,1,0,0.8542843549567101,0.15999998152256012,0.00023835644242353737,0.029301464557647705,0.6630235053598881,samples/000154_bed_0520.npz
155,bed_0521,2,30,1,0,0.7450283192526177,0.1599999964237213,0.00029468085267581046,0.02950155735015869,0.661697369068861,samples/000155_bed_0521.npz
156,bed_0522,2,30,1,0,0.9103679328957374,0.15999996662139893,0.0004346709465608001,0.03131997585296631,0.6620653979480267,samples/000156_bed_0522.npz
157,bed_0523,2,1,1,0,0.5278003834880232,0.14102664589881897,0.00016041315393522382,0.01689356565475464,0.6760188639163971,samples/000157_bed_0523.npz
158,bed_0524,2,0,1,0,1.1790821088368035,0.1600000262260437,0.0006122211925685406,0.03074359893798828,0.6896632499992847,samples/000158_bed_0524.npz
159,bed_0525,2,8,1,0,0.6492869317233531,0.15999996662139893,0.00022859701130073518,0.022722184658050537,0.6887058354914188,samples/000159_bed_0525.npz
160,bed_0526,2,30,1,0,0.7506992835197571,0.15999996662139893,0.00028885866049677134,0.027262791991233826,0.7271240502595901,samples/000160_bed_0526.npz
161,bed_0527,2,16,1,0,0.38798023871327453,0.1445479691028595,0.00010943011147901416,0.008670568466186523,0.7281819619238377,samples/000161_bed_0527.npz
162,bed_0528,2,1,1,0,0.9633043031184748,0.1600000113248825,0.0003904133627656847,0.027987994253635406,0.6943693719804287,samples/000162_bed_0528.npz
163,bed_0529,2,16,1,0,0.6217070736187673,0.15999841690063477,0.00022746040485799313,0.012055575847625732,0.6858538947999477,samples/000163_bed_0529.npz
164,bed_0530,2,20,1,0,0.7742050004155845,0.1599995493888855,0.00034578703343868256,0.02129077911376953,0.6878858245909214,samples/000164_bed_0530.npz
165,bed_0531,2,30,1,0,0.7719792867010233,0.15999996662139893,0.0003403773589525372,0.0336763858795166,0.7225731536746025,samples/000165_bed_0531.npz
166,bed_0532,2,30,1,0,0.6728090292189499,0.15999993681907654,0.00025356689002364874,0.031104862689971924,0.6864744573831558,samples/000166_bed_0532.npz
167,bed_0533,2,20,1,0,0.8262544414845263,0.15999987721443176,0.000355408905306831,0.0312347412109375,0.7323618680238724,samples/000167_bed_0533.npz
168,bed_0534,2,26,1,0,0.3823226402513212,0.15999948978424072,8.727802924113348e-05,0.013608202338218689,0.7159877754747868,samples/000168_bed_0534.npz
169,bed_0535,2,1,1,0,0.8392375177455722,0.15999919176101685,0.0003978833556175232,0.027600467205047607,0.7193992733955383,samples/000169_bed_0535.npz
170,bed_0536,2,29,1,0,0.6653376845703752,0.15999996662139893,0.00021530993399210274,0.028245508670806885,0.6660529188811779,samples/000170_bed_0536.npz
171,bed_0537,2,1,1,0,0.5426627264122394,0.15930937230587006,0.00017333083087578416,0.01387014426290989,0.732884131371975,samples/000171_bed_0537.npz
172,bed_0538,2,8,1,0,0.7454635994772645,0.15999960899353027,0.00032746847136877477,0.028892099857330322,0.7378079071640968,samples/000172_bed_0538.npz
173,bed_0539,2,1,1,0,0.7660533815967714,0.15999937057495117,0.00029941205866634846,0.018467187881469727,0.7069696672260761,samples/000173_bed_0539.npz
174,bed_0540,2,8,1,0,0.7193597197711941,0.15999996662139893,0.0003019519499503076,0.03776758909225464,0.6733437329530716,samples/000174_bed_0540.npz
175,bed_0541,2,30,1,0,1.0147296039620743,0.1600000262260437,0.00045713322469964623,0.03138476610183716,0.6615137234330177,samples/000175_bed_0541.npz
176,bed_0542,2,33,1,0,0.34064099094932365,0.15999989211559296,4.906298272544518e-05,0.0035415291786193848,0.6526135429739952,samples/000176_bed_0542.npz
177,bed_0543,2,8,1,0,0.5276719025992002,0.15999987721443176,0.00016659687389619648,0.029733330011367798,0.6629426255822182,samples/000177_bed_0543.npz
178,bed_0544,2,3,1,0,0.4966154509244907,0.159999817609787,0.00014406422269530594,0.0301629900932312,0.7256477847695351,samples/000178_bed_0544.npz
179,bed_0545,2,8,1,0,0.5113856782280874,0.15999963879585266,0.0001564345438964665,0.01701471209526062,0.6502331495285034,samples/000179_bed_0545.npz
180,bed_0546,2,12,1,0,0.5391857794069496,0.1599997580051422,0.00017274479614570737,0.030053645372390747,0.6528304293751717,samples/000180_bed_0546.npz
181,bed_0547,2,20,1,0,0.5285110058973832,0.15999972820281982,0.00016004806093405932,0.019885241985321045,0.6542503871023655,samples/000181_bed_0547.npz
182,bed_0548,2,8,1,0,0.5730175182413296,0.15999996662139893,0.00019697430252563208,0.033463239669799805,0.6518673710525036,samples/000182_bed_0548.npz
183,bed_0549,2,1,1,0,0.8440351269353399,0.1599999964237213,0.0003235783660784364,0.03167771175503731,0.6511194035410881,samples/000183_bed_0549.npz
184,bed_0550,2,1,1,0,0.5556393301073834,0.1528119146823883,0.00017571471107658,0.01779782772064209,0.6840476281940937,samples/000184_bed_0550.npz
185,bed_0551,2,3,1,0,0.6433305480279895,0.1599999964237213,0.00021173059940338135,0.03298252820968628,0.6491235680878162,samples/000185_bed_0551.npz
186,bed_0552,2,20,1,0,0.518293002204954,0.15999901294708252,0.00014714905410073698,0.02416747808456421,0.6494566574692726,samples/000186_bed_0552.npz
187,bed_0553,2,8,1,0,0.7205833087351455,0.1599999964237213,0.00029614553204737604,0.02891761064529419,0.7007573135197163,samples/000187_bed_0553.npz
188,bed_0554,2,1,1,0,0.8880335097466239,0.1599999964237213,0.0003402388538233936,0.02874547243118286,0.7309088930487633,samples/000188_bed_0554.npz
189,bed_0555,2,1,1,0,0.9019255721888437,0.1599999964237213,0.00038857190520502627,0.023828359320759773,0.7290264740586281,samples/000189_bed_0555.npz
190,bed_0556,2,34,1,0,1.0150171514997512,0.15999984741210938,0.00043672966421581805,0.026405856013298035,0.7612045146524906,samples/000190_bed_0556.npz
191,bed_0557,2,8,1,0,0.545275932058715,0.1599999964237213,0.00016525416867807508,0.02301323413848877,0.7115452699363232,samples/000191_bed_0557.npz
192,bed_0558,2,1,1,0,0.7703729373675873,0.1600000262260437,0.00029416242614388466,0.03504520654678345,0.6789855659008026,samples/000192_bed_0558.npz
193,bed_0559,2,8,1,0,0.5488814399317984,0.15999940037727356,0.00017615930119063705,0.02395075559616089,0.670079667121172,samples/000193_bed_0559.npz
194,bed_0560,2,30,1,0,0.5309363799843922,0.15999990701675415,0.00014229891530703753,0.009738326072692871,0.6440997458994389,samples/000194_bed_0560.npz
195,bed_0561,2,30,1,0,0.8229748437734442,0.1600000262260437,0.00035252608358860016,0.03454315662384033,0.6642709411680698,samples/000195_bed_0561.npz
196,bed_0562,2,33,1,0,0.5478590082488788,0.15999996662139893,0.00017424981342628598,0.021572887897491455,0.667641494423151,samples/000196_bed_0562.npz
197,bed_0563,2,16,1,0,1.2935067984834012,0.1599999964237213,0.0006537783774547279,0.035143449902534485,0.6717653535306454,samples/000197_bed_0563.npz
198,bed_0564,2,33,1,0,0.48839664621519685,0.1599999964237213,0.00011718543828465044,0.018581151962280273,0.6603669077157974,samples/000198_bed_0564.npz
199,bed_0565,2,8,1,0,0.658621488102433,0.1599999964237213,0.00026457675267010927,0.042983949184417725,0.7008508294820786,samples/000199_bed_0565.npz
200,bed_0566,2,1,1,0,0.6639147425804381,0.15999987721443176,0.00023047663853503764,0.031130611896514893,0.6497478224337101,samples/000200_bed_0566.npz
201,bed_0567,2,1,1,0,0.4966477207182806,0.15999986231327057,0.00015185691881924868,0.021460890769958496,0.6469915546476841,samples/000201_bed_0567.npz
202,bed_0568,2,1,1,0,1.202954267797911,0.1600000113248825,0.0005983977462165058,0.04514053463935852,0.666988093405962,samples/000202_bed_0568.npz
203,bed_0569,2,8,1,0,0.5360358103565541,0.15999996662139893,0.0001910043938551098,0.02830958366394043,0.658439788967371,samples/000203_bed_0569.npz
204,bed_0570,2,8,1,0,0.6483485149315643,0.1600000262260437,0.0002421441749902442,0.028700590133666992,0.6527227647602558,samples/000204_bed_0570.npz
205,bed_0571,2,30,1,0,0.5821230323161101,0.1599999964237213,0.00019615647033788264,0.026791930198669434,0.671865701675415,samples/000205_bed_0571.npz
206,bed_0572,2,12,1,0,0.6200781742349215,0.15999960899353027,0.00018571785767562687,0.02982109785079956,0.6993925347924232,samples/000206_bed_0572.npz
207,bed_0573,2,30,1,0,0.5641292381960006,0.15999996662139893,0.00019997650815639645,0.0358349084854126,0.6593459323048592,samples/000207_bed_0573.npz
208,bed_0574,2,1,1,0,0.9679534005709965,0.1599999964237213,0.00044541165698319674,0.028628043830394745,0.6550230607390404,samples/000208_bed_0574.npz
209,bed_0575,2,30,1,0,0.5968468177593135,0.15999996662139893,0.00019301431893836707,0.02813763916492462,0.7233208641409874,samples/000209_bed_0575.npz
210,bed_0576,2,8,1,0,0.38496248660073473,0.15999925136566162,0.0001082659000530839,0.017133712768554688,0.7563787698745728,samples/000210_bed_0576.npz
211,bed_0577,2,30,1,0,0.6307226924632214,0.1599997580051422,0.00023632802185602486,0.03039926290512085,0.7343520075082779,samples/000211_bed_0577.npz
212,bed_0578,2,1,1,0,0.8678153574604249,0.15999969840049744,0.00034285738365724683,0.035468701273202896,0.7366905249655247,samples/000212_bed_0578.npz
213,bed_0579,2,1,1,0,1.113361074697819,0.1600000262260437,0.0005156174884177744,0.029602626338601112,0.7511877939105034,samples/000213_bed_0579.npz
214,bed_0580,2,30,1,0,0.33748208965356224,0.1599999964237213,6.274263432715088e-05,0.02703949064016342,0.7920725680887699,samples/000214_bed_0580.npz
215,bed_0581,2,34,1,0,0.8733259433483421,0.1599999964237213,0.00029749461100436747,0.01918160915374756,0.7280834764242172,samples/000215_bed_0581.npz
216,bed_0582,2,16,1,0,0.7656067729259479,0.15999993681907654,0.00032547060982324183,0.018170952796936035,0.6977653503417969,samples/000216_bed_0582.npz
217,bed_0583,2,1,1,0,0.8469734870117505,0.1599999964237213,0.0003460198058746755,0.023890934884548187,0.8063064068555832,samples/000217_bed_0583.npz
218,bed_0584,2,30,1,0,0.8051555624066317,0.15999972820281982,0.0003223042585887015,0.03196525573730469,0.7047760523855686,samples/000218_bed_0584.npz
219,bed_0585,2,1,1,0,0.6802315671982653,0.1569393128156662,0.00027400179533287883,0.011270660907030106,0.6775338687002659,samples/000219_bed_0585.npz
220,bed_0586,2,1,1,0,0.525726912696269,0.15999995172023773,0.0001453159929951653,0.012442052364349365,0.7008750103414059,samples/000220_bed_0586.npz
221,bed_0587,2,16,1,0,1.2004862992070089,0.1599999964237213,0.0005879412638023496,0.02624666690826416,0.6865978538990021,samples/000221_bed_0587.npz
222,bed_0588,2,1,1,0,0.7677203621735009,0.1599999964237213,0.0002899126266129315,0.02997836470603943,0.6800376661121845,samples/000222_bed_0588.npz
223,bed_0589,2,1,1,0,0.897586917440677,0.1599999964237213,0.00036396831274032593,0.024011652916669846,0.6832753904163837,samples/000223_bed_0589.npz
224,bed_0590,2,16,1,0,0.5524905647684779,0.15999995172023773,0.00016891953418962657,0.022382140159606934,0.7031925357878208,samples/000224_bed_0590.npz
225,bed_0591,2,8,1,0,0.6236104897297985,0.1599999964237213,0.00024786070571281016,0.027788102626800537,0.6799419522285461,samples/000225_bed_0591.npz
226,bed_0592,2,30,1,0,0.4231285307002989,0.1599999964237213,0.00011640604498097673,0.020773708820343018,0.7236218899488449,samples/000226_bed_0592.npz
227,bed_0593,2,8,1,0,0.7617152287328466,0.1600000262260437,0.0003445439215283841,0.04496580362319946,0.7310293205082417,samples/000227_bed_0593.npz
228,bed_0594,2,16,1,0,1.0557680740426274,0.15999996662139893,0.0005275800358504057,0.03637067228555679,0.7467230409383774,samples/000228_bed_0594.npz
229,bed_0595,2,16,1,0,0.4589234331944915,0.15999996662139893,0.00012090092786820605,0.015841126441955566,0.7599615044891834,samples/000229_bed_0595.npz
230,bed_0596,2,30,1,0,0.6904453453867583,0.15999576449394226,0.00023762043565511703,0.01639997959136963,0.7642121464014053,samples/000230_bed_0596.npz
231,bed_0597,2,1,1,0,0.8380993136367746,0.15999996662139893,0.00031625572592020035,0.02183903567492962,0.7236818931996822,samples/000231_bed_0597.npz
232,bed_0598,2,6,1,0,0.00013269359963809888,0.00010830163955688477,3.1268427846953273e-09,2.384185791015625e-07,0.7603240758180618,samples/000232_bed_0598.npz
233,bed_0599,2,16,1,0,0.6980169079564937,0.159999817609787,0.00024677731562405825,0.021276503801345825,0.7389894686639309,samples/000233_bed_0599.npz
234,bed_0600,2,1,1,0,0.8559486662939584,0.1599999964237213,0.0003219913924112916,0.01836484856903553,0.7693165205419064,samples/000234_bed_0600.npz
235,bed_0601,2,20,1,0,1.175030807842,0.1600000262260437,0.0006177767063491046,0.03280269354581833,0.7029763609170914,samples/000235_bed_0601.npz
236,bed_0602,2,8,1,0,0.6466893565504368,0.15999996662139893,0.0002262815978610888,0.019134819507598877,0.6783548146486282,samples/000236_bed_0602.npz
237,bed_0603,2,3,1,0,0.5439359914094031,0.1599973440170288,0.0001794549316400662,0.030375361442565918,0.6753748618066311,samples/000237_bed_0603.npz
238,bed_0604,2,16,1,0,0.0020221594031345092,0.0015295743942260742,4.096364136785269e-09,2.384185791015625e-06,0.6735807582736015,samples/000238_bed_0604.npz
239,bed_0605,2,20,1,0,0.8085142179435055,0.15999993681907654,0.0003551665286067873,0.032189033925533295,0.7268435098230839,samples/000239_bed_0605.npz
240,bed_0606,2,25,1,0,0.5901579304338669,0.1599999964237213,0.0002122548030456528,0.017225876450538635,0.7116614542901516,samples/000240_bed_0606.npz
241,bed_0607,2,16,1,0,0.8071128165135035,0.15999996662139893,0.0003324423742014915,0.028485100716352463,0.7090965583920479,samples/000241_bed_0607.npz
242,bed_0608,2,1,1,0,1.1327426231142388,0.1599999964237213,0.0005159135907888412,0.03141249716281891,0.7101251929998398,samples/000242_bed_0608.npz
243,bed_0609,2,1,1,0,1.035273376172367,0.1599999964237213,0.0004807877412531525,0.03076399676501751,0.6839248798787594,samples/000243_bed_0609.npz
244,bed_0610,2,30,1,0,0.7861469907252118,0.1599999964237213,0.0003572248970158398,0.037190794944763184,0.7105803675949574,samples/000244_bed_0610.npz
245,bed_0611,2,34,1,0,0.510917611566233,0.14829635620117188,0.000180962510057725,0.014760449528694153,0.7002793736755848,samples/000245_bed_0611.npz
246,bed_0612,2,1,1,0,0.5107410569479339,0.15999996662139893,0.0001637239765841514,0.029871344566345215,0.7103448957204819,samples/000246_bed_0612.npz
247,bed_0613,2,8,1,0,0.7896002646034168,0.1599999964237213,0.0003493710537441075,0.04238879680633545,0.6730993762612343,samples/000247_bed_0613.npz
248,bed_0614,2,23,1,0,0.4896351849375831,0.15999963879585266,0.0001603988785063848,0.019025087356567383,0.6678189598023891,samples/000248_bed_0614.npz
249,bed_0615,2,34,1,0,0.825365985623555,0.1599999964237213,0.0003222990781068802,0.033387720584869385,0.6826138272881508,samples/000249_bed_0615.npz
250,bench_0174,3,36,1,0,0.5151676186790153,0.15999990701675415,0.00015881813305895776,0.014752119779586792,0.688295915722847,samples/000250_bench_0174.npz
251,bench_0175,3,36,1,0,0.00022400494098170624,0.00012367963790893555,-3.157765604555607e-09,2.384185791015625e-07,0.7263768017292023,samples/000251_bench_0175.npz
252,bench_0176,3,21,1,0,0.4397400745688958,0.1599999964237213,9.879920253297314e-05,0.0137711763381958,0.6660681590437889,samples/000252_bench_0176.npz
253,bench_0177,3,30,1,0,0.3880917854425228,0.12945467233657837,7.995764462975785e-05,0.012205183506011963,0.6626114659011364,samples/000253_bench_0177.npz
254,bench_0178,3,21,1,0,0.5463877823642882,0.15999995172023773,0.00017555602244101465,0.014671117067337036,0.6919014900922775,samples/000254_bench_0178.npz
255,bench_0179,3,21,1,0,0.5639745141723655,0.15999998152256012,0.00017498282250016928,0.027457743883132935,0.7107940092682838,samples/000255_bench_0179.npz
256,bench_0180,3,25,1,0,0.3880762491615134,0.10391753911972046,9.771499026101083e-05,0.0072160810232162476,0.6874741464853287,samples/000256_bench_0180.npz
257,bench_0181,3,20,1,0,0.5428327486151987,0.15999960899353027,0.0001445454836357385,0.01750338077545166,0.6777888052165508,samples/000257_bench_0181.npz
258,bench_0182,3,8,1,0,0.5988255450348043,0.15999829769134521,0.00019016681471839547,0.019065171480178833,0.7013726085424423,samples/000258_bench_0182.npz
259,bench_0183,3,8,1,0,0.562116869942096,0.15999895334243774,0.0001891318679554388,0.019208073616027832,0.6810767166316509,samples/000259_bench_0183.npz
260,bench_0184,3,23,1,0,0.008485239078947498,0.004913032054901123,6.95767994329799e-08,2.4139881134033203e-05,0.6983743943274021,samples/000260_bench_0184.npz
261,bench_0185,3,21,1,0,0.8256623340398558,0.1599999964237213,0.0003013406239915639,0.029235653579235077,0.6679310612380505,samples/000261_bench_0185.npz
262,bench_0186,3,36,1,0,0.5845704152278892,0.1599997580051422,0.00018229162378702313,0.02505481243133545,0.6988003440201283,samples/000262_bench_0186.npz
263,bench_0187,3,36,1,0,0.5160487774371988,0.15999941527843475,0.00015115809219423681,0.023044496774673462,0.6958559155464172,samples/000263_bench_0187.npz
264,bench_0188,3,33,1,0,0.001506042645785575,0.0010312199592590332,3.483364707790315e-09,1.1324882507324219e-06,0.7376554012298584,samples/000264_bench_0188.npz
265,bench_0189,3,36,1,0,0.9144679906289414,0.1599999964237213,0.00037983039510436356,0.03166501224040985,0.7193007953464985,samples/000265_bench_0189.npz
266,bench_0190,3,2,1,0,0.511568258447692,0.1599999964237213,0.0001330037775915116,0.015853773802518845,0.6658924110233784,samples/000266_bench_0190.npz
267,bench_0191,3,30,1,0,0.000777935236075547,0.0004270970821380615,1.4842953532934189e-09,3.5762786865234375e-07,0.6470636278390884,samples/000267_bench_0191.npz
268,bench_0192,3,20,1,0,0.5276874058262625,0.15999990701675415,0.00017746291996445507,0.01805335283279419,0.6536806114017963,samples/000268_bench_0192.npz
269,bench_0193,3,31,1,0,0.002799946581007116,0.0015471577644348145,7.657945388928056e-09,4.172325134277344e-06,0.6533713117241859,samples/000269_bench_0193.npz
270,bookshelf_0573,4,38,1,0,0.7780058930481523,0.15999987721443176,0.00029428134439513087,0.020572341978549957,0.6595018282532692,samples/000270_bookshelf_0573.npz
271,bookshelf_0574,4,38,1,0,0.5547583024412374,0.14380304515361786,0.00017395170289091766,0.011029809713363647,0.6539838463068008,samples/000271_bookshelf_0574.npz
272,bookshelf_0575,4,38,1,0,0.6803597381550879,0.15999962389469147,0.0002519058180041611,0.013315089046955109,0.68503063544631,samples/000272_bookshelf_0575.npz
273,bookshelf_0576,4,36,1,0,0.5840181768324713,0.15208730101585388,0.00022090156562626362,0.01631641387939453,0.6732089221477509,samples/000273_bookshelf_0576.npz
274,bookshelf_0577,4,13,1,0,0.5585871342620687,0.13858050107955933,0.00015475644613616168,0.009157657623291016,0.684667281806469,samples/000274_bookshelf_0577.npz
275,bookshelf_0578,4,11,1,0,0.5306513161755332,0.15999922156333923,0.00012370492913760245,0.014761715196073055,0.6481716968119144,samples/000275_bookshelf_0578.npz
276,bookshelf_0579,4,38,1,0,0.5699093909461794,0.1599999964237213,0.00017659661534707993,0.019305452704429626,0.7113698162138462,samples/000276_bookshelf_0579.npz
277,bookshelf_0580,4,38,1,0,0.0007844758936282717,0.00046640634536743164,1.013177097775042e-09,4.76837158203125e-07,0.6529345102608204,samples/000277_bookshelf_0580.npz
278,bookshelf_0581,4,38,1,0,0.9814576560994998,0.1599999964237213,0.0004446710809133947,0.017871221527457237,0.6543931812047958,samples/000278_bookshelf_0581.npz
279,bookshelf_0582,4,19,1,0,0.6849153005833347,0.15999971330165863,0.00020437735656742007,0.015865705907344818,0.7120692059397697,samples/000279_bookshelf_0582.npz
280,bookshelf_0583,4,38,1,0,0.6495130649908875,0.1600000113248825,0.00019958335906267166,0.016064196825027466,0.686854500323534,samples/000280_bookshelf_0583.npz
281,bookshelf_0584,4,13,1,0,0.38797891366914145,0.158644437789917,5.0752969400491565e-05,0.003688700497150421,0.6707693338394165,samples/000281_bookshelf_0584.npz
282,bookshelf_0585,4,36,1,0,0.3879594119527129,0.13161391019821167,0.00010306185868103057,0.01374998688697815,0.6617718003690243,samples/000282_bookshelf_0585.npz
283,bookshelf_0586,4,13,1,0,0.5435687256239738,0.15292933583259583,0.00017726793885231018,0.011341392993927002,0.6426604650914669,samples/000283_bookshelf_0586.npz
284,bookshelf_0587,4,38,1,0,0.52751265046241,0.15999984741210938,0.00014561275020241737,0.016255617141723633,0.6903352290391922,samples/000284_bookshelf_0587.npz
285,bookshelf_0588,4,38,1,0,0.7254159864389238,0.15999974310398102,0.00024527354980818927,0.0119636170566082,0.6895822621881962,samples/000285_bookshelf_0588.npz
286,bookshelf_0589,4,23,1,0,0.0078053481271936785,0.003578662872314453,5.952460924163461e-08,1.6570091247558594e-05,0.6637171916663647,samples/000286_bookshelf_0589.npz
287,bookshelf_0590,4,38,1,0,0.8556025152268429,0.15999965369701385,0.00027276872424408793,0.021757513284683228,0.6627302281558514,samples/000287_bookshelf_0590.npz
288,bookshelf_0591,4,38,1,0,0.6699840861537191,0.15576526522636414,0.0002380187506787479,0.013365328311920166,0.6667281985282898,samples/000288_bookshelf_0591.npz
289,bookshelf_0592,4,13,1,0,0.003928169054583038,0.002551734447479248,1.7106685845647007e-08,6.794929504394531e-06,0.7257111109793186,samples/000289_bookshelf_0592.npz
290,bookshelf_0593,4,38,1,0,0.7822359348835753,0.1599999964237213,0.0002319278137292713,0.014768406748771667,0.6800155900418758,samples/000290_bookshelf_0593.npz
291,bookshelf_0594,4,38,1,0,0.7325069225524475,0.1599999964237213,0.0002876179642044008,0.012943565845489502,0.68397281691432,samples/000291_bookshelf_0594.npz
292,bookshelf_0595,4,38,1,0,0.5338269660967274,0.13963758945465088,0.00015754697960801423,0.005751907825469971,0.7132605314254761,samples/000292_bookshelf_0595.npz
293,bookshelf_0596,4,19,1,0,0.6837596256094638,0.15999989211559296,0.00020383231458254158,0.018236316740512848,0.6773370429873466,samples/000293_bookshelf_0596.npz
294,bookshelf_0597,4,38,1,0,0.644821067154153,0.1522682011127472,0.00020102653070352972,0.01279228925704956,0.6909406371414661,samples/000294_bookshelf_0597.npz
295,bookshelf_0598,4,38,1,0,0.6823083727492429,0.1599999964237213,0.00021616945741698146,0.01657160185277462,0.7492290772497654,samples/000295_bookshelf_0598.npz
296,bookshelf_0599,4,19,1,0,0.667686001011902,0.1599999964237213,0.00018363540584687144,0.014800190925598145,0.7019753940403461,samples/000296_bookshelf_0599.npz
297,bookshelf_0600,4,38,1,0,0.7945972876547842,0.1599999964237213,0.000258622836554423,0.01777207851409912,0.7004369683563709,samples/000297_bookshelf_0600.npz
298,bookshelf_0601,4,38,1,0,0.8673186331912355,0.15999996662139893,0.00030885025626048446,0.01774086244404316,0.7104676328599453,samples/000298_bookshelf_0601.npz
299,bookshelf_0602,4,38,1,0,0.5444091517688215,0.15218797326087952,0.00016205318388529122,0.013404659926891327,0.695293165743351,samples/000299_bookshelf_0602.npz
300,bookshelf_0603,4,38,1,0,0.5261957813091109,0.15999992191791534,0.0001557122013764456,0.015596956014633179,0.6878905408084393,samples/000300_bookshelf_0603.npz
301,bookshelf_0604,4,38,1,0,0.691993237913725,0.15999992191791534,0.0002480661787558347,0.01620262861251831,0.6929861903190613,samples/000301_bookshelf_0604.npz
302,bookshelf_0605,4,38,1,0,0.6593928691738775,0.1600000113248825,0.00018373069178778678,0.02477632462978363,0.6944408565759659,samples/000302_bookshelf_0605.npz
303,bookshelf_0606,4,38,1,0,0.706829832693122,0.1599999964237213,0.00021537000429816544,0.015529230237007141,0.7021546252071857,samples/000303_bookshelf_0606.npz
304,bookshelf_0607,4,38,1,0,0.48787589986309127,0.15309551358222961,0.00015004025772213936,0.012141633778810501,0.7046848125755787,samples/000304_bookshelf_0607.npz
305,bookshelf_0608,4,38,1,0,0.6836828664184474,0.15999922156333923,0.0001988426229218021,0.012296106666326523,0.7186519205570221,samples/000305_bookshelf_0608.npz
306,bookshelf_0609,4,38,1,0,0.5105327884449848,0.15999986231327057,0.0001643565483391285,0.005918934941291809,0.6974437050521374,samples/000306_bookshelf_0609.npz
307,bookshelf_0610,4,38,1,0,0.6574670201540864,0.11022787541151047,0.0002623064210638404,0.008870232850313187,0.689816202968359,samples/000307_bookshelf_0610.npz
308,bookshelf_0611,4,38,1,0,0.5812119279206033,0.1599995195865631,0.00020961782138329,0.01502198725938797,0.7188686579465866,samples/000308_bookshelf_0611.npz
309,bookshelf_0612,4,38,1,0,0.7358226710836243,0.1599999964237213,0.0002573092933744192,0.012918710708618164,0.6771185994148254,samples/000309_bookshelf_0612.npz
310,bookshelf_0613,4,38,1,0,0.669045367032676,0.15974196791648865,0.00024323184334207326,0.008437244221568108,0.7432243600487709,samples/000310_bookshelf_0613.npz
311,bookshelf_0614,4,21,1,0,0.37648823587496466,0.15999995172023773,6.556404696311802e-05,0.005762461572885513,0.7635897621512413,samples/000311_bookshelf_0614.npz
312,bookshelf_0615,4,38,1,0,0.6640056024747352,0.15999987721443176,0.00023452258028555661,0.013168849050998688,0.6533622145652771,samples/000312_bookshelf_0615.npz
313,bookshelf_0616,4,38,1,0,0.6674783144332176,0.15999993681907654,0.0002175226400140673,0.013208884745836258,0.6683810763061047,samples/000313_bookshelf_0616.npz
314,bookshelf_0617,4,39,1,0,0.5122244280105414,0.14399021863937378,0.0001282034208998084,0.007612757384777069,0.6793262101709843,samples/000314_bookshelf_0617.npz
315,bookshelf_0618,4,38,1,0,0.5298321188929979,0.13180327415466309,0.00017147816834039986,0.011790215969085693,0.676872693002224,samples/000315_bookshelf_0618.npz
316,bookshelf_0619,4,38,1,0,0.5780432875339276,0.15999925136566162,0.00015147538215387613,0.012664318084716797,0.6897349990904331,samples/000316_bookshelf_0619.npz
317,bookshelf_0620,4,38,1,0,0.6434235156940237,0.1599999964237213,0.00019825140770990402,0.009427204728126526,0.7003251612186432,samples/000317_bookshelf_0620.npz
318,bookshelf_0621,4,38,1,0,0.5730619650884131,0.1599999964237213,0.0001484824751969427,0.01655532419681549,0.708427369594574,samples/000318_bookshelf_0621.npz
319,bookshelf_0622,4,38,1,0,0.6669191178026509,0.15999995172023773,0.00019922817591577768,0.016756413504481316,0.6970242410898209,samples/000319_bookshelf_0622.npz
320,bookshelf_0623,4,38,1,0,0.8105574273950712,0.15731927752494812,0.000262368906987831,0.018227890133857727,0.6937784142792225,samples/000320_bookshelf_0623.npz
321,bookshelf_0624,4,38,1,0,0.8574040873774464,0.15999995172023773,0.0003146093513350934,0.017946813255548477,0.7352634929120541,samples/000321_bookshelf_0624.npz
322,bookshelf_0625,4,38,1,0,0.7983670851233154,0.1600000113248825,0.0002715333830565214,0.02159682661294937,0.7122706398367882,samples/000322_bookshelf_0625.npz
323,bookshelf_0626,4,37,1,0,0.003830954777208432,0.0023109912872314453,1.6823889836814487e-08,6.67572021484375e-06,0.6977921612560749,samples/000323_bookshelf_0626.npz
324,bookshelf_0627,4,38,1,0,0.7744379220295935,0.1600000113248825,0.0002818116045091301,0.015203017741441727,0.7298459149897099,samples/000324_bookshelf_0627.npz
325,bookshelf_0628,4,38,1,0,0.6957028289914238,0.15999998152256012,0.00022743534645996988,0.010265469551086426,0.7475451976060867,samples/000325_bookshelf_0628.npz
326,bookshelf_0629,4,15,1,0,0.4739166667634819,0.15998169779777527,0.00014082914276514202,0.01400505006313324,0.6782918833196163,samples/000326_bookshelf_0629.npz
327,bookshelf_0630,4,38,1,0,0.3821616576246774,0.1599999964237213,9.149247489403933e-05,0.006669174879789352,0.6884341053664684,samples/000327_bookshelf_0630.npz
328,bookshelf_0631,4,38,1,0,0.009876214753367616,0.003033936023712158,9.7898009698838e-08,1.2814998626708984e-05,0.7236430309712887,samples/000328_bookshelf_0631.npz
329,bookshelf_0632,4,38,1,0,0.6373132376019843,0.1599999964237213,0.00017213421233464032,0.013118326663970947,0.7986825034022331,samples/000329_bookshelf_0632.npz
330,bookshelf_0633,4,38,1,0,0.38797724295487135,0.1320212185382843,9.688483987702057e-05,0.01393824815750122,0.7653434909880161,samples/000330_bookshelf_0633.npz
331,bookshelf_0634,4,38,1,0,0.5256817163741795,0.15999986231327057,0.00015567729133181274,0.013672351837158203,0.7096063122153282,samples/000331_bookshelf_0634.npz
332,bookshelf_0635,4,38,1,0,0.7871691962670007,0.1600000113248825,0.00028332462534308434,0.0178365558385849,0.7550601847469807,samples/000332_bookshelf_0635.npz
333,bookshelf_0636,4,15,1,0,0.7055032880065722,0.1599999964237213,0.00027124484768137336,0.01607954502105713,0.744024109095335,samples/000333_bookshelf_0636.npz
334,bookshelf_0637,4,36,1,0,0.7754976117099163,0.1599999964237213,0.0002737729228101671,0.017056703567504883,0.7195598036050797,samples/000334_bookshelf_0637.npz
335,bookshelf_0638,4,38,1,0,0.6534797234486986,0.15999996662139893,0.0002098121476592496,0.014885224401950836,0.689004722982645,samples/000335_bookshelf_0638.npz
336,bookshelf_0639,4,38,1,0,0.8229158779736051,0.1599999964237213,0.0002948433975689113,0.01459914818406105,0.7020835056900978,samples/000336_bookshelf_0639.npz
337,bookshelf_0640,4,25,1,0,0.3879815349477216,0.11837707459926605,0.00010029274562839419,0.007377743721008301,0.7200890108942986,samples/000337_bookshelf_0640.npz
338,bookshelf_0641,4,36,1,0,0.3879990624927717,0.1214764192700386,8.312635327456519e-05,0.009675465524196625,0.7071208395063877,samples/000338_bookshelf_0641.npz
339,bookshelf_0642,4,38,1,0,0.7240533571979051,0.15999972820281982,0.00023712807160336524,0.017288248986005783,0.7168798893690109,samples/000339_bookshelf_0642.npz
340,bookshelf_0643,4,38,1,0,0.8998938656851043,0.1599999964237213,0.00031300727277994156,0.025627274066209793,0.7252066284418106,samples/000340_bookshelf_0643.npz
341,bookshelf_0644,4,11,1,0,0.3879861581486478,0.11769329011440277,8.29531709314324e-05,0.013857245445251465,0.7342503294348717,samples/000341_bookshelf_0644.npz
342,bookshelf_0645,4,21,1,0,0.5568287782399501,0.15051721036434174,0.00014011400344315916,0.01892395317554474,0.6984893456101418,samples/000342_bookshelf_0645.npz
343,bookshelf_0646,4,38,1,0,1.1842880101327928,0.1599999964237213,0.0005698319291695952,0.03808772563934326,0.7003002502024174,samples/000343_bookshelf_0646.npz
344,bookshelf_0647,4,38,1,0,0.5257322696697262,0.1599999964237213,0.00014087851741351187,0.010928675532341003,0.683712761849165,samples/000344_bookshelf_0647.npz
345,bookshelf_0648,4,38,1,0,0.6566432387772551,0.1599999964237213,0.0002081077400362119,0.00905551016330719,0.7023123800754547,samples/000345_bookshelf_0648.npz
346,bookshelf_0649,4,38,1,0,0.6837050973943225,0.1599997878074646,0.00019581784727051854,0.008798453956842422,0.7010218501091003,samples/000346_bookshelf_0649.npz
347,bookshelf_0650,4,13,1,0,0.5539313992600465,0.15999969840049744,0.00015110282402019948,0.01258687674999237,0.6879855543375015,samples/000347_bookshelf_0650.npz
348,bookshelf_0651,4,38,1,0,0.5281157670540098,0.11781534552574158,0.00016599830996710807,0.010881632566452026,0.698793388903141,samples/000348_bookshelf_0651.npz
349,bookshelf_0652,4,13,1,0,0.5605551755602932,0.1411839723587036,0.00019732696819119155,0.01414671540260315,0.7254271619021893,samples/000349_bookshelf_0652.npz
350,bookshelf_0653,4,21,1,0,0.5375907336212901,0.15999957919120789,0.00016388515359722078,0.022168397903442383,0.7342253588140011,samples/000350_bookshelf_0653.npz
351,bookshelf_0654,4,38,1,0,0.6724024077689208,0.1599999964237213,0.00022157595958560705,0.017877407371997833,0.739571638405323,samples/000351_bookshelf_0654.npz
352,bookshelf_0655,4,38,1,0,0.7872792763419353,0.15999996662139893,0.00028028583619743586,0.01706177368760109,0.7093587256968021,samples/000352_bookshelf_0655.npz
353,bookshelf_0656,4,38,1,0,0.6688857560202782,0.15999996662139893,0.00018213737348560244,0.02612900733947754,0.6841250993311405,samples/000353_bookshelf_0656.npz
354,bookshelf_0657,4,15,1,0,0.516915332426813,0.1600000262260437,0.00013795652193948627,0.016824401915073395,0.679842084646225,samples/000354_bookshelf_0657.npz
355,bookshelf_0658,4,38,1,0,0.559659461464471,0.13340988755226135,0.0001876714377431199,0.00980938971042633,0.6833652406930923,samples/000355_bookshelf_0658.npz
356,bookshelf_0659,4,38,1,0,0.640493123506712,0.15999995172023773,0.00017920267418958247,0.015435948967933655,0.6861045211553574,samples/000356_bookshelf_0659.npz
357,bookshelf_0660,4,38,1,0,0.558002692744208,0.15720021724700928,0.0001719887222861871,0.007963396608829498,0.7164447903633118,samples/000357_bookshelf_0660.npz
358,bookshelf_0661,4,38,1,0,0.69746857582595,0.1599999964237213,0.0002379321085754782,0.014424283057451248,0.7391610741615295,samples/000358_bookshelf_0661.npz
359,bookshelf_0662,4,38,1,0,0.6564529650036978,0.1599999964237213,0.00020086632866878062,0.015116825699806213,0.7347354479134083,samples/000359_bookshelf_0662.npz
360,bookshelf_0663,4,38,1,0,0.6521497083790367,0.15999996662139893,0.00021953685791231692,0.01343122124671936,0.701622661203146,samples/000360_bookshelf_0663.npz
361,bookshelf_0664,4,38,1,0,0.5391307663192363,0.1599999964237213,0.00017240985471289605,0.010281451046466827,0.6887648850679398,samples/000361_bookshelf_0664.npz
362,bookshelf_0665,4,39,1,0,0.3879835080962885,0.13818617165088654,6.913780816830695e-05,0.006793258711695671,0.7034157961606979,samples/000362_bookshelf_0665.npz
363,bookshelf_0666,4,11,1,0,0.5626649416056493,0.15999996662139893,0.0001519756915513426,0.017784714698791504,0.6900328509509563,samples/000363_bookshelf_0666.npz
364,bookshelf_0667,4,38,1,0,0.5555886819188749,0.15233097970485687,0.00016956233594100922,0.016956493258476257,0.7161564789712429,samples/000364_bookshelf_0667.npz
365,bookshelf_0668,4,5,1,0,0.37538801920737624,0.15999780595302582,6.386893073795363e-05,0.00874408707022667,0.6594258956611156,samples/000365_bookshelf_0668.npz
366,bookshelf_0669,4,37,1,0,0.3879711937568139,0.134870246052742,8.571021317038685e-05,0.009876172989606857,0.6875971704721451,samples/000366_bookshelf_0669.npz
367,bookshelf_0670,4,38,1,0,0.5248601071419992,0.15999998152256012,0.00013651972403749824,0.006023315712809563,0.6933421939611435,samples/000367_bookshelf_0670.npz
368,bookshelf_0671,4,36,1,0,0.5737150084664802,0.15999937057495117,0.00021972226386424154,0.020304739475250244,0.692914329469204,samples/000368_bookshelf_0671.npz
369,bookshelf_0672,4,11,1,0,0.0032581044322456437,0.0015904903411865234,9.242285159416497e-09,3.0994415283203125e-06,0.6885683983564377,samples/000369_bookshelf_0672.npz
370,bottle_0336,5,37,1,0,0.7910870555132569,0.1600000113248825,0.0002704018843360245,0.022341549396514893,0.700413666665554,samples/000370_bottle_0336.npz
371,bottle_0337,5,37,1,0,0.6893242021142042,0.15999984741210938,0.0001616280642338097,0.024721860885620117,0.6816054210066795,samples/000371_bottle_0337.npz
372,bottle_0338,5,37,1,0,0.7763000459248653,0.1599999964237213,0.00027875450905412436,0.01515728235244751,0.6873882636427879,samples/000372_bottle_0338.npz
373,bottle_0339,5,15,1,0,0.6797569173683271,0.1599999964237213,0.0002433279005344957,0.03171253204345703,0.6817626953125,samples/000373_bottle_0339.npz
374,bottle_0340,5,37,1,0,0.48016275570921996,0.1599999964237213,9.312598558608443e-05,0.00865405797958374,0.680355329066515,samples/000374_bottle_0340.npz
375,bottle_0341,5,37,1,0,0.5041383607920829,0.1599998027086258,0.00012104431516490877,0.01680678129196167,0.6876435875892639,samples/000375_bottle_0341.npz
376,bottle_0342,5,37,1,0,0.6220128079219559,0.15999993681907654,0.00017408437270205468,0.021539747714996338,0.6986521333456039,samples/000376_bottle_0342.npz
377,bottle_0343,5,37,1,0,0.5887170287029698,0.15999990701675415,0.00014737312449142337,0.019915282726287842,0.6802113577723503,samples/000377_bottle_0343.npz
378,bottle_0344,5,37,1,0,0.6622442597586501,0.1600000262260437,0.00016130245057865977,0.019878268241882324,0.6788814030587673,samples/000378_bottle_0344.npz
379,bottle_0345,5,37,1,0,0.6174378309923774,0.15999996662139893,0.0001380885805701837,0.01598900556564331,0.7106019705533981,samples/000379_bottle_0345.npz
380,bottle_0346,5,37,1,0,0.564181991981301,0.1599997580051422,0.00013958272757008672,0.027029454708099365,0.6941754333674908,samples/000380_bottle_0346.npz
381,bottle_0347,5,37,1,0,0.7163168315764806,0.1599999964237213,0.00020793125440832227,0.028598129749298096,0.6774766184389591,samples/000381_bottle_0347.npz
382,bottle_0348,5,37,1,0,0.631831503709569,0.15999987721443176,0.00014289571845438331,0.02186661958694458,0.7034320719540119,samples/000382_bottle_0348.npz
383,bottle_0349,5,37,1,0,0.6207624667533158,0.15999990701675415,0.00015792573685757816,0.020886898040771484,0.6780069880187511,samples/000383_bottle_0349.npz
384,bottle_0350,5,37,1,0,0.3879641506430966,0.10931268334388733,8.322836947627366e-05,0.007171362638473511,0.6821890100836754,samples/000384_bottle_0350.npz
385,bottle_0351,5,37,1,0,0.3879975646891313,0.15348099172115326,7.89215846452862e-05,0.024581611156463623,0.7771256752312183,samples/000385_bottle_0351.npz
386,bottle_0352,5,37,1,0,0.7441600887126045,0.1599999964237213,0.0002105210442095995,0.013919353485107422,0.7468545846641064,samples/000386_bottle_0352.npz
387,bottle_0353,5,37,1,0,0.5673158839239262,0.1599990725517273,0.0001581204414833337,0.02297443151473999,0.764881506562233,samples/000387_bottle_0353.npz
388,bottle_0354,5,37,1,0,0.5981687143847796,0.15999989211559296,0.0001443647051928565,0.01255100965499878,0.7655730992555618,samples/000388_bottle_0354.npz
389,bottle_0355,5,35,1,0,0.4704668314605484,0.15999984741210938,0.00011161733709741384,0.02029240131378174,0.735482394695282,samples/000389_bottle_0355.npz
390,bottle_0356,5,37,1,0,0.9169592805753154,0.15999972820281982,0.0003016899572685361,0.020683765411376953,0.7322437055408955,samples/000390_bottle_0356.npz
391,bottle_0357,5,37,1,0,0.357304115908007,0.15999962389469147,6.3595078245271e-05,0.004996240139007568,0.7557287327945232,samples/000391_bottle_0357.npz
392,bottle_0358,5,37,1,0,0.671116256336472,0.1599999964237213,0.00019254835206083953,0.014085173606872559,0.7107868045568466,samples/000392_bottle_0358.npz
393,bottle_0359,5,37,1,0,0.6338342964946776,0.1599999964237213,0.0001853814464993775,0.028232455253601074,0.7271501012146473,samples/000393_bottle_0359.npz
394,bottle_0360,5,37,1,0,0.6403078945882339,0.1599999964237213,0.00015340434038080275,0.018540680408477783,0.7128134071826935,samples/000394_bottle_0360.npz
395,bottle_0361,5,37,1,0,0.6437984809397173,0.1600000262260437,0.00016074815357569605,0.03815394639968872,0.8170237615704536,samples/000395_bottle_0361.npz
396,bottle_0362,5,37,1,0,0.502741220956709,0.1599999964237213,0.00011234026897000149,0.0248643159866333,0.771390575915575,samples/000396_bottle_0362.npz
397,bottle_0363,5,38,1,0,0.5540429789917366,0.1600000113248825,0.00012532281107269228,0.02120298147201538,0.7477352432906628,samples/000397_bottle_0363.npz
398,bottle_0364,5,37,1,0,0.4941566675770963,0.1599999964237213,0.00011510404874570668,0.014378905296325684,0.7144094407558441,samples/000398_bottle_0364.npz
399,bottle_0365,5,37,1,0,0.49299140400530556,0.15999986231327057,0.00010842671326827258,0.013741672039031982,0.7914233691990376,samples/000399_bottle_0365.npz
400,bottle_0366,5,37,1,0,0.7785250347849277,0.1599999964237213,0.00021720529184676707,0.015119671821594238,0.7363938055932522,samples/000400_bottle_0366.npz
401,bottle_0367,5,37,1,0,0.8253903581697364,0.159999817609787,0.00022497150348499417,0.01714867353439331,0.7157282121479511,samples/000401_bottle_0367.npz
402,bottle_0368,5,37,1,0,0.5956219289506354,0.1599999964237213,0.0001418484462192282,0.024153172969818115,0.7386596836149693,samples/000402_bottle_0368.npz
403,bottle_0369,5,37,1,0,0.650341581952761,0.1599999964237213,0.00021783624833915383,0.015303149819374084,0.7702994756400585,samples/000403_bottle_0369.npz
404,bottle_0370,5,37,1,0,0.6438829456010163,0.15999992191791534,0.00016569069703109562,0.03526550531387329,0.7117691598832607,samples/000404_bottle_0370.npz
405,bottle_0371,5,37,1,0,0.6178318595457889,0.1599995493888855,0.00015882245497778058,0.025245189666748047,0.709636602550745,samples/000405_bottle_0371.npz
406,bottle_0372,5,37,1,0,0.6470620147605984,0.15999998152256012,0.00015819126565475017,0.012418150901794434,0.8126884549856186,samples/000406_bottle_0372.npz
407,bottle_0373,5,37,1,0,0.5233124825652887,0.1599997878074646,0.00012531463289633393,0.03183990716934204,0.713200282305479,samples/000407_bottle_0373.npz
408,bottle_0374,5,4,1,0,0.38802972299091476,0.13122819364070892,8.166888437699527e-05,0.005477219820022583,0.7369373328983784,samples/000408_bottle_0374.npz
409,bottle_0375,5,37,1,0,0.004379366747409356,0.0027244091033935547,1.8553691916167736e-08,7.3909759521484375e-06,0.7051645033061504,samples/000409_bottle_0375.npz
410,bottle_0376,5,37,1,0,0.0034037659085407214,0.0015630722045898438,9.356881491839886e-09,2.5033950805664062e-06,0.7190753445029259,samples/000410_bottle_0376.npz
411,bottle_0377,5,37,1,0,0.8134779821339981,0.15999998152256012,0.00028978625778108835,0.03284811973571777,0.7284074686467648,samples/000411_bottle_0377.npz
412,bottle_0378,5,37,1,0,0.6783717014344312,0.1599999964237213,0.00021253600425552577,0.03686046600341797,0.7450363859534264,samples/000412_bottle_0378.npz
413,bottle_0379,5,37,1,0,0.6447760723880281,0.15999987721443176,0.00018087655189447105,0.014790058135986328,0.7969892919063568,samples/000413_bottle_0379.npz
414,bottle_0380,5,37,1,0,0.5443014078511371,0.1600000262260437,0.00013220059918239713,0.01775461435317993,0.800365786999464,samples/000414_bottle_0380.npz
415,bottle_0381,5,37,1,0,0.6000600792190646,0.15999992191791534,0.00018508748325984925,0.03659480810165405,0.7335808277130127,samples/000415_bottle_0381.npz
416,bottle_0382,5,37,1,0,0.741387176670303,0.1534486562013626,0.00024339860829059035,0.012717843055725098,0.7602999247610569,samples/000416_bottle_0382.npz
417,bottle_0383,5,37,1,0,0.6519991941271523,0.15999987721443176,0.00019206732395105064,0.015928447246551514,0.7773263193666935,samples/000417_bottle_0383.npz
418,bottle_0384,5,37,1,0,0.6235528523705428,0.15999993681907654,0.00014422477397602051,0.009358048439025879,0.7947520278394222,samples/000418_bottle_0384.npz
419,bottle_0385,5,37,1,0,0.6091847306092006,0.1599998027086258,0.00015113712288439274,0.014779210090637207,0.7663876116275787,samples/000419_bottle_0385.npz
420,bottle_0386,5,37,1,0,1.0351157126496626,0.1599999964237213,0.00043828581692650914,0.01758408546447754,0.7902076877653599,samples/000420_bottle_0386.npz
421,bottle_0387,5,37,1,0,0.8170462021195448,0.15999992191791534,0.00030892746872268617,0.01562821865081787,0.7885739281773567,samples/000421_bottle_0387.npz
422,bottle_0388,5,37,1,0,0.7091199571842728,0.159997820854187,0.00021156188449822366,0.015254497528076172,0.7302565760910511,samples/000422_bottle_0388.npz
423,bottle_0389,5,37,1,0,0.7361734971614868,0.15999996662139893,0.00022040915791876614,0.019469618797302246,0.7321289069950581,samples/000423_bottle_0389.npz
424,bottle_0390,5,37,1,0,0.9528249831240506,0.1599999964237213,0.00038168771425262094,0.01573479175567627,0.7092886455357075,samples/000424_bottle_0390.npz
425,bottle_0391,5,37,1,0,0.7911063813314898,0.15999966859817505,0.000271921802777797,0.02880072593688965,0.7560487054288387,samples/000425_bottle_0391.npz
426,bottle_0392,5,37,1,0,0.5316714620510972,0.15999969840049744,0.00012288505968172103,0.030587732791900635,0.7579783760011196,samples/000426_bottle_0392.npz
427,bottle_0393,5,37,1,0,0.8522381595623847,0.1599999964237213,0.00023894954938441515,0.012502849102020264,0.7233970649540424,samples/000427_bottle_0393.npz
428,bottle_0394,5,37,1,0,0.9291667120695459,0.1599999964237213,0.0003671513986773789,0.015325665473937988,0.7117200568318367,samples/000428_bottle_0394.npz
429,bottle_0395,5,37,1,0,0.6156757406440562,0.1600000113248825,0.0001846551604103297,0.026834726333618164,0.7309975028038025,samples/000429_bottle_0395.npz
430,bottle_0396,5,37,1,0,0.6741202343235232,0.1599999964237213,0.00018523789185564965,0.025481581687927246,0.72683160379529,samples/000430_bottle_0396.npz
431,bottle_0397,5,37,1,0,0.7319691899393614,0.1600000262260437,0.00019839624292217195,0.014178633689880371,0.6950900107622147,samples/000431_bottle_0397.npz
432,bottle_0398,5,37,1,0,0.6142382959804152,0.15999948978424072,0.00014843863027635962,0.012027442455291748,0.6875959970057011,samples/000432_bottle_0398.npz
433,bottle_0399,5,37,1,0,0.6256174851917983,0.1599999964237213,0.0001722235174383968,0.02095663547515869,0.6867790557444096,samples/000433_bottle_0399.npz
434,bottle_0400,5,37,1,0,0.4791577526659346,0.15999998152256012,8.058513776632026e-05,0.008307058364152908,0.6973037570714951,samples/000434_bottle_0400.npz
435,bottle_0401,5,37,1,0,0.5100291656120588,0.12840774655342102,0.00010442169150337577,0.008400119841098785,0.7077179253101349,samples/000435_bottle_0401.npz
436,bottle_0402,5,37,1,0,0.7985264271374151,0.15999996662139893,0.00027661948115564883,0.03019237518310547,0.7084080502390862,samples/000436_bottle_0402.npz
437,bottle_0403,5,37,1,0,0.6706213566342493,0.15999995172023773,0.00016578190843574703,0.006441235542297363,0.6971027664840221,samples/000437_bottle_0403.npz
438,bottle_0404,5,37,1,0,0.7196586607912087,0.15999984741210938,0.00021486045443452895,0.03210103511810303,0.7405502945184708,samples/000438_bottle_0404.npz
439,bottle_0405,5,37,1,0,0.7646516237155989,0.14875319600105286,0.0002090495836455375,0.01554638147354126,0.7009821273386478,samples/000439_bottle_0405.npz
440,bottle_0406,5,37,1,0,0.9307437154141213,0.1599999964237213,0.0003207881818525493,0.01756662130355835,0.6787020824849606,samples/000440_bottle_0406.npz
441,bottle_0407,5,15,1,0,0.47669533926196017,0.15999998152256012,0.00011960794654441997,0.026580452919006348,0.6883783787488937,samples/000441_bottle_0407.npz
442,bottle_0408,5,37,1,0,0.7938027623429823,0.1599999964237213,0.0002982130099553615,0.024571657180786133,0.7388311475515366,samples/000442_bottle_0408.npz
443,bottle_0409,5,37,1,0,0.5441895147351812,0.15999969840049744,0.00012591842096298933,0.007627725601196289,0.6862107403576374,samples/000443_bottle_0409.npz
444,bottle_0410,5,37,1,0,0.5011650979943374,0.15054114162921906,0.00010581116657704115,0.008806586265563965,0.694766316562891,samples/000444_bottle_0410.npz
445,bottle_0411,5,14,1,0,0.49428443173138553,0.15999998152256012,0.00011434217594796792,0.027579784393310547,0.6780774258077145,samples/000445_bottle_0411.npz
446,bottle_0412,5,37,1,0,0.7652370189954054,0.1599999964237213,0.00023311420227400959,0.02417123317718506,0.6862617395818233,samples/000446_bottle_0412.npz
447,bottle_0413,5,37,1,0,0.6640488230474885,0.1600000262260437,0.00018975256534758955,0.036640167236328125,0.6957958936691284,samples/000447_bottle_0413.npz
448,bottle_0414,5,37,1,0,0.5671642164700452,0.15999998152256012,0.00011381444346625358,0.011710509657859802,0.7224586457014084,samples/000448_bottle_0414.npz
449,bottle_0415,5,37,1,0,0.5127758071924864,0.1599999964237213,0.00012122615589760244,0.017386555671691895,0.6858816966414452,samples/000449_bottle_0415.npz
450,bottle_0416,5,37,1,0,0.001595918547867919,0.0014138519763946533,2.2118911147117615e-09,1.996755599975586e-06,0.6957744248211384,samples/000450_bottle_0416.npz
451,bottle_0417,5,37,1,0,0.6418701724397405,0.1599999964237213,0.00015582656487822533,0.031700193881988525,0.6813278533518314,samples/000451_bottle_0417.npz
452,bottle_0418,5,15,1,0,0.5522771568567567,0.1599988341331482,0.0001968098513316363,0.019329965114593506,0.7430380880832672,samples/000452_bottle_0418.npz
453,bottle_0419,5,37,1,0,0.7462366576415748,0.1599999964237213,0.00021275223116390407,0.021032512187957764,0.771374586969614,samples/000453_bottle_0419.npz
454,bottle_0420,5,37,1,0,0.659250518384172,0.15999996662139893,0.00015273546159733087,0.016691148281097412,0.7301421761512756,samples/000454_bottle_0420.npz
455,bottle_0421,5,37,1,0,0.8048598558595129,0.15999996662139893,0.0002710400731302798,0.02462214231491089,0.6953094452619553,samples/000455_bottle_0421.npz
456,bottle_0422,5,14,1,0,0.5985571111759338,0.15999993681907654,0.00017045409185811877,0.031142592430114746,0.7104899473488331,samples/000456_bottle_0422.npz
457,bottle_0423,5,37,1,0,0.7990809649055998,0.15999993681907654,0.00018968763470184058,0.010549008846282959,0.682525847107172,samples/000457_bottle_0423.npz
458,bottle_0424,5,37,1,0,0.5607566640294632,0.159999817609787,0.00012805897858925164,0.025180280208587646,0.688950702548027,samples/000458_bottle_0424.npz
459,bottle_0425,5,37,1,0,0.0035533780252848804,0.0018472522497177124,1.4311808627098799e-08,7.271766662597656e-06,0.6934303380548954,samples/000459_bottle_0425.npz
460,bottle_0426,5,37,1,0,0.5161952636625428,0.1599999964237213,0.00010230265615973622,0.013404250144958496,0.6900518648326397,samples/000460_bottle_0426.npz
461,bottle_0427,5,37,1,0,1.0938764635271778,0.1599999964237213,0.00039168534567579627,0.017487287521362305,0.6988469958305359,samples/000461_bottle_0427.npz
462,bottle_0428,5,37,1,0,0.8706293621624879,0.1599999964237213,0.0002869298914447427,0.02351558208465576,0.6941058002412319,samples/000462_bottle_0428.npz
463,bottle_0429,5,15,1,0,0.3804176703596854,0.15999959409236908,7.051082502584904e-05,0.019472181797027588,0.6903616860508919,samples/000463_bottle_0429.npz
464,bottle_0430,5,37,1,0,0.6510715871929098,0.15964078903198242,0.0001563171681482345,0.013701684772968292,0.6930102594196796,samples/000464_bottle_0430.npz
465,bottle_0431,5,37,1,0,0.8608271121307741,0.15999987721443176,0.0003678597859106958,0.023522555828094482,0.7683722786605358,samples/000465_bottle_0431.npz
466,bottle_0432,5,37,1,0,0.6392621104011147,0.1599999964237213,0.0001589340972714126,0.021841347217559814,0.6941901259124279,samples/000466_bottle_0432.npz
467,bottle_0433,5,37,1,0,0.6274891282275858,0.1599999964237213,0.00016368538490496576,0.015861153602600098,0.6992142386734486,samples/000467_bottle_0433.npz
468,bottle_0434,5,37,1,0,0.3879951451479596,0.14135195314884186,6.417837721528485e-05,0.005713522434234619,0.7187149487435818,samples/000468_bottle_0434.npz
469,bottle_0435,5,37,1,0,0.38797843838046925,0.12505042552947998,8.926157897803932e-05,0.007777154445648193,0.7085896842181683,samples/000469_bottle_0435.npz
470,bowl_0065,6,37,1,0,1.730882737215785,0.1600000262260437,0.0013091831933706999,0.052209608256816864,0.6972289606928825,samples/000470_bowl_0065.npz
471,bowl_0066,6,37,1,0,2.0512625865096825,0.1599999964237213,0.0015775214415043592,0.0605006217956543,0.6899305246770382,samples/000471_bowl_0066.npz
472,bowl_0067,6,37,1,0,0.8166996278160829,0.1599999964237213,0.00041561294347047806,0.04481840133666992,0.6791202835738659,samples/000472_bowl_0067.npz
473,bowl_0068,6,37,1,0,0.8703934972524097,0.15999990701675415,0.0004730297368951142,0.03829878568649292,0.7226755544543266,samples/000473_bowl_0068.npz
474,bowl_0069,6,6,0,0,2.566741921407415,0.1600000262260437,0.0023435098119080067,0.05897039175033569,0.7249109037220478,samples/000474_bowl_0069.npz
475,bowl_0070,6,37,1,0,1.7584406429769095,0.1599999964237213,0.0015123214107006788,0.037949830293655396,0.6944102607667446,samples/000475_bowl_0070.npz
476,bowl_0071,6,15,1,0,1.296936952880638,0.1599999964237213,0.0008373268065042794,0.0404830202460289,0.6839567944407463,samples/000476_bowl_0071.npz
477,bowl_0072,6,1,1,0,0.80755017151289,0.15999998152256012,0.00040476571302860975,0.03821626305580139,0.7289098873734474,samples/000477_bowl_0072.npz
478,bowl_0073,6,29,1,0,1.4388225939455304,0.1599999964237213,0.0008219723240472376,0.04735487699508667,0.7121958062052727,samples/000478_bowl_0073.npz
479,bowl_0074,6,37,1,0,0.3879782799507825,0.11452007293701172,0.000124483005492948,0.01250767707824707,0.7408810369670391,samples/000479_bowl_0074.npz
480,bowl_0075,6,37,1,0,1.3030109026241226,0.1600000262260437,0.0009616703609935939,0.04791894555091858,0.7350729405879974,samples/000480_bowl_0075.npz
481,bowl_0076,6,10,1,0,0.7348386640005669,0.15999996662139893,0.0003008451603818685,0.03314220905303955,0.6891004294157028,samples/000481_bowl_0076.npz
482,bowl_0077,6,37,1,0,0.6887359130651116,0.1599997878074646,0.0003214471507817507,0.0380709171295166,0.6874214112758636,samples/000482_bowl_0077.npz
483,bowl_0078,6,10,1,0,0.9856671526403157,0.1599999964237213,0.0004857961321249604,0.03071647882461548,0.6944419704377651,samples/000483_bowl_0078.npz
484,bowl_0079,6,15,1,0,0.5631410006177386,0.15053266286849976,0.000239203916862607,0.022009998559951782,0.6883972212672234,samples/000484_bowl_0079.npz
485,bowl_0080,6,37,1,0,1.5230435375520468,0.1599999964237213,0.0010601097019389272,0.05824282020330429,0.7202046290040016,samples/000485_bowl_0080.npz
486,bowl_0081,6,37,1,0,1.71579059364492,0.1600000113248825,0.0012245129328221083,0.04893256723880768,0.703979529440403,samples/000486_bowl_0081.npz
487,bowl_0082,6,37,1,0,0.00013977954652690067,0.00012350082397460938,-1.6880221664905548e-09,2.384185791015625e-07,0.6896127350628376,samples/000487_bowl_0082.npz
488,bowl_0083,6,1,1,0,0.387979777828872,0.10285681486129761,0.00011759891640394926,0.013776659965515137,0.6909162476658821,samples/000488_bowl_0083.npz
489,bowl_0084,6,15,1,0,0.9664481256489604,0.15999996662139893,0.000676503696013242,0.04040612280368805,0.7003049254417419,samples/000489_bowl_0084.npz
490,car_0198,7,34,1,0,0.45720735238257204,0.15999990701675415,0.00010545762052061036,0.017598837614059448,0.6921460218727589,samples/000490_car_0198.npz
491,car_0199,7,34,1,0,0.7474751890013523,0.1599999964237213,0.0002973530790768564,0.02128279209136963,0.7144219726324081,samples/000491_car_0199.npz
492,car_0200,7,2,1,0,0.8164755321838164,0.15999993681907654,0.0003184528322890401,0.01381712406873703,0.7413072772324085,samples/000492_car_0200.npz
493,car_0201,7,34,1,0,0.6805755798536075,0.1599999964237213,0.00023206275363918394,0.028207480907440186,0.7442502118647099,samples/000493_car_0201.npz
494,car_0202,7,34,1,0,0.6727224483546929,0.1514493227005005,0.00022143550449982285,0.016067206859588623,0.7479399368166924,samples/000494_car_0202.npz
495,car_0203,7,26,1,0,0.7691077504802021,0.1599999964237213,0.00029682781314477324,0.02101508527994156,0.7821707241237164,samples/000495_car_0203.npz
496,car_0204,7,34,1,0,0.775996771202916,0.15998609364032745,0.0002737329341471195,0.011309176683425903,0.7923239357769489,samples/000496_car_0204.npz
497,car_0205,7,34,1,0,0.6125075081929489,0.15999969840049744,0.0002192934916820377,0.01999300718307495,0.7128861770033836,samples/000497_car_0205.npz
498,car_0206,7,34,1,0,0.5566157084459873,0.15999996662139893,0.00017348190885968506,0.028281092643737793,0.7178792767226696,samples/000498_car_0206.npz
499,car_0207,7,28,1,0,0.5161945275459836,0.1599999964237213,0.00013772104284726083,0.01987127959728241,0.6974401697516441,samples/000499_car_0207.npz
500,car_0208,7,34,1,0,0.5560348225814695,0.15999996662139893,0.0001529763831058517,0.027165621519088745,0.692716047167778,samples/000500_car_0208.npz
501,car_0209,7,26,1,0,0.7276487536594063,0.15999989211559296,0.0002547790645621717,0.023037537932395935,0.7108325138688087,samples/000501_car_0209.npz
502,car_0210,7,34,1,0,0.6859171918673824,0.1599999964237213,0.000199809655896388,0.028197243809700012,0.7021227180957794,samples/000502_car_0210.npz
503,car_0211,7,34,1,0,0.7170952220217897,0.1599999964237213,0.00025481460033915937,0.04246839880943298,0.7202216647565365,samples/000503_car_0211.npz
504,car_0212,7,34,1,0,0.5191686411718516,0.15999990701675415,0.00015923427417874336,0.01634533703327179,0.6991105750203133,samples/000504_car_0212.npz
505,car_0213,7,26,1,0,0.483470495228616,0.15999993681907654,0.00017033446056302637,0.028385043144226074,0.6936939992010593,samples/000505_car_0213.npz
506,car_0214,7,2,1,0,0.589238310817728,0.1599999964237213,0.00018788184388540685,0.028270259499549866,0.6715157628059387,samples/000506_car_0214.npz
507,car_0215,7,34,1,0,0.6734313128158387,0.1599999964237213,0.00024248327827081084,0.011733293533325195,0.6601729281246662,samples/000507_car_0215.npz
508,car_0216,7,34,1,0,1.2683976496874094,0.15999996662139893,0.0006126616499386728,0.03237919509410858,0.6523348391056061,samples/000508_car_0216.npz
509,car_0217,7,34,1,0,0.6824745716870428,0.1599999964237213,0.0002707635867409408,0.025146745145320892,0.6524125039577484,samples/000509_car_0217.npz
510,car_0218,7,25,1,0,0.7300271213895322,0.15999937057495117,0.0002792490413412452,0.02127167582511902,0.7378922924399376,samples/000510_car_0218.npz
511,car_0219,7,34,1,0,0.5237511862079052,0.1599999964237213,0.00015645063831470907,0.029566526412963867,0.7168379500508308,samples/000511_car_0219.npz
512,car_0220,7,34,1,0,0.5129402447512372,0.1599995642900467,0.00016670647892169654,0.028405040502548218,0.775942474603653,samples/000512_car_0220.npz
513,car_0221,7,34,1,0,0.4074141941462062,0.15999993681907654,0.00010181035031564534,0.018712341785430908,0.7324215993285179,samples/000513_car_0221.npz
514,car_0222,7,34,1,0,0.5022237990458258,0.1527280956506729,0.00016239307296928018,0.013854444026947021,0.7109004780650139,samples/000514_car_0222.npz
515,car_0223,7,34,1,0,0.811460058718909,0.15999995172023773,0.00034084744402207434,0.01472434401512146,0.722482405602932,samples/000515_car_0223.npz
516,car_0224,7,27,1,0,0.6864433296099866,0.1599999964237213,0.00024060459691099823,0.019039928913116455,0.6926082409918308,samples/000516_car_0224.npz
517,car_0225,7,34,1,0,0.6775350689873402,0.15999987721443176,0.00022599712247028947,0.010881781578063965,0.6920820064842701,samples/000517_car_0225.npz
518,car_0226,7,34,1,0,0.5596331016903288,0.1562592089176178,0.00022344323224388063,0.01574420928955078,0.7048876248300076,samples/000518_car_0226.npz
519,car_0227,7,25,1,0,0.6493992165610989,0.1599999964237213,0.00025093869771808386,0.01845872402191162,0.7755085378885269,samples/000519_car_0227.npz
520,car_0228,7,34,1,0,0.32169831366194845,0.15999972820281982,6.980735633987933e-05,0.017903447151184082,0.6987269297242165,samples/000520_car_0228.npz
521,car_0229,7,25,1,0,0.47112552004294816,0.15999993681907654,0.00013544701505452394,0.04718667268753052,0.7115708440542221,samples/000521_car_0229.npz
522,car_0230,7,28,1,0,0.5240636112767757,0.14375877380371094,0.00018367156735621393,0.01400795578956604,0.7090702764689922,samples/000522_car_0230.npz
523,car_0231,7,25,1,0,0.6865229382791237,0.1599999964237213,0.0002735149464569986,0.024637222290039062,0.7336581200361252,samples/000523_car_0231.npz
524,car_0232,7,34,1,0,4.1110848833020147e-05,1.4483928680419922e-05,-1.3897079043090343e-09,2.384185791015625e-07,0.7234262302517891,samples/000524_car_0232.npz
525,car_0233,7,34,1,0,0.7076960752116385,0.15999984741210938,0.0002675704308785498,0.024988189339637756,0.6599315814673901,samples/000525_car_0233.npz
526,car_0234,7,34,1,0,0.6484994628899614,0.15999993681907654,0.00018806861771736294,0.028819680213928223,0.6918883137404919,samples/000526_car_0234.npz
527,car_0235,7,28,1,0,0.7892610375693174,0.1600000262260437,0.00036142405588179827,0.030949413776397705,0.7066129595041275,samples/000527_car_0235.npz
528,car_0236,7,12,1,0,0.48837751584006717,0.15999986231327057,0.00011290385737083852,0.02834261581301689,0.6972667872905731,samples/000528_car_0236.npz
529,car_0237,7,34,1,0,0.7109758136192642,0.15999990701675415,0.0002842637477442622,0.02925647795200348,0.7373357526957989,samples/000529_car_0237.npz
530,car_0238,7,26,1,0,0.7644299893004396,0.1599999964237213,0.00034216977655887604,0.021626532077789307,0.704939778894186,samples/000530_car_0238.npz
531,car_0239,7,34,1,0,0.889110632936008,0.1599999964237213,0.0004053726443089545,0.034645795822143555,0.7112500816583633,samples/000531_car_0239.npz
532,car_0240,7,26,1,0,0.7788215564378468,0.1599999964237213,0.0002911853662226349,0.024226970970630646,0.6959623694419861,samples/000532_car_0240.npz
533,car_0241,7,28,1,0,0.8353228671354281,0.15999990701675415,0.0003130162076558918,0.026220202445983887,0.6829572692513466,samples/000533_car_0241.npz
534,car_0242,7,34,1,0,0.6796609610276286,0.1599999964237213,0.00021644348453264683,0.016882210969924927,0.7287109233438969,samples/000534_car_0242.npz
535,car_0243,7,34,1,0,0.46763284597261784,0.15999941527843475,0.00014500960242003202,0.019017398357391357,0.6949928291141987,samples/000535_car_0243.npz
536,car_0244,7,30,1,0,0.387959239111848,0.1538732498884201,7.97482643974945e-05,0.012432515621185303,0.6946689486503601,samples/000536_car_0244.npz
537,car_0245,7,25,1,0,0.5350029510011125,0.1599999964237213,0.00018328105215914547,0.031076788902282715,0.7116512581706047,samples/000537_car_0245.npz
538,car_0246,7,2,1,0,0.5580665995361498,0.1599999964237213,0.00019095317111350596,0.031063705682754517,0.699384331703186,samples/000538_car_0246.npz
539,car_0247,7,34,1,0,0.48669734405667214,0.15999965369701385,0.00012137051817262545,0.014819607138633728,0.7278440594673157,samples/000539_car_0247.npz
540,car_0248,7,34,1,0,0.38800025785114384,0.13741512596607208,9.629304986447096e-05,0.011896848678588867,0.7227049022912979,samples/000540_car_0248.npz
541,car_0249,7,2,1,0,0.4867704746689371,0.15999972820281982,0.0001624950091354549,0.028030097484588623,0.6965574771165848,samples/000541_car_0249.npz
542,car_0250,7,2,1,0,0.5237816775081072,0.1600000262260437,0.00016582198441028595,0.023941397666931152,0.682754460722208,samples/000542_car_0250.npz
543,car_0251,7,25,1,0,0.625453939098122,0.15999996662139893,0.00021305236441548914,0.026670366525650024,0.6906520277261734,samples/000543_car_0251.npz
544,car_0252,7,2,1,0,0.3773323631937945,0.15999966859817505,7.529604772571474e-05,0.017780885100364685,0.7730765417218208,samples/000544_car_0252.npz
545,car_0253,7,25,1,0,0.5757865522495061,0.15999844670295715,0.00021550210658460855,0.025551021099090576,0.7246993407607079,samples/000545_car_0253.npz
546,car_0254,7,34,1,0,0.8441391153600099,0.1599999964237213,0.0003407574840821326,0.02887222170829773,0.6971971094608307,samples/000546_car_0254.npz
547,car_0255,7,2,1,0,0.6592299039574752,0.15999996662139893,0.00025692969211377203,0.03528377413749695,0.7327831611037254,samples/000547_car_0255.npz
548,car_0256,7,34,1,0,0.7157786774854517,0.15999972820281982,0.00019740528659895062,0.00982600450515747,0.7320410721004009,samples/000548_car_0256.npz
549,car_0257,7,34,1,0,0.6462461026699523,0.1599999964237213,0.00021217986068222672,0.010393619537353516,0.7648391835391521,samples/000549_car_0257.npz
550,car_0258,7,36,1,0,0.6114221628517958,0.1599961519241333,0.0002028027956839651,0.017934761941432953,0.7179442383348942,samples/000550_car_0258.npz
551,car_0259,7,34,1,0,0.9783709299157121,0.1600000262260437,0.0003804169245995581,0.019537724554538727,0.7323969677090645,samples/000551_car_0259.npz
552,car_0260,7,34,1,0,0.6826913163042567,0.1599999964237213,0.00021791888866573572,0.013221874833106995,0.7178066149353981,samples/000552_car_0260.npz
553,car_0261,7,26,1,0,0.6241322812000039,0.1599999964237213,0.00023700649035163224,0.017560958862304688,0.727295957505703,samples/000553_car_0261.npz
554,car_0262,7,34,1,0,0.5203928507373713,0.1599999964237213,0.0001471684081479907,0.015177011489868164,0.7183322086930275,samples/000554_car_0262.npz
555,car_0263,7,34,1,0,0.5324960778656092,0.1599999964237213,0.00014669113443233073,0.018639802932739258,0.7331582233309746,samples/000555_car_0263.npz
556,car_0264,7,28,1,0,0.36846145336046343,0.1599997580051422,8.799500938039273e-05,0.015242457389831543,0.7197390086948872,samples/000556_car_0264.npz
557,car_0265,7,34,1,0,0.6699210297604224,0.1600000262260437,0.0002201027236878872,0.016318127512931824,0.6782933734357357,samples/000557_car_0265.npz
558,car_0266,7,34,1,0,0.874191148746638,0.1599997878074646,0.0003212449955753982,0.022280722856521606,0.6810231544077396,samples/000558_car_0266.npz
559,car_0267,7,25,1,0,0.3879917462432093,0.12024590373039246,0.00010379506420576945,0.011118769645690918,0.7203717306256294,samples/000559_car_0267.npz
560,car_0268,7,34,1,0,0.36006303416680824,0.15999919176101685,8.0742291174829e-05,0.01614345610141754,0.6801847070455551,samples/000560_car_0268.npz
561,car_0269,7,34,1,0,0.522885209127751,0.14462532103061676,0.0001684778690105304,0.013221144676208496,0.7172377184033394,samples/000561_car_0269.npz
562,car_0270,7,28,1,0,0.38799577883877245,0.15036821365356445,0.0001022167198243551,0.017884492874145508,0.7200349569320679,samples/000562_car_0270.npz
563,car_0271,7,25,1,0,0.5361641838192432,0.1599999964237213,0.00021557396394200623,0.029381632804870605,0.7179009206593037,samples/000563_car_0271.npz
564,car_0272,7,34,1,0,0.7012014462496623,0.1599999964237213,0.00029482372337952256,0.03934231400489807,0.7428700961172581,samples/000564_car_0272.npz
565,car_0273,7,34,1,0,0.5228032568247315,0.159999817609787,0.00015386402083095163,0.0154266357421875,0.733254961669445,samples/000565_car_0273.npz
566,car_0274,7,34,1,0,0.5222728854283157,0.1600000113248825,0.00017458017100580037,0.02264871448278427,0.7240104600787163,samples/000566_car_0274.npz
567,car_0275,7,34,1,0,0.35216819720440407,0.1599995493888855,8.589822391513735e-05,0.021660178899765015,0.7493773922324181,samples/000567_car_0275.npz
568,car_0276,7,34,1,0,0.843252565193968,0.1599999964237213,0.00031817462877370417,0.018427804112434387,0.7646178305149078,samples/000568_car_0276.npz
569,car_0277,7,34,1,0,0.9872827272774494,0.1599999964237213,0.0004405219806358218,0.024572551250457764,0.7854980938136578,samples/000569_car_0277.npz
570,car_0278,7,34,1,0,0.8145321869382842,0.15999990701675415,0.0002854937920346856,0.017322808504104614,0.7800541296601295,samples/000570_car_0278.npz
571,car_0279,7,2,1,0,0.8042364893547129,0.1600000113248825,0.00033265037927776575,0.02152089774608612,0.710413109511137,samples/000571_car_0279.npz
572,car_0280,7,34,1,0,0.6167501034436953,0.15999990701675415,0.00020170133211649954,0.025204777717590332,0.7341356948018074,samples/000572_car_0280.npz
573,car_0281,7,34,1,0,0.8063298751387754,0.1599999964237213,0.0002789358259178698,0.01824261248111725,0.7403709553182125,samples/000573_car_0281.npz
574,car_0282,7,29,1,0,0.38686165914504844,0.15999998152256012,0.00010126092820428312,0.03225789964199066,0.7368256971240044,samples/000574_car_0282.npz
575,car_0283,7,34,1,0,0.7562207681350013,0.15999972820281982,0.0002879980602301657,0.025609493255615234,0.7105218917131424,samples/000575_car_0283.npz
576,car_0284,7,34,1,0,0.8175081820034779,0.15999992191791534,0.0002863106201402843,0.03202083706855774,0.7332374937832355,samples/000576_car_0284.npz
577,car_0285,7,34,1,0,0.7523766947155366,0.1599999964237213,0.00029500958044081926,0.0199098140001297,0.7477440424263477,samples/000577_car_0285.npz
578,car_0286,7,27,1,0,0.6596520659861455,0.1594133973121643,0.00024317952920682728,0.02404390275478363,0.734628964215517,samples/000578_car_0286.npz
579,car_0287,7,30,1,0,0.6695586907762605,0.15999998152256012,0.00020776022574864328,0.0251089408993721,0.7568397633731365,samples/000579_car_0287.npz
580,car_0288,7,34,1,0,0.7021436518690409,0.1599999964237213,0.00023236828565131873,0.017947256565093994,0.753036979585886,samples/000580_car_0288.npz
581,car_0289,7,25,1,0,0.5331259661170461,0.1599997580051422,0.0001890732382889837,0.016350403428077698,0.7364425547420979,samples/000581_car_0289.npz
582,car_0290,7,34,1,0,0.5390064583548044,0.1529308557510376,0.00018065047333948314,0.013948515057563782,0.7313986867666245,samples/000582_car_0290.npz
583,car_0291,7,34,1,0,0.6835494653798889,0.1599999964237213,0.00021447541075758636,0.026474446058273315,0.7687536515295506,samples/000583_car_0291.npz
584,car_0292,7,34,1,0,0.5777110924971849,0.1600000262260437,0.00021326064597815275,0.02917426824569702,0.7267583012580872,samples/000584_car_0292.npz
585,car_0293,7,28,1,0,0.7952977447040342,0.1599999964237213,0.00029274623375386,0.02615402638912201,0.7727791033685207,samples/000585_car_0293.npz
586,car_0294,7,25,1,0,0.53139577296135,0.15999987721443176,0.00015771816833876073,0.018789738416671753,0.7099070586264133,samples/000586_car_0294.npz
587,car_0295,7,34,1,0,0.38712100580259357,0.15999972820281982,0.00011417553469073027,0.01860487461090088,0.7271513901650906,samples/000587_car_0295.npz
588,car_0296,7,28,1,0,0.7771482749031857,0.1599985957145691,0.00030753889586776495,0.024239644408226013,0.7620004117488861,samples/000588_car_0296.npz
589,car_0297,7,34,1,0,0.8980561981447313,0.15999996662139893,0.00035040691727772355,0.01405245065689087,0.7671533599495888,samples/000589_car_0297.npz
590,chair_0890,8,35,1,0,0.552731631915831,0.15999984741210938,0.00015907867054920644,0.03330349922180176,0.8599177375435829,samples/000590_chair_0890.npz
591,chair_0891,8,32,1,0,0.3879810164544624,0.1136222779750824,9.326444705948234e-05,0.011107750236988068,0.7367559522390366,samples/000591_chair_0891.npz
592,chair_0892,8,32,1,0,0.9192767462751869,0.1599999964237213,0.0004375608405098319,0.04324907064437866,0.7118195854127407,samples/000592_chair_0892.npz
593,chair_0893,8,37,1,0,0.5028484019542645,0.159999817609787,0.00013409359962679446,0.02444276213645935,0.7326697781682014,samples/000593_chair_0893.npz
594,chair_0894,8,32,1,0,0.8741775462076918,0.15999996662139893,0.0002980062272399664,0.027433574199676514,0.6915163435041904,samples/000594_chair_0894.npz
595,chair_0895,8,10,1,0,0.5028072171025584,0.15999998152256012,0.00017390276480000466,0.029544830322265625,0.6917440369725227,samples/000595_chair_0895.npz
596,chair_0896,8,2,1,0,0.38798535161288933,0.11010247468948364,8.128790068440139e-05,0.007603123784065247,0.7560288943350315,samples/000596_chair_0896.npz
597,chair_0897,8,23,1,0,0.4918613715749775,0.15999996662139893,0.00016808300279080868,0.015757352113723755,0.7087631374597549,samples/000597_chair_0897.npz
598,chair_0898,8,32,1,0,0.564183180518966,0.15381035208702087,0.00019383564358577132,0.019610881805419922,0.7134744748473167,samples/000598_chair_0898.npz
599,chair_0899,8,2,1,0,0.5661591878916781,0.159999817609787,0.00016714631055947393,0.02072805166244507,0.7457112073898315,samples/000599_chair_0899.npz
600,chair_0900,8,32,1,0,0.817351009064652,0.15999993681907654,0.00030583201441913843,0.0419730544090271,0.707965761423111,samples/000600_chair_0900.npz
601,chair_0901,8,32,1,0,0.9352361525433529,0.1599999964237213,0.00044609015458263457,0.041037142276763916,0.7103277966380119,samples/000601_chair_0901.npz
602,chair_0902,8,32,1,0,0.9951273549826732,0.1599999964237213,0.00046350929187610745,0.043101966381073,0.7245277836918831,samples/000602_chair_0902.npz
603,chair_0903,8,2,1,0,0.561725142366966,0.15999992191791534,0.00018726373673416674,0.022492289543151855,0.7108530700206757,samples/000603_chair_0903.npz
604,chair_0904,8,32,1,0,0.8385110705383575,0.1599999964237213,0.00034877139842137694,0.043643951416015625,0.7015704661607742,samples/000604_chair_0904.npz
605,chair_0905,8,5,1,0,0.9709610011237327,0.15999993681907654,0.0003673688042908907,0.025153279304504395,0.7109773904085159,samples/000605_chair_0905.npz
606,chair_0906,8,20,1,0,0.3879799506605871,0.15292644500732422,9.708337893243879e-05,0.015031218528747559,0.7052544169127941,samples/000606_chair_0906.npz
607,chair_0907,8,32,1,0,0.0004219983088689503,0.0003688335418701172,2.6852831069845706e-10,1.1920928955078125e-07,0.7140626944601536,samples/000607_chair_0907.npz
608,chair_0908,8,35,1,0,0.5653355969823797,0.14622923731803894,0.00018374243518337607,0.02421596646308899,0.7406621351838112,samples/000608_chair_0908.npz
609,chair_0909,8,35,1,0,0.5426834852774591,0.15999993681907654,0.0001618154492462054,0.026878923177719116,0.7118076905608177,samples/000609_chair_0909.npz
610,chair_0910,8,3,1,0,0.8994367764366473,0.1600000262260437,0.00039916468085721135,0.038588106632232666,0.7133304364979267,samples/000610_chair_0910.npz
611,chair_0911,8,32,1,0,0.7538413677066448,0.1599999964237213,0.0002835915074683726,0.04035407304763794,0.7266972661018372,samples/000611_chair_0911.npz
612,chair_0912,8,32,1,0,1.0749600852165309,0.1600000262260437,0.0005149479256942868,0.04040059447288513,0.6976603530347347,samples/000612_chair_0912.npz
613,chair_0913,8,2,1,0,0.4925092145256275,0.13321290910243988,0.00016477431927341968,0.008419603109359741,0.6849460788071156,samples/000613_chair_0913.npz
614,chair_0914,8,32,1,0,0.5253261753528423,0.15999829769134521,0.0001482093648519367,0.022351086139678955,0.6832059398293495,samples/000614_chair_0914.npz
615,chair_0915,8,3,1,0,0.000555317509934221,0.00036010146141052246,2.6784618967212737e-10,1.1920928955078125e-07,0.6921440698206425,samples/000615_chair_0915.npz
616,chair_0916,8,20,1,0,0.5514508499091227,0.1599978804588318,0.00018362203263677657,0.02328813076019287,0.7049144878983498,samples/000616_chair_0916.npz
617,chair_0917,8,32,1,0,0.8429879084717721,0.1599999964237213,0.00031791339279152453,0.027784883975982666,0.7374040447175503,samples/000617_chair_0917.npz
618,chair_0918,8,32,1,0,0.9954415823025902,0.1599999964237213,0.0004277015686966479,0.04134023189544678,0.7415816597640514,samples/000618_chair_0918.npz
619,chair_0919,8,25,1,0,0.8895573993419504,0.1600000262260437,0.00037892573163844645,0.03576117753982544,0.722203940153122,samples/000619_chair_0919.npz
620,chair_0920,8,32,1,0,0.002764046422886057,0.0025444626808166504,7.563357939943671e-09,6.556510925292969e-06,0.7352957874536514,samples/000620_chair_0920.npz
621,chair_0921,8,32,1,0,0.9409563247789182,0.1600000262260437,0.00036354782059788704,0.03466308116912842,0.7016991749405861,samples/000621_chair_0921.npz
622,chair_0922,8,35,1,0,0.667239912507095,0.1599999964237213,0.00023041504027787596,0.02604883909225464,0.6957794986665249,samples/000622_chair_0922.npz
623,chair_0923,8,35,1,0,0.5319773869409689,0.15999984741210938,0.00015340797835960984,0.028781771659851074,0.6969865895807743,samples/000623_chair_0923.npz
624,chair_0924,8,32,1,0,0.5698771513450431,0.1600000113248825,0.00016215983487199992,0.026773065328598022,0.7274605669081211,samples/000624_chair_0924.npz
625,chair_0925,8,35,1,0,0.5353663234074404,0.15999990701675415,0.00014593412925023586,0.017327427864074707,0.6983348503708839,samples/000625_chair_0925.npz
626,chair_0926,8,32,1,0,0.5636509603954428,0.15999925136566162,0.00016249150212388486,0.028066933155059814,0.7071103416383266,samples/000626_chair_0926.npz
627,chair_0927,8,29,1,0,0.6601304382153668,0.15999984741210938,0.00022510546841658652,0.02883666753768921,0.6984583474695683,samples/000627_chair_0927.npz
628,chair_0928,8,35,1,0,0.6656904685369985,0.15999993681907654,0.00021261462825350463,0.025136828422546387,0.6944251768290997,samples/000628_chair_0928.npz
629,chair_0929,8,3,1,0,1.1230055693618233,0.1600000262260437,0.000537190237082541,0.0497397780418396,0.7443816922605038,samples/000629_chair_0929.npz
630,chair_0930,8,32,1,0,0.8508515058361447,0.15999957919120789,0.0003663815150503069,0.03447815775871277,0.7355139441788197,samples/000630_chair_0930.npz
631,chair_0931,8,35,1,0,0.5784054926296863,0.1600000262260437,0.00017735881556291133,0.022966444492340088,0.6983572542667389,samples/000631_chair_0931.npz
632,chair_0932,8,35,1,0,0.6849673829701353,0.1599997729063034,0.0002589149517007172,0.025629878044128418,0.7155407406389713,samples/000632_chair_0932.npz
633,chair_0933,8,32,1,0,0.829253732041502,0.1599999964237213,0.00032937328796833754,0.04083812236785889,0.7116453237831593,samples/000633_chair_0933.npz
634,chair_0934,8,2,1,0,0.5466530485705486,0.15999993681907654,0.00017859668878372759,0.034920454025268555,0.7129169441759586,samples/000634_chair_0934.npz
635,chair_0935,8,2,1,0,0.5540950794936582,0.15999937057495117,0.00020156771643087268,0.030936598777770996,0.7391623631119728,samples/000635_chair_0935.npz
636,chair_0936,8,35,1,0,0.7667388695859557,0.1599999964237213,0.00034296707599423826,0.03846675157546997,0.6939843371510506,samples/000636_chair_0936.npz
637,chair_0937,8,32,1,0,0.9238387383462261,0.1600000262260437,0.0003800700942520052,0.03297552466392517,0.6949054934084415,samples/000637_chair_0937.npz
638,chair_0938,8,32,1,0,0.8161897600415638,0.15999998152256012,0.00035942147951573133,0.032109856605529785,0.6800507083535194,samples/000638_chair_0938.npz
639,chair_0939,8,35,1,0,0.5683688723370375,0.1599997580051422,0.0001615624933037907,0.02410760521888733,0.6665408574044704,samples/000639_chair_0939.npz
640,chair_0940,8,32,1,0,0.9066689115004471,0.1600000262260437,0.000408901774790138,0.040249764919281006,0.6899164691567421,samples/000640_chair_0940.npz
641,chair_0941,8,3,1,0,1.0172384943682908,0.1600000113248825,0.0004459027259144932,0.036900877952575684,0.7369488179683685,samples/000641_chair_0941.npz
642,chair_0942,8,35,1,0,0.7211128558833879,0.1599999964237213,0.0002658234734553844,0.030077695846557617,0.7258304618299007,samples/000642_chair_0942.npz
643,chair_0943,8,35,1,0,0.5592534830989323,0.1599993109703064,0.00016878315364010632,0.030388295650482178,0.6734577380120754,samples/000643_chair_0943.npz
644,chair_0944,8,35,1,0,0.5065011920105293,0.15999984741210938,0.0001369390811305493,0.018037140369415283,0.6959324888885021,samples/000644_chair_0944.npz
645,chair_0945,8,32,1,0,1.060526684310675,0.1600000262260437,0.000517610926181078,0.04189622402191162,0.666759017854929,samples/000645_chair_0945.npz
646,chair_0946,8,2,1,0,0.6867054986814412,0.1599999964237213,0.00020587773178704083,0.0372241735458374,0.6891523115336895,samples/000646_chair_0946.npz
647,chair_0947,8,24,1,0,0.7312160484061576,0.1599999964237213,0.0003190584830008447,0.032294273376464844,0.6709341667592525,samples/000647_chair_0947.npz
648,chair_0948,8,29,1,0,0.3879939353717156,0.13443756103515625,0.00010123185347765684,0.01080043613910675,0.6870367117226124,samples/000648_chair_0948.npz
649,chair_0949,8,32,1,0,0.387983263253581,0.0969761312007904,9.488319483352825e-05,0.006546579301357269,0.6829014308750629,samples/000649_chair_0949.npz
650,chair_0950,8,21,1,0,0.5539197376691302,0.15999913215637207,0.00017359107732772827,0.0334736704826355,0.6841005459427834,samples/000650_chair_0950.npz
651,chair_0951,8,35,1,0,0.7807012251845429,0.1599999964237213,0.0002801585360430181,0.03450816869735718,0.6714116185903549,samples/000651_chair_0951.npz
652,chair_0952,8,32,1,0,0.9191043890389536,0.15999998152256012,0.00044547527795657516,0.03937405347824097,0.7301808297634125,samples/000652_chair_0952.npz
653,chair_0953,8,32,1,0,0.7746746687847859,0.15999960899353027,0.00028193529578857124,0.031444162130355835,0.7491290383040905,samples/000653_chair_0953.npz
654,chair_0954,8,35,1,0,0.7006817967195761,0.15999993681907654,0.00027774935006164014,0.03939223289489746,0.700907476246357,samples/000654_chair_0954.npz
655,chair_0955,8,29,1,0,0.5824201104120122,0.15999966859817505,0.00017587894399184734,0.038276106119155884,0.6896075382828712,samples/000655_chair_0955.npz
656,chair_0956,8,32,1,0,0.8343204384012531,0.15999996662139893,0.00030026643071323633,0.03291553258895874,0.7807906456291676,samples/000656_chair_0956.npz
657,chair_0957,8,35,1,0,0.5729620864955055,0.15999984741210938,0.00017209548968821764,0.015277564525604248,0.7151437811553478,samples/000657_chair_0957.npz
658,chair_0958,8,2,1,0,0.5797811383710046,0.1599997878074646,0.0001900500792544335,0.023306429386138916,0.6918023601174355,samples/000658_chair_0958.npz
659,chair_0959,8,32,1,0,0.8640835861199309,0.1600000262260437,0.00036191733670420945,0.04034668207168579,0.7015394568443298,samples/000659_chair_0959.npz
660,chair_0960,8,35,1,0,0.5504024907735672,0.1600000262260437,0.00020985008450224996,0.0163729190826416,0.7106152400374413,samples/000660_chair_0960.npz
661,chair_0961,8,35,1,0,0.5648415426947174,0.15999972820281982,0.00016867642989382148,0.026319533586502075,0.6855682469904423,samples/000661_chair_0961.npz
662,chair_0962,8,35,1,0,0.7626198940134307,0.15999998152256012,0.00025020333123393357,0.022903800010681152,0.69149199873209,samples/000662_chair_0962.npz
663,chair_0963,8,32,1,0,0.8840430637621927,0.159999817609787,0.0003918268484994769,0.03620332479476929,0.6863776668906212,samples/000663_chair_0963.npz
664,chair_0964,8,35,1,0,0.765266723883756,0.15999984741210938,0.0002815292973536998,0.021082043647766113,0.7587377056479454,samples/000664_chair_0964.npz
665,chair_0965,8,32,1,0,0.5390815938802208,0.1599999964237213,0.00013993392349220812,0.03509944677352905,0.712261937558651,samples/000665_chair_0965.npz
666,chair_0966,8,35,1,0,0.7673328095007461,0.15999996662139893,0.0002617554273456335,0.03474247455596924,0.7432539723813534,samples/000666_chair_0966.npz
667,chair_0967,8,32,1,0,0.6675986553001746,0.1599999964237213,0.00021391778136603534,0.03796666860580444,0.7284026481211185,samples/000667_chair_0967.npz
668,chair_0968,8,3,1,0,0.7709957072067983,0.15999984741210938,0.00026540507678873837,0.03229767084121704,0.7223238311707973,samples/000668_chair_0968.npz
669,chair_0969,8,15,1,0,0.7105458616613342,0.15999996662139893,0.00027447831234894693,0.034651219844818115,0.712307270616293,samples/000669_chair_0969.npz
670,chair_0970,8,32,1,0,0.8314202442651084,0.15999993681907654,0.00033721578074619174,0.04072362184524536,0.7024798765778542,samples/000670_chair_0970.npz
671,chair_0971,8,35,1,0,0.5367748189566333,0.15999990701675415,0.00018688173440750688,0.03123149275779724,0.7091869823634624,samples/000671_chair_0971.npz
672,chair_0972,8,35,1,0,0.36740077703380286,0.15999945998191833,8.027247531572357e-05,0.014158576726913452,0.7041373886168003,samples/000672_chair_0972.npz
673,chair_0973,8,32,1,0,0.5627406122258386,0.15998077392578125,0.00015676615294069052,0.015214234590530396,0.7095778919756413,samples/000673_chair_0973.npz
674,chair_0974,8,23,1,0,0.5128297466048923,0.1599999964237213,0.00017616283730603755,0.01607164740562439,0.6970788240432739,samples/000674_chair_0974.npz
675,chair_0975,8,32,1,0,1.2385332591180789,0.1600000113248825,0.000759066198952496,0.04400509595870972,0.6955264247953892,samples/000675_chair_0975.npz
676,chair_0976,8,35,1,0,0.5281649447463991,0.1599999964237213,0.0001239818666363135,0.027697622776031494,0.7363155409693718,samples/000676_chair_0976.npz
677,chair_0977,8,35,1,0,0.5401688500839078,0.15999990701675415,0.00015503758913837373,0.026187926530838013,0.6929516158998013,samples/000677_chair_0977.npz
678,chair_0978,8,3,1,0,0.7697889796835152,0.1600000113248825,0.0002752845175564289,0.046350955963134766,0.6896172761917114,samples/000678_chair_0978.npz
679,chair_0979,8,32,1,0,0.9221665034655655,0.1600000262260437,0.0004287642950657755,0.03718101978302002,0.6913720071315765,samples/000679_chair_0979.npz
680,chair_0980,8,2,1,0,0.5167689421840277,0.1599997878074646,0.00014033564366400242,0.019892364740371704,0.7147133983671665,samples/000680_chair_0980.npz
681,chair_0981,8,35,1,0,0.6689355111622286,0.15999969840049744,0.000204138777917251,0.013761967420578003,0.697135079652071,samples/000681_chair_0981.npz
682,chair_0982,8,35,1,0,0.388016790863929,0.1419852375984192,9.855057578533888e-05,0.01202094554901123,0.6944768354296684,samples/000682_chair_0982.npz
683,chair_0983,8,35,1,0,0.6554896513888012,0.1599999964237213,0.00022350727522280067,0.028848797082901,0.7001735605299473,samples/000683_chair_0983.npz
684,chair_0984,8,35,1,0,0.5585061985041586,0.159999817609787,0.0001527974527562037,0.018774449825286865,0.7521385587751865,samples/000684_chair_0984.npz
685,chair_0985,8,35,1,0,0.5627383879328218,0.1599999964237213,0.00018366742006037384,0.02818351984024048,0.7234030179679394,samples/000685_chair_0985.npz
686,chair_0986,8,35,1,0,0.5600498202101489,0.15999960899353027,0.00018489512149244547,0.01731407642364502,0.7513034380972385,samples/000686_chair_0986.npz
687,chair_0987,8,32,1,0,0.6852340962847916,0.15999996662139893,0.0002320415514986962,0.03530558943748474,0.7376901842653751,samples/000687_chair_0987.npz
688,chair_0988,8,3,1,0,0.8110080280394618,0.1600000262260437,0.00030479676206596196,0.03230816125869751,0.7416591122746468,samples/000688_chair_0988.npz
689,chair_0989,8,32,1,0,0.7265043235375804,0.15999972820281982,0.0002775474276859313,0.03990048170089722,0.7552284300327301,samples/000689_chair_0989.npz
690,cone_0168,9,34,1,0,0.5344742306379943,0.15999996662139893,0.00018206237291451544,0.018237173557281494,0.7512061074376106,samples/000690_cone_0168.npz
691,cone_0169,9,34,1,0,1.083552877787073,0.15999984741210938,0.000546775758266449,0.037621140480041504,0.7197700254619122,samples/000691_cone_0169.npz
692,cone_0170,9,34,1,0,1.0566362391467217,0.1600000262260437,0.0004425277002155781,0.041446246206760406,0.7401945404708385,samples/000692_cone_0170.npz
693,cone_0171,9,5,1,0,0.8141545908086699,0.1599999964237213,0.0002512737119104713,0.030982553958892822,0.7074851542711258,samples/000693_cone_0171.npz
694,cone_0172,9,37,1,0,0.5786592489404742,0.15999998152256012,0.0001698825799394399,0.025784850120544434,0.6935713961720467,samples/000694_cone_0172.npz
695,cone_0173,9,5,1,0,0.35564001903932313,0.15999972820281982,5.3098698117537424e-05,0.008433282375335693,0.687991876155138,samples/000695_cone_0173.npz
696,cone_0174,9,34,1,0,0.3879787408369644,0.13873451948165894,0.00011064118007197976,0.021140635013580322,0.6819212697446346,samples/000696_cone_0174.npz
697,cone_0175,9,37,1,0,0.7934012995000562,0.1599999964237213,0.00023433534079231322,0.017598241567611694,0.684287641197443,samples/000697_cone_0175.npz
698,cone_0176,9,15,1,0,0.38798127570117863,0.12373742461204529,0.00010095975449075922,0.008604198694229126,0.6916816420853138,samples/000698_cone_0176.npz
699,cone_0177,9,6,1,0,1.8638113935095113,0.1599999964237213,0.0011625130428001285,0.03190898895263672,0.681686520576477,samples/000699_cone_0177.npz
700,cone_0178,9,37,1,0,0.6982116692549407,0.1599999964237213,0.0002203324984293431,0.023065507411956787,0.6807933710515499,samples/000700_cone_0178.npz
701,cone_0179,9,34,1,0,2.1595341095223364,0.1599999964237213,0.0014169219648465514,0.0408746600151062,0.6907725632190704,samples/000701_cone_0179.npz
702,cone_0180,9,34,1,0,1.396019598171586,0.1600000262260437,0.0007475184393115342,0.04563784599304199,0.6889304369688034,samples/000702_cone_0180.npz
703,cone_0181,9,34,1,0,1.1202498925244535,0.1599999964237213,0.0006143990904092789,0.03721511363983154,0.6898991391062737,samples/000703_cone_0181.npz
704,cone_0182,9,37,1,0,0.4430902647439214,0.15999957919120789,8.976766548585147e-05,0.007902204990386963,0.6899976171553135,samples/000704_cone_0182.npz
705,cone_0183,9,34,1,0,0.5522945595275429,0.15999996662139893,0.00018031765648629516,0.03218144178390503,0.6911920234560966,samples/000705_cone_0183.npz
706,cone_0184,9,37,1,0,0.5103641591669023,0.15999990701675415,0.00012649544805753976,0.027843117713928223,0.6894010528922081,samples/000706_cone_0184.npz
707,cone_0185,9,28,1,0,0.00045539751535195834,0.00033408403396606445,4.0745362639427185e-10,2.384185791015625e-07,0.688618928194046,samples/000707_cone_0185.npz
708,cone_0186,9,6,1,0,1.8185718055815034,0.1599999964237213,0.0009468558127991855,0.02927231788635254,0.7188037931919098,samples/000708_cone_0186.npz
709,cone_0187,9,37,1,0,0.4349473753289187,0.15999998152256012,9.26364227780141e-05,0.02493906021118164,0.7352411188185215,samples/000709_cone_0187.npz
710,cup_0080,10,37,1,0,0.5971699400375655,0.15999996662139893,0.00021476436813827604,0.01835930347442627,0.7244713939726353,samples/000710_cup_0080.npz
711,cup_0081,10,37,1,0,0.001429487577218863,0.0013761520385742188,3.4924596548080444e-10,1.7881393432617188e-06,0.7526549659669399,samples/000711_cup_0081.npz
712,cup_0082,10,15,1,0,0.001023233726749703,0.0007280409336090088,1.2223608791828156e-09,5.960464477539062e-07,0.7054697722196579,samples/000712_cup_0082.npz
713,cup_0083,10,6,1,0,3.725045911402177e-05,6.288290023803711e-06,-7.421476766467094e-10,2.384185791015625e-07,0.7050019465386868,samples/000713_cup_0083.npz
714,cup_0084,10,15,1,0,0.6949263689947602,0.1600000113248825,0.00030494018574245274,0.010034389793872833,0.7106423527002335,samples/000714_cup_0084.npz
715,cup_0085,10,19,1,0,0.0006675924464064383,0.0006345510482788086,-2.091837814077735e-09,4.172325134277344e-07,0.7321162074804306,samples/000715_cup_0085.npz
716,cup_0086,10,19,1,0,0.8566354868848265,0.15999847650527954,0.0003832503571175039,0.023065686225891113,0.7063064761459827,samples/000716_cup_0086.npz
717,cup_0087,10,15,1,0,0.48458607750632515,0.15999972820281982,0.00014181039296090603,0.012950479984283447,0.7384228333830833,samples/000717_cup_0087.npz
718,cup_0088,10,37,1,0,0.35017183547462083,0.1599999964237213,8.831449667923152e-05,0.01158539205789566,0.6715030483901501,samples/000718_cup_0088.npz
719,cup_0089,10,15,1,0,1.277177782388096,0.1600000262260437,0.0008326206007041037,0.038346171379089355,0.6740800030529499,samples/000719_cup_0089.npz
720,cup_0090,10,5,1,0,0.0011765123833497974,0.0005962848663330078,2.608430804684758e-09,4.76837158203125e-07,0.7266331575810909,samples/000720_cup_0090.npz
721,cup_0091,10,37,1,0,0.5497294996220133,0.15999998152256012,0.00018035786342807114,0.02054610848426819,0.706393662840128,samples/000721_cup_0091.npz
722,cup_0092,10,15,1,0,0.557833207170831,0.15999996662139893,0.00018869232735596597,0.025159180164337158,0.7014299295842648,samples/000722_cup_0092.npz
723,cup_0093,10,37,1,0,0.0034088220997481873,0.0033712387084960938,9.124050848186016e-09,1.1444091796875e-05,0.6957087330520153,samples/000723_cup_0093.npz
724,cup_0094,10,15,1,0,1.0299819172271847,0.15999984741210938,0.0005992970545776188,0.03704667091369629,0.6979892589151859,samples/000724_cup_0094.npz
725,cup_0095,10,37,1,0,0.3879809732466596,0.0964663028717041,0.00010909626871580258,0.007539272308349609,0.7131629288196564,samples/000725_cup_0095.npz
726,cup_0096,10,37,1,0,0.0008931032202530218,0.000671088695526123,-2.473825588822365e-09,3.5762786865234375e-07,0.7174488641321659,samples/000726_cup_0096.npz
727,cup_0097,10,15,1,0,0.5697327371235882,0.1375548541545868,0.00021148525411263108,0.01355654001235962,0.7882294990122318,samples/000727_cup_0097.npz
728,cup_0098,10,37,1,0,0.7218654842492649,0.15999998152256012,0.0003232092713005841,0.026707857847213745,0.7407684549689293,samples/000728_cup_0098.npz
729,cup_0099,10,37,1,0,0.3879949003125956,0.14996123313903809,0.00010061000648420304,0.0067386627197265625,0.7211527116596699,samples/000729_cup_0099.npz
730,curtain_0139,11,13,1,0,0.387979244930599,0.15904200077056885,7.010063563939184e-05,0.006655469536781311,0.7146718949079514,samples/000730_curtain_0139.npz
731,curtain_0140,11,21,1,0,0.3513344819993325,0.15999945998191833,7.734245446044952e-05,0.021266944706439972,0.7228422090411186,samples/000731_curtain_0140.npz
732,curtain_0141,11,22,1,0,0.38797897127985004,0.13268116116523743,7.206136069726199e-05,0.006401091814041138,0.6898459419608116,samples/000732_curtain_0141.npz
733,curtain_0142,11,21,1,0,0.3879790865012416,0.1416938751935959,8.004214760148898e-05,0.006435573101043701,0.7038352265954018,samples/000733_curtain_0142.npz
734,curtain_0143,11,22,1,0,0.3712264426059169,0.15999983251094818,6.824881711509079e-05,0.007113784551620483,0.7551218457520008,samples/000734_curtain_0143.npz
735,curtain_0144,11,26,1,0,0.3880047080083704,0.14673025906085968,7.645040022907779e-05,0.02088409662246704,0.7294537462294102,samples/000735_curtain_0144.npz
736,curtain_0145,11,13,1,0,0.3885735766071652,0.15259595215320587,7.09857777110301e-05,0.012006223201751709,0.7250452563166618,samples/000736_curtain_0145.npz
737,curtain_0146,11,26,1,0,0.5573760745634238,0.1599999964237213,0.00010770195513032377,0.02298518270254135,0.7915100865066051,samples/000737_curtain_0146.npz
738,curtain_0147,11,13,1,0,0.3894711858527369,0.1548917591571808,5.8745637943502516e-05,0.011683344841003418,0.728767141699791,samples/000738_curtain_0147.npz
739,curtain_0148,11,13,1,0,0.3879802099080154,0.15308935940265656,7.498869672417641e-05,0.011510610580444336,0.7307476028800011,samples/000739_curtain_0148.npz
740,curtain_0149,11,13,1,0,0.00035225039484548115,0.0003333091735839844,-2.8653630579356104e-09,2.384185791015625e-07,0.7001556195318699,samples/000740_curtain_0149.npz
741,curtain_0150,11,21,1,0,0.0017481387726344542,0.0006929934024810791,1.9906565285054967e-09,5.960464477539062e-07,0.6835501305758953,samples/000741_curtain_0150.npz
742,curtain_0151,11,13,1,0,0.49882218096723296,0.1599937081336975,8.715368312550709e-05,0.017293274402618408,0.7036324143409729,samples/000742_curtain_0151.npz
743,curtain_0152,11,13,1,0,0.5269664898443692,0.1599999964237213,0.00010182267578784376,0.028429925441741943,0.6890452206134796,samples/000743_curtain_0152.npz
744,curtain_0153,11,13,1,0,0.38818470216988715,0.14467893540859222,6.708519504172727e-05,0.012691885232925415,0.6829368136823177,samples/000744_curtain_0153.npz
745,curtain_0154,11,22,1,0,0.3879794753731852,0.14770293235778809,6.074136035749689e-05,0.006911635398864746,0.7358955107629299,samples/000745_curtain_0154.npz
746,curtain_0155,11,13,1,0,0.34587009083304204,0.1599999964237213,6.587922689504921e-05,0.012233294546604156,0.7450784146785736,samples/000746_curtain_0155.npz
747,curtain_0156,11,13,1,0,0.3877109601300623,0.09691841155290604,9.621013305149972e-05,0.007248222827911377,0.7022592164576054,samples/000747_curtain_0156.npz
748,curtain_0157,11,13,1,0,0.3753830473310675,0.1599999964237213,7.198435196187347e-05,0.014542460441589355,0.7615828514099121,samples/000748_curtain_0157.npz
749,curtain_0158,11,13,1,0,0.3879795185811549,0.12545886635780334,8.442207763437182e-05,0.008211523294448853,0.7382251098752022,samples/000749_curtain_0158.npz
750,desk_0201,12,25,1,0,0.38804899077263955,0.10647599399089813,0.00011358661868143827,0.0118027925491333,0.7307355962693691,samples/000750_desk_0201.npz
751,desk_0202,12,33,1,0,0.36791107734118944,0.15999987721443176,8.337780309375376e-05,0.016840696334838867,0.7057438343763351,samples/000751_desk_0202.npz
752,desk_0203,12,30,1,0,0.5990023693537779,0.15999960899353027,0.0002176372945541516,0.02219867706298828,0.7110973447561264,samples/000752_desk_0203.npz
753,desk_0204,12,23,1,0,0.38663572807394364,0.1599999964237213,7.601498509757221e-05,0.00763624906539917,0.7149581834673882,samples/000753_desk_0204.npz
754,desk_0205,12,23,1,0,0.3860819225900292,0.15999984741210938,0.0001111622987082228,0.01657283306121826,0.6997576132416725,samples/000754_desk_0205.npz
755,desk_0206,12,25,1,0,0.5827537443084906,0.1599988341331482,0.00022707048628944904,0.02074134349822998,0.7497534230351448,samples/000755_desk_0206.npz
756,desk_0207,12,25,1,0,0.387995663622338,0.10132859647274017,0.00010526482947170734,0.009222611784934998,0.720007486641407,samples/000756_desk_0207.npz
757,desk_0208,12,3,1,0,0.5214527420565142,0.15999957919120789,0.00014955399092286825,0.022963345050811768,0.698452066630125,samples/000757_desk_0208.npz
758,desk_0209,12,33,1,0,0.7294039385627283,0.15999966859817505,0.00029195804381743073,0.02460932731628418,0.7311539947986603,samples/000758_desk_0209.npz
759,desk_0210,12,30,1,0,0.0010612755083868352,0.0006884336471557617,9.458744898438454e-11,7.152557373046875e-07,0.6905007101595402,samples/000759_desk_0210.npz
760,desk_0211,12,33,1,0,0.5953023782004789,0.1599999964237213,0.00017067133740056306,0.02258893847465515,0.6799811534583569,samples/000760_desk_0211.npz
761,desk_0212,12,30,1,0,0.5616328588933901,0.1599999964237213,0.00019864038040395826,0.018656253814697266,0.6903066858649254,samples/000761_desk_0212.npz
762,desk_0213,12,23,1,0,0.5187982752179958,0.159999817609787,0.00018623191863298416,0.028809010982513428,0.6817086189985275,samples/000762_desk_0213.npz
763,desk_0214,12,23,1,0,0.8783644468532085,0.1599999964237213,0.00042256253072991967,0.021468348801136017,0.6826587878167629,samples/000763_desk_0214.npz
764,desk_0215,12,23,1,0,0.6260731662711051,0.1600000262260437,0.0002463088894728571,0.021995320916175842,0.695307545363903,samples/000764_desk_0215.npz
765,desk_0216,12,30,1,0,0.3880146018643704,0.1587561070919037,0.00011855433695018291,0.014830023050308228,0.6907099112868309,samples/000765_desk_0216.npz
766,desk_0217,12,23,1,0,0.5666765883280726,0.15999957919120789,0.00019405454804655164,0.0267370343208313,0.6903022117912769,samples/000766_desk_0217.npz
767,desk_0218,12,33,1,0,0.38793372983653834,0.13126066327095032,0.00010055895108962432,0.0100136399269104,0.6880022175610065,samples/000767_desk_0218.npz
768,desk_0219,12,30,1,0,0.3880971704401876,0.14299091696739197,0.00010398049198556691,0.012866929173469543,0.675581082701683,samples/000768_desk_0219.npz
769,desk_0220,12,23,1,0,0.5242423730180814,0.1599999964237213,0.00018063921015709639,0.01763884723186493,0.6903296411037445,samples/000769_desk_0220.npz
770,desk_0221,12,30,1,0,0.3879919910805636,0.11337442696094513,9.880721336230636e-05,0.006114929914474487,0.6806211061775684,samples/000770_desk_0221.npz
771,desk_0222,12,30,1,0,0.7145451406684017,0.15999996662139893,0.00024383065465372056,0.038605064153671265,0.7021220289170742,samples/000771_desk_0222.npz
772,desk_0223,12,23,1,0,0.5435215379624446,0.1599999964237213,0.00019661440455820411,0.02145177125930786,0.6495447903871536,samples/000772_desk_0223.npz
773,desk_0224,12,33,1,0,0.38798033953166466,0.1395455002784729,9.867492190096527e-05,0.015915215015411377,0.6551691517233849,samples/000773_desk_0224.npz
774,desk_0225,12,33,1,0,0.7803023026227434,0.15999996662139893,0.00031535624293610454,0.04999944567680359,0.697101291269064,samples/000774_desk_0225.npz
775,desk_0226,12,30,1,0,0.5429659575795333,0.1599999964237213,0.00018563559569884092,0.02375158667564392,0.6933094635605812,samples/000775_desk_0226.npz
776,desk_0227,12,33,1,0,0.5235802185441137,0.1599999964237213,0.00018105303752236068,0.03141394257545471,0.7247832790017128,samples/000776_desk_0227.npz
777,desk_0228,12,23,1,0,0.6587198645776262,0.1599999964237213,0.0002715592854656279,0.0330793559551239,0.6987938247621059,samples/000777_desk_0228.npz
778,desk_0229,12,3,1,0,0.5276443684228344,0.1599999964237213,0.00013320677680894732,0.018671691417694092,0.6843053735792637,samples/000778_desk_0229.npz
779,desk_0230,12,30,1,0,0.3880142850344639,0.1047210618853569,0.00010730446956586093,0.009190455079078674,0.6791566722095013,samples/000779_desk_0230.npz
780,desk_0231,12,30,1,0,0.5737066710386127,0.15999963879585266,0.00015503658505622298,0.016406387090682983,0.7161358669400215,samples/000780_desk_0231.npz
781,desk_0232,12,3,1,0,0.5549202484424958,0.1599999964237213,0.0001706084149191156,0.021263301372528076,0.7091062963008881,samples/000781_desk_0232.npz
782,desk_0233,12,33,1,0,0.38796409303018725,0.14979694783687592,8.844392141327262e-05,0.009968936443328857,0.7181902825832367,samples/000782_desk_0233.npz
783,desk_0234,12,23,1,0,0.006881636684686941,0.0021144747734069824,4.77319872516091e-08,9.298324584960938e-06,0.7522937431931496,samples/000783_desk_0234.npz
784,desk_0235,12,25,1,0,0.5129795485471615,0.15999984741210938,0.00015666382387280464,0.017088770866394043,0.7162041217088699,samples/000784_desk_0235.npz
785,desk_0236,12,3,1,0,0.559273546224963,0.15999987721443176,0.00015202161739580333,0.01640164852142334,0.6883259825408459,samples/000785_desk_0236.npz
786,desk_0237,12,33,1,0,0.7885795097055474,0.15999993681907654,0.0003689021395985037,0.016834966838359833,0.6978296041488647,samples/000786_desk_0237.npz
787,desk_0238,12,33,1,0,0.47452228830345616,0.11944490671157837,0.00016260932898148894,0.011281311511993408,0.6935068517923355,samples/000787_desk_0238.npz
788,desk_0239,12,30,1,0,0.3879628399472917,0.12985020875930786,6.754458445357159e-05,0.0056890323758125305,0.6891986019909382,samples/000788_desk_0239.npz
789,desk_0240,12,2,1,0,0.7092956301109632,0.15999996662139893,0.00029014446772634983,0.026979893445968628,0.7028794847428799,samples/000789_desk_0240.npz
790,desk_0241,12,23,1,0,0.5534108675919661,0.15999990701675415,0.00019233943021390587,0.015658140182495117,0.6958695203065872,samples/000790_desk_0241.npz
791,desk_0242,12,33,1,0,0.0008085599141860224,0.000567704439163208,2.1420873963506892e-09,2.980232238769531e-07,0.7042214795947075,samples/000791_desk_0242.npz
792,desk_0243,12,30,1,0,0.0002983801849729653,0.00018453598022460938,1.0290932550560683e-09,2.384185791015625e-07,0.7040894106030464,samples/000792_desk_0243.npz
793,desk_0244,12,30,1,0,0.5278911504535394,0.15999940037727356,0.00013794348342344165,0.017073601484298706,0.688467051833868,samples/000793_desk_0244.npz
794,desk_0245,12,23,1,0,0.38804418111702826,0.1450672745704651,0.000107375301013235,0.011727377772331238,0.6849125362932682,samples/000794_desk_0245.npz
795,desk_0246,12,30,1,0,0.5723022865816303,0.1589108407497406,0.00017338272300548851,0.01510918140411377,0.6980158984661102,samples/000795_desk_0246.npz
796,desk_0247,12,30,1,0,0.38800897089428976,0.13235986232757568,0.00010891151032410562,0.01309547945857048,0.7144673131406307,samples/000796_desk_0247.npz
797,desk_0248,12,3,1,0,0.6794390388705046,0.15999996662139893,0.0001958791253855452,0.02345755696296692,0.7085385769605637,samples/000797_desk_0248.npz
798,desk_0249,12,33,1,0,0.5477785275985911,0.1599999964237213,0.00014801189536228776,0.015015482902526855,0.6901352927088737,samples/000798_desk_0249.npz
799,desk_0250,12,14,1,0,0.38803724013168306,0.11768138408660889,0.00010483007645234466,0.015742361545562744,0.7065967619419098,samples/000799_desk_0250.npz
800,desk_0251,12,33,1,0,0.009203322507098967,0.00466763973236084,8.192500899895094e-08,2.5153160095214844e-05,0.7157220058143139,samples/000800_desk_0251.npz
801,desk_0252,12,23,1,0,0.38775703457735916,0.12966422736644745,0.0001015411107800901,0.015054076910018921,0.7404054217040539,samples/000801_desk_0252.npz
802,desk_0253,12,30,1,0,0.38806301619442707,0.12860317528247833,9.262400271836668e-05,0.007310152053833008,0.7208546660840511,samples/000802_desk_0253.npz
803,desk_0254,12,33,1,0,0.5371908784929856,0.15999957919120789,0.00019479385809972882,0.01655516028404236,0.6905672624707222,samples/000803_desk_0254.npz
804,desk_0255,12,25,1,0,0.5327474512458135,0.15999844670295715,0.00014785102393943816,0.017356351017951965,0.7098274119198322,samples/000804_desk_0255.npz
805,desk_0256,12,30,1,0,0.5649496620254187,0.15999996662139893,0.0001481602666899562,0.021606383845210075,0.7106837034225464,samples/000805_desk_0256.npz
806,desk_0257,12,33,1,0,0.5451316839769257,0.1599981188774109,0.00016852235421538353,0.017072081565856934,0.6923400796949863,samples/000806_desk_0257.npz
807,desk_0258,12,2,1,0,0.5778226061566947,0.1599999964237213,0.0001816839212551713,0.02741450071334839,0.7438372634351254,samples/000807_desk_0258.npz
808,desk_0259,12,23,1,0,0.3880536707695278,0.11126601696014404,0.00010820539318956435,0.009857028722763062,0.7422814108431339,samples/000808_desk_0259.npz
809,desk_0260,12,14,1,0,0.3880360016855607,0.10479191690683365,9.94659640127793e-05,0.00800330936908722,0.6914989352226257,samples/000809_desk_0260.npz
810,desk_0261,12,30,1,0,0.38819071925119264,0.12824371457099915,0.00011775692109949887,0.014680236577987671,0.6935951001942158,samples/000810_desk_0261.npz
811,desk_0262,12,23,1,0,0.5194575106842564,0.159999817609787,0.00017217783897649497,0.0203092098236084,0.6910426206886768,samples/000811_desk_0262.npz
812,desk_0263,12,30,1,0,0.3880153795366805,0.14728252589702606,7.004116923781112e-05,0.018292605876922607,0.7030260637402534,samples/000812_desk_0263.npz
813,desk_0264,12,36,1,0,0.6184548873538938,0.1599997878074646,0.0002239267050754279,0.026485562324523926,0.7065691687166691,samples/000813_desk_0264.npz
814,desk_0265,12,23,1,0,0.009527628548466343,0.003115355968475342,8.832284947857261e-08,1.1444091796875e-05,0.7405285537242889,samples/000814_desk_0265.npz
815,desk_0266,12,14,1,0,0.007010074903814064,0.005327105522155762,4.816683940589428e-08,2.8967857360839844e-05,0.7280724942684174,samples/000815_desk_0266.npz
816,desk_0267,12,30,1,0,0.5752499721183919,0.15999995172023773,0.00017062331608030945,0.019312940537929535,0.7020258493721485,samples/000816_desk_0267.npz
817,desk_0268,12,23,1,0,0.005854943721379507,0.0029448866844177246,3.045715857297182e-08,8.64267349243164e-06,0.7293287962675095,samples/000817_desk_0268.npz
818,desk_0269,12,14,1,0,0.38816380000482253,0.10795113444328308,0.00011522467684699222,0.00895276665687561,0.6984464190900326,samples/000818_desk_0269.npz
819,desk_0270,12,33,1,0,0.38804020662608907,0.1226155161857605,9.308593871537596e-05,0.018426477909088135,0.7108124494552612,samples/000819_desk_0270.npz
820,desk_0271,12,30,1,0,0.6985400758215673,0.15999998152256012,0.00018214670126326382,0.022624850273132324,0.6898509748280048,samples/000820_desk_0271.npz
821,desk_0272,12,25,1,0,0.5382541732732609,0.15999647974967957,0.00016352169041056186,0.016398683190345764,0.6995541118085384,samples/000821_desk_0272.npz
822,desk_0273,12,23,1,0,0.5335423993581407,0.11636319756507874,0.0001991572935367003,0.012486249208450317,0.7146855965256691,samples/000822_desk_0273.npz
823,desk_0274,12,30,1,0,0.3880868035332242,0.12922483682632446,0.0001080075599020347,0.011440932750701904,0.6942357160151005,samples/000823_desk_0274.npz
824,desk_0275,12,25,1,0,0.5693066950987984,0.1599999964237213,0.00017978533287532628,0.019840702414512634,0.6975343003869057,samples/000824_desk_0275.npz
825,desk_0276,12,23,1,0,0.3761114101598112,0.1599999964237213,0.00010604074486764148,0.011598914861679077,0.7593819089233875,samples/000825_desk_0276.npz
826,desk_0277,12,2,1,0,0.5575437948426589,0.15999998152256012,0.00016118620987981558,0.014873579144477844,0.7037857137620449,samples/000826_desk_0277.npz
827,desk_0278,12,29,1,0,0.3879901187909864,0.15240654349327087,0.00010156005737371743,0.014367341995239258,0.7207328453660011,samples/000827_desk_0278.npz
828,desk_0279,12,23,1,0,0.3879930136349026,0.12775497138500214,8.367651753360406e-05,0.009417295455932617,0.7109870202839375,samples/000828_desk_0279.npz
829,desk_0280,12,33,1,0,0.5953025847082354,0.15999996662139893,0.00021449223277159035,0.03993505239486694,0.7114182636141777,samples/000829_desk_0280.npz
830,desk_0281,12,23,1,0,0.5276587710943025,0.15999960899353027,0.00018354345229454339,0.027178078889846802,0.7026348374783993,samples/000830_desk_0281.npz
831,desk_0282,12,33,1,0,0.5200321034805614,0.1599997580051422,0.0001862979552242905,0.028576970100402832,0.7214738056063652,samples/000831_desk_0282.npz
832,desk_0283,12,33,1,0,0.3779288151457425,0.15999919176101685,9.69336397247389e-05,0.015724722295999527,0.7291711717844009,samples/000832_desk_0283.npz
833,desk_0284,12,14,1,0,0.5599811902889255,0.1599999964237213,0.00018172628188040107,0.01913858950138092,0.7372970879077911,samples/000833_desk_0284.npz
834,desk_0285,12,25,1,0,0.5787865294860417,0.1599999964237213,0.00017062845290638506,0.02084246277809143,0.6987749524414539,samples/000834_desk_0285.npz
835,desk_0286,12,33,1,0,0.6645460275764495,0.1599997580051422,0.0002292858698638156,0.029496610164642334,0.7473815530538559,samples/000835_desk_0286.npz
836,door_0110,13,11,1,0,0.6522885030777162,0.1599998027086258,0.00020175427198410034,0.035249948501586914,0.685782428830862,samples/000836_door_0110.npz
837,door_0111,13,11,1,0,0.5246569747519902,0.15999987721443176,0.0001460575731471181,0.030242860317230225,0.7153358645737171,samples/000837_door_0111.npz
838,door_0112,13,11,1,0,0.5725081323791502,0.1599997878074646,0.00017025649140123278,0.019353032112121582,0.6962343826889992,samples/000838_door_0112.npz
839,door_0113,13,11,1,0,0.4841756179595461,0.15999969840049744,0.00010737554839579388,0.020385175943374634,0.6887030005455017,samples/000839_door_0113.npz
840,door_0114,13,11,1,0,0.5142736282553423,0.15998989343643188,0.00011321845522616059,0.018816590309143066,0.69216413423419,samples/000840_door_0114.npz
841,door_0115,13,11,1,0,0.3396635070844673,0.1599900722503662,5.04466806887649e-05,0.014338076114654541,0.7002024948596954,samples/000841_door_0115.npz
842,door_0116,13,11,1,0,0.5113364385828046,0.159999817609787,0.00012090722884749994,0.017899945378303528,0.6868140622973442,samples/000842_door_0116.npz
843,door_0117,13,11,1,0,0.4914347705539675,0.15999990701675415,9.331812179880217e-05,0.027337253093719482,0.7219459190964699,samples/000843_door_0117.npz
844,door_0118,13,11,1,0,0.4888018464982264,0.15999272465705872,0.00012037035048706457,0.016151845455169678,0.7001729756593704,samples/000844_door_0118.npz
845,door_0119,13,11,1,0,0.5814543495590744,0.15095403790473938,0.00015944073675200343,0.015390723943710327,0.7033938467502594,samples/000845_door_0119.npz
846,door_0120,13,11,1,0,0.5049517896155145,0.15999996662139893,0.00013087310071568936,0.02050316333770752,0.7023206129670143,samples/000846_door_0120.npz
847,door_0121,13,20,1,0,0.009157849187915568,0.003623783588409424,8.083588909357786e-08,1.3947486877441406e-05,0.6906971037387848,samples/000847_door_0121.npz
848,door_0122,13,11,1,0,0.5283955575099284,0.1599995493888855,0.00011975372763117775,0.015140444040298462,0.701617881655693,samples/000848_door_0122.npz
849,door_0123,13,11,1,0,0.5349347846667251,0.15999974310398102,0.00013735171523876488,0.01716148853302002,0.7299655675888062,samples/000849_door_0123.npz
850,door_0124,13,4,1,0,0.3884344909579041,0.14829722046852112,9.075817797565833e-05,0.012745976448059082,0.7243415415287018,samples/000850_door_0124.npz
851,door_0125,13,11,1,0,0.3879787696423326,0.14094412326812744,8.76851991051808e-05,0.019848309457302094,0.7260040454566479,samples/000851_door_0125.npz
852,door_0126,13,11,1,0,0.5281516138966524,0.1599999964237213,0.00012377106759231538,0.02740710973739624,0.7305930517613888,samples/000852_door_0126.npz
853,door_0127,13,11,1,0,0.6156131849752701,0.1599998027086258,0.0001936807093443349,0.02796006202697754,0.7049409598112106,samples/000853_door_0127.npz
854,door_0128,13,11,1,0,0.4647210303768735,0.15999996662139893,0.00010563767136773095,0.03234511613845825,0.7137907184660435,samples/000854_door_0128.npz
855,door_0129,13,11,1,0,0.013628660123594058,0.002929091453552246,1.8312721294933e-07,8.702278137207031e-06,0.7386421859264374,samples/000855_door_0129.npz
856,dresser_0201,14,23,1,0,0.004689320911646371,0.002908676862716675,2.3326720111072063e-08,9.238719940185547e-06,0.7198766246438026,samples/000856_dresser_0201.npz
857,dresser_0202,14,23,1,0,0.006335997419950027,0.0042459964752197266,3.7834979593753815e-08,1.800060272216797e-05,0.7295900397002697,samples/000857_dresser_0202.npz
858,dresser_0203,14,23,1,0,0.45798132032871275,0.159999817609787,0.00015179724141489714,0.017965644598007202,0.6958294957876205,samples/000858_dresser_0203.npz
859,dresser_0204,14,38,1,0,0.3879927976025203,0.09876030683517456,0.000105482162325643,0.007765918970108032,0.6856964267790318,samples/000859_dresser_0204.npz
860,dresser_0205,14,38,1,0,0.5296954804215955,0.11775732040405273,0.00017383656813763082,0.009423285722732544,0.6907750368118286,samples/000860_dresser_0205.npz
861,dresser_0206,14,23,1,0,0.3879991921101226,0.10055356472730637,0.00011573318624868989,0.011194407939910889,0.7008808441460133,samples/000861_dresser_0206.npz
862,dresser_0207,14,5,1,0,0.3881309761517913,0.10242809355258942,8.472422632621601e-05,0.0075036585330963135,0.7797418236732483,samples/000862_dresser_0207.npz
863,dresser_0208,14,23,1,0,0.387970415995935,0.1441604495048523,0.00011566450848476961,0.008296787738800049,0.6969702020287514,samples/000863_dresser_0208.npz
864,dresser_0209,14,23,1,0,0.6757894416268498,0.1599995493888855,0.00027972256066277623,0.02072662115097046,0.7053788229823112,samples/000864_dresser_0209.npz
865,dresser_0210,14,23,1,0,0.3879917606454109,0.15613746643066406,0.00010174380440730602,0.011697947978973389,0.6807449348270893,samples/000865_dresser_0210.npz
866,dresser_0211,14,23,1,0,0.38802129843596506,0.15454956889152527,0.00011464557610452175,0.017095625400543213,0.6839799024164677,samples/000866_dresser_0211.npz
867,dresser_0212,14,23,1,0,0.00974967611584017,0.0033943653106689453,9.319046512246132e-08,1.2636184692382812e-05,0.6967026405036449,samples/000867_dresser_0212.npz
868,dresser_0213,14,38,1,0,0.560840762252361,0.1599999964237213,0.00015981175238266587,0.015846669673919678,0.7110750377178192,samples/000868_dresser_0213.npz
869,dresser_0214,14,23,1,0,0.31890469051205933,0.15999960899353027,7.354760600719601e-05,0.015142261981964111,0.7076280042529106,samples/000869_dresser_0214.npz
870,dresser_0215,14,23,1,0,0.5697217520640517,0.14381420612335205,0.00021921691950410604,0.017552614212036133,0.6989394649863243,samples/000870_dresser_0215.npz
871,dresser_0216,14,23,1,0,0.3879794609705276,0.12963077425956726,0.00011942310084123164,0.012556612491607666,0.7076367177069187,samples/000871_dresser_0216.npz
872,dresser_0217,14,23,1,0,0.38690147995648483,0.15999984741210938,0.00011410264414735138,0.016297578811645508,0.6885239742696285,samples/000872_dresser_0217.npz
873,dresser_0218,14,39,1,0,0.0010449490174128813,0.000574946403503418,-1.051375875249505e-09,3.5762786865234375e-07,0.7119768485426903,samples/000873_dresser_0218.npz
874,dresser_0219,14,23,1,0,0.017169540703750784,0.003938615322113037,2.8774957172572613e-07,1.5914440155029297e-05,0.7041213028132915,samples/000874_dresser_0219.npz
875,dresser_0220,14,27,1,0,0.5087869830830378,0.15999966859817505,0.00015268352581188083,0.016688302159309387,0.6947229579091072,samples/000875_dresser_0220.npz
876,dresser_0221,14,23,1,0,0.5499843554547562,0.15999916195869446,0.00020658053108491004,0.01659923791885376,0.7045657783746719,samples/000876_dresser_0221.npz
877,dresser_0222,14,38,1,0,0.37050974216471466,0.15999995172023773,9.49845853028819e-05,0.015204161405563354,0.7636956237256527,samples/000877_dresser_0222.npz
878,dresser_0223,14,23,1,0,0.38807479485314245,0.12124007940292358,0.00011619736324064434,0.011694520711898804,0.7617392428219318,samples/000878_dresser_0223.npz
879,dresser_0224,14,23,1,0,0.00475607512002637,0.0016536116600036621,2.278829924762249e-08,2.7418136596679688e-06,0.7354593463242054,samples/000879_dresser_0224.npz
880,dresser_0225,14,23,1,0,0.5747149133911477,0.15999984741210938,0.00021146875224076211,0.0121292844414711,0.7577344514429569,samples/000880_dresser_0225.npz
881,dresser_0226,14,39,1,0,0.5382672954461317,0.1147269606590271,0.00018149409152101725,0.009706616401672363,0.7407910078763962,samples/000881_dresser_0226.npz
882,dresser_0227,14,23,1,0,0.002325354887497592,0.001991093158721924,4.321918822824955e-09,3.993511199951172e-06,0.8279399424791336,samples/000882_dresser_0227.npz
883,dresser_0228,14,23,1,0,0.7051587573834603,0.15999966859817505,0.0002814678009599447,0.01977604627609253,0.8331187032163143,samples/000883_dresser_0228.npz
884,dresser_0229,14,23,1,0,0.52709393412091,0.15999925136566162,0.00019570534641388804,0.016999848186969757,0.7125781774520874,samples/000884_dresser_0229.npz
885,dresser_0230,14,5,1,0,0.5471059039249696,0.14908605813980103,0.0001411252305842936,0.018569648265838623,0.7261522822082043,samples/000885_dresser_0230.npz
886,dresser_0231,14,23,1,0,0.8967608355922219,0.15999990701675415,0.00042204963392578065,0.01772892475128174,0.7211803123354912,samples/000886_dresser_0231.npz
887,dresser_0232,14,39,1,0,0.5039246356182708,0.1599999964237213,0.00011475780047476292,0.014156103134155273,0.7501847110688686,samples/000887_dresser_0232.npz
888,dresser_0233,14,12,1,0,0.38804544833746446,0.1469445824623108,0.00012078554573236033,0.017143189907073975,0.764262244105339,samples/000888_dresser_0233.npz
889,dresser_0234,14,23,1,0,0.38813267499826404,0.10210582613945007,0.00011121795978397131,0.00961369276046753,0.7060086354613304,samples/000889_dresser_0234.npz
890,dresser_0235,14,23,1,0,0.002823067671478811,0.0011747479438781738,9.953510016202927e-09,2.086162567138672e-06,0.7192282974720001,samples/000890_dresser_0235.npz
891,dresser_0236,14,23,1,0,0.005994676063213575,0.002459287643432617,3.408058546483517e-08,6.079673767089844e-06,0.7300680130720139,samples/000891_dresser_0236.npz
892,dresser_0237,14,23,1,0,0.733315616812699,0.1600000262260437,0.00032672370434738696,0.029311291873455048,0.7670415490865707,samples/000892_dresser_0237.npz
893,dresser_0238,14,38,1,0,0.004514509730322836,0.0019836127758026123,1.902662916108966e-08,4.589557647705078e-06,0.7442591935396194,samples/000893_dresser_0238.npz
894,dresser_0239,14,39,1,0,0.5346183649333246,0.15675324201583862,0.0001627863966859877,0.013355642557144165,0.7204225957393646,samples/000894_dresser_0239.npz
895,dresser_0240,14,23,1,0,0.38802632438904805,0.12533336877822876,0.00011481149704195559,0.014545857906341553,0.7196244560182095,samples/000895_dresser_0240.npz
896,dresser_0241,14,23,1,0,0.5488407160716331,0.15999984741210938,0.0001900102652143687,0.016406670212745667,0.7766686491668224,samples/000896_dresser_0241.npz
897,dresser_0242,14,23,1,0,0.38190628828088,0.15999919176101685,0.0001139267988037318,0.015735089778900146,0.7458950653672218,samples/000897_dresser_0242.npz
898,dresser_0243,14,23,1,0,0.7194509405491706,0.1599988341331482,0.00029223962337709963,0.019195735454559326,0.7422586195170879,samples/000898_dresser_0243.npz
899,dresser_0244,14,39,1,0,0.38391331124711087,0.1599997878074646,7.341554010054097e-05,0.012496203184127808,0.7403774969279766,samples/000899_dresser_0244.npz
900,dresser_0245,14,23,1,0,0.5571652600315519,0.1549309492111206,0.00021019665291532874,0.02552562952041626,0.710112102329731,samples/000900_dresser_0245.npz
901,dresser_0246,14,23,1,0,0.38803212791577657,0.1342301368713379,0.00010059619671665132,0.012607067823410034,0.7134439535439014,samples/000901_dresser_0246.npz
902,dresser_0247,14,39,1,0,0.5605721019424812,0.1599999964237213,0.00016181467799469829,0.015928030014038086,0.7059569917619228,samples/000902_dresser_0247.npz
903,dresser_0248,14,23,1,0,0.3880023893244043,0.15999898314476013,0.0001170456744148396,0.014835178852081299,0.6754744090139866,samples/000903_dresser_0248.npz
904,dresser_0249,14,38,1,0,0.36160944220149943,0.15999984741210938,7.246530003612861e-05,0.006598293781280518,0.697194155305624,samples/000904_dresser_0249.npz
905,dresser_0250,14,23,1,0,0.007244118770335051,0.0035597383975982666,5.1601091399788857e-08,1.5795230865478516e-05,0.7385876998305321,samples/000905_dresser_0250.npz
906,dresser_0251,14,39,1,0,0.38808470132109646,0.14729061722755432,9.323840640718117e-05,0.009690344333648682,0.7340495884418488,samples/000906_dresser_0251.npz
907,dresser_0252,14,23,1,0,0.5490879448415619,0.15999990701675415,0.0002066108281724155,0.030525386333465576,0.745318878442049,samples/000907_dresser_0252.npz
908,dresser_0253,14,23,1,0,0.3879828023727713,0.1079862117767334,0.0001175912912003696,0.008859537541866302,0.7572869211435318,samples/000908_dresser_0253.npz
909,dresser_0254,14,36,1,0,0.5041474053615459,0.15999969840049744,0.00015717133646830916,0.026392340660095215,0.7434486970305443,samples/000909_dresser_0254.npz
910,dresser_0255,14,39,1,0,0.5535651322800003,0.1599997878074646,0.00016984358080662787,0.01616668701171875,0.7291575744748116,samples/000910_dresser_0255.npz
911,dresser_0256,14,23,1,0,0.3880120096120798,0.112527996301651,0.00010774622933240607,0.01241767406463623,0.7968528755009174,samples/000911_dresser_0256.npz
912,dresser_0257,14,23,1,0,0.0023322890942513103,0.0015413761138916016,4.6711647883057594e-09,2.86102294921875e-06,0.7413729950785637,samples/000912_dresser_0257.npz
913,dresser_0258,14,16,1,0,0.006751072745238628,0.00486147403717041,4.045432433485985e-08,2.372264862060547e-05,0.716642688959837,samples/000913_dresser_0258.npz
914,dresser_0259,14,23,1,0,0.3880241066412715,0.11796078085899353,0.00012261237134225667,0.012696444988250732,0.7175754494965076,samples/000914_dresser_0259.npz
915,dresser_0260,14,23,1,0,0.5704265441264571,0.14109724760055542,0.00020546340965665877,0.012746065855026245,0.7161024957895279,samples/000915_dresser_0260.npz
916,dresser_0261,14,39,1,0,0.544239622039485,0.1599999964237213,0.00016145124391186982,0.017048776149749756,0.7194810397922993,samples/000916_dresser_0261.npz
917,dresser_0262,14,23,1,0,0.38051467849368736,0.1600000262260437,0.0001003272773232311,0.020823538303375244,0.7172135412693024,samples/000917_dresser_0262.npz
918,dresser_0263,14,23,1,0,0.7356427896434201,0.1599999964237213,0.0002922609855886549,0.032376766204833984,0.7160100974142551,samples/000918_dresser_0263.npz
919,dresser_0264,14,23,1,0,0.5309138566916621,0.1599995493888855,0.00019225041614845395,0.016710281372070312,0.7107480391860008,samples/000919_dresser_0264.npz
920,dresser_0265,14,38,1,0,0.5412740744220906,0.13937997817993164,0.00016385976050514728,0.018567152321338654,0.7568836398422718,samples/000920_dresser_0265.npz
921,dresser_0266,14,39,1,0,0.7145921545809533,0.15999966859817505,0.00022941315546631813,0.01894146203994751,0.7193906456232071,samples/000921_dresser_0266.npz
922,dresser_0267,14,23,1,0,0.5549141259708359,0.1599999964237213,0.00020852885791100562,0.01612931489944458,0.7285962104797363,samples/000922_dresser_0267.npz
923,dresser_0268,14,23,1,0,0.7902611136332299,0.15883120894432068,0.0003524947096593678,0.01808716356754303,0.7364157661795616,samples/000923_dresser_0268.npz
924,dresser_0269,14,23,1,0,0.3746503153238735,0.15999987721443176,9.908164793159813e-05,0.01783093810081482,0.6970640160143375,samples/000924_dresser_0269.npz
925,dresser_0270,14,29,1,0,0.38810395197533326,0.09303882718086243,0.000125053251395002,0.008354246616363525,0.7218632139265537,samples/000925_dresser_0270.npz
926,dresser_0271,14,38,1,0,0.371283216796641,0.15999996662139893,7.076423207763582e-05,0.013784289360046387,0.70335578545928,samples/000926_dresser_0271.npz
927,dresser_0272,14,23,1,0,0.0045599009733686925,0.0037747621536254883,2.1187588572502136e-08,1.4424324035644531e-05,0.7809481248259544,samples/000927_dresser_0272.npz
928,dresser_0273,14,23,1,0,0.0034612322112166755,0.0020369291305541992,1.0972144082188606e-08,4.5299530029296875e-06,0.7778632082045078,samples/000928_dresser_0273.npz
929,dresser_0274,14,23,1,0,0.3881895820587635,0.1164121925830841,0.00011110668128821999,0.010069429874420166,0.7142853699624538,samples/000929_dresser_0274.npz
930,dresser_0275,14,23,1,0,0.741473095034048,0.15999993681907654,0.00032301375176757574,0.036252498626708984,0.6969049274921417,samples/000930_dresser_0275.npz
931,dresser_0276,14,23,1,0,0.38446958645774043,0.15999948978424072,0.00011467062722658738,0.0234718918800354,0.6970276869833469,samples/000931_dresser_0276.npz
932,dresser_0277,14,23,1,0,0.000945599284212805,0.00033098459243774414,9.085852070711553e-10,1.1920928955078125e-07,0.7301254607737064,samples/000932_dresser_0277.npz
933,dresser_0278,14,23,1,0,0.38800054588875516,0.10866563767194748,0.00010956433834508061,0.013026922941207886,0.7162029407918453,samples/000933_dresser_0278.npz
934,dresser_0279,14,23,1,0,1.1255095837743012,0.1599999964237213,0.0005764233646914363,0.022845864295959473,0.7512453272938728,samples/000934_dresser_0279.npz
935,dresser_0280,14,23,1,0,0.549139782802768,0.1538923978805542,0.00019927833636756986,0.012278974056243896,0.780619602650404,samples/000935_dresser_0280.npz
936,dresser_0281,14,23,1,0,0.5289874421632045,0.15999993681907654,0.00016893346037250012,0.015627741813659668,0.7845828197896481,samples/000936_dresser_0281.npz
937,dresser_0282,14,23,1,0,0.3880477811642644,0.13328635692596436,0.0001286051847273484,0.018399834632873535,0.8176933154463768,samples/000937_dresser_0282.npz
938,dresser_0283,14,38,1,0,0.5043425113112745,0.1600000262260437,0.0001484360109316185,0.015345513820648193,0.7942100688815117,samples/000938_dresser_0283.npz
939,dresser_0284,14,23,1,0,0.006025697418815452,0.004360496997833252,3.4095137380063534e-08,1.9669532775878906e-05,0.8015581555664539,samples/000939_dresser_0284.npz
940,dresser_0285,14,23,1,0,0.006791058893540057,0.004594385623931885,4.505272954702377e-08,2.1576881408691406e-05,0.8139005750417709,samples/000940_dresser_0285.npz
941,dresser_0286,14,36,1,0,0.5255364921046609,0.1599993109703064,0.000171637162566185,0.01767784357070923,0.8448630087077618,samples/000941_dresser_0286.npz
942,flower_pot_0150,15,26,1,0,0.00076791736567141,0.0006373375654220581,3.8392045098589733e-10,4.3213367462158203e-07,0.7815545909106731,samples/000942_flower_pot_0150.npz
943,flower_pot_0151,15,6,1,0,0.38797982103680795,0.11203688383102417,0.00011817483755294234,0.01004725694656372,0.7362644523382187,samples/000943_flower_pot_0151.npz
944,flower_pot_0152,15,26,1,0,0.001504997503509505,0.0014930665493011475,3.088189259869978e-09,2.2351741790771484e-06,0.7309874780476093,samples/000944_flower_pot_0152.npz
945,flower_pot_0153,15,37,1,0,0.00016753253794351406,0.0001328587532043457,1.7462298274040222e-10,1.1920928955078125e-07,0.713716521859169,samples/000945_flower_pot_0153.npz
946,flower_pot_0154,15,22,1,0,0.38362525763927174,0.15999987721443176,8.887433796189725e-05,0.017804622650146484,0.7051641158759594,samples/000946_flower_pot_0154.npz
947,flower_pot_0155,15,37,1,0,0.00017947601888344776,0.0001099705696105957,-2.2118911147117615e-09,1.1920928955078125e-07,0.6859482526779175,samples/000947_flower_pot_0155.npz
948,flower_pot_0156,15,26,1,0,0.0001663040167966915,8.19861888885498e-05,-2.191882231272757e-09,1.1920928955078125e-07,0.6802368499338627,samples/000948_flower_pot_0156.npz
949,flower_pot_0157,15,26,1,0,8.27646215550977e-05,5.418062210083008e-05,9.570157999405637e-10,2.384185791015625e-07,0.6894996017217636,samples/000949_flower_pot_0157.npz
950,flower_pot_0158,15,26,1,0,0.002412851383870748,0.001840353012084961,4.874891601502895e-09,3.874301910400391e-06,0.7047388665378094,samples/000950_flower_pot_0158.npz
951,flower_pot_0159,15,37,1,0,0.00014138930972975276,5.2869319915771484e-05,-1.382431946694851e-09,1.1920928955078125e-07,0.6890988536179066,samples/000951_flower_pot_0159.npz
952,flower_pot_0160,15,37,1,0,0.0008173562314071673,0.0006095170974731445,1.57160684466362e-09,4.76837158203125e-07,0.6939042992889881,samples/000952_flower_pot_0160.npz
953,flower_pot_0161,15,26,1,0,0.000151627802347664,0.0001322925090789795,-2.3383108782581985e-09,1.1920928955078125e-07,0.6927213259041309,samples/000953_flower_pot_0161.npz
954,flower_pot_0162,15,10,1,0,0.376322322243999,0.1600000262260437,9.096247958950698e-05,0.01889193058013916,0.6779095940291882,samples/000954_flower_pot_0162.npz
955,flower_pot_0163,15,37,1,0,0.0003361595594721902,0.00028754398226737976,-1.1932570487260818e-09,1.1920928955078125e-07,0.6892129890620708,samples/000955_flower_pot_0163.npz
956,flower_pot_0164,15,26,1,0,6.742162735905422e-05,4.3332576751708984e-05,7.950120561872609e-10,1.1920928955078125e-07,0.6849055476486683,samples/000956_flower_pot_0164.npz
957,flower_pot_0165,15,26,1,0,0.00227802316188721,0.002126038074493408,4.27371560363099e-09,5.125999450683594e-06,0.6904265321791172,samples/000957_flower_pot_0165.npz
958,flower_pot_0166,15,26,1,0,0.002906117772379316,0.002109050750732422,7.029541393421823e-09,4.410743713378906e-06,0.6996353715658188,samples/000958_flower_pot_0166.npz
959,flower_pot_0167,15,4,1,0,0.0007619334551000711,0.0003916621208190918,-1.6250396583927795e-09,1.1920928955078125e-07,0.6840348243713379,samples/000959_flower_pot_0167.npz
960,flower_pot_0168,15,26,1,0,0.0011705112974373124,0.0006404221057891846,3.2230786928266753e-09,9.238719940185547e-07,0.6935308463871479,samples/000960_flower_pot_0168.npz
961,flower_pot_0169,15,26,1,0,0.00021120747339152358,0.0001805424690246582,5.766196409240365e-10,1.1920928955078125e-07,0.6844233572483063,samples/000961_flower_pot_0169.npz
962,glass_box_0172,16,7,1,0,0.5587467704269983,0.15182924270629883,0.00014361468493007123,0.010941743850708008,0.6863480433821678,samples/000962_glass_box_0172.npz
963,glass_box_0173,16,27,1,0,0.5633118849953815,0.1600000262260437,0.0001431663695257157,0.013670146465301514,0.7280557714402676,samples/000963_glass_box_0173.npz
964,glass_box_0174,16,23,1,0,0.557811489424872,0.15999972820281982,0.00016670059994794428,0.011059939861297607,0.7991610616445541,samples/000964_glass_box_0174.npz
965,glass_box_0175,16,27,1,0,0.5561430664896322,0.15999972820281982,0.00013777523417957127,0.013762593269348145,0.8571557886898518,samples/000965_glass_box_0175.npz
966,glass_box_0176,16,14,1,0,0.377503102578746,0.159999817609787,8.042452100198716e-05,0.005613207817077637,0.7809132747352123,samples/000966_glass_box_0176.npz
967,glass_box_0177,16,23,1,0,0.387699602809584,0.15999910235404968,0.00010499532800167799,0.019523799419403076,0.7258187904953957,samples/000967_glass_box_0177.npz
968,glass_box_0178,16,27,1,0,0.5349407388607134,0.1599520742893219,0.00014783572987653315,0.014220118522644043,0.6826622001826763,samples/000968_glass_box_0178.npz
969,glass_box_0179,16,23,1,0,0.38810647162380385,0.13004469871520996,0.0001022361102513969,0.011820435523986816,0.743506271392107,samples/000969_glass_box_0179.npz
970,glass_box_0180,16,36,1,0,0.5761077327909201,0.15997831523418427,0.00016050174599513412,0.008991554379463196,0.7343771569430828,samples/000970_glass_box_0180.npz
971,glass_box_0181,16,36,1,0,0.536223419537719,0.15475335717201233,0.00014120477135293186,0.015078425407409668,0.6925059333443642,samples/000971_glass_box_0181.npz
972,glass_box_0182,16,11,1,0,0.01870419553137492,0.0041391849517822266,3.4142533422709676e-07,2.5570392608642578e-05,0.7155671082437038,samples/000972_glass_box_0182.npz
973,glass_box_0183,16,23,1,0,0.011215714521152033,0.0048828125,1.2468080967664719e-07,2.384185791015625e-05,0.7864733189344406,samples/000973_glass_box_0183.npz
974,glass_box_0184,16,27,1,0,0.7563500992284223,0.1599999964237213,0.0002701171033550054,0.012961864471435547,0.780398178845644,samples/000974_glass_box_0184.npz
975,glass_box_0185,16,27,1,0,0.5502533310269857,0.15999996662139893,0.00016986916307359934,0.02094939351081848,0.7793991938233376,samples/000975_glass_box_0185.npz
976,glass_box_0186,16,27,1,0,0.5609392925860737,0.15998530387878418,0.00017637936980463564,0.013957738876342773,0.7710229158401489,samples/000976_glass_box_0186.npz
977,glass_box_0187,16,38,1,0,0.279826415849374,0.1599999964237213,4.389039531815797e-05,0.006383359432220459,0.7483561784029007,samples/000977_glass_box_0187.npz
978,glass_box_0188,16,27,1,0,0.007120003432120008,0.00427013635635376,5.5188138503581285e-08,2.193450927734375e-05,0.7004049681127071,samples/000978_glass_box_0188.npz
979,glass_box_0189,16,23,1,0,0.3880022885117436,0.128434419631958,0.0001098586362786591,0.012908101081848145,0.6959117166697979,samples/000979_glass_box_0189.npz
980,glass_box_0190,16,27,1,0,0.7249184743491279,0.1599999964237213,0.0002690316177904606,0.016906142234802246,0.7079911939799786,samples/000980_glass_box_0190.npz
981,glass_box_0191,16,27,1,0,0.5484924851266131,0.1599995493888855,0.00015229075506795198,0.015455782413482666,0.71197310090065,samples/000981_glass_box_0191.npz
982,glass_box_0192,16,23,1,0,0.5584384395525286,0.14284294843673706,0.0002032253541983664,0.012268424034118652,0.6951489150524139,samples/000982_glass_box_0192.npz
983,glass_box_0193,16,27,1,0,0.5827692013219719,0.15999943017959595,0.00019506487296894193,0.011270105838775635,0.6938277892768383,samples/000983_glass_box_0193.npz
984,glass_box_0194,16,23,1,0,0.5772061585352063,0.12122529745101929,0.00022026087390258908,0.015317738056182861,0.7029952444136143,samples/000984_glass_box_0194.npz
985,glass_box_0195,16,23,1,0,0.38799936493318976,0.10007303953170776,0.000118163792649284,0.007257401943206787,0.6983362063765526,samples/000985_glass_box_0195.npz
986,glass_box_0196,16,38,1,0,0.3880451315327434,0.13375216722488403,9.468857024330646e-05,0.007016241550445557,0.6939220800995827,samples/000986_glass_box_0196.npz
987,glass_box_0197,16,36,1,0,0.5115087019817777,0.15999990701675415,0.0001434882142348215,0.02216392755508423,0.6895061172544956,samples/000987_glass_box_0197.npz
988,glass_box_0198,16,27,1,0,0.738389597617207,0.15999993681907654,0.00029003407689742744,0.012342095375061035,0.6911578923463821,samples/000988_glass_box_0198.npz
989,glass_box_0199,16,38,1,0,0.38317064153432834,0.15999998152256012,8.849426376400515e-05,0.010020852088928223,0.6471900939941406,samples/000989_glass_box_0199.npz
990,glass_box_0200,16,27,1,0,0.5432688960661224,0.15997865796089172,0.00016658412641845644,0.009492039680480957,0.6641185432672501,samples/000990_glass_box_0200.npz
991,glass_box_0201,16,23,1,0,0.5498603467395847,0.14289885759353638,0.0001959735236596316,0.019493699073791504,0.7002901434898376,samples/000991_glass_box_0201.npz
992,glass_box_0202,16,23,1,0,0.3880236170069374,0.1426313817501068,0.00010716708493418992,0.011557519435882568,0.7033721469342709,samples/000992_glass_box_0202.npz
993,glass_box_0203,16,27,1,0,0.5477448221760222,0.1600000262260437,0.00017053922056220472,0.01791071891784668,0.7310690954327583,samples/000993_glass_box_0203.npz
994,glass_box_0204,16,27,1,0,0.5621571091775713,0.13549914956092834,0.00017569484771229327,0.012621968984603882,0.6900889053940773,samples/000994_glass_box_0204.npz
995,glass_box_0205,16,27,1,0,0.49525133832339563,0.15999996662139893,0.0001255884562851861,0.010629147291183472,0.7037037722766399,samples/000995_glass_box_0205.npz
996,glass_box_0206,16,27,1,0,0.5455673455717899,0.15999944508075714,0.00020338960166554898,0.02377617359161377,0.725091926753521,samples/000996_glass_box_0206.npz
997,glass_box_0207,16,27,1,0,0.5430945861233123,0.15999341011047363,0.00018012322834692895,0.013316571712493896,0.6817910373210907,samples/000997_glass_box_0207.npz
998,glass_box_0208,16,27,1,0,0.3881367781137382,0.15042877197265625,0.00010034142178483307,0.014285191893577576,0.6681445725262165,samples/000998_glass_box_0208.npz
999,glass_box_0209,16,27,1,0,0.5093256707088889,0.15999957919120789,0.00013401696924120188,0.016486287117004395,0.6825339421629906,samples/000999_glass_box_0209.npz
1000,glass_box_0210,16,27,1,0,0.5359655859458295,0.15999996662139893,0.00015173249994404614,0.018539488315582275,0.6887249536812305,samples/001000_glass_box_0210.npz
1001,glass_box_0211,16,23,1,0,0.3880732973417979,0.15582332015037537,9.086777572520077e-05,0.006088733673095703,0.6772592775523663,samples/001001_glass_box_0211.npz
1002,glass_box_0212,16,27,1,0,0.5976134827215556,0.15999919176101685,0.00019273944781161845,0.012128889560699463,0.7214775197207928,samples/001002_glass_box_0212.npz
1003,glass_box_0213,16,27,1,0,0.5407112449694397,0.15999963879585266,0.00016243928985204548,0.009334355592727661,0.7217445932328701,samples/001003_glass_box_0213.npz
1004,glass_box_0214,16,27,1,0,0.5420408278625509,0.15809476375579834,0.00013155830674804747,0.016875945031642914,0.694345660507679,samples/001004_glass_box_0214.npz
1005,glass_box_0215,16,23,1,0,0.3778099491374039,0.15999972820281982,0.00011278198508080095,0.009132623672485352,0.688416101038456,samples/001005_glass_box_0215.npz
1006,glass_box_0216,16,36,1,0,0.5057600873916046,0.159999817609787,0.00013803412730339915,0.014814585447311401,0.6876740045845509,samples/001006_glass_box_0216.npz
1007,glass_box_0217,16,27,1,0,0.5585905555153583,0.1599999964237213,0.00016065700037870556,0.012542933225631714,0.6499573923647404,samples/001007_glass_box_0217.npz
1008,glass_box_0218,16,27,1,0,0.7045933650002155,0.1599990725517273,0.00023230182705447078,0.013101696968078613,0.6519768834114075,samples/001008_glass_box_0218.npz
1009,glass_box_0219,16,27,1,0,0.5217257166257687,0.15997366607189178,0.0001550311135360971,0.015203297138214111,0.6610595807433128,samples/001009_glass_box_0219.npz
1010,glass_box_0220,16,27,1,0,0.6881231171792697,0.1600000262260437,0.00026093010092154145,0.013280630111694336,0.6460428312420845,samples/001010_glass_box_0220.npz
1011,glass_box_0221,16,27,1,0,0.5643332528994237,0.1599999964237213,0.00015537269064225256,0.015262901782989502,0.7093445621430874,samples/001011_glass_box_0221.npz
1012,glass_box_0222,16,29,1,0,0.7019229150044342,0.15999996662139893,0.00026358122704550624,0.01684325933456421,0.6615334935486317,samples/001012_glass_box_0222.npz
1013,glass_box_0223,16,2,1,0,0.3880041751443374,0.14969664812088013,8.104856533464044e-05,0.00707775354385376,0.6654710732400417,samples/001013_glass_box_0223.npz
1014,glass_box_0224,16,27,1,0,0.5484033141933876,0.15999996662139893,0.00015722760872449726,0.009761489927768707,0.6574920266866684,samples/001014_glass_box_0224.npz
1015,glass_box_0225,16,27,1,0,0.48690662676737456,0.15999969840049744,0.00012603717914316803,0.021312832832336426,0.7143876105546951,samples/001015_glass_box_0225.npz
1016,glass_box_0226,16,27,1,0,0.6085082455607708,0.15999682247638702,0.0001857866154750809,0.012706220149993896,0.6768507361412048,samples/001016_glass_box_0226.npz
1017,glass_box_0227,16,27,1,0,0.5491406579206899,0.15999998152256012,0.0001695856626611203,0.009143233299255371,0.6668086610734463,samples/001017_glass_box_0227.npz
1018,glass_box_0228,16,23,1,0,0.3880717422277468,0.11095976829528809,0.0001058135530911386,0.00994795560836792,0.6845220476388931,samples/001018_glass_box_0228.npz
1019,glass_box_0229,16,27,1,0,0.49882545201624223,0.1599995493888855,0.0001482610241509974,0.022341370582580566,0.6724683307111263,samples/001019_glass_box_0229.npz
1020,glass_box_0230,16,27,1,0,0.5808378889038844,0.1599999964237213,0.00018980182358063757,0.01812589168548584,0.6642926149070263,samples/001020_glass_box_0230.npz
1021,glass_box_0231,16,2,1,0,0.7249503246093535,0.15999996662139893,0.00024085715995170176,0.013872772455215454,0.6756118312478065,samples/001021_glass_box_0231.npz
1022,glass_box_0232,16,27,1,0,0.5254945333180158,0.15998578071594238,0.0001528277643956244,0.008343279361724854,0.6556490734219551,samples/001022_glass_box_0232.npz
1023,glass_box_0233,16,27,1,0,0.5703526770144081,0.15999948978424072,0.00014723751519341022,0.009716391563415527,0.6579877659678459,samples/001023_glass_box_0233.npz
1024,glass_box_0234,16,27,1,0,0.5675591212935457,0.1599999964237213,0.00015578774036839604,0.0151444673538208,0.6499325595796108,samples/001024_glass_box_0234.npz
1025,glass_box_0235,16,23,1,0,0.3467534806063774,0.1599995195865631,8.197668648790568e-05,0.005193591117858887,0.6648286432027817,samples/001025_glass_box_0235.npz
1026,glass_box_0236,16,36,1,0,0.5472817338945589,0.1599997580051422,0.0001535941701149568,0.015309333801269531,0.65928078815341,samples/001026_glass_box_0236.npz
1027,glass_box_0237,16,27,1,0,0.5830795013978219,0.15999624133110046,0.00020781694911420345,0.012961745262145996,0.6896379478275776,samples/001027_glass_box_0237.npz
1028,glass_box_0238,16,36,1,0,0.5499894355171119,0.15589946508407593,0.00015208486001938581,0.014321640133857727,0.6821306571364403,samples/001028_glass_box_0238.npz
1029,glass_box_0239,16,23,1,0,0.3882341459934322,0.1597190499305725,9.979915921576321e-05,0.013870775699615479,0.682219322770834,samples/001029_glass_box_0239.npz
1030,glass_box_0240,16,23,1,0,0.38816892488222526,0.13519304990768433,0.00010037684114649892,0.012749195098876953,0.6604217514395714,samples/001030_glass_box_0240.npz
1031,glass_box_0241,16,23,1,0,0.388097789566146,0.11124023795127869,9.774541831575334e-05,0.012588441371917725,0.6629289090633392,samples/001031_glass_box_0241.npz
1032,glass_box_0242,16,14,1,0,0.49816181876018933,0.15999922156333923,0.0001440707710571587,0.016063213348388672,0.7041766010224819,samples/001032_glass_box_0242.npz
1033,glass_box_0243,16,34,1,0,0.003565631466642146,0.0015264153480529785,1.3475073501467705e-08,2.384185791015625e-06,0.6663688272237778,samples/001033_glass_box_0243.npz
1034,glass_box_0244,16,23,1,0,0.007249317662771655,0.004013538360595703,5.291076377034187e-08,1.8835067749023438e-05,0.6697834394872189,samples/001034_glass_box_0244.npz
1035,glass_box_0245,16,2,1,0,0.5474563233708126,0.15999990701675415,0.00012963253539055586,0.018393218517303467,0.6733889803290367,samples/001035_glass_box_0245.npz
1036,glass_box_0246,16,2,1,0,0.5628614257926783,0.1600000262260437,0.00012794166104868054,0.013439953327178955,0.662899237126112,samples/001036_glass_box_0246.npz
1037,glass_box_0247,16,27,1,0,0.5750356624262536,0.15999996662139893,0.00016524718375876546,0.01365882158279419,0.6648970544338226,samples/001037_glass_box_0247.npz
1038,glass_box_0248,16,36,1,0,0.5500237348702092,0.1600000262260437,0.00019564431568142027,0.021992743015289307,0.6608094610273838,samples/001038_glass_box_0248.npz
1039,glass_box_0249,16,27,1,0,0.387970415995935,0.1267446130514145,0.00010120820661541075,0.010043323040008545,0.6813080534338951,samples/001039_glass_box_0249.npz
1040,glass_box_0250,16,2,1,0,0.5261758375124841,0.15999993681907654,0.00014009824371896684,0.019771337509155273,0.722010113298893,samples/001040_glass_box_0250.npz
1041,glass_box_0251,16,36,1,0,0.579086380706482,0.1599999964237213,0.00018453117809258401,0.010104596614837646,0.760988038033247,samples/001041_glass_box_0251.npz
1042,glass_box_0252,16,27,1,0,0.5580481151837792,0.15999993681907654,0.00016656309890095145,0.01227182149887085,0.70127859339118,samples/001042_glass_box_0252.npz
1043,glass_box_0253,16,27,1,0,0.5790930195736336,0.15359193086624146,0.0001904489763546735,0.015909850597381592,0.6892646104097366,samples/001043_glass_box_0253.npz
1044,glass_box_0254,16,36,1,0,0.519400989006182,0.15999990701675415,0.0001656675012782216,0.01611141860485077,0.6944806464016438,samples/001044_glass_box_0254.npz
1045,glass_box_0255,16,29,1,0,0.47214440145919123,0.15999925136566162,0.00012561219045892358,0.020641446113586426,0.7061771973967552,samples/001045_glass_box_0255.npz
1046,glass_box_0256,16,27,1,0,0.5676439639588166,0.159999817609787,0.0001731177035253495,0.016403019428253174,0.678048886358738,samples/001046_glass_box_0256.npz
1047,glass_box_0257,16,27,1,0,0.5669426909894439,0.1599094271659851,0.00019518844783306122,0.019558370113372803,0.7033016197383404,samples/001047_glass_box_0257.npz
1048,glass_box_0258,16,27,1,0,0.5458911151429018,0.1599999964237213,0.00016539916396141052,0.01788794994354248,0.6966188885271549,samples/001048_glass_box_0258.npz
1049,glass_box_0259,16,23,1,0,0.38836701576115695,0.14988619089126587,0.00010116031626239419,0.020875513553619385,0.7190108634531498,samples/001049_glass_box_0259.npz
1050,glass_box_0260,16,23,1,0,0.38811886805606266,0.15326601266860962,0.00010084427776746452,0.011645793914794922,0.6903011053800583,samples/001050_glass_box_0260.npz
1051,glass_box_0261,16,23,1,0,0.3881613671039437,0.1332552433013916,0.00010356795974075794,0.011563301086425781,0.6638927571475506,samples/001051_glass_box_0261.npz
1052,glass_box_0262,16,23,1,0,0.0068631609326445814,0.003159046173095703,4.1851308196783066e-08,1.0013580322265625e-05,0.7033731751143932,samples/001052_glass_box_0262.npz
1053,glass_box_0263,16,2,1,0,0.5525609138512604,0.1527733951807022,0.00016394586418755352,0.014203965663909912,0.7356867082417011,samples/001053_glass_box_0263.npz
1054,glass_box_0264,16,38,1,0,0.46549330935653455,0.1599999964237213,0.00011201969755347818,0.013653993606567383,0.7151363901793957,samples/001054_glass_box_0264.npz
1055,glass_box_0265,16,23,1,0,0.007572487673283096,0.005698025226593018,5.506444722414017e-08,3.528594970703125e-05,0.6835188455879688,samples/001055_glass_box_0265.npz
1056,glass_box_0266,16,23,1,0,0.3880797769166005,0.1459447741508484,0.00010065457900054753,0.011354327201843262,0.7120986767113209,samples/001056_glass_box_0266.npz
1057,glass_box_0267,16,23,1,0,0.0019891290774388106,0.001608729362487793,3.5797711461782455e-09,2.9802322387695312e-06,0.6717977747321129,samples/001057_glass_box_0267.npz
1058,glass_box_0268,16,23,1,0,0.5638512435048957,0.15999995172023773,0.00017356773605570197,0.01807314157485962,0.6740714833140373,samples/001058_glass_box_0268.npz
1059,glass_box_0269,16,23,1,0,0.5392585273580431,0.15999948978424072,0.00018300453666597605,0.01763451099395752,0.7074837237596512,samples/001059_glass_box_0269.npz
1060,glass_box_0270,16,27,1,0,0.5624782836218859,0.1599999964237213,0.00018126200302504003,0.016486644744873047,0.6966708302497864,samples/001060_glass_box_0270.npz
1061,glass_box_0271,16,29,1,0,0.3880438931118065,0.15764886140823364,7.200592517619953e-05,0.01111459732055664,0.7206359915435314,samples/001061_glass_box_0271.npz
1062,guitar_0156,17,18,1,0,2.7453696133671415e-05,1.1995434761047363e-05,-7.840981197659858e-10,1.1920928955078125e-07,0.6984554938971996,samples/001062_guitar_0156.npz
1063,guitar_0157,17,29,1,0,0.5575015788312546,0.15999984741210938,0.00012607139069586992,0.02459922805428505,0.6735540330410004,samples/001063_guitar_0157.npz
1064,guitar_0158,17,27,1,0,0.5229569122004987,0.15999965369701385,0.00010226830636383966,0.029033422470092773,0.7469344362616539,samples/001064_guitar_0158.npz
1065,guitar_0159,17,31,1,0,0.4669017594110474,0.15999989211559296,8.999844430945814e-05,0.03425198793411255,0.7544207647442818,samples/001065_guitar_0159.npz
1066,guitar_0160,17,0,1,0,0.5076247234893249,0.1599999964237213,0.00010241939162369817,0.020861923694610596,0.7144306562840939,samples/001066_guitar_0160.npz
1067,guitar_0161,17,18,1,0,0.4392453274578761,0.1599999964237213,7.783716137055308e-05,0.02621537446975708,0.7445172928273678,samples/001067_guitar_0161.npz
1068,guitar_0162,17,4,1,0,0.38799334488432186,0.10269041359424591,7.364059274550527e-05,0.005922719836235046,0.7533873692154884,samples/001068_guitar_0162.npz
1069,guitar_0163,17,4,1,0,0.3879971038253095,0.15109047293663025,7.410390389850363e-05,0.011536356061697006,0.7372396029531956,samples/001069_guitar_0163.npz
1070,guitar_0164,17,3,1,0,0.5022863921884401,0.15999966859817505,8.887512376531959e-05,0.01861625909805298,0.7418990433216095,samples/001070_guitar_0164.npz
1071,guitar_0165,17,18,1,0,0.4972921599614872,0.1599999964237213,0.00010108239075634629,0.02781442180275917,0.7636226117610931,samples/001071_guitar_0165.npz
1072,guitar_0166,17,18,1,0,0.3772108501469541,0.15999889373779297,6.040840526111424e-05,0.025637567043304443,0.747082706540823,samples/001072_guitar_0166.npz
1073,guitar_0167,17,3,1,0,0.4702529416440981,0.15999996662139893,9.70738910837099e-05,0.02131059765815735,0.6770276986062527,samples/001073_guitar_0167.npz
1074,guitar_0168,17,0,1,0,0.38012936394722624,0.15999993681907654,5.4037911468185484e-05,0.014169573783874512,0.6706944368779659,samples/001074_guitar_0168.npz
1075,guitar_0169,17,11,1,0,0.38347368167581203,0.1599999964237213,6.360550469253212e-05,0.015324532985687256,0.6894936002790928,samples/001075_guitar_0169.npz
1076,guitar_0170,17,0,1,0,0.41966633673032033,0.15999996662139893,7.554074545623735e-05,0.03123338520526886,0.6922980397939682,samples/001076_guitar_0170.npz
1077,guitar_0171,17,0,1,0,0.38463890099502285,0.1599999964237213,6.879055581521243e-05,0.01810842752456665,0.6839298866689205,samples/001077_guitar_0171.npz
1078,guitar_0172,17,36,1,0,0.38798703669461965,0.137223482131958,7.67638412071392e-05,0.010232597589492798,0.711973138153553,samples/001078_guitar_0172.npz
1079,guitar_0173,17,27,1,0,0.5915438233765903,0.1599999964237213,0.00015044660540297627,0.03413206338882446,0.711372371762991,samples/001079_guitar_0173.npz
1080,guitar_0174,17,18,1,0,0.4761897255084104,0.1599999964237213,9.946367936208844e-05,0.02733093500137329,0.7165324427187443,samples/001080_guitar_0174.npz
1081,guitar_0175,17,0,1,0,0.585715442541688,0.15999998152256012,0.000143212586408481,0.02259126678109169,0.6621632538735867,samples/001081_guitar_0175.npz
1082,guitar_0176,17,2,1,0,0.46973342256037387,0.15999993681907654,8.94127442734316e-05,0.03056887537240982,0.6770934909582138,samples/001082_guitar_0176.npz
1083,guitar_0177,17,18,1,0,0.3760767468823389,0.1599997580051422,6.715422932757065e-05,0.019829392433166504,0.6859659850597382,samples/001083_guitar_0177.npz
1084,guitar_0178,17,29,1,0,0.3371221977526898,0.15999998152256012,4.74907792522572e-05,0.013969015330076218,0.669543169438839,samples/001084_guitar_0178.npz
1085,guitar_0179,17,18,1,0,0.33507988933508753,0.15999989211559296,5.6463195505784824e-05,0.017728835344314575,0.6933439746499062,samples/001085_guitar_0179.npz
1086,guitar_0180,17,7,1,0,0.3789511191946883,0.1599999964237213,6.693516479572281e-05,0.01738262176513672,0.7002188414335251,samples/001086_guitar_0180.npz
1087,guitar_0181,17,0,1,0,0.5855311892331744,0.1599999964237213,0.0001233671064255759,0.03577297925949097,0.6722863391041756,samples/001087_guitar_0181.npz
1088,guitar_0182,17,18,1,0,0.5550571808162277,0.15999992191791534,0.0001244705927092582,0.033790767192840576,0.6474843248724937,samples/001088_guitar_0182.npz
1089,guitar_0183,17,18,1,0,0.3316159849145739,0.15999996662139893,5.4575884860241786e-05,0.03264439105987549,0.6487596333026886,samples/001089_guitar_0183.npz
1090,guitar_0184,17,0,1,0,0.5188831215987674,0.1600000262260437,9.74044160102494e-05,0.013319738209247589,0.6497367583215237,samples/001090_guitar_0184.npz
1091,guitar_0185,17,0,1,0,0.38079927410409165,0.1599999964237213,6.309985474217683e-05,0.024494551122188568,0.6610339693725109,samples/001091_guitar_0185.npz
1092,guitar_0186,17,3,1,0,0.5566111707423627,0.15999996662139893,0.00012509158113971353,0.022609591484069824,0.6489802040159702,samples/001092_guitar_0186.npz
1093,guitar_0187,17,29,1,0,0.5255460190259218,0.15999992191791534,0.00011248144437558949,0.018429137766361237,0.6494679115712643,samples/001093_guitar_0187.npz
1094,guitar_0188,17,4,1,0,0.5599901112573169,0.1599997729063034,0.0001326159981545061,0.026350513100624084,0.6602844819426537,samples/001094_guitar_0188.npz
1095,guitar_0189,17,18,1,0,0.4969372449429711,0.1599999964237213,9.90921471384354e-05,0.015232503414154053,0.6624062433838844,samples/001095_guitar_0189.npz
1096,guitar_0190,17,0,1,0,0.48534217533727825,0.1599999964237213,9.451052756048739e-05,0.02683068811893463,0.6482000276446342,samples/001096_guitar_0190.npz
1097,guitar_0191,17,18,1,0,0.00014737461465099877,0.00012737512588500977,-5.709352990379557e-10,1.1920928955078125e-07,0.647213626652956,samples/001097_guitar_0191.npz
1098,guitar_0192,17,27,1,0,0.4492519946858061,0.1599999964237213,9.423905430594459e-05,0.025550564751029015,0.6502964086830616,samples/001098_guitar_0192.npz
1099,guitar_0193,17,0,1,0,0.6630458454489511,0.15999993681907654,0.00018236227333545685,0.029861390590667725,0.6510929502546787,samples/001099_guitar_0193.npz
1100,guitar_0194,17,27,1,0,0.5139469237105525,0.1599999964237213,0.00011854959302581847,0.020537853240966797,0.6473698243498802,samples/001100_guitar_0194.npz
1101,guitar_0195,17,18,1,0,0.0002794393173250201,0.0002472996711730957,-8.899405656848103e-10,1.1920928955078125e-07,0.6522271484136581,samples/001101_guitar_0195.npz
1102,guitar_0196,17,7,1,0,0.38391069130197436,0.15999987721443176,6.149584805825725e-05,0.013001900166273117,0.6484988369047642,samples/001102_guitar_0196.npz
1103,guitar_0197,17,18,1,0,0.3460662195781891,0.15999966859817505,6.234547618078068e-05,0.016235530376434326,0.6527414470911026,samples/001103_guitar_0197.npz
1104,guitar_0198,17,18,1,0,0.4773366300111194,0.15999986231327057,0.00010340970766264945,0.026372075080871582,0.6598733477294445,samples/001104_guitar_0198.npz
1105,guitar_0199,17,0,1,0,0.46107721635835663,0.15999993681907654,9.159584442386404e-05,0.01556679792702198,0.6838921047747135,samples/001105_guitar_0199.npz
1106,guitar_0200,17,0,1,0,0.3221445549779166,0.15999996662139893,4.961879676557146e-05,0.028206899762153625,0.6487265452742577,samples/001106_guitar_0200.npz
1107,guitar_0201,17,0,1,0,0.5789488965901541,0.1599999964237213,0.00011994967644568533,0.019698001444339752,0.6652153134346008,samples/001107_guitar_0201.npz
1108,guitar_0202,17,18,1,0,0.35070357301632005,0.15999937057495117,6.383656000252813e-05,0.019343554973602295,0.6366258859634399,samples/001108_guitar_0202.npz
1109,guitar_0203,17,18,1,0,0.4774686141209584,0.1599999964237213,9.624162339605391e-05,0.02727462351322174,0.6535130329430103,samples/001109_guitar_0203.npz
1110,guitar_0204,17,30,1,0,0.579512291261581,0.15999996662139893,0.00011602172889979556,0.0191497802734375,0.6447950676083565,samples/001110_guitar_0204.npz
1111,guitar_0205,17,18,1,0,0.4174868800691569,0.1599999964237213,7.981948147062212e-05,0.02005016803741455,0.6469542868435383,samples/001111_guitar_0205.npz
1112,guitar_0206,17,0,1,0,0.5040303676246755,0.15999995172023773,9.171088458970189e-05,0.021451681852340698,0.6636860370635986,samples/001112_guitar_0206.npz
1113,guitar_0207,17,1,1,0,0.5437806392127178,0.15999993681907654,0.00013092120934743434,0.036629870533943176,0.7102423124015331,samples/001113_guitar_0207.npz
1114,guitar_0208,17,36,1,0,0.3861135312998611,0.15999992191791534,8.217620779760182e-05,0.013684004545211792,0.665256205946207,samples/001114_guitar_0208.npz
1115,guitar_0209,17,0,1,0,0.38798257193216107,0.12196153402328491,4.8592213715892285e-05,0.010144852101802826,0.6895531043410301,samples/001115_guitar_0209.npz
1116,guitar_0210,17,30,1,0,0.45824293758768964,0.15999996662139893,9.760590910445899e-05,0.025482535362243652,0.6484088376164436,samples/001116_guitar_0210.npz
1117,guitar_0211,17,18,1,0,0.36725803976009935,0.15999983251094818,6.110398680903018e-05,0.018111824989318848,0.654499739408493,samples/001117_guitar_0211.npz
1118,guitar_0212,17,18,1,0,0.38479059883823874,0.15999984741210938,7.002422353252769e-05,0.014094650745391846,0.6515001766383648,samples/001118_guitar_0212.npz
1119,guitar_0213,17,27,1,0,0.6062558380317781,0.15999996662139893,0.0001441972708562389,0.022086473181843758,0.6715705655515194,samples/001119_guitar_0213.npz
1120,guitar_0214,17,3,1,0,0.38060410087505253,0.1599999964237213,7.338049181271344e-05,0.027661263942718506,0.6465169228613377,samples/001120_guitar_0214.npz
1121,guitar_0215,17,4,1,0,0.3774129750744774,0.15999948978424072,6.210825813468546e-05,0.014611300081014633,0.6457397602498531,samples/001121_guitar_0215.npz
1122,guitar_0216,17,0,1,0,0.54819047613992,0.1599999964237213,9.614911687094718e-05,0.020430918782949448,0.640640739351511,samples/001122_guitar_0216.npz
1123,guitar_0217,17,0,1,0,0.5653091262602841,0.15999993681907654,0.00010529239079914987,0.013780396431684494,0.6464381143450737,samples/001123_guitar_0217.npz
1124,guitar_0218,17,27,1,0,0.5345093583299402,0.15999996662139893,0.0001243572769453749,0.026806984096765518,0.6409134157001972,samples/001124_guitar_0218.npz
1125,guitar_0219,17,18,1,0,0.36066328692531,0.1600000262260437,5.9243509895168245e-05,0.019611895084381104,0.6573262773454189,samples/001125_guitar_0219.npz
1126,guitar_0220,17,11,1,0,0.5297490472397961,0.1600000113248825,0.00011088632891187444,0.026381313800811768,0.6480454504489899,samples/001126_guitar_0220.npz
1127,guitar_0221,17,18,1,0,0.4757842134280065,0.1599999964237213,9.639995550969616e-05,0.020481646060943604,0.6393616385757923,samples/001127_guitar_0221.npz
1128,guitar_0222,17,33,1,0,0.49443714005707073,0.1599999964237213,0.00010255306551698595,0.016615092754364014,0.640419315546751,samples/001128_guitar_0222.npz
1129,guitar_0223,17,7,1,0,0.37583105566158587,0.15999983251094818,5.9562764363363385e-05,0.012890323996543884,0.6560294888913631,samples/001129_guitar_0223.npz
1130,guitar_0224,17,0,1,0,0.33470105357468727,0.15999899804592133,5.080565460957587e-05,0.013945624232292175,0.6584344990551472,samples/001130_guitar_0224.npz
1131,guitar_0225,17,18,1,0,0.4368154841719681,0.1599999964237213,8.77998536452651e-05,0.01855872943997383,0.6489247120916843,samples/001131_guitar_0225.npz
1132,guitar_0226,17,3,1,0,0.5561325967312278,0.1599999964237213,0.0001352893013972789,0.027585551142692566,0.6690563373267651,samples/001132_guitar_0226.npz
1133,guitar_0227,17,3,1,0,0.5434476538000756,0.1599997580051422,0.00012693862663581967,0.028921760618686676,0.6708741560578346,samples/001133_guitar_0227.npz
1134,guitar_0228,17,3,1,0,0.4896806043688323,0.1599999964237213,0.0001068624624167569,0.019424673169851303,0.6515264213085175,samples/001134_guitar_0228.npz
1135,guitar_0229,17,18,1,0,0.5349569506460081,0.1599999964237213,0.00011194460967089981,0.018792927265167236,0.7187240980565548,samples/001135_guitar_0229.npz
1136,guitar_0230,17,18,1,0,0.34768413046150914,0.1599999964237213,6.134973955340683e-05,0.01385362446308136,0.7490308508276939,samples/001136_guitar_0230.npz
1137,guitar_0231,17,18,1,0,0.36051918411134837,0.1599999964237213,6.454440153902397e-05,0.01679849624633789,0.7509189285337925,samples/001137_guitar_0231.npz
1138,guitar_0232,17,30,1,0,0.5102787504581737,0.15999993681907654,0.00010343157191528007,0.026434488594532013,0.6962323077023029,samples/001138_guitar_0232.npz
1139,guitar_0233,17,18,1,0,0.5210695867355094,0.15999990701675415,0.00011163506133016199,0.02671492099761963,0.6506300382316113,samples/001139_guitar_0233.npz
1140,guitar_0234,17,18,1,0,0.4915401424918306,0.1599999964237213,0.00010498637129785493,0.02310720458626747,0.6548416465520859,samples/001140_guitar_0234.npz
1141,guitar_0235,17,30,1,0,0.33909160317713505,0.15999983251094818,5.65118643862661e-05,0.015251386910676956,0.6509511955082417,samples/001141_guitar_0235.npz
1142,guitar_0236,17,18,1,0,0.46036332139286296,0.1599999964237213,8.795471512712538e-05,0.020843863487243652,0.6595374345779419,samples/001142_guitar_0236.npz
1143,guitar_0237,17,18,1,0,0.4380648491826789,0.1599997878074646,8.012213947949931e-05,0.013256967067718506,0.6547122038900852,samples/001143_guitar_0237.npz
1144,guitar_0238,17,1,1,0,0.49278320865264835,0.1599999964237213,0.00011095336230937392,0.028915854170918465,0.6551916897296906,samples/001144_guitar_0238.npz
1145,guitar_0239,17,18,1,0,0.33281855644840386,0.15999983251094818,5.102380964672193e-05,0.02644103765487671,0.6500066332519054,samples/001145_guitar_0239.npz
1146,guitar_0240,17,30,1,0,0.5309560186738839,0.1599999964237213,0.00010783087054733187,0.024549316614866257,0.6506041921675205,samples/001146_guitar_0240.npz
1147,guitar_0241,17,0,1,0,0.5121708176196165,0.15999996662139893,0.0001146737631643191,0.020651422441005707,0.6494862176477909,samples/001147_guitar_0241.npz
1148,guitar_0242,17,0,1,0,0.44082278114476076,0.1599995642900467,9.019672143040225e-05,0.03710940480232239,0.6656307354569435,samples/001148_guitar_0242.npz
1149,guitar_0243,17,18,1,0,0.41983370187914093,0.15999959409236908,7.359302981058136e-05,0.01760108768939972,0.6981408856809139,samples/001149_guitar_0243.npz
1150,guitar_0244,17,30,1,0,0.463847053492424,0.1599999964237213,9.247282287105918e-05,0.01891791820526123,0.653215553611517,samples/001150_guitar_0244.npz
1151,guitar_0245,17,34,1,0,0.5354501515863375,0.15999984741210938,0.00010650731564965099,0.013310899958014488,0.6436781473457813,samples/001151_guitar_0245.npz
1152,guitar_0246,17,18,1,0,2.4718015016988476e-05,8.821487426757812e-06,3.5356606531422585e-11,1.1920928955078125e-07,0.6527976877987385,samples/001152_guitar_0246.npz
1153,guitar_0247,17,30,1,0,0.5652940221711509,0.1599999964237213,0.00012646557297557592,0.01992691121995449,0.6514945402741432,samples/001153_guitar_0247.npz
1154,guitar_0248,17,18,1,0,0.46482577409367437,0.1599999964237213,9.712325845612213e-05,0.023717820644378662,0.6475671827793121,samples/001154_guitar_0248.npz
1155,guitar_0249,17,18,1,0,0.45661474469466556,0.15999998152256012,9.947949729394168e-05,0.02025550603866577,0.6419119536876678,samples/001155_guitar_0249.npz
1156,guitar_0250,17,18,1,0,0.5298943824503239,0.1599999964237213,0.00010545603436185047,0.019133567810058594,0.6380163989961147,samples/001156_guitar_0250.npz
1157,guitar_0251,17,11,1,0,0.5876515114493542,0.15999998152256012,0.00011472226469777524,0.023273885250091553,0.6508141160011292,samples/001157_guitar_0251.npz
1158,guitar_0252,17,3,1,0,0.5856538658295074,0.1599999964237213,0.00014287818339653313,0.02916591614484787,0.6990290656685829,samples/001158_guitar_0252.npz
1159,guitar_0253,17,18,1,0,0.2985758651665047,0.1600000113248825,4.050467032357119e-05,0.020210713148117065,0.6965645663440228,samples/001159_guitar_0253.npz
1160,guitar_0254,17,18,1,0,0.489934054177536,0.1599999964237213,0.00010509279672987759,0.02704852819442749,0.737796925008297,samples/001160_guitar_0254.npz
1161,guitar_0255,17,18,1,0,0.31225970089169686,0.15999960899353027,4.5971952204126865e-05,0.01454085111618042,0.7401787489652634,samples/001161_guitar_0255.npz
1162,keyboard_0146,18,17,1,0,3.247284761129034e-05,3.814697265625e-06,2.418346412014216e-09,1.1920928955078125e-07,0.7080392017960548,samples/001162_keyboard_0146.npz
1163,keyboard_0147,18,3,1,0,0.5116257328202484,0.15999995172023773,0.0001340654562227428,0.029715172946453094,0.7438907772302628,samples/001163_keyboard_0147.npz
1164,keyboard_0148,18,3,1,0,0.6162227502527924,0.15999990701675415,0.00016866170335561037,0.031805217266082764,0.7328862398862839,samples/001164_keyboard_0148.npz
1165,keyboard_0149,18,3,1,0,0.4965388411472757,0.13652768731117249,0.00011649757652776316,0.0101443687453866,0.7353767566382885,samples/001165_keyboard_0149.npz
1166,keyboard_0150,18,29,1,0,0.535428527844134,0.1600000262260437,0.00014681775064673275,0.018828094005584717,0.7225587405264378,samples/001166_keyboard_0150.npz
1167,keyboard_0151,18,7,1,0,0.5288588692813734,0.1599999964237213,0.00012705923290923238,0.01939566433429718,0.7081606984138489,samples/001167_keyboard_0151.npz
1168,keyboard_0152,18,2,1,0,0.5414167287563851,0.15999998152256012,0.0001250599743798375,0.014750957489013672,0.6435504630208015,samples/001168_keyboard_0152.npz
1169,keyboard_0153,18,7,1,0,0.746501751133065,0.15999996662139893,0.0002089150802930817,0.028019070625305176,0.6549794673919678,samples/001169_keyboard_0153.npz
1170,keyboard_0154,18,17,1,0,0.7340453503725897,0.15999998152256012,0.0002133351081283763,0.032424330711364746,0.6872480176389217,samples/001170_keyboard_0154.npz
1171,keyboard_0155,18,17,1,0,0.7259138657511434,0.1599999964237213,0.00020992124336771667,0.029448866844177246,0.6929237395524979,samples/001171_keyboard_0155.npz
1172,keyboard_0156,18,17,1,0,0.6579282622516398,0.1599999964237213,0.00017312665295321494,0.02237170934677124,0.6952030211687088,samples/001172_keyboard_0156.npz
1173,keyboard_0157,18,7,1,0,0.5070632028136384,0.14196360111236572,0.0001333013642579317,0.013052046298980713,0.6608242057263851,samples/001173_keyboard_0157.npz
1174,keyboard_0158,18,33,1,0,0.37275828937834765,0.15999966859817505,7.680317503400147e-05,0.025305092334747314,0.6485628560185432,samples/001174_keyboard_0158.npz
1175,keyboard_0159,18,30,1,0,0.508893835076189,0.1588081568479538,0.00013339961878955364,0.015221238136291504,0.6420221924781799,samples/001175_keyboard_0159.npz
1176,keyboard_0160,18,7,1,0,0.6886398121883079,0.1599999964237213,0.00019395514391362667,0.01609291136264801,0.6504550576210022,samples/001176_keyboard_0160.npz
1177,keyboard_0161,18,34,1,0,0.6625358086031479,0.15999990701675415,0.00017032494361046702,0.024326622486114502,0.6476131118834019,samples/001177_keyboard_0161.npz
1178,keyboard_0162,18,1,1,0,0.38799135738356433,0.13531047105789185,7.714980165474117e-05,0.008970439434051514,0.6484697759151459,samples/001178_keyboard_0162.npz
1179,keyboard_0163,18,3,1,0,0.6529053195396618,0.1600000262260437,0.0001707898045424372,0.03732776641845703,0.6507655866444111,samples/001179_keyboard_0163.npz
1180,keyboard_0164,18,17,1,0,0.7647624022228576,0.1599999964237213,0.00021575075516011566,0.021077632904052734,0.6437884569168091,samples/001180_keyboard_0164.npz
1181,keyboard_0165,18,7,1,0,0.5693600880128384,0.1481119692325592,0.00012687550042755902,0.008161187171936035,0.6422042846679688,samples/001181_keyboard_0165.npz
1182,lamp_0125,19,13,1,0,0.6834822972585723,0.15999996662139893,0.00017194407701026648,0.0252341628074646,0.6552655510604382,samples/001182_lamp_0125.npz
1183,lamp_0126,19,9,1,0,0.6737507319579102,0.1600000262260437,0.0002297286264365539,0.03345349431037903,0.6550458557903767,samples/001183_lamp_0126.npz
1184,lamp_0127,19,15,1,0,0.3880227241427374,0.15645533800125122,0.00010693987860577181,0.01645272970199585,0.7045356594026089,samples/001184_lamp_0127.npz
1185,lamp_0128,19,6,1,0,1.107244568209181,0.1599999964237213,0.0005734835867770016,0.036195531487464905,0.6846526153385639,samples/001185_lamp_0128.npz
1186,lamp_0129,19,35,1,0,0.38799433863088273,0.11230772733688354,0.0001159702442237176,0.008733510971069336,0.6764637567102909,samples/001186_lamp_0129.npz
1187,lamp_0130,19,38,1,0,0.0039101528529952466,0.001978367567062378,1.7316779121756554e-08,4.708766937255859e-06,0.6550649851560593,samples/001187_lamp_0130.npz
1188,lamp_0131,19,37,1,0,0.6939548138548596,0.15999983251094818,0.00028815428959205747,0.023904889822006226,0.6531452313065529,samples/001188_lamp_0131.npz
1189,lamp_0132,19,37,1,0,0.0005691471971272529,0.0004650801420211792,-5.645688361255452e-10,2.086162567138672e-07,0.6598730385303497,samples/001189_lamp_0132.npz
1190,lamp_0133,19,24,1,0,0.6644183719972283,0.1599999964237213,0.00015981360047589988,0.026866178959608078,0.7367097660899162,samples/001190_lamp_0133.npz
1191,lamp_0134,19,24,1,0,0.5536693779420907,0.15999986231327057,0.00012448104098439217,0.02087581157684326,0.677985318005085,samples/001191_lamp_0134.npz
1192,lamp_0135,19,15,1,0,0.6123966348777682,0.1599999964237213,0.00016552605666220188,0.02717524766921997,0.6484729871153831,samples/001192_lamp_0135.npz
1193,lamp_0136,19,37,1,0,0.5476792824509706,0.1283368170261383,8.992103539640084e-05,0.009878307580947876,0.6754065044224262,samples/001193_lamp_0136.npz
1194,lamp_0137,19,24,1,0,0.8914758232173875,0.1599999964237213,0.00030658894684165716,0.028937652707099915,0.6968505047261715,samples/001194_lamp_0137.npz
1195,lamp_0138,19,33,1,0,0.3879818229992328,0.12928646802902222,7.910288695711643e-05,0.005285054445266724,0.6617588065564632,samples/001195_lamp_0138.npz
1196,lamp_0139,19,37,1,0,0.006827522211295201,0.002036482095718384,4.549292498268187e-08,4.589557647705078e-06,0.6502153240144253,samples/001196_lamp_0139.npz
1197,lamp_0140,19,26,1,0,0.5782620100105086,0.13407546281814575,0.00019040697952732444,0.012239634990692139,0.6542732156813145,samples/001197_lamp_0140.npz
1198,lamp_0141,19,24,1,0,0.5171912636864853,0.1599995493888855,0.00010641817061696202,0.01806938648223877,0.6539134234189987,samples/001198_lamp_0141.npz
1199,lamp_0142,19,31,1,0,0.8746970026740948,0.15999996662139893,0.00032790994737297297,0.03126418590545654,0.6784541383385658,samples/001199_lamp_0142.npz
1200,lamp_0143,19,37,1,0,0.6826091651281373,0.15999996662139893,0.0002370972651988268,0.020012199878692627,0.698701798915863,samples/001200_lamp_0143.npz
1201,lamp_0144,19,24,1,0,0.6629957831645655,0.15999998152256012,0.0001841462799347937,0.02380049228668213,0.6628867909312248,samples/001201_lamp_0144.npz
1202,laptop_0150,20,35,1,0,0.9621934359182465,0.1600000262260437,0.0003758741950150579,0.03763526678085327,0.7012797594070435,samples/001202_laptop_0150.npz
1203,laptop_0151,20,34,1,0,0.8510740874351098,0.1600000113248825,0.0003262617392465472,0.03685562312602997,0.675269078463316,samples/001203_laptop_0151.npz
1204,laptop_0152,20,22,1,0,1.5339935209207094,0.1599999964237213,0.0008507812162861228,0.041039347648620605,0.6678038835525513,samples/001204_laptop_0152.npz
1205,laptop_0153,20,22,1,0,1.1736658145951466,0.1599999964237213,0.0005333226872608066,0.03760188817977905,0.6684432998299599,samples/001205_laptop_0153.npz
1206,laptop_0154,20,0,1,0,0.7612331309587027,0.1600000262260437,0.00021928153000772,0.021510183811187744,0.654173482209444,samples/001206_laptop_0154.npz
1207,laptop_0155,20,0,1,0,0.8468220205028736,0.1600000262260437,0.00029105995781719685,0.03334522247314453,0.660889595746994,samples/001207_laptop_0155.npz
1208,laptop_0156,20,2,1,0,0.520035155155641,0.15999948978424072,0.0001562021643621847,0.023872733116149902,0.6476862579584122,samples/001208_laptop_0156.npz
1209,laptop_0157,20,6,1,0,0.778252755443598,0.1600000262260437,0.00027857779059559107,0.03395897150039673,0.6482006460428238,samples/001209_laptop_0157.npz
1210,laptop_0158,20,31,1,0,0.8268891595852086,0.15999996662139893,0.00030736345797777176,0.02916741371154785,0.6665556617081165,samples/001210_laptop_0158.npz
1211,laptop_0159,20,22,1,0,1.1071612742755583,0.1600000262260437,0.0005188769428059459,0.033967673778533936,0.6733676604926586,samples/001211_laptop_0159.npz
1212,laptop_0160,20,2,1,0,0.6773186213706108,0.15999990701675415,0.00017423127428628504,0.029175996780395508,0.7855202481150627,samples/001212_laptop_0160.npz
1213,laptop_0161,20,37,1,0,1.2623658071149793,0.1600000262260437,0.0005903050769120455,0.037697672843933105,0.714953675866127,samples/001213_laptop_0161.npz
1214,laptop_0162,20,35,1,0,0.7852848004679046,0.15999990701675415,0.0002491000050213188,0.025034070014953613,0.6736349202692509,samples/001214_laptop_0162.npz
1215,laptop_0163,20,21,1,0,0.5007179663630047,0.1599999964237213,0.00014001401723362505,0.02022916078567505,0.682217177003622,samples/001215_laptop_0163.npz
1216,laptop_0164,20,2,1,0,0.6731505594740413,0.15999925136566162,0.0002184515615226701,0.024500727653503418,0.7791795432567596,samples/001216_laptop_0164.npz
1217,laptop_0165,20,35,1,0,0.8178370317796312,0.1600000262260437,0.0002761778887361288,0.027517199516296387,0.7570655606687069,samples/001217_laptop_0165.npz
1218,laptop_0166,20,34,1,0,0.5413690438635446,0.15999966859817505,0.00015581405023112893,0.023620128631591797,0.6895763427019119,samples/001218_laptop_0166.npz
1219,laptop_0167,20,2,1,0,0.5811602392415116,0.1599999964237213,0.00015527901996392757,0.02505362033843994,0.7151974998414516,samples/001219_laptop_0167.npz
1220,laptop_0168,20,34,1,0,0.7542194941145389,0.1600000262260437,0.0002426029823254794,0.034152090549468994,0.683209091424942,samples/001220_laptop_0168.npz
1221,laptop_0169,20,3,1,0,0.552171919721087,0.15999974310398102,0.00017365769599564373,0.015774250030517578,0.6554414182901382,samples/001221_laptop_0169.npz
1222,mantel_0285,21,23,1,0,0.5717930258172991,0.15999960899353027,0.00020666410273406655,0.03150111436843872,0.66402293369174,samples/001222_mantel_0285.npz
1223,mantel_0286,21,28,1,0,0.5780868839895689,0.15999984741210938,0.00018894742242991924,0.029214859008789062,0.6982569061219692,samples/001223_mantel_0286.npz
1224,mantel_0287,21,28,1,0,0.542242023518832,0.15999972820281982,0.00019151263404637575,0.02172088623046875,0.6895688027143478,samples/001224_mantel_0287.npz
1225,mantel_0288,21,3,1,0,0.7180116841924875,0.1600000262260437,0.0002818376524373889,0.029367893934249878,0.7097059860825539,samples/001225_mantel_0288.npz
1226,mantel_0289,21,28,1,0,0.5552141080726583,0.15434378385543823,0.00018765576533041894,0.01799643039703369,0.7014639191329479,samples/001226_mantel_0289.npz
1227,mantel_0290,21,28,1,0,0.7838323163422639,0.1599990576505661,0.00025386494235135615,0.018124356865882874,0.715406022965908,samples/001227_mantel_0290.npz
1228,mantel_0291,21,4,1,0,0.5755271796197367,0.1313095986843109,0.00016493852308485657,0.011081233620643616,0.6997728124260902,samples/001228_mantel_0291.npz
1229,mantel_0292,21,24,1,0,0.7202724007059548,0.1599999964237213,0.00021262367954477668,0.02956375479698181,0.7214961126446724,samples/001229_mantel_0292.npz
1230,mantel_0293,21,22,1,0,1.0112888350650977,0.1599999964237213,0.0003913496038876474,0.04011017084121704,0.6667547971010208,samples/001230_mantel_0293.npz
1231,mantel_0294,21,28,1,0,0.513185168988889,0.1600000262260437,0.0001747678907122463,0.03461027145385742,0.669555876404047,samples/001231_mantel_0294.npz
1232,mantel_0295,21,28,1,0,0.5087601622356185,0.15999990701675415,0.00015427940525114536,0.026858091354370117,0.7399031035602093,samples/001232_mantel_0295.npz
1233,mantel_0296,21,28,1,0,0.554742387285728,0.1599999964237213,0.00016751604562159628,0.023325979709625244,0.718357291072607,samples/001233_mantel_0296.npz
1234,mantel_0297,21,28,1,0,0.5286836133025533,0.15999984741210938,0.00017026888963300735,0.0245816707611084,0.7423968650400639,samples/001234_mantel_0297.npz
1235,mantel_0298,21,4,1,0,0.6783739090210096,0.15999995172023773,0.00023108231835067272,0.030394554138183594,0.6740332581102848,samples/001235_mantel_0298.npz
1236,mantel_0299,21,28,1,0,0.5612500926911888,0.1599997878074646,0.00019614884513430297,0.0239030122756958,0.6845771074295044,samples/001236_mantel_0299.npz
1237,mantel_0300,21,4,1,0,0.5606805661901393,0.15999998152256012,0.0001838027237681672,0.02186286449432373,0.6723788045346737,samples/001237_mantel_0300.npz
1238,mantel_0301,21,28,1,0,0.7751218488488002,0.159999817609787,0.00030292279552668333,0.02053910493850708,0.8269661962985992,samples/001238_mantel_0301.npz
1239,mantel_0302,21,28,1,0,0.5616352268563963,0.1599999964237213,0.0001700966095086187,0.019349336624145508,0.7562483809888363,samples/001239_mantel_0302.npz
1240,mantel_0303,21,25,1,0,0.3880568963345268,0.13738593459129333,8.644274930702522e-05,0.012145578861236572,0.7154456153512001,samples/001240_mantel_0303.npz
1241,mantel_0304,21,28,1,0,0.6696085294371685,0.15999969840049744,0.0002545569441281259,0.028805315494537354,0.6933226771652699,samples/001241_mantel_0304.npz
1242,mantel_0305,21,4,1,0,0.5380924245232163,0.1599999964237213,0.00015048394561745226,0.014579594135284424,0.6902390271425247,samples/001242_mantel_0305.npz
1243,mantel_0306,21,28,1,0,0.6750179897666136,0.1599999964237213,0.0002408963191555813,0.03547406196594238,0.6808527670800686,samples/001243_mantel_0306.npz
1244,mantel_0307,21,28,1,0,0.5630536533591863,0.1599997878074646,0.000175989989656955,0.03174185752868652,0.7162671163678169,samples/001244_mantel_0307.npz
1245,mantel_0308,21,28,1,0,0.5733742245057015,0.1599999964237213,0.0001929272839333862,0.021326422691345215,0.7634054943919182,samples/001245_mantel_0308.npz
1246,mantel_0309,21,28,1,0,0.5767279511603709,0.1599995493888855,0.0001878267212305218,0.017825812101364136,0.7004460506141186,samples/001246_mantel_0309.npz
1247,mantel_0310,21,28,1,0,0.5239303958401633,0.1600000262260437,0.00016542525554541498,0.01974618434906006,0.7176002115011215,samples/001247_mantel_0310.npz
1248,mantel_0311,21,37,1,0,0.8109749272700575,0.15999987721443176,0.0003570578992366791,0.026445835828781128,0.6993041783571243,samples/001248_mantel_0311.npz
1249,mantel_0312,21,28,1,0,0.5670114441011912,0.15999704599380493,0.00019496766617521644,0.021188318729400635,0.6975344121456146,samples/001249_mantel_0312.npz
1250,mantel_0313,21,28,1,0,0.7214231848262719,0.15999969840049744,0.0002877029764931649,0.025713443756103516,0.7099937982857227,samples/001250_mantel_0313.npz
1251,mantel_0314,21,28,1,0,0.7117388788385474,0.1599993109703064,0.0002746103273238987,0.02642461657524109,0.6919684894382954,samples/001251_mantel_0314.npz
1252,mantel_0315,21,28,1,0,0.5201771886684273,0.159999817609787,0.00016972728190012276,0.02089640498161316,0.7081253789365292,samples/001252_mantel_0315.npz
1253,mantel_0316,21,28,1,0,0.6971411393540718,0.15999990701675415,0.0002968098851852119,0.02442336082458496,0.6914707235991955,samples/001253_mantel_0316.npz
1254,mantel_0317,21,28,1,0,0.5601714734678289,0.15999998152256012,0.0002003075205720961,0.023594558238983154,0.6688247658312321,samples/001254_mantel_0317.npz
1255,mantel_0318,21,28,1,0,0.9691305951080332,0.1599999964237213,0.000353489798726514,0.02582821249961853,0.701649509370327,samples/001255_mantel_0318.npz
1256,mantel_0319,21,3,1,0,0.7829948110207541,0.15999998152256012,0.00029973225900903344,0.02109876275062561,0.6818839125335217,samples/001256_mantel_0319.npz
1257,mantel_0320,21,25,1,0,0.3726722323991049,0.15999984741210938,5.848953878739849e-05,0.005609482526779175,0.694058533757925,samples/001257_mantel_0320.npz
1258,mantel_0321,21,4,1,0,0.6910981930601332,0.15999998152256012,0.0002194982225773856,0.01832781732082367,0.710701260715723,samples/001258_mantel_0321.npz
1259,mantel_0322,21,38,1,0,0.5056180709840343,0.1599997878074646,0.00012806184531655163,0.027371644973754883,0.7050341553986073,samples/001259_mantel_0322.npz
1260,mantel_0323,21,4,1,0,0.7238125288343806,0.15999987721443176,0.00024264826788567007,0.03579133749008179,0.7064930163323879,samples/001260_mantel_0323.npz
1261,mantel_0324,21,4,1,0,0.8461322268457624,0.1599999964237213,0.0003104350180365145,0.029599007219076157,0.668354120105505,samples/001261_mantel_0324.npz
1262,mantel_0325,21,4,1,0,0.5473453202308131,0.15999919176101685,0.0001577379007358104,0.022812306880950928,0.6525471471250057,samples/001262_mantel_0325.npz
1263,mantel_0326,21,28,1,0,0.527694140692826,0.1599999964237213,0.00018462081789039075,0.022527173161506653,0.7891925275325775,samples/001263_mantel_0326.npz
1264,mantel_0327,21,28,1,0,0.9934157331157384,0.15999984741210938,0.0004842543858103454,0.038860857486724854,0.713483352214098,samples/001264_mantel_0327.npz
1265,mantel_0328,21,28,1,0,0.6144801284860975,0.15999868512153625,0.000192429986782372,0.03849804401397705,0.7040237374603748,samples/001265_mantel_0328.npz
1266,mantel_0329,21,28,1,0,0.5567745449191054,0.15999984741210938,0.00018435981473885477,0.020520508289337158,0.6737170033156872,samples/001266_mantel_0329.npz
1267,mantel_0330,21,28,1,0,0.7697207706430004,0.1599999964237213,0.0003168450784869492,0.030291199684143066,0.6729035526514053,samples/001267_mantel_0330.npz
1268,mantel_0331,21,28,1,0,0.5465192455103441,0.1599999964237213,0.00017195807595271617,0.0414312481880188,0.676469299942255,samples/001268_mantel_0331.npz
1269,mantel_0332,21,28,1,0,0.57504897531004,0.15454858541488647,0.00018558175361249596,0.016131550073623657,0.6575025320053101,samples/001269_mantel_0332.npz
1270,mantel_0333,21,4,1,0,0.00891245218203291,0.0031110644340515137,8.10732672107406e-08,1.0132789611816406e-05,0.746937558054924,samples/001270_mantel_0333.npz
1271,mantel_0334,21,28,1,0,0.5317876283220858,0.15999996662139893,0.00018397999519947916,0.020522475242614746,0.7217683009803295,samples/001271_mantel_0334.npz
1272,mantel_0335,21,23,1,0,0.5434233045780487,0.15999945998191833,0.0002011075703194365,0.020049452781677246,0.6708040945231915,samples/001272_mantel_0335.npz
1273,mantel_0336,21,28,1,0,0.521430516408486,0.1599997580051422,0.00017228502838406712,0.029534757137298584,0.6762787438929081,samples/001273_mantel_0336.npz
1274,mantel_0337,21,28,1,0,0.7206231359737272,0.1599999964237213,0.00030592799885198474,0.03623354434967041,0.6802903264760971,samples/001274_mantel_0337.npz
1275,mantel_0338,21,28,1,0,0.5555498176682384,0.15999998152256012,0.00016995043552014977,0.023945897817611694,0.6651754342019558,samples/001275_mantel_0338.npz
1276,mantel_0339,21,28,1,0,0.675924208850315,0.15999966859817505,0.00024317727365996689,0.016662538051605225,0.7430862784385681,samples/001276_mantel_0339.npz
1277,mantel_0340,21,28,1,0,0.5772170398817555,0.1600000262260437,0.00018026820907834917,0.039099037647247314,0.716648954898119,samples/001277_mantel_0340.npz
1278,mantel_0341,21,28,1,0,0.7001285600965037,0.1600000262260437,0.00025997968623414636,0.019793391227722168,0.7036366350948811,samples/001278_mantel_0341.npz
1279,mantel_0342,21,28,1,0,0.5827051460145756,0.15999987721443176,0.00019287364557385445,0.04023873805999756,0.6991955302655697,samples/001279_mantel_0342.npz
1280,mantel_0343,21,28,1,0,0.6618117954993599,0.15999996662139893,0.0002781407965812832,0.028902411460876465,0.7077060490846634,samples/001280_mantel_0343.npz
1281,mantel_0344,21,3,1,0,0.5862413762806475,0.1599995195865631,0.00020089323516003788,0.026569604873657227,0.719998974353075,samples/001281_mantel_0344.npz
1282,mantel_0345,21,28,1,0,0.5563946029678145,0.1599999964237213,0.0001561709214001894,0.012056231498718262,0.6823923848569393,samples/001282_mantel_0345.npz
1283,mantel_0346,21,38,1,0,0.7668723144577496,0.15999995172023773,0.0002608693903312087,0.028783529996871948,0.678526908159256,samples/001283_mantel_0346.npz
1284,mantel_0347,21,4,1,0,0.6716646375242903,0.1600000262260437,0.0002426615683361888,0.025558531284332275,0.6855133958160877,samples/001284_mantel_0347.npz
1285,mantel_0348,21,28,1,0,0.7399835186650113,0.1599999964237213,0.00027735496405512094,0.026775002479553223,0.6913441456854343,samples/001285_mantel_0348.npz
1286,mantel_0349,21,4,1,0,0.4895966321748717,0.15999986231327057,0.00013337978452909738,0.01746392250061035,0.6520465984940529,samples/001286_mantel_0349.npz
1287,mantel_0350,21,4,1,0,0.5489278207281936,0.15999996662139893,0.00016163085820153356,0.01594078540802002,0.6504139341413975,samples/001287_mantel_0350.npz
1288,mantel_0351,21,4,1,0,0.794004234013811,0.15999996662139893,0.000341501843649894,0.03011023998260498,0.6633933782577515,samples/001288_mantel_0351.npz
1289,mantel_0352,21,28,1,0,0.9291003641213432,0.1600000262260437,0.0004377119184937328,0.04263615608215332,0.6533840261399746,samples/001289_mantel_0352.npz
1290,mantel_0353,21,28,1,0,0.677782183453263,0.1600000262260437,0.0002508455654606223,0.033094048500061035,0.6526026278734207,samples/001290_mantel_0353.npz
1291,mantel_0354,21,28,1,0,0.6715244554204939,0.1599997878074646,0.0002676744479686022,0.02850264310836792,0.657594159245491,samples/001291_mantel_0354.npz
1292,mantel_0355,21,28,1,0,0.5201380849744897,0.15999993681907654,0.00014713250857312232,0.031044617295265198,0.653373870998621,samples/001292_mantel_0355.npz
1293,mantel_0356,21,28,1,0,0.7787882643769843,0.15999943017959595,0.0002477944944985211,0.02659904956817627,0.706631600856781,samples/001293_mantel_0356.npz
1294,mantel_0357,21,28,1,0,0.5699732764467116,0.15999992191791534,0.000166326790349558,0.024921521544456482,0.6633726544678211,samples/001294_mantel_0357.npz
1295,mantel_0358,21,4,1,0,0.6140883534936714,0.15999974310398102,0.0002123843296431005,0.02070997655391693,0.6599574945867062,samples/001295_mantel_0358.npz
1296,mantel_0359,21,4,1,0,0.00506800935487885,0.0019436478614807129,2.9710918170167133e-08,5.364418029785156e-06,0.678422786295414,samples/001296_mantel_0359.npz
1297,mantel_0360,21,28,1,0,0.5216921274636449,0.1600000262260437,0.00018751701281871647,0.030250728130340576,0.679072842001915,samples/001297_mantel_0360.npz
1298,mantel_0361,21,38,1,0,0.6081711725797846,0.15999995172023773,0.0002077718818327412,0.02920815348625183,0.6543156020343304,samples/001298_mantel_0361.npz
1299,mantel_0362,21,4,1,0,0.012785577908402993,0.0057708024978637695,1.5916248230496421e-07,6.520748138427734e-05,0.6730243936181068,samples/001299_mantel_0362.npz
1300,mantel_0363,21,24,1,0,0.6949298427182908,0.1599999964237213,0.00021904404275119305,0.028337597846984863,0.6664018146693707,samples/001300_mantel_0363.npz
1301,mantel_0364,21,19,1,0,0.7397384492082574,0.1599999964237213,0.00019575099577195942,0.024912029504776,0.6666032560169697,samples/001301_mantel_0364.npz
1302,mantel_0365,21,12,1,0,0.5520012715068457,0.15999983251094818,0.00013750104699283838,0.01161995530128479,0.6945501267910004,samples/001302_mantel_0365.npz
1303,mantel_0366,21,39,1,0,0.0019315351072762038,0.0017532706260681152,3.3742253435775638e-09,3.0994415283203125e-06,0.6865620091557503,samples/001303_mantel_0366.npz
1304,mantel_0367,21,38,1,0,0.561404751383615,0.1599940061569214,0.00019637405057437718,0.02509838342666626,0.7045301422476768,samples/001304_mantel_0367.npz
1305,mantel_0368,21,28,1,0,0.749862330437619,0.15999996662139893,0.0003182688378728926,0.03413039445877075,0.6474802754819393,samples/001305_mantel_0368.npz
1306,mantel_0369,21,28,1,0,0.7659273231885493,0.15999984741210938,0.0003202295920345932,0.031169235706329346,0.6601074673235416,samples/001306_mantel_0369.npz
1307,mantel_0370,21,28,1,0,0.5272587813694745,0.15999995172023773,0.00015307252760976553,0.027864396572113037,0.6451571621000767,samples/001307_mantel_0370.npz
1308,mantel_0371,21,28,1,0,0.6627275062788784,0.1599999964237213,0.00024673048756085336,0.042430341243743896,0.6655668504536152,samples/001308_mantel_0371.npz
1309,mantel_0372,21,28,1,0,0.7330259654772681,0.15999919176101685,0.00030292244628071785,0.033360809087753296,0.7513536438345909,samples/001309_mantel_0372.npz
1310,mantel_0373,21,28,1,0,0.5421973587590933,0.1600000262260437,0.00016019350732676685,0.02957463264465332,0.7173860147595406,samples/001310_mantel_0373.npz
1311,mantel_0374,21,4,1,0,0.38615351608412524,0.15999996662139893,8.738969336263835e-05,0.010251164436340332,0.6654197871685028,samples/001311_mantel_0374.npz
1312,mantel_0375,21,3,1,0,0.3879925383635028,0.09337267279624939,0.00010767027561087161,0.005818665027618408,0.6466238237917423,samples/001312_mantel_0375.npz
1313,mantel_0376,21,28,1,0,0.533553563750835,0.1599997878074646,0.0001792673283489421,0.027084827423095703,0.6540739424526691,samples/001313_mantel_0376.npz
1314,mantel_0377,21,28,1,0,0.5629701834794597,0.1599999964237213,0.00017182956798933446,0.02309495210647583,0.6959313899278641,samples/001314_mantel_0377.npz
1315,mantel_0378,21,28,1,0,0.5987563573603307,0.15999996662139893,0.00021085180924274027,0.034491896629333496,0.6944057643413544,samples/001315_mantel_0378.npz
1316,mantel_0379,21,28,1,0,0.5963482474709368,0.15999996662139893,0.0002075637603411451,0.02738243341445923,0.6981088034808636,samples/001316_mantel_0379.npz
1317,mantel_0380,21,28,1,0,0.5665516962556238,0.15999960899353027,0.000190248858416453,0.02866673469543457,0.6732841283082962,samples/001317_mantel_0380.npz
1318,mantel_0381,21,27,1,0,0.5558253089508096,0.1599999964237213,0.0001992254692595452,0.021266818046569824,0.6557305939495564,samples/001318_mantel_0381.npz
1319,mantel_0382,21,28,1,0,0.8049436087582023,0.1599995493888855,0.000281487446045503,0.025088965892791748,0.6712563037872314,samples/001319_mantel_0382.npz
1320,mantel_0383,21,31,1,0,0.930792992738553,0.1600000262260437,0.0003519262536428869,0.030220434069633484,0.6584874615073204,samples/001320_mantel_0383.npz
1321,mantel_0384,21,36,1,0,0.3805779958227422,0.1599997878074646,8.643484761705622e-05,0.006141006946563721,0.6932606846094131,samples/001321_mantel_0384.npz
1322,monitor_0466,22,31,1,0,0.38798512117379325,0.11653280258178711,0.00010048488911706954,0.014740347862243652,0.6547074355185032,samples/001322_monitor_0466.npz
1323,monitor_0467,22,11,1,0,0.5566707201401336,0.15999996662139893,0.00014592925435863435,0.028017282485961914,0.6457320116460323,samples/001323_monitor_0467.npz
1324,monitor_0468,22,25,1,0,0.845049175772737,0.1600000262260437,0.0003711731405928731,0.03425312042236328,0.6964805908501148,samples/001324_monitor_0468.npz
1325,monitor_0469,22,25,1,0,0.67715056281228,0.15999993681907654,0.00024410223704762757,0.028192102909088135,0.6887792721390724,samples/001325_monitor_0469.npz
1326,monitor_0470,22,21,1,0,0.9313503268942472,0.15999993681907654,0.00043132834252901375,0.032776184380054474,0.6940754316747189,samples/001326_monitor_0470.npz
1327,monitor_0471,22,34,1,0,0.7768840005311822,0.1599997878074646,0.0003153413999825716,0.027126967906951904,0.692322414368391,samples/001327_monitor_0471.npz
1328,monitor_0472,22,25,1,0,0.8337691250399115,0.1599999964237213,0.0003880186704918742,0.04208338260650635,0.6501427628099918,samples/001328_monitor_0472.npz
1329,monitor_0473,22,21,1,0,0.69147584855815,0.1599999964237213,0.0002587809576652944,0.03350144624710083,0.6604599840939045,samples/001329_monitor_0473.npz
1330,monitor_0474,22,21,1,0,0.7796189639255535,0.15999998152256012,0.0003184723318554461,0.029336929321289062,0.6672445386648178,samples/001330_monitor_0474.npz
1331,monitor_0475,22,34,1,0,0.7640631470940781,0.1599999964237213,0.0002855459460988641,0.026842892169952393,0.6467139460146427,samples/001331_monitor_0475.npz
1332,monitor_0476,22,34,1,0,0.9000621039103146,0.1599999964237213,0.0003595479647628963,0.039185285568237305,0.7046536095440388,samples/001332_monitor_0476.npz
1333,monitor_0477,22,11,1,0,0.47495897391981884,0.1599999964237213,0.0001114663464250043,0.02092379331588745,0.6913036666810513,samples/001333_monitor_0477.npz
1334,monitor_0478,22,34,1,0,0.8072209798978406,0.15999996662139893,0.0003249635628890246,0.029381871223449707,0.6613803207874298,samples/001334_monitor_0478.npz
1335,monitor_0479,22,21,1,0,1.0205894766078325,0.1599999964237213,0.0004450978303793818,0.04589536786079407,0.6579852402210236,samples/001335_monitor_0479.npz
1336,monitor_0480,22,0,1,0,0.8482822971755608,0.15999996662139893,0.00032231659861281514,0.025062769651412964,0.6643050760030746,samples/001336_monitor_0480.npz
1337,monitor_0481,22,39,1,0,0.6962665805691529,0.15999990701675415,0.0002741715870797634,0.011987656354904175,0.7026666216552258,samples/001337_monitor_0481.npz
1338,monitor_0482,22,21,1,0,0.9101732604438691,0.15999987721443176,0.00041405914817005396,0.033876121044158936,0.6736527681350708,samples/001338_monitor_0482.npz
1339,monitor_0483,22,25,1,0,0.3879790288905501,0.13940691947937012,0.00010091236617881805,0.012647926807403564,0.6586414203047752,samples/001339_monitor_0483.npz
1340,monitor_0484,22,34,1,0,0.8791991699381443,0.1600000262260437,0.0003696308413054794,0.03416365385055542,0.6605720780789852,samples/001340_monitor_0484.npz
1341,monitor_0485,22,21,1,0,1.198438371859436,0.1600000262260437,0.0006132335402071476,0.04156064987182617,0.6605267710983753,samples/001341_monitor_0485.npz
1342,monitor_0486,22,21,1,0,1.1541780904463905,0.1599999964237213,0.0006401860155165195,0.043611034750938416,0.6505491510033607,samples/001342_monitor_0486.npz
1343,monitor_0487,22,34,1,0,0.6676254394085553,0.15999986231327057,0.0002512421924620867,0.030865728855133057,0.6604906730353832,samples/001343_monitor_0487.npz
1344,monitor_0488,22,23,1,0,0.3826279730685981,0.15999987721443176,9.32444236241281e-05,0.026448428630828857,0.6730889044702053,samples/001344_monitor_0488.npz
1345,monitor_0489,22,39,1,0,0.855081731963795,0.15999998152256012,0.0003483487816993147,0.03534901142120361,0.6613626703619957,samples/001345_monitor_0489.npz
1346,monitor_0490,22,34,1,0,1.052202178675947,0.1599999964237213,0.0005247923545539379,0.03705538436770439,0.6771799437701702,samples/001346_monitor_0490.npz
1347,monitor_0491,22,25,1,0,0.7534437984802943,0.15999996662139893,0.00030783633701503277,0.017512798309326172,0.7065601050853729,samples/001347_monitor_0491.npz
1348,monitor_0492,22,21,1,0,0.3879794753731852,0.14523208141326904,8.966960740508512e-05,0.01118779182434082,0.6996084377169609,samples/001348_monitor_0492.npz
1349,monitor_0493,22,21,1,0,0.8304642710381032,0.1600000262260437,0.0003015216498170048,0.03693419694900513,0.6533137932419777,samples/001349_monitor_0493.npz
1350,monitor_0494,22,25,1,0,0.7246792906065475,0.159999817609787,0.0002973571536131203,0.020489156246185303,0.6484344825148582,samples/001350_monitor_0494.npz
1351,monitor_0495,22,26,1,0,0.6593667337161597,0.15999948978424072,0.00021222895884420723,0.025206029415130615,0.6583825349807739,samples/001351_monitor_0495.npz
1352,monitor_0496,22,20,1,0,0.5559945824701363,0.15999990701675415,0.0001885803503682837,0.02851271629333496,0.6682583540678024,samples/001352_monitor_0496.npz
1353,monitor_0497,22,14,1,0,0.5312180719879005,0.15999817848205566,0.0001671374775469303,0.010754644870758057,0.6551758795976639,samples/001353_monitor_0497.npz
1354,monitor_0498,22,25,1,0,0.6975045956696089,0.15999987721443176,0.0002548010088503361,0.03220261633396149,0.689819447696209,samples/001354_monitor_0498.npz
1355,monitor_0499,22,25,1,0,0.8666997517328907,0.1600000262260437,0.0003610033309087157,0.031758278608322144,0.6684087887406349,samples/001355_monitor_0499.npz
1356,monitor_0500,22,28,1,0,0.3869184354162378,0.1599999964237213,9.93746507447213e-05,0.01556473970413208,0.6689656525850296,samples/001356_monitor_0500.npz
1357,monitor_0501,22,21,1,0,0.3879769548999597,0.11043313145637512,0.00012075642734998837,0.009437620639801025,0.6798459924757481,samples/001357_monitor_0501.npz
1358,monitor_0502,22,21,1,0,0.9571660161012563,0.1600000262260437,0.0004189469327684492,0.035128891468048096,0.6549959406256676,samples/001358_monitor_0502.npz
1359,monitor_0503,22,21,1,0,0.8844537753818892,0.1600000262260437,0.00038773351116105914,0.04348886013031006,0.6866226904094219,samples/001359_monitor_0503.npz
1360,monitor_0504,22,21,1,0,1.128070891818351,0.1600000262260437,0.0005439684027805924,0.04167419672012329,0.6767690479755402,samples/001360_monitor_0504.npz
1361,monitor_0505,22,34,1,0,0.8534617723458595,0.1600000262260437,0.0003747320151887834,0.04284626245498657,0.7180822938680649,samples/001361_monitor_0505.npz
1362,monitor_0506,22,14,1,0,0.00369553824359792,0.0033998489379882812,1.4997567632235587e-08,1.1861324310302734e-05,0.6911395825445652,samples/001362_monitor_0506.npz
1363,monitor_0507,22,20,1,0,0.00011855537466680896,5.772709846496582e-05,-6.693881005048752e-10,2.384185791015625e-07,0.6534691154956818,samples/001363_monitor_0507.npz
1364,monitor_0508,22,21,1,0,1.0170721454518137,0.1599999964237213,0.00043523110798560083,0.036398857831954956,0.6485178396105766,samples/001364_monitor_0508.npz
1365,monitor_0509,22,20,1,0,0.7659743057148475,0.1599999964237213,0.00023497601796407253,0.04091528058052063,0.6776424646377563,samples/001365_monitor_0509.npz
1366,monitor_0510,22,21,1,0,1.2290226749628401,0.1599999964237213,0.0006488490616902709,0.04760757088661194,0.6478315033018589,samples/001366_monitor_0510.npz
1367,monitor_0511,22,20,1,0,0.5420362299989736,0.1599999964237213,0.00013730389764532447,0.026581674814224243,0.6610472165048122,samples/001367_monitor_0511.npz
1368,monitor_0512,22,21,1,0,0.9498769103165433,0.1599999964237213,0.0003927036595996469,0.027909517288208008,0.6437255516648293,samples/001368_monitor_0512.npz
1369,monitor_0513,22,21,1,0,0.7684100062139527,0.1599999964237213,0.0003230909933336079,0.041644394397735596,0.6470047011971474,samples/001369_monitor_0513.npz
1370,monitor_0514,22,21,1,0,0.8947231470029101,0.1599999964237213,0.0004218321410007775,0.03585177659988403,0.6640016101300716,samples/001370_monitor_0514.npz
1371,monitor_0515,22,21,1,0,0.8891123424161608,0.1599999964237213,0.00036847457522526383,0.037629932165145874,0.6513658352196217,samples/001371_monitor_0515.npz
1372,monitor_0516,22,11,1,0,0.4858372750525884,0.15999990701675415,0.00016232604684773833,0.02063506841659546,0.6565059684216976,samples/001372_monitor_0516.npz
1373,monitor_0517,22,25,1,0,0.6909038528779697,0.15999990701675415,0.000231180849368684,0.024184048175811768,0.6639555208384991,samples/001373_monitor_0517.npz
1374,monitor_0518,22,21,1,0,0.8414023109705113,0.1600000262260437,0.0002877346705645323,0.042382389307022095,0.6604660116136074,samples/001374_monitor_0518.npz
1375,monitor_0519,22,25,1,0,1.2232539876057775,0.1599999964237213,0.0006647395784966648,0.025935232639312744,0.6515760757029057,samples/001375_monitor_0519.npz
1376,monitor_0520,22,26,1,0,0.9101872090980502,0.15999998152256012,0.0003846516483463347,0.031533122062683105,0.7010412663221359,samples/001376_monitor_0520.npz
1377,monitor_0521,22,39,1,0,0.00226484468980021,0.001998424530029297,5.611582309938967e-09,3.933906555175781e-06,0.695522852241993,samples/001377_monitor_0521.npz
1378,monitor_0522,22,21,1,0,0.6695803892426571,0.1600000262260437,0.00024092241073958576,0.041902363300323486,0.6749055795371532,samples/001378_monitor_0522.npz
1379,monitor_0523,22,34,1,0,0.7053154522179512,0.15999996662139893,0.00022273347713053226,0.022447526454925537,0.6571633033454418,samples/001379_monitor_0523.npz
1380,monitor_0524,22,21,1,0,0.9406171950463196,0.15999996662139893,0.00043369983904995024,0.04183018207550049,0.7022974900901318,samples/001380_monitor_0524.npz
1381,monitor_0525,22,35,1,0,0.7125276974263693,0.159999817609787,0.00023646902991458774,0.019769489765167236,0.6951858922839165,samples/001381_monitor_0525.npz
1382,monitor_0526,22,39,1,0,0.7635054541132587,0.1599999964237213,0.00027883017901331186,0.03218764066696167,0.7154922857880592,samples/001382_monitor_0526.npz
1383,monitor_0527,22,11,1,0,0.8386994039764005,0.1599999964237213,0.0003328828897792846,0.03547245264053345,0.7218393869698048,samples/001383_monitor_0527.npz
1384,monitor_0528,22,21,1,0,1.4027786005708067,0.1599999964237213,0.0007582796388305724,0.04291820526123047,0.7176045142114162,samples/001384_monitor_0528.npz
1385,monitor_0529,22,11,1,0,0.7264962012282871,0.1599999964237213,0.0002457340888213366,0.04016956686973572,0.6966228522360325,samples/001385_monitor_0529.npz
1386,monitor_0530,22,0,1,0,1.0493309477965187,0.1600000262260437,0.0005095120286568999,0.03917890787124634,0.6862161494791508,samples/001386_monitor_0530.npz
1387,monitor_0531,22,25,1,0,1.2157747191187664,0.1599997580051422,0.000717961578629911,0.03182664513587952,0.73990922793746,samples/001387_monitor_0531.npz
1388,monitor_0532,22,21,1,0,0.6651334317509351,0.1599999964237213,0.00023817186593078077,0.03304851055145264,0.6876804567873478,samples/001388_monitor_0532.npz
1389,monitor_0533,22,11,1,0,0.5332116556009203,0.15999972820281982,0.000151440326590091,0.024426400661468506,0.6590740419924259,samples/001389_monitor_0533.npz
1390,monitor_0534,22,21,1,0,0.384475283799072,0.15999886393547058,0.00010084818495670334,0.014132559299468994,0.6921402141451836,samples/001390_monitor_0534.npz
1391,monitor_0535,22,21,1,0,0.6867358339026913,0.15485380589962006,0.0001963905815500766,0.014520436525344849,0.7028778158128262,samples/001391_monitor_0535.npz
1392,monitor_0536,22,11,1,0,0.7496096966351669,0.1599999964237213,0.00030775676714256406,0.03604888916015625,0.7124978117644787,samples/001392_monitor_0536.npz
1393,monitor_0537,22,21,1,0,0.5147371668033396,0.1600000113248825,0.0001361169561278075,0.03547567129135132,0.7067421935498714,samples/001393_monitor_0537.npz
1394,monitor_0538,22,10,1,0,0.7569863545241137,0.1600000262260437,0.0002991874353028834,0.02984720468521118,0.709927424788475,samples/001394_monitor_0538.npz
1395,monitor_0539,22,21,1,0,1.1893310484229864,0.1600000113248825,0.0006156722665764391,0.037137240171432495,0.702044028788805,samples/001395_monitor_0539.npz
1396,monitor_0540,22,21,1,0,0.4980245921816185,0.15999987721443176,0.00015761639224365354,0.030431509017944336,0.725286390632391,samples/001396_monitor_0540.npz
1397,monitor_0541,22,39,1,0,0.5324454531133284,0.15999895334243774,0.0001556876813992858,0.017575442790985107,0.6793453991413116,samples/001397_monitor_0541.npz
1398,monitor_0542,22,34,1,0,0.8721158997174504,0.1599999964237213,0.0003800519334618002,0.031050562858581543,0.6884821653366089,samples/001398_monitor_0542.npz
1399,monitor_0543,22,21,1,0,1.1816310283176612,0.1599999964237213,0.0005687584634870291,0.0389879047870636,0.6897929720580578,samples/001399_monitor_0543.npz
1400,monitor_0544,22,11,1,0,0.6571668963392809,0.1600000262260437,0.00022869688109494746,0.03213000297546387,0.6709458641707897,samples/001400_monitor_0544.npz
1401,monitor_0545,22,11,1,0,0.7347544339193202,0.1599999964237213,0.0002809297002386302,0.04163074493408203,0.6588862501084805,samples/001401_monitor_0545.npz
1402,monitor_0546,22,21,1,0,1.318281247685048,0.1600000262260437,0.0006983431521803141,0.04323279857635498,0.6859824433922768,samples/001402_monitor_0546.npz
1403,monitor_0547,22,34,1,0,0.8810132520298156,0.1600000262260437,0.00038916885387152433,0.03572160005569458,0.7007503695785999,samples/001403_monitor_0547.npz
1404,monitor_0548,22,25,1,0,0.8684107426779707,0.1599999964237213,0.0003551851259544492,0.020113304257392883,0.6988945752382278,samples/001404_monitor_0548.npz
1405,monitor_0549,22,21,1,0,0.690848723806884,0.15999984741210938,0.0002627448702696711,0.0322318971157074,0.733042124658823,samples/001405_monitor_0549.npz
1406,monitor_0550,22,21,1,0,0.7639924666716118,0.15999799966812134,0.0002571919176261872,0.026857882738113403,0.7000027932226658,samples/001406_monitor_0550.npz
1407,monitor_0551,22,11,1,0,0.7152168675961801,0.1600000262260437,0.00024841458071023226,0.04098314046859741,0.7112772837281227,samples/001407_monitor_0551.npz
1408,monitor_0552,22,21,1,0,0.9099889609694325,0.1600000113248825,0.0003568219835869968,0.03728240728378296,0.7175738587975502,samples/001408_monitor_0552.npz
1409,monitor_0553,22,11,1,0,0.5260584745145449,0.15999963879585266,0.0001283767051063478,0.02541351318359375,0.7518588416278362,samples/001409_monitor_0553.npz
1410,monitor_0554,22,21,1,0,1.0079750550935787,0.1599999964237213,0.00045712015707977116,0.04216310381889343,0.6791376434266567,samples/001410_monitor_0554.npz
1411,monitor_0555,22,21,1,0,0.5193945339123841,0.1600000262260437,0.00018081834423355758,0.028619736433029175,0.7006473205983639,samples/001411_monitor_0555.npz
1412,monitor_0556,22,21,1,0,1.1358637396202975,0.1600000262260437,0.0005503606516867876,0.031821832060813904,0.7183674201369286,samples/001412_monitor_0556.npz
1413,monitor_0557,22,35,1,0,0.7400365580246833,0.15999996662139893,0.0002644264604896307,0.020143210887908936,0.696600902825594,samples/001413_monitor_0557.npz
1414,monitor_0558,22,11,1,0,0.6951636358628853,0.1600000262260437,0.0002432649489492178,0.02620720863342285,0.7314257435500622,samples/001414_monitor_0558.npz
1415,monitor_0559,22,21,1,0,1.3417351721023711,0.1600000262260437,0.0007883874932304025,0.04294002056121826,0.7197874560952187,samples/001415_monitor_0559.npz
1416,monitor_0560,22,26,1,0,0.7843045696994827,0.1600000262260437,0.00029120847466401756,0.032395124435424805,0.7172460183501244,samples/001416_monitor_0560.npz
1417,monitor_0561,22,30,1,0,0.9491099071500879,0.1600000262260437,0.0004342664615251124,0.03454899787902832,0.6806093230843544,samples/001417_monitor_0561.npz
1418,monitor_0562,22,23,1,0,0.5308545758702019,0.1600000262260437,0.00019334364333190024,0.0387154221534729,0.7476204298436642,samples/001418_monitor_0562.npz
1419,monitor_0563,22,21,1,0,0.9491537095380865,0.1599999964237213,0.0003810095367953181,0.030220508575439453,0.7614105753600597,samples/001419_monitor_0563.npz
1420,monitor_0564,22,11,1,0,0.5224955324502164,0.1599993109703064,0.00013619038509204984,0.0182054340839386,0.6726156696677208,samples/001420_monitor_0564.npz
1421,monitor_0565,22,0,1,0,0.8065620273232507,0.1600000262260437,0.00029235839610919356,0.021389931440353394,0.6795742772519588,samples/001421_monitor_0565.npz
1422,night_stand_0201,23,33,1,0,0.5575841035398106,0.15999506413936615,0.00020078496891073883,0.014822125434875488,0.6955791674554348,samples/001422_night_stand_0201.npz
1423,night_stand_0202,23,14,1,0,0.3880645713434465,0.14251708984375,0.00011545952293090522,0.016194209456443787,0.7096477560698986,samples/001423_night_stand_0202.npz
1424,night_stand_0203,23,33,1,0,0.7380575113508286,0.15999984741210938,0.0003870123182423413,0.03224843740463257,0.6989076472818851,samples/001424_night_stand_0203.npz
1425,night_stand_0204,23,14,1,0,0.7378330383932097,0.1599999964237213,0.0003166745591443032,0.018030837178230286,0.6893655396997929,samples/001425_night_stand_0204.npz
1426,night_stand_0205,23,32,1,0,0.5516273614390725,0.1600000262260437,0.00019083738152403384,0.020642101764678955,0.6821570992469788,samples/001426_night_stand_0205.npz
1427,night_stand_0206,23,33,1,0,0.38798274476263156,0.1471625417470932,0.0001035943569149822,0.009707987308502197,0.7402913607656956,samples/001427_night_stand_0206.npz
1428,night_stand_0207,23,2,1,0,0.38797699810821007,0.1210985779762268,0.00010213622590526938,0.010050415992736816,0.7131949476897717,samples/001428_night_stand_0207.npz
1429,night_stand_0208,23,14,1,0,0.5477834444996051,0.13633042573928833,0.00020007306011393666,0.013631224632263184,0.7056777998805046,samples/001429_night_stand_0208.npz
1430,night_stand_0209,23,14,1,0,0.6831052615183801,0.1599992960691452,0.0002592105884104967,0.012711405754089355,0.7072027921676636,samples/001430_night_stand_0209.npz
1431,night_stand_0210,23,14,1,0,0.3880504451777172,0.11756956577301025,0.00010181145626120269,0.01060175895690918,0.6973819360136986,samples/001431_night_stand_0210.npz
1432,night_stand_0211,23,14,1,0,0.719701707014816,0.1599999964237213,0.0002991337969433516,0.01173931360244751,0.6923838034272194,samples/001432_night_stand_0211.npz
1433,night_stand_0212,23,32,1,0,0.3879838393538233,0.1263354867696762,9.430829231860116e-05,0.004629075527191162,0.6607445999979973,samples/001433_night_stand_0212.npz
1434,night_stand_0213,23,33,1,0,1.1629709335854022,0.1600000262260437,0.0006558845052495599,0.035156309604644775,0.6768136620521545,samples/001434_night_stand_0213.npz
1435,night_stand_0214,23,16,1,0,0.38432005919930334,0.1599997580051422,0.00010999814548995346,0.016396716237068176,0.6810165382921696,samples/001435_night_stand_0214.npz
1436,night_stand_0215,23,14,1,0,0.5671520190530154,0.1599980890750885,0.0001951564772753045,0.015147805213928223,0.6628988198935986,samples/001436_night_stand_0215.npz
1437,night_stand_0216,23,33,1,0,0.38796281114074077,0.13519930839538574,8.192841778509319e-05,0.010513365268707275,0.6519675999879837,samples/001437_night_stand_0216.npz
1438,night_stand_0217,23,32,1,0,0.001079969806716881,0.0005990862846374512,1.5061232261359692e-09,3.5762786865234375e-07,0.6769443899393082,samples/001438_night_stand_0217.npz
1439,night_stand_0218,23,14,1,0,0.6129053263605987,0.15179577469825745,0.0002193500695284456,0.015608042478561401,0.7128602340817451,samples/001439_night_stand_0218.npz
1440,night_stand_0219,23,32,1,0,0.5769091850909899,0.1599997878074646,0.00020614486129488796,0.01758188009262085,0.7276454456150532,samples/001440_night_stand_0219.npz
1441,night_stand_0220,23,14,1,0,0.38798703669461965,0.15604928135871887,0.00011556065874174237,0.009090006351470947,0.665315568447113,samples/001441_night_stand_0220.npz
1442,night_stand_0221,23,14,1,0,0.0005397513540864007,0.00020691752433776855,-6.530171958729625e-10,1.1920928955078125e-07,0.7011402361094952,samples/001442_night_stand_0221.npz
1443,night_stand_0222,23,14,1,0,0.388018029371367,0.1568288803100586,9.252404561266303e-05,0.011193394660949707,0.6618682406842709,samples/001443_night_stand_0222.npz
1444,night_stand_0223,23,14,1,0,0.007804247965545879,0.004089951515197754,5.8586010709404945e-08,1.6689300537109375e-05,0.6595996096730232,samples/001444_night_stand_0223.npz
1445,night_stand_0224,23,16,1,0,0.4743299485853984,0.15999948978424072,0.00014606874901801348,0.01712322235107422,0.6661395840346813,samples/001445_night_stand_0224.npz
1446,night_stand_0225,23,33,1,0,0.7015182893242241,0.15999993681907654,0.00028198238578625023,0.030083179473876953,0.6499034464359283,samples/001446_night_stand_0225.npz
1447,night_stand_0226,23,14,1,0,0.3879905940653501,0.12593382596969604,9.130130638368428e-05,0.010659992694854736,0.6754378564655781,samples/001447_night_stand_0226.npz
1448,night_stand_0227,23,14,1,0,0.5621489383010589,0.14960896968841553,0.0002009801974054426,0.024418026208877563,0.7402880117297173,samples/001448_night_stand_0227.npz
1449,night_stand_0228,23,14,1,0,0.006290815673308843,0.005912601947784424,3.867899067699909e-08,3.4928321838378906e-05,0.7215251997113228,samples/001449_night_stand_0228.npz
1450,night_stand_0229,23,33,1,0,0.5561050448512612,0.15999960899353027,0.0002188247162848711,0.021267250180244446,0.7433873564004898,samples/001450_night_stand_0229.npz
1451,night_stand_0230,23,14,1,0,0.5454493809924231,0.15999972820281982,0.00017481358372606337,0.01740211248397827,0.7238126061856747,samples/001451_night_stand_0230.npz
1452,night_stand_0231,23,36,1,0,0.0016207730254516254,0.0008798390626907349,4.61841409560293e-09,9.5367431640625e-07,0.6725494377315044,samples/001452_night_stand_0231.npz
1453,night_stand_0232,23,33,1,0,1.1131735097048725,0.15999990701675415,0.0005991354119032621,0.038953572511672974,0.6903100945055485,samples/001453_night_stand_0232.npz
1454,night_stand_0233,23,16,1,0,0.0008884923063855022,0.0005072355270385742,1.57160684466362e-09,3.5762786865234375e-07,0.6833343468606472,samples/001454_night_stand_0233.npz
1455,night_stand_0234,23,16,1,0,0.490514204246858,0.15999960899353027,0.00017374368326272815,0.01695835590362549,0.6993384808301926,samples/001455_night_stand_0234.npz
1456,night_stand_0235,23,14,1,0,1.0451756392037892,0.1599999964237213,0.0006880820146761835,0.051440075039863586,0.7236601486802101,samples/001456_night_stand_0235.npz
1457,night_stand_0236,23,14,1,0,0.38807309575329096,0.11338090896606445,0.00011023177648894489,0.009378552436828613,0.7137049436569214,samples/001457_night_stand_0236.npz
1458,night_stand_0237,23,14,1,0,0.5450734778730064,0.1599999964237213,0.00017443278920836747,0.013673603534698486,0.7425697818398476,samples/001458_night_stand_0237.npz
1459,night_stand_0238,23,32,1,0,0.38798080041539995,0.13125815987586975,8.838983194436878e-05,0.009269535541534424,0.6956869214773178,samples/001459_night_stand_0238.npz
1460,night_stand_0239,23,16,1,0,0.5742076172041417,0.1600000262260437,0.00020840336219407618,0.030551880598068237,0.7435986995697021,samples/001460_night_stand_0239.npz
1461,night_stand_0240,23,14,1,0,0.9667577099814506,0.15999990701675415,0.0004922248772345483,0.02444191463291645,0.6734910719096661,samples/001461_night_stand_0240.npz
1462,night_stand_0241,23,14,1,0,0.6704317160277141,0.1599999964237213,0.00026356501621194184,0.01882779598236084,0.6731800511479378,samples/001462_night_stand_0241.npz
1463,night_stand_0242,23,33,1,0,0.659469167936531,0.15999996662139893,0.0002485948207322508,0.016500964760780334,0.6586199179291725,samples/001463_night_stand_0242.npz
1464,night_stand_0243,23,16,1,0,0.3879884625272906,0.12065598368644714,0.00010633867350406945,0.008901536464691162,0.6722785197198391,samples/001464_night_stand_0243.npz
1465,night_stand_0244,23,14,1,0,0.0029998171253605333,0.0016169548034667969,7.865310180932283e-09,3.933906555175781e-06,0.6887704208493233,samples/001465_night_stand_0244.npz
1466,night_stand_0245,23,14,1,0,0.6936157934437509,0.1599999964237213,0.000322861218592152,0.015137463808059692,0.6591204479336739,samples/001466_night_stand_0245.npz
1467,night_stand_0246,23,12,1,0,0.5513599075015144,0.1272682249546051,0.00020659895380958915,0.013543903827667236,0.6589927673339844,samples/001467_night_stand_0246.npz
1468,night_stand_0247,23,14,1,0,0.007817688188755003,0.0041345953941345215,5.727633833885193e-08,1.71661376953125e-05,0.6657176688313484,samples/001468_night_stand_0247.npz
1469,night_stand_0248,23,14,1,0,1.1509243645023333,0.1599999964237213,0.0006743026897311211,0.041122958064079285,0.6777563691139221,samples/001469_night_stand_0248.npz
1470,night_stand_0249,23,32,1,0,0.3880005026831271,0.12935206294059753,9.192027937388048e-05,0.006139576435089111,0.7128280997276306,samples/001470_night_stand_0249.npz
1471,night_stand_0250,23,33,1,0,0.3879949003125956,0.1146501898765564,0.00010103615204570815,0.012671560049057007,0.7585855647921562,samples/001471_night_stand_0250.npz
1472,night_stand_0251,23,14,1,0,0.9316943171162128,0.15999993681907654,0.0004741167067550123,0.028730690479278564,0.696763850748539,samples/001472_night_stand_0251.npz
1473,night_stand_0252,23,14,1,0,0.005746274436507428,0.0037032365798950195,3.553577698767185e-08,1.5079975128173828e-05,0.7039952427148819,samples/001473_night_stand_0252.npz
1474,night_stand_0253,23,14,1,0,0.7502326604459477,0.15999996662139893,0.0002877208753488958,0.0200234055519104,0.7151762545108795,samples/001474_night_stand_0253.npz
1475,night_stand_0254,23,16,1,0,0.38806307379265004,0.10398924350738525,0.00011793183512054384,0.00873565673828125,0.7151952683925629,samples/001475_night_stand_0254.npz
1476,night_stand_0255,23,14,1,0,0.8573858648919566,0.15710875391960144,0.00041491963202133775,0.023322999477386475,0.6728474572300911,samples/001476_night_stand_0255.npz
1477,night_stand_0256,23,14,1,0,0.38798444425815704,0.13771864771842957,0.00010035048762802035,0.0099639892578125,0.6560435332357883,samples/001477_night_stand_0256.npz
1478,night_stand_0257,23,14,1,0,0.3880522163765395,0.1560910940170288,0.00010548924910835922,0.00798952579498291,0.66186398640275,samples/001478_night_stand_0257.npz
1479,night_stand_0258,23,14,1,0,0.6984324909517023,0.15999996662139893,0.00026244507171213627,0.019489802420139313,0.6923759952187538,samples/001479_night_stand_0258.npz
1480,night_stand_0259,23,33,1,0,0.5828293378611829,0.15999996662139893,0.00017976645904127508,0.015780329704284668,0.661376666277647,samples/001480_night_stand_0259.npz
1481,night_stand_0260,23,14,1,0,0.8344120831767669,0.15999925136566162,0.0003738750237971544,0.014790385961532593,0.7020477317273617,samples/001481_night_stand_0260.npz
1482,night_stand_0261,23,14,1,0,0.6994858982636172,0.14732183516025543,0.00029269629158079624,0.0247802734375,0.7181163430213928,samples/001482_night_stand_0261.npz
1483,night_stand_0262,23,14,1,0,1.1387978250194357,0.1599999964237213,0.0006143312784843147,0.03415185213088989,0.7810325510799885,samples/001483_night_stand_0262.npz
1484,night_stand_0263,23,12,1,0,0.558527509056245,0.15999016165733337,0.00020199234131723642,0.01587057113647461,0.6983128748834133,samples/001484_night_stand_0263.npz
1485,night_stand_0264,23,33,1,0,0.5766438248507699,0.15999990701675415,0.0001650811464060098,0.017117679119110107,0.6672646440565586,samples/001485_night_stand_0264.npz
1486,night_stand_0265,23,14,1,0,0.7346487143925693,0.13704413175582886,0.00028909422690048814,0.019150912761688232,0.6505071111023426,samples/001486_night_stand_0265.npz
1487,night_stand_0266,23,16,1,0,0.5841525546921115,0.13112224638462067,0.00020923993724863976,0.01026579737663269,0.6713132672011852,samples/001487_night_stand_0266.npz
1488,night_stand_0267,23,14,1,0,0.8453861109330426,0.15999987721443176,0.0003368003526702523,0.033373016864061356,0.664049319922924,samples/001488_night_stand_0267.npz
1489,night_stand_0268,23,33,1,0,0.8805323499101445,0.15999990701675415,0.0003945566713809967,0.029882997274398804,0.6580091454088688,samples/001489_night_stand_0268.npz
1490,night_stand_0269,23,16,1,0,0.5567916865914632,0.1599999964237213,0.0001834818976931274,0.012489080429077148,0.6711794808506966,samples/001490_night_stand_0269.npz
1491,night_stand_0270,23,14,1,0,0.5664162404724896,0.14161068201065063,0.0002438977244310081,0.017978906631469727,0.6684045717120171,samples/001491_night_stand_0270.npz
1492,night_stand_0271,23,14,1,0,1.1123196916514366,0.15999990701675415,0.0007379833259619772,0.04041880741715431,0.6589835397899151,samples/001492_night_stand_0271.npz
1493,night_stand_0272,23,14,1,0,0.011212706773074942,0.002847731113433838,1.228763721883297e-07,8.225440979003906e-06,0.670445304363966,samples/001493_night_stand_0272.npz
1494,night_stand_0273,23,33,1,0,0.55625378066289,0.15999945998191833,0.00019665647414512932,0.018770813941955566,0.7150093540549278,samples/001494_night_stand_0273.npz
1495,night_stand_0274,23,14,1,0,0.005463424535969361,0.002938985824584961,2.962769940495491e-08,1.1861324310302734e-05,0.7154496610164642,samples/001495_night_stand_0274.npz
1496,night_stand_0275,23,14,1,0,0.6501903741155698,0.1385481059551239,0.0002591647789813578,0.009630322456359863,0.6654844395816326,samples/001496_night_stand_0275.npz
1497,night_stand_0276,23,14,1,0,0.5631558052405424,0.15999948978424072,0.00021195945737417787,0.01034247875213623,0.7006000019609928,samples/001497_night_stand_0276.npz
1498,night_stand_0277,23,14,1,0,0.004652915173491533,0.0033745169639587402,2.264278009533882e-08,1.2278556823730469e-05,0.7112996354699135,samples/001498_night_stand_0277.npz
1499,night_stand_0278,23,33,1,0,0.38798044035002854,0.10056662559509277,8.438216173090041e-05,0.0042333900928497314,0.7607882767915726,samples/001499_night_stand_0278.npz
1500,night_stand_0279,23,14,1,0,0.5526208592505424,0.15999871492385864,0.00017844571266323328,0.014844536781311035,0.7041590549051762,samples/001500_night_stand_0279.npz
1501,night_stand_0280,23,16,1,0,0.7543769908458415,0.1595948338508606,0.00036384089617058635,0.027179181575775146,0.6613645106554031,samples/001501_night_stand_0280.npz
1502,night_stand_0281,23,14,1,0,0.3879976943069826,0.14178919792175293,8.74891848070547e-05,0.007969647645950317,0.6609403789043427,samples/001502_night_stand_0281.npz
1503,night_stand_0282,23,33,1,0,0.000948666597496742,0.0005937814712524414,1.178705133497715e-09,4.76837158203125e-07,0.6426137164235115,samples/001503_night_stand_0282.npz
1504,night_stand_0283,23,33,1,0,0.003476912997930687,0.002891719341278076,9.669747669249773e-09,1.1086463928222656e-05,0.6556377932429314,samples/001504_night_stand_0283.npz
1505,night_stand_0284,23,14,1,0,0.7808266732570683,0.1599997878074646,0.00034329266054555774,0.030766531825065613,0.6589922234416008,samples/001505_night_stand_0284.npz
1506,night_stand_0285,23,16,1,0,0.005177187106632634,0.0031678080558776855,2.695014700293541e-08,1.0192394256591797e-05,0.6992540061473846,samples/001506_night_stand_0285.npz
1507,night_stand_0286,23,14,1,0,0.3802699296081223,0.1599997878074646,0.00010726168693508953,0.012629643082618713,0.6908893026411533,samples/001507_night_stand_0286.npz
1508,person_0089,24,32,1,0,0.5160868916761782,0.1599999964237213,0.0001253324735444039,0.017728716135025024,0.7039255313575268,samples/001508_person_0089.npz
1509,person_0090,24,37,1,0,0.0007158891733999505,0.0005971789360046387,1.2441887520253658e-09,3.5762786865234375e-07,0.7021818198263645,samples/001509_person_0090.npz
1510,person_0091,24,15,1,0,0.5525088102730009,0.15567535161972046,0.00012370161130093038,0.0069272518157958984,0.6995559744536877,samples/001510_person_0091.npz
1511,person_0092,24,11,1,0,0.462793436591513,0.13887691497802734,8.219213486881927e-05,0.02353304624557495,0.7032668851315975,samples/001511_person_0092.npz
1512,person_0093,24,13,1,0,0.3728502913983411,0.15999561548233032,6.515685527119786e-05,0.016033411026000977,0.7069720812141895,samples/001512_person_0093.npz
1513,person_0094,24,26,1,0,0.5808001754238813,0.15999993681907654,0.0001313364045927301,0.022867828607559204,0.64245830103755,samples/001513_person_0094.npz
1514,person_0095,24,9,1,0,0.666363108089301,0.15999996662139893,0.00019864036585204303,0.029769226908683777,0.6576795615255833,samples/001514_person_0095.npz
1515,person_0096,24,26,1,0,0.49969391841953104,0.14625924825668335,0.00013945465616416186,0.016144663095474243,0.658387515693903,samples/001515_person_0096.npz
1516,person_0097,24,19,1,0,0.558478863779356,0.1599997580051422,0.00012862641597166657,0.009079933166503906,0.6554071865975857,samples/001516_person_0097.npz
1517,person_0098,24,22,1,0,0.0008450404742234668,0.0005091726779937744,-6.943992048036307e-10,2.5331974029541016e-07,0.6508434489369392,samples/001517_person_0098.npz
1518,person_0099,24,26,1,0,0.3879787840450159,0.10845239460468292,6.780222611268982e-05,0.007258236408233643,0.6586441956460476,samples/001518_person_0099.npz
1519,person_0100,24,32,1,0,0.38797802070206455,0.1013205349445343,7.285641186172143e-05,0.012154996395111084,0.6558279283344746,samples/001519_person_0100.npz
1520,person_0101,24,26,1,0,0.36555764482665093,0.1599999964237213,5.1858703955076635e-05,0.014391746371984482,0.6551603227853775,samples/001520_person_0101.npz
1521,person_0102,24,26,1,0,0.5490092932182938,0.15999910235404968,0.0001474982127547264,0.025835484266281128,0.6752179898321629,samples/001521_person_0102.npz
1522,person_0103,24,37,1,0,0.5005283023370893,0.15235742926597595,0.00011784955131588504,0.013884946703910828,0.7495926283299923,samples/001522_person_0103.npz
1523,person_0104,24,26,1,0,0.0010704247989219361,0.0009621381759643555,9.761151886777952e-10,1.0728836059570312e-06,0.6848451569676399,samples/001523_person_0104.npz
1524,person_0105,24,11,1,0,0.3879818806095094,0.15724384784698486,6.824659067206085e-05,0.019797921180725098,0.649987131357193,samples/001524_person_0105.npz
1525,person_0106,24,31,1,0,0.4717227134272736,0.15999998152256012,0.00011511864431668073,0.030616395175457,0.716117586940527,samples/001525_person_0106.npz
1526,person_0107,24,26,1,0,0.0003886530769250835,0.00015306472778320312,2.027604750765022e-10,1.1920928955078125e-07,0.6840007491409779,samples/001526_person_0107.npz
1527,person_0108,24,26,1,0,0.7625078368956767,0.1599999964237213,0.00024639646289870143,0.03617966175079346,0.6988102532923222,samples/001527_person_0108.npz
1528,piano_0232,25,21,1,0,1.0232194420692438,0.1599999964237213,0.0005574599490500987,0.03709155321121216,0.7007135450839996,samples/001528_piano_0232.npz
1529,piano_0233,25,21,1,0,0.3880012947855439,0.09916216135025024,0.00011474365601316094,0.009758234024047852,0.6837133690714836,samples/001529_piano_0233.npz
1530,piano_0234,25,3,1,0,0.8536293687254778,0.15999993681907654,0.00038797437446191907,0.03993189334869385,0.6907560043036938,samples/001530_piano_0234.npz
1531,piano_0235,25,35,1,0,0.3880344176208058,0.11239302158355713,0.00011327411630190909,0.010034620761871338,0.6913897097110748,samples/001531_piano_0235.npz
1532,piano_0236,25,36,1,0,0.5968306767149251,0.15999996662139893,0.00020785933884326369,0.03045022487640381,0.6805655024945736,samples/001532_piano_0236.npz
1533,piano_0237,25,33,1,0,0.0003888938061684914,0.0001569986343383789,1.089574652723968e-09,2.384185791015625e-07,0.6911964006721973,samples/001533_piano_0237.npz
1534,piano_0238,25,27,1,0,0.8481939693398446,0.1600000262260437,0.00038699747528880835,0.025110900402069092,0.6662530601024628,samples/001534_piano_0238.npz
1535,piano_0239,25,23,1,0,0.3879862301606875,0.1393335461616516,0.00010063698573503643,0.01146814227104187,0.6610988639295101,samples/001535_piano_0239.npz
1536,piano_0240,25,21,1,0,0.5434093197343131,0.15999962389469147,0.00017559100524522364,0.02666550874710083,0.6648294180631638,samples/001536_piano_0240.npz
1537,piano_0241,25,3,1,0,0.8863643828802367,0.1599999964237213,0.00044530845480039716,0.043887317180633545,0.6909441016614437,samples/001537_piano_0241.npz
1538,piano_0242,25,3,1,0,0.855682476988832,0.15999996662139893,0.000376581127056852,0.02982538938522339,0.6901132315397263,samples/001538_piano_0242.npz
1539,piano_0243,25,24,1,0,0.5550920931664616,0.1599993109703064,0.00018934303079731762,0.036517202854156494,0.7319224588572979,samples/001539_piano_0243.npz
1540,piano_0244,25,30,1,0,0.38797839517237925,0.1577906608581543,8.572472870582715e-05,0.017047643661499023,0.7816577181220055,samples/001540_piano_0244.npz
1541,piano_0245,25,21,1,0,0.007126257418405244,0.002071976661682129,4.796356734004803e-08,5.364418029785156e-06,0.7832332327961922,samples/001541_piano_0245.npz
1542,piano_0246,25,3,1,0,0.7176165662342016,0.15999996662139893,0.00025857548462226987,0.03531545400619507,0.7477322407066822,samples/001542_piano_0246.npz
1543,piano_0247,25,22,1,0,0.6553427351169332,0.15999995172023773,0.00028893357375636697,0.03411799669265747,0.7224752269685268,samples/001543_piano_0247.npz
1544,piano_0248,25,3,1,0,0.38806506092610726,0.154119074344635,9.09134978428483e-05,0.01680511236190796,0.6725147664546967,samples/001544_piano_0248.npz
1545,piano_0249,25,35,1,0,0.38794502268706876,0.15100765228271484,7.258335972437635e-05,0.013980209827423096,0.6639751307666302,samples/001545_piano_0249.npz
1546,piano_0250,25,8,1,0,0.540237638583638,0.15999993681907654,0.00021490214567165822,0.07446646690368652,0.6574849411845207,samples/001546_piano_0250.npz
1547,piano_0251,25,4,1,0,0.5750150997314641,0.15999993681907654,0.0002467050217092037,0.039101600646972656,0.7108371593058109,samples/001547_piano_0251.npz
1548,piano_0252,25,8,1,0,0.7485375450977048,0.159999817609787,0.00033773283939808607,0.03829312324523926,0.7064470425248146,samples/001548_piano_0252.npz
1549,piano_0253,25,24,1,0,1.0491886904366547,0.1600000262260437,0.0005259827012196183,0.04456812143325806,0.6532754339277744,samples/001549_piano_0253.npz
1550,piano_0254,25,0,1,0,0.6643808275076654,0.15999996662139893,0.00020215008407831192,0.019646212458610535,0.6853512190282345,samples/001550_piano_0254.npz
1551,piano_0255,25,3,1,0,0.7206848576409359,0.15999996662139893,0.00028713064966723323,0.03342241048812866,0.6699965558946133,samples/001551_piano_0255.npz
1552,piano_0256,25,27,1,0,0.7826373846667131,0.15999984741210938,0.00033500714926049113,0.015654265880584717,0.7145137339830399,samples/001552_piano_0256.npz
1553,piano_0257,25,12,1,0,0.6386903532662339,0.1599999964237213,0.0002337582118343562,0.016946867108345032,0.7224163264036179,samples/001553_piano_0257.npz
1554,piano_0258,25,0,1,0,1.3805524169230372,0.1600000262260437,0.0009155254228971899,0.06465405225753784,0.7280076965689659,samples/001554_piano_0258.npz
1555,piano_0259,25,22,1,0,0.6754448113842171,0.1599999964237213,0.0002801365917548537,0.031193986535072327,0.7669479995965958,samples/001555_piano_0259.npz
1556,piano_0260,25,3,1,0,0.8273044965904013,0.1600000262260437,0.0003259393270127475,0.04608595371246338,0.7050845846533775,samples/001556_piano_0260.npz
1557,piano_0261,25,39,1,0,0.3880125856696411,0.10745060443878174,0.00010120670776814222,0.014593839645385742,0.7016141712665558,samples/001557_piano_0261.npz
1558,piano_0262,25,3,1,0,0.5521216416713461,0.12994003295898438,0.00019655597861856222,0.024922311305999756,0.7679292112588882,samples/001558_piano_0262.npz
1559,piano_0263,25,3,1,0,0.8308595816069912,0.15999996662139893,0.0003345527802594006,0.03133517503738403,0.7190581783652306,samples/001559_piano_0263.npz
1560,piano_0264,25,22,1,0,0.5269391733164932,0.1445934772491455,0.0002120757126249373,0.024263888597488403,0.701927937567234,samples/001560_piano_0264.npz
1561,piano_0265,25,36,1,0,0.5083469292966951,0.14873933792114258,0.00015910113870631903,0.015003979206085205,0.7656386569142342,samples/001561_piano_0265.npz
1562,piano_0266,25,3,1,0,0.9222141062441308,0.15999990701675415,0.0005049322498962283,0.034258902072906494,0.7695256434381008,samples/001562_piano_0266.npz
1563,piano_0267,25,29,1,0,0.38798821768770964,0.1523081660270691,0.00011200257722521201,0.017060011625289917,0.6739935614168644,samples/001563_piano_0267.npz
1564,piano_0268,25,12,1,0,0.45861359087055203,0.15999993681907654,0.0001236650423379615,0.02111956477165222,0.7115400806069374,samples/001564_piano_0268.npz
1565,piano_0269,25,4,1,0,0.3880503299775138,0.12185490131378174,0.00012092804536223412,0.014770299196243286,0.708851795643568,samples/001565_piano_0269.npz
1566,piano_0270,25,8,1,0,0.82133689677568,0.1600000262260437,0.00035170873161405325,0.04118669033050537,0.6928630694746971,samples/001566_piano_0270.npz
1567,piano_0271,25,8,1,0,1.2636499181900538,0.1599999964237213,0.0007069961866363883,0.056344084441661835,0.6856626905500889,samples/001567_piano_0271.npz
1568,piano_0272,25,9,1,0,0.00019901433260621038,0.00011643767356872559,1.4947545423638076e-09,2.384185791015625e-07,0.6879461966454983,samples/001568_piano_0272.npz
1569,piano_0273,25,15,1,0,1.1677963997228924,0.1599999964237213,0.0007059312774799764,0.028001531958580017,0.7083936668932438,samples/001569_piano_0273.npz
1570,piano_0274,25,12,1,0,0.6624908361161027,0.1599999964237213,0.00027636755839921534,0.03477591276168823,0.6993366666138172,samples/001570_piano_0274.npz
1571,piano_0275,25,3,1,0,0.6784216174951024,0.15999996662139893,0.0002771939034573734,0.027143478393554688,0.6879289783537388,samples/001571_piano_0275.npz
1572,piano_0276,25,38,1,0,0.8897937609904609,0.15999998152256012,0.0004053503507748246,0.019023537635803223,0.702359028160572,samples/001572_piano_0276.npz
1573,piano_0277,25,3,1,0,0.9499079239294,0.1600000113248825,0.0005219553713686764,0.043855369091033936,0.74348583817482,samples/001573_piano_0277.npz
1574,piano_0278,25,34,1,0,0.5783168564589795,0.1599999964237213,0.0001723945897538215,0.0189933180809021,0.6742514967918396,samples/001574_piano_0278.npz
1575,piano_0279,25,0,1,0,0.8518555775539228,0.1600000262260437,0.0004313347744755447,0.03632897138595581,0.6895488016307354,samples/001575_piano_0279.npz
1576,piano_0280,25,28,1,0,1.190258974597943,0.15999998152256012,0.0007409956306219101,0.048341333866119385,0.7445287629961967,samples/001576_piano_0280.npz
1577,piano_0281,25,21,1,0,0.545154706373842,0.1473841369152069,0.00015799204993527383,0.022322356700897217,0.7148692011833191,samples/001577_piano_0281.npz
1578,piano_0282,25,38,1,0,0.5231646994085087,0.15999986231327057,0.00017993513029068708,0.0206984281539917,0.7160884998738766,samples/001578_piano_0282.npz
1579,piano_0283,25,38,1,0,0.3879863453799233,0.09525588154792786,0.0001197279489133507,0.009147167205810547,0.7226045168936253,samples/001579_piano_0283.npz
1580,piano_0284,25,0,1,0,0.7494474103843551,0.15999948978424072,0.0002516091917641461,0.02215513586997986,0.6960922069847584,samples/001580_piano_0284.npz
1581,piano_0285,25,4,1,0,0.5327687642669846,0.15999984741210938,0.00021456606918945909,0.02668583393096924,0.7156899832189083,samples/001581_piano_0285.npz
1582,piano_0286,25,12,1,0,0.6054983624015638,0.1600000262260437,0.00024718540953472257,0.01890331506729126,0.6738698072731495,samples/001582_piano_0286.npz
1583,piano_0287,25,21,1,0,0.010054271853667055,0.004708468914031982,1.0063013178296387e-07,2.8133392333984375e-05,0.708788089454174,samples/001583_piano_0287.npz
1584,piano_0288,25,4,1,0,0.5619060241315195,0.1600000262260437,0.00018768914742395282,0.016684263944625854,0.7375517040491104,samples/001584_piano_0288.npz
1585,piano_0289,25,22,1,0,0.6847144395550593,0.15999996662139893,0.00026974978391081095,0.017555683851242065,0.6846800409257412,samples/001585_piano_0289.npz
1586,piano_0290,25,28,1,0,0.38798621575828063,0.14710462093353271,9.810773917706683e-05,0.01396244764328003,0.71401422098279,samples/001586_piano_0290.npz
1587,piano_0291,25,27,1,0,0.6803095700363406,0.15815329551696777,0.000314739445457235,0.026118099689483643,0.6993529945611954,samples/001587_piano_0291.npz
1588,piano_0292,25,8,1,0,0.3880237610170998,0.12692677974700928,0.00010740614379756153,0.007997870445251465,0.7201668359339237,samples/001588_piano_0292.npz
1589,piano_0293,25,4,1,0,0.588518466464057,0.15999943017959595,0.00022439201711677015,0.018430039286613464,0.7223952263593674,samples/001589_piano_0293.npz
1590,piano_0294,25,22,1,0,0.3879811028700538,0.13199147582054138,8.70737130753696e-05,0.01137232780456543,0.6741605848073959,samples/001590_piano_0294.npz
1591,piano_0295,25,22,1,0,0.6745520310584044,0.15999993681907654,0.0002744728699326515,0.01911073923110962,0.7437516152858734,samples/001591_piano_0295.npz
1592,piano_0296,25,33,1,0,0.00029411318418406685,0.00013458728790283203,-9.968061931431293e-10,1.1920928955078125e-07,0.6788228936493397,samples/001592_piano_0296.npz
1593,piano_0297,25,27,1,0,0.5078785706600413,0.13023479282855988,0.00016492480062879622,0.013496354222297668,0.6780035980045795,samples/001593_piano_0297.npz
1594,piano_0298,25,20,1,0,0.011574178907968028,0.003002941608428955,1.3028693501837552e-07,1.0251998901367188e-05,0.6912744306027889,samples/001594_piano_0298.npz
1595,piano_0299,25,22,1,0,0.7824219591785372,0.1599999964237213,0.00038042315281927586,0.02895963191986084,0.7139526233077049,samples/001595_piano_0299.npz
1596,piano_0300,25,3,1,0,1.0524911688028646,0.1599999964237213,0.0004973829491063952,0.04461061954498291,0.7033695392310619,samples/001596_piano_0300.npz
1597,piano_0301,25,27,1,0,0.6866202469311743,0.143163800239563,0.0002592850651126355,0.02043333649635315,0.6947483606636524,samples/001597_piano_0301.npz
1598,piano_0302,25,16,1,0,0.9713535547467607,0.1600000113248825,0.00045835415949113667,0.03884994983673096,0.6821651086211205,samples/001598_piano_0302.npz
1599,piano_0303,25,34,1,0,0.5549076006306244,0.15999957919120789,0.000187811441719532,0.0311967134475708,0.669559184461832,samples/001599_piano_0303.npz
1600,piano_0304,25,38,1,0,0.5373359895696529,0.1599993109703064,0.00020274388953112066,0.024484217166900635,0.6665909849107265,samples/001600_piano_0304.npz
1601,piano_0305,25,3,1,0,0.675404868298399,0.1599999964237213,0.00027705583488568664,0.03645619750022888,0.6605911068618298,samples/001601_piano_0305.npz
1602,piano_0306,25,3,1,0,0.5322191780347986,0.15999998152256012,0.00014973976067267358,0.02766871452331543,0.65261510014534,samples/001602_piano_0306.npz
1603,piano_0307,25,34,1,0,0.5349277857925644,0.15999984741210938,0.00019182555843144655,0.024311155080795288,0.6515983566641808,samples/001603_piano_0307.npz
1604,piano_0308,25,39,1,0,0.3697908669001926,0.1599995493888855,9.483013855060562e-05,0.006464838981628418,0.65231753885746,samples/001604_piano_0308.npz
1605,piano_0309,25,34,1,0,0.00016038569119717095,9.265542030334473e-05,1.6589183360338211e-09,1.1920928955078125e-07,0.658150851726532,samples/001605_piano_0309.npz
1606,piano_0310,25,35,1,0,0.847648646940246,0.1600000262260437,0.00041372765554115176,0.038929641246795654,0.737263236194849,samples/001606_piano_0310.npz
1607,piano_0311,25,3,1,0,0.9225394069194333,0.1599999964237213,0.00043360708514228463,0.030961990356445312,0.705184031277895,samples/001607_piano_0311.npz
1608,piano_0312,25,3,1,0,0.9412656022104748,0.1600000262260437,0.0005113697843626142,0.04394298791885376,0.7076684050261974,samples/001608_piano_0312.npz
1609,piano_0313,25,8,1,0,0.006192415898681088,0.0030376017093658447,3.873174136970192e-08,9.47713851928711e-06,0.7224375754594803,samples/001609_piano_0313.npz
1610,piano_0314,25,22,1,0,0.6190680091223798,0.15999974310398102,0.00023548852186650038,0.028408676385879517,0.6660323515534401,samples/001610_piano_0314.npz
1611,piano_0315,25,12,1,0,0.38797953298381044,0.1294805258512497,0.00010435889998916537,0.010578572750091553,0.6609922125935555,samples/001611_piano_0315.npz
1612,piano_0316,25,12,1,0,0.8209679573458637,0.15999984741210938,0.00034261407563462853,0.03609788417816162,0.6812034659087658,samples/001612_piano_0316.npz
1613,piano_0317,25,3,1,0,0.9658919289538148,0.1599999964237213,0.0005167287308722734,0.03778618574142456,0.6551959440112114,samples/001613_piano_0317.npz
1614,piano_0318,25,4,1,0,0.5641575669778441,0.13737595081329346,0.0001965336559806019,0.009894907474517822,0.6609557569026947,samples/001614_piano_0318.npz
1615,piano_0319,25,33,1,0,0.0025684151325710758,0.002517104148864746,7.875314622651786e-09,6.377696990966797e-06,0.6531166173517704,samples/001615_piano_0319.npz
1616,piano_0320,25,3,1,0,0.8310523924028238,0.1599999964237213,0.0003370280610397458,0.03954595327377319,0.6524575427174568,samples/001616_piano_0320.npz
1617,piano_0321,25,4,1,0,0.7001494388636371,0.15999984741210938,0.00030203419737517834,0.03018277883529663,0.6607781052589417,samples/001617_piano_0321.npz
1618,piano_0322,25,12,1,0,0.3854867789788175,0.15999993681907654,6.266574200708419e-05,0.0039144158363342285,0.6542904302477837,samples/001618_piano_0322.npz
1619,piano_0323,25,2,1,0,0.3879489261342051,0.15999940037727356,8.270181569969282e-05,0.012681365013122559,0.6490962468087673,samples/001619_piano_0323.npz
1620,piano_0324,25,27,1,0,0.5624758596008581,0.1599997580051422,0.00020231337111908942,0.018531322479248047,0.6584627851843834,samples/001620_piano_0324.npz
1621,piano_0325,25,4,1,0,0.8071231461058073,0.15999996662139893,0.0003247491258662194,0.01932135969400406,0.6548575311899185,samples/001621_piano_0325.npz
1622,piano_0326,25,36,1,0,0.38797626356729914,0.15018749237060547,0.00010959076462313533,0.015400171279907227,0.6491155587136745,samples/001622_piano_0326.npz
1623,piano_0327,25,36,1,0,0.8440946034212513,0.15999995172023773,0.0003916602290701121,0.029587149620056152,0.6698629222810268,samples/001623_piano_0327.npz
1624,piano_0328,25,21,1,0,0.38800970537328244,0.08690512180328369,0.00010347396892029792,0.007186174392700195,0.6596331559121609,samples/001624_piano_0328.npz
1625,piano_0329,25,21,1,0,0.7232274452909474,0.15999989211559296,0.00029783762875013053,0.03389084339141846,0.6791933365166187,samples/001625_piano_0329.npz
1626,piano_0330,25,38,1,0,0.55751877833289,0.15999993681907654,0.0002055000513792038,0.018229156732559204,0.6908688098192215,samples/001626_piano_0330.npz
1627,piano_0331,25,8,1,0,0.8604244500070648,0.15999996662139893,0.0004000332555733621,0.042169928550720215,0.6974224522709846,samples/001627_piano_0331.npz
1628,plant_0241,26,15,1,0,0.8706207873098047,0.15999996662139893,0.0004025698872283101,0.03991729021072388,0.6782271973788738,samples/001628_plant_0241.npz
1629,plant_0242,26,15,1,0,0.3879791297092545,0.136846125125885,0.00010397944424767047,0.014526009559631348,0.6660814583301544,samples/001629_plant_0242.npz
1630,plant_0243,26,24,1,0,0.8111254270361112,0.15999996662139893,0.0002980343415401876,0.03809792175889015,0.6986952796578407,samples/001630_plant_0243.npz
1631,plant_0244,26,15,1,0,0.6007317156765444,0.1591821312904358,0.0002813747269101441,0.022716939449310303,0.6552528217434883,samples/001631_plant_0244.npz
1632,plant_0245,26,31,1,0,0.0004665113557875058,0.000295788049697876,-2.0190782379359007e-10,2.384185791015625e-07,0.6680180318653584,samples/001632_plant_0245.npz
1633,plant_0246,26,15,1,0,0.0006745440874376344,0.0004161447286605835,7.821654435247183e-10,3.2782554626464844e-07,0.6547143906354904,samples/001633_plant_0246.npz
1634,plant_0247,26,15,1,0,0.5691793956131449,0.158710315823555,0.000178892893018201,0.019314885139465332,0.6505533754825592,samples/001634_plant_0247.npz
1635,plant_0248,26,15,1,0,0.5798778766281966,0.15999996662139893,0.00016190180031117052,0.02235966920852661,0.649603359401226,samples/001635_plant_0248.npz
1636,plant_0249,26,15,1,0,0.6939599995195612,0.1599999964237213,0.00032973376801237464,0.031033694744110107,0.6627216897904873,samples/001636_plant_0249.npz
1637,plant_0250,26,24,1,0,0.38796742016168395,0.1270671784877777,5.270170368021354e-05,0.004827618598937988,0.6610383540391922,samples/001637_plant_0250.npz
1638,plant_0251,26,15,1,0,0.3882347649009529,0.14892208576202393,9.198023326462135e-05,0.015174299478530884,0.6991743296384811,samples/001638_plant_0251.npz
1639,plant_0252,26,18,1,0,4.6108103881873806e-05,5.900859832763672e-06,2.4590462999185547e-10,1.1920928955078125e-07,0.6860800869762897,samples/001639_plant_0252.npz
1640,plant_0253,26,34,1,0,0.3879804691552705,0.12032431364059448,0.00011336874013068154,0.00823432207107544,0.6881864406168461,samples/001640_plant_0253.npz
1641,plant_0254,26,15,1,0,0.38117060049492485,0.15999948978424072,7.799963350407779e-05,0.017246723175048828,0.6926987059414387,samples/001641_plant_0254.npz
1642,plant_0255,26,15,1,0,0.3879790288905501,0.11043885350227356,8.814710599835962e-05,0.007513269782066345,0.680354006588459,samples/001642_plant_0255.npz
1643,plant_0256,26,37,1,0,0.0014767961842061925,0.0014057457447052002,5.293259164318442e-10,2.1457672119140625e-06,0.6612008586525917,samples/001643_plant_0256.npz
1644,plant_0257,26,0,1,0,0.3879869214755891,0.147158682346344,7.662632560823113e-05,0.020960770547389984,0.7100637592375278,samples/001644_plant_0257.npz
1645,plant_0258,26,15,1,0,0.00022823340375770551,0.00020766258239746094,8.185452315956354e-12,1.1920928955078125e-07,0.6554951667785645,samples/001645_plant_0258.npz
1646,plant_0259,26,15,1,0,0.00383291252693187,0.0019857287406921387,1.3561589184973855e-08,1.1086463928222656e-05,0.6528484374284744,samples/001646_plant_0259.npz
1647,plant_0260,26,15,1,0,0.0010598448962234896,0.0006118714809417725,3.6061464925296605e-09,4.172325134277344e-07,0.6444298103451729,samples/001647_plant_0260.npz
1648,plant_0261,26,37,1,0,0.0015202441147097868,0.0015127062797546387,1.7316779121756554e-09,2.294778823852539e-06,0.6565371379256248,samples/001648_plant_0261.npz
1649,plant_0262,26,29,1,0,0.5996321384942587,0.1600000262260437,0.00017272293916903436,0.02567577362060547,0.6629064679145813,samples/001649_plant_0262.npz
1650,plant_0263,26,24,1,0,0.5562741930661694,0.1599999964237213,0.00015587103553116322,0.01680654287338257,0.6603388302028179,samples/001650_plant_0263.npz
1651,plant_0264,26,15,1,0,2.5397973333360007e-05,8.404254913330078e-06,-7.839844329282641e-10,1.1920928955078125e-07,0.7143667377531528,samples/001651_plant_0264.npz
1652,plant_0265,26,11,1,0,0.3629784706643424,0.1593114137649536,4.821400943910703e-05,0.01911988854408264,0.6576680690050125,samples/001652_plant_0265.npz
1653,plant_0266,26,15,1,0,0.3610517475834318,0.15999943017959595,9.484478505328298e-05,0.019397258758544922,0.6534577161073685,samples/001653_plant_0266.npz
1654,plant_0267,26,4,1,0,0.006515669946182644,0.006350576877593994,4.0431586967315525e-08,4.112720489501953e-05,0.7107430025935173,samples/001654_plant_0267.npz
1655,plant_0268,26,15,1,0,0.0003050853771828957,0.0002479851245880127,1.623448042664677e-09,1.1920928955078125e-07,0.740246344357729,samples/001655_plant_0268.npz
1656,plant_0269,26,15,1,0,0.34236324252197425,0.15999987721443176,5.4961361456662416e-05,0.0063755810260772705,0.7075190655887127,samples/001656_plant_0269.npz
1657,plant_0270,26,31,1,0,0.0004469525976830866,0.00024574995040893555,-5.943547876086086e-10,1.1920928955078125e-07,0.7405223324894905,samples/001657_plant_0270.npz
1658,plant_0271,26,15,1,0,0.5964580567555037,0.15999847650527954,0.0002136758848791942,0.02155280113220215,0.7253044322133064,samples/001658_plant_0271.npz
1659,plant_0272,26,15,1,0,0.0010118986011942593,0.0007908940315246582,-1.7621459846850485e-09,6.556510925292969e-07,0.7860324122011662,samples/001659_plant_0272.npz
1660,plant_0273,26,15,1,0,0.5800248709229682,0.15999990701675415,0.00018799351528286934,0.024559617042541504,0.7090344093739986,samples/001660_plant_0273.npz
1661,plant_0274,26,15,1,0,0.5448915821802449,0.15999937057495117,0.00016472548304591328,0.024021267890930176,0.7104828245937824,samples/001661_plant_0274.npz
1662,plant_0275,26,15,1,0,0.6165197478261731,0.1599999964237213,0.00022121384972706437,0.02608552575111389,0.7133997231721878,samples/001662_plant_0275.npz
1663,plant_0276,26,24,1,0,0.3838975476406971,0.15942096710205078,5.5358897952828556e-05,0.015694916248321533,0.7158520184457302,samples/001663_plant_0276.npz
1664,plant_0277,26,31,1,0,0.3879790576958969,0.12466287612915039,8.816018817014992e-05,0.010700821876525879,0.7099401913583279,samples/001664_plant_0277.npz
1665,plant_0278,26,25,1,0,2.3235532403345288e-05,5.662441253662109e-06,2.9831426218152046e-10,1.1920928955078125e-07,0.7216155603528023,samples/001665_plant_0278.npz
1666,plant_0279,26,15,1,0,0.5310363971216292,0.1599999964237213,0.0001684628368820995,0.017436504364013672,0.7110973484814167,samples/001666_plant_0279.npz
1667,plant_0280,26,15,1,0,0.3879800082711417,0.1452845335006714,0.00011894210911123082,0.015171080827713013,0.7159543707966805,samples/001667_plant_0280.npz
1668,plant_0281,26,19,1,0,0.0007656602754169816,0.000681757926940918,-1.0129497240995988e-09,4.76837158203125e-07,0.7218932919204235,samples/001668_plant_0281.npz
1669,plant_0282,26,15,1,0,0.3879816789735039,0.10044144093990326,0.00010886877134907991,0.01037067174911499,0.741498414427042,samples/001669_plant_0282.npz
1670,plant_0283,26,15,1,0,0.49073575130469693,0.15999966859817505,0.00010352314711781219,0.021805763244628906,0.7135689556598663,samples/001670_plant_0283.npz
1671,plant_0284,26,15,1,0,0.38797770384228514,0.147670716047287,7.606821600347757e-05,0.01191645860671997,0.7285184003412724,samples/001671_plant_0284.npz
1672,plant_0285,26,15,1,0,0.0003925121452010788,0.00027811527252197266,-7.626113074366003e-10,1.1920928955078125e-07,0.7383988350629807,samples/001672_plant_0285.npz
1673,plant_0286,26,9,1,0,0.0016062429896320871,0.0014970898628234863,2.0756942831212655e-09,2.384185791015625e-06,0.762625589966774,samples/001673_plant_0286.npz
1674,plant_0287,26,15,1,0,0.00030908859674179514,0.0002638101577758789,-4.18367562815547e-10,1.1920928955078125e-07,0.7274964898824692,samples/001674_plant_0287.npz
1675,plant_0288,26,15,1,0,0.5995395383642194,0.1600000262260437,0.00017102975107263774,0.027452409267425537,0.7095543444156647,samples/001675_plant_0288.npz
1676,plant_0289,26,15,1,0,0.38798044035002854,0.15137851238250732,0.00010810238018166274,0.016200125217437744,0.6642389707267284,samples/001676_plant_0289.npz
1677,plant_0290,26,15,1,0,0.0015619710946111055,0.0014884769916534424,2.0561401470331475e-09,2.205371856689453e-06,0.6472041569650173,samples/001677_plant_0290.npz
1678,plant_0291,26,19,1,0,0.0011121172180351398,0.0008168816566467285,6.739355740137398e-10,1.0132789611816406e-06,0.6524553708732128,samples/001678_plant_0291.npz
1679,plant_0292,26,15,1,0,0.3879830328132446,0.12435881793498993,9.132336708717048e-05,0.009146153926849365,0.6511499769985676,samples/001679_plant_0292.npz
1680,plant_0293,26,15,1,0,0.3879781359237383,0.13007858395576477,0.00010059698252007365,0.010952532291412354,0.6517872028052807,samples/001680_plant_0293.npz
1681,plant_0294,26,34,1,0,0.3879841562085919,0.13839946687221527,7.66213343013078e-05,0.014896184206008911,0.65183986723423,samples/001681_plant_0294.npz
1682,plant_0295,26,15,1,0,0.387973584641604,0.13990020751953125,8.63676832523197e-05,0.008194902911782265,0.654287651181221,samples/001682_plant_0295.npz
1683,plant_0296,26,15,1,0,0.38797309494350946,0.13179868459701538,0.00010644253779901192,0.007276624441146851,0.6550549268722534,samples/001683_plant_0296.npz
1684,plant_0297,26,15,1,0,0.5657666442616652,0.1599999964237213,0.0002216655993834138,0.028471052646636963,0.6592859365046024,samples/001684_plant_0297.npz
1685,plant_0298,26,15,1,0,0.36220512667330307,0.1599999964237213,8.005103882169351e-05,0.029576927423477173,0.6572814099490643,samples/001685_plant_0298.npz
1686,plant_0299,26,15,1,0,0.38797735817677614,0.13475149869918823,0.00011739655019482598,0.017290353775024414,0.660101130604744,samples/001686_plant_0299.npz
1687,plant_0300,26,15,1,0,0.0002136821153266915,0.00018543004989624023,-5.215952114667743e-10,1.1920928955078125e-07,0.6451165154576302,samples/001687_plant_0300.npz
1688,plant_0301,26,15,1,0,0.35835430590759915,0.1600000113248825,7.15937785571441e-05,0.01944980025291443,0.6553010120987892,samples/001688_plant_0301.npz
1689,plant_0302,26,15,1,0,0.5414248409629807,0.159999817609787,0.00014265232312027365,0.01782166212797165,0.6505799368023872,samples/001689_plant_0302.npz
1690,plant_0303,26,15,1,0,0.5923396916452948,0.1599997580051422,0.00026229731156490743,0.016658544540405273,0.6896991468966007,samples/001690_plant_0303.npz
1691,plant_0304,26,15,1,0,0.5731553916922646,0.1600000262260437,0.00023681244056206197,0.028386414051055908,0.7018411755561829,samples/001691_plant_0304.npz
1692,plant_0305,26,15,1,0,0.5786033146639652,0.15999993681907654,0.00020171138748992234,0.03344212472438812,0.7046711556613445,samples/001692_plant_0305.npz
1693,plant_0306,26,15,1,0,0.3879793169439219,0.14193415641784668,0.00010916233441093937,0.015186488628387451,0.701945286244154,samples/001693_plant_0306.npz
1694,plant_0307,26,15,1,0,0.5723465937075941,0.15999990701675415,0.00019086117390543222,0.033252716064453125,0.6984416916966438,samples/001694_plant_0307.npz
1695,plant_0308,26,15,1,0,0.8735870124176358,0.15999996662139893,0.00028699301765300333,0.03586477041244507,0.6493043899536133,samples/001695_plant_0308.npz
1696,plant_0309,26,15,1,0,0.3879764796088879,0.13316458463668823,0.00011826438276330009,0.015456676483154297,0.643081221729517,samples/001696_plant_0309.npz
1697,plant_0310,26,15,1,0,4.598585198635821e-05,3.5136938095092773e-05,6.184563972055912e-11,1.1920928955078125e-07,0.6487238481640816,samples/001697_plant_0310.npz
1698,plant_0311,26,15,1,0,0.38797959059442705,0.12205640971660614,0.00011736392480088398,0.011980652809143066,0.6641441583633423,samples/001698_plant_0311.npz
1699,plant_0312,26,15,1,0,0.6184750899908901,0.15999990701675415,0.0002157274284400046,0.03354084491729736,0.6927622407674789,samples/001699_plant_0312.npz
1700,plant_0313,26,15,1,0,0.5870936621963713,0.15999996662139893,0.00017461483366787434,0.03860419988632202,0.6767034195363522,samples/001700_plant_0313.npz
1701,plant_0314,26,15,1,0,0.3879809012336441,0.14376352727413177,9.774795034900308e-05,0.014270186424255371,0.6635554023087025,samples/001701_plant_0314.npz
1702,plant_0315,26,15,1,0,0.387979777828872,0.11437439918518066,0.00011460803216323256,0.010312318801879883,0.6851767264306545,samples/001702_plant_0315.npz
1703,plant_0316,26,24,1,0,0.5813843056654356,0.1599999964237213,0.00014000729424878955,0.027445271611213684,0.647763516753912,samples/001703_plant_0316.npz
1704,plant_0317,26,15,1,0,0.00012003073755220436,6.0170888900756836e-05,-2.202796167694032e-09,2.384185791015625e-07,0.6493110544979572,samples/001704_plant_0317.npz
1705,plant_0318,26,15,1,0,0.003733070009249056,0.002105206251144409,1.2881628208560869e-08,4.425644874572754e-06,0.6582026593387127,samples/001705_plant_0318.npz
1706,plant_0319,26,15,1,0,0.5594591759369255,0.1599999964237213,0.00020572009088937193,0.01699995994567871,0.6715575903654099,samples/001706_plant_0319.npz
1707,plant_0320,26,15,1,0,0.5763739215453563,0.14088603854179382,0.00023717874137219042,0.015563547611236572,0.6774209327995777,samples/001707_plant_0320.npz
1708,plant_0321,26,15,1,0,0.0023315616848454054,0.0017504692077636719,5.5854343372629955e-09,3.2186508178710938e-06,0.6582665555179119,samples/001708_plant_0321.npz
1709,plant_0322,26,24,1,0,0.3879804691552705,0.13260096311569214,5.4027052101446316e-05,0.008367478847503662,0.651561189442873,samples/001709_plant_0322.npz
1710,plant_0323,26,15,1,0,0.8326581017403281,0.1599999964237213,0.00033871488994918764,0.038583993911743164,0.6506022438406944,samples/001710_plant_0323.npz
1711,plant_0324,26,37,1,0,0.0008195391998047165,0.0008025467395782471,1.1024212653865106e-09,6.556510925292969e-07,0.6581847630441189,samples/001711_plant_0324.npz
1712,plant_0325,26,15,1,0,0.00015781943843838853,8.726119995117188e-05,1.0319354259991087e-09,1.1920928955078125e-07,0.6561144441366196,samples/001712_plant_0325.npz
1713,plant_0326,26,15,1,0,0.38444381656087073,0.15999925136566162,8.448719745501876e-05,0.011227995157241821,0.654396440833807,samples/001713_plant_0326.npz
1714,plant_0327,26,15,1,0,0.3879799794658655,0.14984765648841858,7.066609396133572e-05,0.015600442886352539,0.6524786576628685,samples/001714_plant_0327.npz
1715,plant_0328,26,15,1,0,0.5593849194568866,0.1354435682296753,0.00015931410598568618,0.01070016622543335,0.661765806376934,samples/001715_plant_0328.npz
1716,plant_0329,26,15,1,0,0.37806366608254294,0.15999974310398102,9.185797534883022e-05,0.014556050300598145,0.6523196361958981,samples/001716_plant_0329.npz
1717,plant_0330,26,15,1,0,0.5680539008304037,0.15999998152256012,0.00018118311709258705,0.02357277274131775,0.6542568020522594,samples/001717_plant_0330.npz
1718,plant_0331,26,15,1,0,0.7840568759848785,0.1600000262260437,0.00028580636717379093,0.03265377879142761,0.6447609961032867,samples/001718_plant_0331.npz
1719,plant_0332,26,15,1,0,0.5468911509172509,0.15999996662139893,0.00015995578723959625,0.021647334098815918,0.6476315446197987,samples/001719_plant_0332.npz
1720,plant_0333,26,15,1,0,0.6720914602901806,0.15999996662139893,0.00027918320847675204,0.02659386396408081,0.6891731061041355,samples/001720_plant_0333.npz
1721,plant_0334,26,15,1,0,0.7624127381061949,0.1599999964237213,0.00024918114650063217,0.029256857931613922,0.6565364822745323,samples/001721_plant_0334.npz
1722,plant_0335,26,24,1,0,0.3530017796041326,0.15999974310398102,5.872096517123282e-05,0.015013694763183594,0.6855171322822571,samples/001722_plant_0335.npz
1723,plant_0336,26,37,1,0,0.3849626027249764,0.15999935567378998,8.360047650057822e-05,0.016777455806732178,0.6741333939135075,samples/001723_plant_0336.npz
1724,plant_0337,26,15,1,0,0.5878380279838453,0.15136468410491943,0.00022085054661147296,0.027621567249298096,0.6755721941590309,samples/001724_plant_0337.npz
1725,plant_0338,26,11,1,0,0.3649012224237023,0.1599915325641632,4.451034328667447e-05,0.01902872323989868,0.690285824239254,samples/001725_plant_0338.npz
1726,plant_0339,26,9,1,0,0.3879805843762172,0.11478535830974579,6.860742723802105e-05,0.008718326687812805,0.700501810759306,samples/001726_plant_0339.npz
1727,plant_0340,26,24,1,0,0.3879779630912148,0.11093559116125107,6.0522041167132556e-05,0.010211944580078125,0.7564125843346119,samples/001727_plant_0340.npz
1728,radio_0105,27,29,1,0,0.4849274929895661,0.1599995493888855,0.00012862039147876203,0.019103646278381348,0.686305545270443,samples/001728_radio_0105.npz
1729,radio_0106,27,37,1,0,0.4830067521579949,0.15999993681907654,9.28413646761328e-05,0.02777022123336792,0.6593884080648422,samples/001729_radio_0106.npz
1730,radio_0107,27,9,1,0,0.002213480964602895,0.0011449307203292847,5.2532413974404335e-09,2.384185791015625e-06,0.7083709463477135,samples/001730_radio_0107.npz
1731,radio_0108,27,36,1,0,0.38796174529685246,0.1498764157295227,8.405581320403144e-05,0.0074947550892829895,0.7047227658331394,samples/001731_radio_0108.npz
1732,radio_0109,27,29,1,0,0.3705884153038577,0.15999990701675415,5.2547737141139805e-05,0.014273583889007568,0.7037320025265217,samples/001732_radio_0109.npz
1733,radio_0110,27,14,1,0,0.007345766170960042,0.0026904642581939697,5.184847395867109e-08,7.271766662597656e-06,0.7146315053105354,samples/001733_radio_0110.npz
1734,radio_0111,27,10,1,0,0.00042894609230363233,0.00029546022415161133,-1.5570549294352531e-09,2.384185791015625e-07,0.672167930752039,samples/001734_radio_0111.npz
1735,radio_0112,27,2,1,0,0.009171567959937494,0.005523264408111572,8.271308615803719e-08,3.147125244140625e-05,0.6988447681069374,samples/001735_radio_0112.npz
1736,radio_0113,27,25,1,0,0.38796606626746166,0.11691496521234512,9.821415733313188e-05,0.008309721946716309,0.7359619475901127,samples/001736_radio_0113.npz
1737,radio_0114,27,29,1,0,0.47910048884735296,0.15999983251094818,0.0001062219962477684,0.030653074383735657,0.7761558145284653,samples/001737_radio_0114.npz
1738,radio_0115,27,16,1,0,0.010948311077237533,0.003363966941833496,1.1302472557872534e-07,1.2934207916259766e-05,0.6893924325704575,samples/001738_radio_0115.npz
1739,radio_0116,27,36,1,0,0.0018588854916994442,0.0018033981323242188,3.5051925806328654e-09,3.2186508178710938e-06,0.6793937534093857,samples/001739_radio_0116.npz
1740,radio_0117,27,16,1,0,0.39085026444669807,0.15999993681907654,0.00010436283628223464,0.010293811559677124,0.6814470253884792,samples/001740_radio_0117.npz
1741,radio_0118,27,16,1,0,0.013214451469422172,0.006634056568145752,1.6737612895667553e-07,4.410743713378906e-05,0.6759513020515442,samples/001741_radio_0118.npz
1742,radio_0119,27,25,1,0,0.5766223310424939,0.1599995493888855,0.00018096415442414582,0.018736273050308228,0.682567622512579,samples/001742_radio_0119.npz
1743,radio_0120,27,36,1,0,0.005776550107882794,0.003373384475708008,3.291643224656582e-08,1.2159347534179688e-05,0.6815560236573219,samples/001743_radio_0120.npz
1744,radio_0121,27,16,1,0,0.38804239548120767,0.14981240034103394,0.00010736848344095051,0.017479121685028076,0.662737600505352,samples/001744_radio_0121.npz
1745,radio_0122,27,16,1,0,0.00879447647329509,0.00493854284286499,7.005291990935802e-08,2.4616718292236328e-05,0.6934473738074303,samples/001745_radio_0122.npz
1746,radio_0123,27,16,1,0,0.0043981812947530225,0.0028869807720184326,1.8451828509569168e-08,8.851289749145508e-06,0.6715471409261227,samples/001746_radio_0123.npz
1747,radio_0124,27,31,1,0,0.35912621739523404,0.15999990701675415,5.6442968343617395e-05,0.01567019522190094,0.695035558193922,samples/001747_radio_0124.npz
1748,range_hood_0116,28,21,1,0,0.7269609343259436,0.1599999964237213,0.000246204377617687,0.019534625113010406,0.6838550120592117,samples/001748_range_hood_0116.npz
1749,range_hood_0117,28,7,1,0,0.38440455520792155,0.15999986231327057,8.911248005460948e-05,0.007838323712348938,0.6761825755238533,samples/001749_range_hood_0117.npz
1750,range_hood_0118,28,9,1,0,0.50927886523772,0.1599999964237213,0.000137423281557858,0.019373729825019836,0.6950862854719162,samples/001750_range_hood_0118.npz
1751,range_hood_0119,28,21,1,0,0.38771116190685984,0.13462349772453308,9.64170612860471e-05,0.012732505798339844,0.6794503591954708,samples/001751_range_hood_0119.npz
1752,range_hood_0120,28,21,1,0,0.38798562525913816,0.1257355809211731,0.00011244375491514802,0.011588454246520996,0.6944534033536911,samples/001752_range_hood_0120.npz
1753,range_hood_0121,28,21,1,0,0.8596554298617454,0.15999984741210938,0.0003977951128035784,0.032538749277591705,0.6832804083824158,samples/001753_range_hood_0121.npz
1754,range_hood_0122,28,21,1,0,0.5086996618645633,0.15999960899353027,0.00015921788872219622,0.017687737941741943,0.6667887419462204,samples/001754_range_hood_0122.npz
1755,range_hood_0123,28,21,1,0,0.6566819063970256,0.15999990701675415,0.00023189571220427752,0.029614541679620743,0.7350160963833332,samples/001755_range_hood_0123.npz
1756,range_hood_0124,28,21,1,0,0.6690956448002621,0.1599997878074646,0.0002331036957912147,0.01838541030883789,0.7580089271068573,samples/001756_range_hood_0124.npz
1757,range_hood_0125,28,21,1,0,0.777584977795761,0.1599999964237213,0.0003129804681520909,0.02961255982518196,0.6795154064893723,samples/001757_range_hood_0125.npz
1758,range_hood_0126,28,21,1,0,1.2101840720971104,0.1599999964237213,0.0006682821549475193,0.030167579650878906,0.7039023600518703,samples/001758_range_hood_0126.npz
1759,range_hood_0127,28,21,1,0,0.9633067162481859,0.1600000262260437,0.00047570921014994383,0.037473857402801514,0.7100914157927036,samples/001759_range_hood_0127.npz
1760,range_hood_0128,28,21,1,0,0.6550118824012043,0.1599999964237213,0.00025081372587010264,0.029247086495161057,0.7056561335921288,samples/001760_range_hood_0128.npz
1761,range_hood_0129,28,21,1,0,0.71799088901594,0.1599999964237213,0.0002749840496107936,0.01823565363883972,0.7336603924632072,samples/001761_range_hood_0129.npz
1762,range_hood_0130,28,21,1,0,0.5197712050126505,0.12295451760292053,0.00016219000099226832,0.011082500219345093,0.6856880784034729,samples/001762_range_hood_0130.npz
1763,range_hood_0131,28,21,1,0,0.6927271042099457,0.15999993681907654,0.0002562559093348682,0.02223306894302368,0.6730789169669151,samples/001763_range_hood_0131.npz
1764,range_hood_0132,28,21,1,0,0.3878958589367826,0.10464274883270264,0.00010425490472698584,0.0122833251953125,0.6996679827570915,samples/001764_range_hood_0132.npz
1765,range_hood_0133,28,21,1,0,0.7747086281028456,0.1599999964237213,0.00032683517201803625,0.02344071865081787,0.6837880723178387,samples/001765_range_hood_0133.npz
1766,range_hood_0134,28,21,1,0,0.7883511065256552,0.1599999964237213,0.0003006101178470999,0.027738749980926514,0.6741444505751133,samples/001766_range_hood_0134.npz
1767,range_hood_0135,28,21,1,0,0.3879682555408684,0.10812440514564514,0.0001070902799256146,0.008162856101989746,0.6659069396555424,samples/001767_range_hood_0135.npz
1768,range_hood_0136,28,21,1,0,1.0860627328578596,0.1600000262260437,0.000493873143568635,0.03438526391983032,0.6832044310867786,samples/001768_range_hood_0136.npz
1769,range_hood_0137,28,21,1,0,1.0007939018503968,0.1599999964237213,0.00036939146229997277,0.03076934814453125,0.7105888575315475,samples/001769_range_hood_0137.npz
1770,range_hood_0138,28,21,1,0,0.8965598180603781,0.15999990701675415,0.000408983847592026,0.03269582986831665,0.7187334708869457,samples/001770_range_hood_0138.npz
1771,range_hood_0139,28,21,1,0,0.38808765305407256,0.12379288673400879,0.00011738608009181917,0.011372417211532593,0.7034657001495361,samples/001771_range_hood_0139.npz
1772,range_hood_0140,28,21,1,0,0.38729181600122853,0.15999993681907654,8.240939496317878e-05,0.008707702159881592,0.7034144997596741,samples/001772_range_hood_0140.npz
1773,range_hood_0141,28,21,1,0,1.1718777465788126,0.1599999964237213,0.00058063177857548,0.04519987106323242,0.7310891151428223,samples/001773_range_hood_0141.npz
1774,range_hood_0142,28,21,1,0,0.7494749675276989,0.15999984741210938,0.0002983931335620582,0.02089029550552368,0.6594955772161484,samples/001774_range_hood_0142.npz
1775,range_hood_0143,28,21,1,0,1.1150420068089575,0.15999984741210938,0.0005612699314951897,0.033316582441329956,0.6681494489312172,samples/001775_range_hood_0143.npz
1776,range_hood_0144,28,34,1,0,0.01837747560905059,0.0032323896884918213,3.275854396633804e-07,1.099705696105957e-05,0.6581329591572285,samples/001776_range_hood_0144.npz
1777,range_hood_0145,28,21,1,0,0.38796995509986365,0.09982430934906006,8.946463640313596e-05,0.011050224304199219,0.702966570854187,samples/001777_range_hood_0145.npz
1778,range_hood_0146,28,21,1,0,0.5246358008414699,0.15999969840049744,0.0001707506598904729,0.020399227738380432,0.7183495424687862,samples/001778_range_hood_0146.npz
1779,range_hood_0147,28,21,1,0,0.831550432352024,0.1599999964237213,0.00036152027314528823,0.021698594093322754,0.7166662476956844,samples/001779_range_hood_0147.npz
1780,range_hood_0148,28,21,1,0,0.7430858194916299,0.1599999964237213,0.00030786771094426513,0.034914374351501465,0.7213022597134113,samples/001780_range_hood_0148.npz
1781,range_hood_0149,28,21,1,0,0.9102413808932653,0.15999996662139893,0.0004388104716781527,0.03162049502134323,0.7224069200456142,samples/001781_range_hood_0149.npz
1782,range_hood_0150,28,21,1,0,1.0249562678660875,0.15999992191791534,0.0004741109150927514,0.023312747478485107,0.655013844370842,samples/001782_range_hood_0150.npz
1783,range_hood_0151,28,21,1,0,0.8205150626628854,0.1600000262260437,0.0003891997621394694,0.020202994346618652,0.648857556283474,samples/001783_range_hood_0151.npz
1784,range_hood_0152,28,21,1,0,0.7561889343985894,0.1599999964237213,0.00032234296668320894,0.040022194385528564,0.6509569138288498,samples/001784_range_hood_0152.npz
1785,range_hood_0153,28,21,1,0,0.5237767273267411,0.15201082825660706,0.00017186407058034092,0.015031397342681885,0.6757685542106628,samples/001785_range_hood_0153.npz
1786,range_hood_0154,28,21,1,0,1.1601876919271585,0.15999993681907654,0.0005962693830952048,0.03513765335083008,0.6999056115746498,samples/001786_range_hood_0154.npz
1787,range_hood_0155,28,21,1,0,0.8397451032323726,0.1600000262260437,0.0003818802651949227,0.018648266792297363,0.6809227876365185,samples/001787_range_hood_0155.npz
1788,range_hood_0156,28,21,1,0,1.0795545636938073,0.15999996662139893,0.0005512416828423738,0.03997892141342163,0.6638085581362247,samples/001788_range_hood_0156.npz
1789,range_hood_0157,28,21,1,0,0.004856588211958151,0.0017602741718292236,2.88855517283082e-08,6.079673767089844e-06,0.672282736748457,samples/001789_range_hood_0157.npz
1790,range_hood_0158,28,29,1,0,0.005799437720110769,0.003877103328704834,2.943852450698614e-08,1.5556812286376953e-05,0.6748095415532589,samples/001790_range_hood_0158.npz
1791,range_hood_0159,28,21,1,0,0.9321438851609222,0.1599999964237213,0.0004252629296388477,0.033385515213012695,0.6603462174534798,samples/001791_range_hood_0159.npz
1792,range_hood_0160,28,21,1,0,0.7985488198123585,0.15999889373779297,0.00035042225499637425,0.02760910987854004,0.6523054093122482,samples/001792_range_hood_0160.npz
1793,range_hood_0161,28,21,1,0,1.1973867930695608,0.15999996662139893,0.0006441587465815246,0.04971477389335632,0.6484487168490887,samples/001793_range_hood_0161.npz
1794,range_hood_0162,28,21,1,0,0.5218402848147226,0.15999989211559296,0.0001832611596910283,0.028606295585632324,0.6631887890398502,samples/001794_range_hood_0162.npz
1795,range_hood_0163,28,21,1,0,0.5176982164513767,0.1599998027086258,0.00015283121319953352,0.032102882862091064,0.6627544574439526,samples/001795_range_hood_0163.npz
1796,range_hood_0164,28,21,1,0,1.0133620654182107,0.15999989211559296,0.0004028909606859088,0.03364303335547447,0.6968908198177814,samples/001796_range_hood_0164.npz
1797,range_hood_0165,28,37,1,0,0.38497736473393945,0.15999799966812134,6.941480387467891e-05,0.008341848850250244,0.6647518016397953,samples/001797_range_hood_0165.npz
1798,range_hood_0166,28,37,1,0,0.38795353532010696,0.11167581379413605,8.22569418232888e-05,0.007685959339141846,0.6697287671267986,samples/001798_range_hood_0166.npz
1799,range_hood_0167,28,21,1,0,0.3823787168049063,0.15999937057495117,8.62422602949664e-05,0.017482340335845947,0.7003244645893574,samples/001799_range_hood_0167.npz
1800,range_hood_0168,28,21,1,0,0.3879523254141084,0.11417371034622192,0.00010782768367789686,0.0134848952293396,0.7048265263438225,samples/001800_range_hood_0168.npz
1801,range_hood_0169,28,21,1,0,0.38796910532129664,0.11774438619613647,9.63262136792764e-05,0.010856449604034424,0.6978459507226944,samples/001801_range_hood_0169.npz
1802,range_hood_0170,28,21,1,0,0.38801180799173135,0.13542687892913818,0.00010561319504631683,0.01768934726715088,0.7025254555046558,samples/001802_range_hood_0170.npz
1803,range_hood_0171,28,21,1,0,0.3880399474187442,0.1579565703868866,9.954726556316018e-05,0.008565276861190796,0.6970485784113407,samples/001803_range_hood_0171.npz
1804,range_hood_0172,28,31,1,0,0.5721981347292145,0.15767604112625122,0.00016890320694074035,0.019190222024917603,0.6613527648150921,samples/001804_range_hood_0172.npz
1805,range_hood_0173,28,9,1,0,0.46293270547546317,0.15999996662139893,0.0001464753586333245,0.01734757423400879,0.689849253743887,samples/001805_range_hood_0173.npz
1806,range_hood_0174,28,37,1,0,0.5208339277899846,0.15999996662139893,0.00010852549166884273,0.017336636781692505,0.7307585589587688,samples/001806_range_hood_0174.npz
1807,range_hood_0175,28,21,1,0,0.6820036132037189,0.15999960899353027,0.00025350984651595354,0.021504461765289307,0.7225169092416763,samples/001807_range_hood_0175.npz
1808,range_hood_0176,28,21,1,0,0.5663407452293167,0.1599999964237213,0.00015363865531980991,0.022005736827850342,0.7149543464183807,samples/001808_range_hood_0176.npz
1809,range_hood_0177,28,21,1,0,0.3880655793070748,0.11877183616161346,0.00010009113611886278,0.01600337028503418,0.7209885753691196,samples/001809_range_hood_0177.npz
1810,range_hood_0178,28,21,1,0,0.49030156074122244,0.1599997580051422,0.00018906673358287662,0.02427440881729126,0.7195157967507839,samples/001810_range_hood_0178.npz
1811,range_hood_0179,28,21,1,0,0.3872139245823117,0.1599992960691452,0.00011238857405260205,0.01753002405166626,0.6866601184010506,samples/001811_range_hood_0179.npz
1812,range_hood_0180,28,21,1,0,0.3879858556979348,0.1343747079372406,8.402791718253866e-05,0.008198782801628113,0.6507227346301079,samples/001812_range_hood_0180.npz
1813,range_hood_0181,28,9,1,0,0.8708112113065335,0.1600000262260437,0.00039337240741588175,0.032842934131622314,0.7041703052818775,samples/001813_range_hood_0181.npz
1814,range_hood_0182,28,20,1,0,0.3880365489064277,0.12073272466659546,8.235062705352902e-05,0.006622135639190674,0.7013704143464565,samples/001814_range_hood_0182.npz
1815,range_hood_0183,28,34,1,0,0.3820693529470134,0.15999996662139893,0.00010970421135425568,0.01684129238128662,0.7379303239285946,samples/001815_range_hood_0183.npz
1816,range_hood_0184,28,9,1,0,0.7106898893155634,0.1599999964237213,0.00021673967421520501,0.02077317237854004,0.7074153609573841,samples/001816_range_hood_0184.npz
1817,range_hood_0185,28,21,1,0,1.2596163639091678,0.1599999964237213,0.0007517958292737603,0.04682654142379761,0.7062549851834774,samples/001817_range_hood_0185.npz
1818,range_hood_0186,28,37,1,0,0.6515790374633111,0.1599999964237213,0.00020167959155514836,0.022077560424804688,0.6633304767310619,samples/001818_range_hood_0186.npz
1819,range_hood_0187,28,37,1,0,0.5250878081800271,0.1599999964237213,0.00012262412928976119,0.01652967929840088,0.6945132352411747,samples/001819_range_hood_0187.npz
1820,range_hood_0188,28,21,1,0,0.3838187490149284,0.159999817609787,9.70361870713532e-05,0.016936004161834717,0.7370770797133446,samples/001820_range_hood_0188.npz
1821,range_hood_0189,28,27,1,0,0.003950161383386469,0.0029584169387817383,1.4068064047023654e-08,8.940696716308594e-06,0.7443646751344204,samples/001821_range_hood_0189.npz
1822,range_hood_0190,28,21,1,0,0.388098941425766,0.11387109756469727,0.00010661057604011148,0.010825932025909424,0.7645944431424141,samples/001822_range_hood_0190.npz
1823,range_hood_0191,28,21,1,0,0.38798176538894763,0.12654390931129456,9.85129299806431e-05,0.009363174438476562,0.7297410257160664,samples/001823_range_hood_0191.npz
1824,range_hood_0192,28,21,1,0,0.9296460663353973,0.1599999964237213,0.00042956811375916004,0.030762389302253723,0.7248308919370174,samples/001824_range_hood_0192.npz
1825,range_hood_0193,28,21,1,0,1.253060314002464,0.1599999964237213,0.0006261853850446641,0.043741583824157715,0.7395247630774975,samples/001825_range_hood_0193.npz
1826,range_hood_0194,28,22,1,0,0.8577461498427585,0.15999996662139893,0.0003468896320555359,0.03166472911834717,0.7265997342765331,samples/001826_range_hood_0194.npz
1827,range_hood_0195,28,37,1,0,0.4691193317723451,0.1599973440170288,0.00010206547449342906,0.01673024892807007,0.7534854076802731,samples/001827_range_hood_0195.npz
1828,range_hood_0196,28,22,1,0,0.6657109164814032,0.1600000262260437,0.00018083301256410778,0.017248094081878662,0.7325453907251358,samples/001828_range_hood_0196.npz
1829,range_hood_0197,28,32,1,0,0.37819585372784265,0.15999996662139893,7.289130735443905e-05,0.007309675216674805,0.7215206250548363,samples/001829_range_hood_0197.npz
1830,range_hood_0198,28,21,1,0,0.38798028192115924,0.14391648769378662,0.00010255784582113847,0.014631956815719604,0.709888719022274,samples/001830_range_hood_0198.npz
1831,range_hood_0199,28,21,1,0,0.3880056153157157,0.1266491711139679,0.00011546016321517527,0.011483289301395416,0.6958341635763645,samples/001831_range_hood_0199.npz
1832,range_hood_0200,28,21,1,0,1.0907839339567114,0.1599999964237213,0.0005778886843472719,0.04985910654067993,0.6905858851969242,samples/001832_range_hood_0200.npz
1833,range_hood_0201,28,21,1,0,0.5427557438248203,0.15999945998191833,0.00016310604405589402,0.01655004918575287,0.6608343049883842,samples/001833_range_hood_0201.npz
1834,range_hood_0202,28,21,1,0,0.7299727117324061,0.15999962389469147,0.00028903494239784777,0.01747232675552368,0.6670248918235302,samples/001834_range_hood_0202.npz
1835,range_hood_0203,28,21,1,0,0.48420920149333585,0.15999963879585266,0.00015044839528854936,0.01897689700126648,0.6673729866743088,samples/001835_range_hood_0203.npz
1836,range_hood_0204,28,21,1,0,0.5252032601750677,0.15932345390319824,0.00017539685359224677,0.017488181591033936,0.6717247813940048,samples/001836_range_hood_0204.npz
1837,range_hood_0205,28,21,1,0,0.8459226398269031,0.1599999964237213,0.00037771460483781993,0.03217440843582153,0.6647737361490726,samples/001837_range_hood_0205.npz
1838,range_hood_0206,28,21,1,0,0.5344795835782451,0.159999281167984,0.00018872751388698816,0.01603221893310547,0.6776721440255642,samples/001838_range_hood_0206.npz
1839,range_hood_0207,28,9,1,0,0.5438939726073163,0.15999937057495117,0.00014576998364645988,0.014543116092681885,0.6600225679576397,samples/001839_range_hood_0207.npz
1840,range_hood_0208,28,30,1,0,0.00042943123429616827,0.00020077824592590332,-2.6047928258776665e-09,1.1920928955078125e-07,0.7029204778373241,samples/001840_range_hood_0208.npz
1841,range_hood_0209,28,2,1,0,0.650245272228737,0.1600000113248825,0.00019967436674050987,0.018227875232696533,0.6673418171703815,samples/001841_range_hood_0209.npz
1842,range_hood_0210,28,21,1,0,0.5548083214069071,0.15999993681907654,0.0001882055075839162,0.017054855823516846,0.6575627662241459,samples/001842_range_hood_0210.npz
1843,range_hood_0211,28,21,1,0,0.813607634646961,0.15999993681907654,0.0003558452590368688,0.03245792165398598,0.6951709389686584,samples/001843_range_hood_0211.npz
1844,range_hood_0212,28,21,1,0,0.5101571826429736,0.159999817609787,0.00016043786308728158,0.025701165199279785,0.7331494465470314,samples/001844_range_hood_0212.npz
1845,range_hood_0213,28,21,1,0,1.0662311787526144,0.1599999964237213,0.0005325789097696543,0.03365051746368408,0.6790885329246521,samples/001845_range_hood_0213.npz
1846,range_hood_0214,28,21,1,0,1.1073324581155604,0.15999996662139893,0.0005517263780348003,0.033937808126211166,0.6723588220775127,samples/001846_range_hood_0214.npz
1847,range_hood_0215,28,21,1,0,0.38806664486577797,0.13132919371128082,0.0001118883810704574,0.00770685076713562,0.6588838249444962,samples/001847_range_hood_0215.npz
1848,sink_0129,29,27,1,0,1.0170704312790908,0.1600000262260437,0.0003408663906157017,0.03165233135223389,0.6991897970438004,samples/001848_sink_0129.npz
1849,sink_0130,29,1,1,0,0.5524453327375909,0.1600000262260437,0.00018311657186131924,0.022627711296081543,0.7141237333416939,samples/001849_sink_0130.npz
1850,sink_0131,29,25,1,0,0.38682639906759725,0.15999865531921387,8.543814328731969e-05,0.008183494210243225,0.7746719345450401,samples/001850_sink_0131.npz
1851,sink_0132,29,30,1,0,0.38801247045819726,0.12683874368667603,9.322994446847588e-05,0.00593971461057663,0.7858568169176579,samples/001851_sink_0132.npz
1852,sink_0133,29,6,1,0,0.3879798786473818,0.15404269099235535,7.093010935932398e-05,0.013144224882125854,0.797677431255579,samples/001852_sink_0133.npz
1853,sink_0134,29,36,1,0,0.0025814780872980133,0.0017229169607162476,7.009930413914844e-09,3.606081008911133e-06,0.7463302835822105,samples/001853_sink_0134.npz
1854,sink_0135,29,1,1,0,1.0125772376093756,0.1600000262260437,0.00045950879575684667,0.038198649883270264,0.7102325484156609,samples/001854_sink_0135.npz
1855,sink_0136,29,16,1,0,0.38809859586823897,0.11471244692802429,0.00012390606570988894,0.010632812976837158,0.7171736881136894,samples/001855_sink_0136.npz
1856,sink_0137,29,6,1,0,0.5504358101159711,0.1599999964237213,0.0001377435401082039,0.02246171236038208,0.703746858984232,samples/001856_sink_0137.npz
1857,sink_0138,29,6,1,0,0.4878970656569229,0.15999990701675415,0.00011042002006433904,0.017413347959518433,0.7129183858633041,samples/001857_sink_0138.npz
1858,sink_0139,29,1,1,0,0.4957171309636532,0.1599985957145691,0.0001349646336166188,0.01734018325805664,0.7190820164978504,samples/001858_sink_0139.npz
1859,sink_0140,29,16,1,0,0.3880346480306266,0.14974141120910645,0.00010211278276983649,0.015199519693851471,0.7397627271711826,samples/001859_sink_0140.npz
1860,sink_0141,29,27,1,0,0.5454063108030318,0.11801794916391373,0.00017519161337986588,0.011247396469116211,0.7184937670826912,samples/001860_sink_0141.npz
1861,sink_0142,29,26,1,0,0.6738519083884408,0.15999984741210938,0.0002011772448895499,0.020496100187301636,0.7226872444152832,samples/001861_sink_0142.npz
1862,sink_0143,29,1,1,0,0.8070186532764798,0.1600000262260437,0.000313912722049281,0.02195197343826294,0.7107388637959957,samples/001862_sink_0143.npz
1863,sink_0144,29,30,1,0,0.38798087242843415,0.15549767017364502,7.70785627537407e-05,0.011613845825195312,0.6842665150761604,samples/001863_sink_0144.npz
1864,sink_0145,29,2,1,0,0.0008118518903006032,0.0007393956184387207,2.8448994271457195e-09,5.960464477539062e-07,0.7130863405764103,samples/001864_sink_0145.npz
1865,sink_0146,29,7,1,0,0.3882148010377325,0.1396830677986145,0.00010453617142047733,0.019801795482635498,0.7043560445308685,samples/001865_sink_0146.npz
1866,sink_0147,29,1,1,0,0.9181024819216614,0.15999993681907654,0.0004568544100038707,0.03352838754653931,0.7078251056373119,samples/001866_sink_0147.npz
1867,sink_0148,29,26,1,0,0.007414642221512171,0.005927860736846924,5.6127191783161834e-08,3.88026237487793e-05,0.7072460688650608,samples/001867_sink_0148.npz
1868,sofa_0681,30,23,1,0,0.006406674110148315,0.003824174404144287,4.0599843487143517e-08,1.6033649444580078e-05,0.7179425247013569,samples/001868_sofa_0681.npz
1869,sofa_0682,30,23,1,0,0.004437532215042529,0.0026412606239318848,1.9059370970353484e-08,7.569789886474609e-06,0.7121912278234959,samples/001869_sofa_0682.npz
1870,sofa_0683,30,25,1,0,0.5093935123543257,0.15875443816184998,0.00017215535626746714,0.014925288036465645,0.7510330863296986,samples/001870_sofa_0683.npz
1871,sofa_0684,30,2,1,0,0.5368325300260505,0.14135010540485382,0.0001615660439711064,0.014276310801506042,0.6479843743145466,samples/001871_sofa_0684.npz
1872,sofa_0685,30,3,1,0,0.7675055258393563,0.1599999964237213,0.0003222711384296417,0.04141251742839813,0.7007742896676064,samples/001872_sofa_0685.npz
1873,sofa_0686,30,2,1,0,0.3880288877440623,0.14588569104671478,7.942660886328667e-05,0.011890411376953125,0.7183963134884834,samples/001873_sofa_0686.npz
1874,sofa_0687,30,12,1,0,0.49437958891242273,0.11168554425239563,0.0001578377850819379,0.011187613010406494,0.7025200761854649,samples/001874_sofa_0687.npz
1875,sofa_0688,30,22,1,0,0.8759249668810192,0.1599999964237213,0.00042543921153992414,0.038760676980018616,0.7276037037372589,samples/001875_sofa_0688.npz
1876,sofa_0689,30,2,1,0,0.6790613710558198,0.15999966859817505,0.00022086732496973127,0.018231332302093506,0.7058452516794205,samples/001876_sofa_0689.npz
1877,sofa_0690,30,7,1,0,0.5205120494448218,0.15999984741210938,0.00015676469774916768,0.01839008927345276,0.7076284810900688,samples/001877_sofa_0690.npz
1878,sofa_0691,30,2,1,0,0.662082570301414,0.15999984741210938,0.00023235953995026648,0.028743505477905273,0.7102731429040432,samples/001878_sofa_0691.npz
1879,sofa_0692,30,2,1,0,0.550566956246008,0.15999990701675415,0.00013383166515268385,0.015234991908073425,0.6652014032006264,samples/001879_sofa_0692.npz
1880,sofa_0693,30,2,1,0,1.047084830022841,0.15999998152256012,0.00047562079271301627,0.023464635014533997,0.656750064343214,samples/001880_sofa_0693.npz
1881,sofa_0694,30,2,1,0,0.8481939956920025,0.1600000262260437,0.0004000029875896871,0.044482454657554626,0.7552554160356522,samples/001881_sofa_0694.npz
1882,sofa_0695,30,2,1,0,0.6502504283569227,0.15999990701675415,0.00020856020273640752,0.027003169059753418,0.7880311235785484,samples/001882_sofa_0695.npz
1883,sofa_0696,30,2,1,0,0.6781554878870084,0.15999998152256012,0.00027428436442278326,0.0381845086812973,0.7394535057246685,samples/001883_sofa_0696.npz
1884,sofa_0697,30,2,1,0,0.8578120497405325,0.15999998152256012,0.00034166232217103243,0.02444446086883545,0.6637506112456322,samples/001884_sofa_0697.npz
1885,sofa_0698,30,12,1,0,0.6137110060873352,0.15999989211559296,0.00020439647778403014,0.02470695972442627,0.6583693698048592,samples/001885_sofa_0698.npz
1886,sofa_0699,30,12,1,0,0.6876799499650591,0.15999886393547058,0.0002329037233721465,0.014993607997894287,0.7070406600832939,samples/001886_sofa_0699.npz
1887,sofa_0700,30,3,1,0,0.5896580827043559,0.1599999964237213,0.00018850959895644337,0.026501834392547607,0.6817776523530483,samples/001887_sofa_0700.npz
1888,sofa_0701,30,2,1,0,0.9473509602600263,0.1599999964237213,0.00046165092498995364,0.03187881410121918,0.6529554277658463,samples/001888_sofa_0701.npz
1889,sofa_0702,30,2,1,0,0.5744291620692199,0.15999993681907654,0.00016573780158068985,0.03120291233062744,0.6669104211032391,samples/001889_sofa_0702.npz
1890,sofa_0703,30,2,1,0,0.544492962940183,0.15999847650527954,0.00013636605581268668,0.014125898480415344,0.6723684370517731,samples/001890_sofa_0703.npz
1891,sofa_0704,30,2,1,0,0.5719100511471586,0.11602291464805603,0.00017283998022321612,0.013612940907478333,0.6673009842634201,samples/001891_sofa_0704.npz
1892,sofa_0705,30,34,1,0,0.5445695579003134,0.14538007974624634,0.0001689396012807265,0.01066523790359497,0.6848562955856323,samples/001892_sofa_0705.npz
1893,sofa_0706,30,23,1,0,0.008636663320252227,0.0075511932373046875,7.312064553843811e-08,5.710124969482422e-05,0.7063378691673279,samples/001893_sofa_0706.npz
1894,sofa_0707,30,12,1,0,0.5961012713556502,0.15999996662139893,0.00019965384854003787,0.030462250113487244,0.7642876580357552,samples/001894_sofa_0707.npz
1895,sofa_0708,30,7,1,0,0.53500088295017,0.15999996662139893,0.00014832743909209967,0.028718873858451843,0.7068337127566338,samples/001895_sofa_0708.npz
1896,sofa_0709,30,3,1,0,0.38797885605842436,0.1341225653886795,8.14008672023192e-05,0.00625831913203001,0.6695221289992332,samples/001896_sofa_0709.npz
1897,sofa_0710,30,3,1,0,0.5603753934135988,0.1599985659122467,0.00018182164058089256,0.021344482898712158,0.6809568181633949,samples/001897_sofa_0710.npz
1898,sofa_0711,30,12,1,0,0.5027328624569207,0.15999983251094818,0.0001431535347364843,0.019485868513584137,0.6926065534353256,samples/001898_sofa_0711.npz
1899,sofa_0712,30,3,1,0,0.5282697388986582,0.15999916195869446,0.00015217502368614078,0.03473162651062012,0.6816154643893242,samples/001899_sofa_0712.npz
1900,sofa_0713,30,3,1,0,0.9755047372011788,0.1600000262260437,0.0004783902259077877,0.026637166738510132,0.7108701653778553,samples/001900_sofa_0713.npz
1901,sofa_0714,30,2,1,0,0.744548145354668,0.15999996662139893,0.0002680246834643185,0.03446084260940552,0.7019387595355511,samples/001901_sofa_0714.npz
1902,sofa_0715,30,2,1,0,0.9253992668833652,0.1599999964237213,0.0003712134202942252,0.029517143964767456,0.7149341851472855,samples/001902_sofa_0715.npz
1903,sofa_0716,30,1,1,0,0.5255851243777242,0.15999925136566162,0.0001366977667203173,0.02115890383720398,0.6833298802375793,samples/001903_sofa_0716.npz
1904,sofa_0717,30,0,1,0,0.7986801402117591,0.1600000262260437,0.00028108491096645594,0.04097616672515869,0.6959115378558636,samples/001904_sofa_0717.npz
1905,sofa_0718,30,2,1,0,1.1230425892623728,0.1600000262260437,0.0005444251000881195,0.045058608055114746,0.6777840442955494,samples/001905_sofa_0718.npz
1906,sofa_0719,30,2,1,0,0.5606155419907423,0.15999993681907654,0.00016720443090889603,0.018736839294433594,0.6733048520982265,samples/001906_sofa_0719.npz
1907,sofa_0720,30,2,1,0,0.5835277788186363,0.15254071354866028,0.00016082843649201095,0.012906461954116821,0.6824689581990242,samples/001907_sofa_0720.npz
1908,sofa_0721,30,2,1,0,0.5979905595931317,0.15999998152256012,0.00016125886759255081,0.018528476357460022,0.716369304805994,samples/001908_sofa_0721.npz
1909,sofa_0722,30,2,1,0,0.9803886988814928,0.1599999964237213,0.0004035137826576829,0.03417351096868515,0.7053313106298447,samples/001909_sofa_0722.npz
1910,sofa_0723,30,12,1,0,0.547700034825096,0.15999959409236908,0.00016243467689491808,0.01485057920217514,0.6912537142634392,samples/001910_sofa_0723.npz
1911,sofa_0724,30,28,1,0,0.854043295526081,0.1599999964237213,0.00033435970544815063,0.020631462335586548,0.679913368076086,samples/001911_sofa_0724.npz
1912,sofa_0725,30,2,1,0,0.6797961772983774,0.1599998027086258,0.0002479839604347944,0.03586304187774658,0.6641996279358864,samples/001912_sofa_0725.npz
1913,sofa_0726,30,2,1,0,0.6156063227071333,0.1600000262260437,0.00021158618619665504,0.018328532576560974,0.6775625832378864,samples/001913_sofa_0726.npz
1914,sofa_0727,30,2,1,0,1.116898132409136,0.1600000262260437,0.0005028829909861088,0.017590686678886414,0.7576867714524269,samples/001914_sofa_0727.npz
1915,sofa_0728,30,3,1,0,0.6147319740570625,0.1600000113248825,0.00016175447672139853,0.02722400426864624,0.7803571298718452,samples/001915_sofa_0728.npz
1916,sofa_0729,30,2,1,0,0.6437939675140035,0.1599999964237213,0.00020947086159139872,0.03352707624435425,0.7181328237056732,samples/001916_sofa_0729.npz
1917,sofa_0730,30,2,1,0,0.6877287029122157,0.1600000262260437,0.0002865387068595737,0.032591938972473145,0.7273749932646751,samples/001917_sofa_0730.npz
1918,sofa_0731,30,3,1,0,0.6486097474722604,0.1599997580051422,0.0002331579162273556,0.029351770877838135,0.6957598961889744,samples/001918_sofa_0731.npz
1919,sofa_0732,30,25,1,0,0.4633635748526722,0.15999993681907654,0.00013714861415792257,0.028945207595825195,0.6794046685099602,samples/001919_sofa_0732.npz
1920,sofa_0733,30,2,1,0,0.5504143690154667,0.1599999964237213,0.00016766058979555964,0.01746422052383423,0.671294528990984,samples/001920_sofa_0733.npz
1921,sofa_0734,30,2,1,0,0.8532400755770334,0.1599999964237213,0.00027078873245045543,0.024314165115356445,0.6592759229242802,samples/001921_sofa_0734.npz
1922,sofa_0735,30,2,1,0,1.0339934962223052,0.1599999964237213,0.00046994106378406286,0.04306209087371826,0.7193662039935589,samples/001922_sofa_0735.npz
1923,sofa_0736,30,23,1,0,0.38811246112250886,0.10732750594615936,0.0001123411493608728,0.006575167179107666,0.7423990927636623,samples/001923_sofa_0736.npz
1924,sofa_0737,30,2,1,0,0.9054845174975046,0.1599999964237213,0.0003665571566671133,0.029615148901939392,0.7911924384534359,samples/001924_sofa_0737.npz
1925,sofa_0738,30,2,1,0,0.8166472156959024,0.15999993681907654,0.0003202573861926794,0.030089646577835083,0.7294353656470776,samples/001925_sofa_0738.npz
1926,sofa_0739,30,2,1,0,0.6549396716610703,0.15999969840049744,0.0002385567786404863,0.02705228328704834,0.6953279301524162,samples/001926_sofa_0739.npz
1927,sofa_0740,30,12,1,0,0.6025008772214463,0.15999990701675415,0.00019803497707471251,0.02802547812461853,0.6829907298088074,samples/001927_sofa_0740.npz
1928,sofa_0741,30,2,1,0,0.6479042917298441,0.1599999964237213,0.00015649815031792969,0.014955833554267883,0.6960000284016132,samples/001928_sofa_0741.npz
1929,sofa_0742,30,34,1,0,0.3879875407774758,0.11112333089113235,9.96214512269944e-05,0.011885225772857666,0.717541690915823,samples/001929_sofa_0742.npz
1930,sofa_0743,30,2,1,0,0.7170038574067104,0.15999984741210938,0.00027671080897562206,0.035936929285526276,0.7056645825505257,samples/001930_sofa_0743.npz
1931,sofa_0744,30,3,1,0,0.7702238190462816,0.15999996662139893,0.00031691958429291844,0.041185975074768066,0.6930013708770275,samples/001931_sofa_0744.npz
1932,sofa_0745,30,2,1,0,0.5112265556644766,0.1599997878074646,0.00013280348503030837,0.029265284538269043,0.7806586287915707,samples/001932_sofa_0745.npz
1933,sofa_0746,30,1,1,0,0.8675017431884753,0.1599999964237213,0.0003336943336762488,0.041157498955726624,0.6930552124977112,samples/001933_sofa_0746.npz
1934,sofa_0747,30,34,1,0,0.5349113224081208,0.159997820854187,0.00018954651022795588,0.01459243893623352,0.7058585621416569,samples/001934_sofa_0747.npz
1935,sofa_0748,30,2,1,0,0.7924698636796185,0.1600000113248825,0.00029181133140809834,0.0362829864025116,0.6996401138603687,samples/001935_sofa_0748.npz
1936,sofa_0749,30,2,1,0,0.8889350920497527,0.15999974310398102,0.0002932067436631769,0.014171205461025238,0.7801796607673168,samples/001936_sofa_0749.npz
1937,sofa_0750,30,2,1,0,0.5968243849598923,0.1599995195865631,0.00018367549637332559,0.033444229513406754,0.6976494491100311,samples/001937_sofa_0750.npz
1938,sofa_0751,30,12,1,0,0.7196965515422215,0.15999984741210938,0.0002582847373560071,0.031609416007995605,0.732008621096611,samples/001938_sofa_0751.npz
1939,sofa_0752,30,1,1,0,0.5746190758151433,0.15999987721443176,0.00017865083646029234,0.014438122510910034,0.7251361049711704,samples/001939_sofa_0752.npz
1940,sofa_0753,30,2,1,0,0.6523953377432852,0.15659958124160767,0.00024427578318864107,0.018649041652679443,0.7315010689198971,samples/001940_sofa_0753.npz
1941,sofa_0754,30,25,1,0,0.5926252365244595,0.15999963879585266,0.0001904703094623983,0.02197265625,0.7263184152543545,samples/001941_sofa_0754.npz
1942,sofa_0755,30,2,1,0,0.3296851295910272,0.1599999964237213,5.796081313746981e-05,0.006540954113006592,0.733289010822773,samples/001942_sofa_0755.npz
1943,sofa_0756,30,34,1,0,0.5561537370002851,0.1599999964237213,0.000176858578925021,0.019764527678489685,0.7357469499111176,samples/001943_sofa_0756.npz
1944,sofa_0757,30,2,1,0,0.6078153421389464,0.15999984741210938,0.00017553489306010306,0.021978914737701416,0.7389622926712036,samples/001944_sofa_0757.npz
1945,sofa_0758,30,2,1,0,0.6620872291304682,0.15999960899353027,0.000271729426458478,0.02438223361968994,0.7234570495784283,samples/001945_sofa_0758.npz
1946,sofa_0759,30,2,1,0,0.49742662291240236,0.1599779725074768,0.00013852589472662657,0.016496896743774414,0.7322560027241707,samples/001946_sofa_0759.npz
1947,sofa_0760,30,2,1,0,0.5218929447583807,0.1600000262260437,0.00016464540385641158,0.0291852205991745,0.692289475351572,samples/001947_sofa_0760.npz
1948,sofa_0761,30,2,1,0,0.6040618239614588,0.15999934077262878,0.000196904904441908,0.026773571968078613,0.6936475150287151,samples/001948_sofa_0761.npz
1949,sofa_0762,30,3,1,0,0.5442069296000838,0.15999960899353027,0.00016469125694129616,0.02112036943435669,0.7020343765616417,samples/001949_sofa_0762.npz
1950,sofa_0763,30,2,1,0,0.6119967146988652,0.1600000113248825,0.0001930589642142877,0.02016270160675049,0.6799912340939045,samples/001950_sofa_0763.npz
1951,sofa_0764,30,2,1,0,0.5346954129635135,0.1320900321006775,0.00017289526294916868,0.013385653495788574,0.6624867841601372,samples/001951_sofa_0764.npz
1952,sofa_0765,30,3,1,0,0.5960846414032609,0.15999993681907654,0.00021696113981306553,0.02427607774734497,0.653925109654665,samples/001952_sofa_0765.npz
1953,sofa_0766,30,34,1,0,0.799214379307047,0.15999966859817505,0.0003247286949772388,0.017668843269348145,0.6580580696463585,samples/001953_sofa_0766.npz
1954,sofa_0767,30,2,1,0,0.6735074814548712,0.1599998027086258,0.00023643230088055134,0.02037830650806427,0.6523903608322144,samples/001954_sofa_0767.npz
1955,sofa_0768,30,2,1,0,0.6683305463253172,0.1599999964237213,0.00023275287821888924,0.03895771503448486,0.6611302271485329,samples/001955_sofa_0768.npz
1956,sofa_0769,30,2,1,0,0.5505807592846044,0.15797126293182373,0.00014270895917434245,0.02552841603755951,0.6692441627383232,samples/001956_sofa_0769.npz
1957,sofa_0770,30,2,1,0,0.50125103397453,0.15999986231327057,0.00013295485405251384,0.029749557375907898,0.6566794700920582,samples/001957_sofa_0770.npz
1958,sofa_0771,30,2,1,0,0.5184075098175905,0.1599999964237213,0.00015356644871644676,0.015989601612091064,0.6449000872671604,samples/001958_sofa_0771.npz
1959,sofa_0772,30,12,1,0,0.6825624697779283,0.15999960899353027,0.00025197374634444714,0.02067151665687561,0.6573230363428593,samples/001959_sofa_0772.npz
1960,sofa_0773,30,28,1,0,1.1251579809526484,0.15999986231327057,0.0005668632802553475,0.03388369083404541,0.6700591780245304,samples/001960_sofa_0773.npz
1961,sofa_0774,30,2,1,0,0.5881742319283234,0.15999965369701385,0.00018743672990240157,0.02482086420059204,0.6797236613929272,samples/001961_sofa_0774.npz
1962,sofa_0775,30,2,1,0,0.9571185636589192,0.1599999964237213,0.0003760618856176734,0.023549139499664307,0.7457737140357494,samples/001962_sofa_0775.npz
1963,sofa_0776,30,7,1,0,0.9289259315760576,0.1599999964237213,0.00032493245089426637,0.014493092894554138,0.6570572704076767,samples/001963_sofa_0776.npz
1964,sofa_0777,30,2,1,0,0.5405967068297204,0.15999998152256012,0.0001439907355234027,0.016000688076019287,0.6790273487567902,samples/001964_sofa_0777.npz
1965,sofa_0778,30,23,1,0,0.8935552378168131,0.1599999964237213,0.00046153052244335413,0.026595890522003174,0.6537449322640896,samples/001965_sofa_0778.npz
1966,sofa_0779,30,34,1,0,0.5188681522501999,0.15797936916351318,0.0001694828097242862,0.010466083884239197,0.6527493223547935,samples/001966_sofa_0779.npz
1967,sofa_0780,30,2,1,0,0.7646861743019127,0.15999998152256012,0.00026544908178038895,0.02891501784324646,0.6550426781177521,samples/001967_sofa_0780.npz
1968,stairs_0125,31,26,1,0,0.7379622905738464,0.15999996662139893,0.00021872235811315477,0.039981722831726074,0.7141550630331039,samples/001968_stairs_0125.npz
1969,stairs_0126,31,25,1,0,0.3879843146358792,0.12117312103509903,9.179674088954926e-05,0.015123888850212097,0.7082347832620144,samples/001969_stairs_0126.npz
1970,stairs_0127,31,0,1,0,0.5156424476099127,0.15999990701675415,0.00013549416325986385,0.01511472463607788,0.665052242577076,samples/001970_stairs_0127.npz
1971,stairs_0128,31,34,1,0,0.38797882725306254,0.15052103996276855,9.071412932826206e-05,0.010755956172943115,0.6760050058364868,samples/001971_stairs_0128.npz
1972,stairs_0129,31,20,1,0,1.4925624516135172,0.1600000262260437,0.0008625098853372037,0.048926591873168945,0.6680046170949936,samples/001972_stairs_0129.npz
1973,stairs_0130,31,29,1,0,0.5313373872465399,0.15104953944683075,0.00014285992074292153,0.012481540441513062,0.7017279490828514,samples/001973_stairs_0130.npz
1974,stairs_0131,31,2,1,0,0.0013101467764372293,0.000924721360206604,1.418811734765768e-09,1.519918441772461e-06,0.6573961861431599,samples/001974_stairs_0131.npz
1975,stairs_0132,31,25,1,0,0.38795177807444087,0.11197319626808167,9.957961447071284e-05,0.007201284170150757,0.6534977406263351,samples/001975_stairs_0132.npz
1976,stairs_0133,31,32,1,0,0.7998219023588057,0.1599999964237213,0.00027512136148288846,0.04067414999008179,0.6512889750301838,samples/001976_stairs_0133.npz
1977,stairs_0134,31,26,1,0,0.5528272611395064,0.15999998152256012,0.00015404060832224786,0.0329933762550354,0.6507017016410828,samples/001977_stairs_0134.npz
1978,stairs_0135,31,22,1,0,0.00125125488901103,0.0008453130722045898,1.2496457202360034e-09,7.152557373046875e-07,0.6542498618364334,samples/001978_stairs_0135.npz
1979,stairs_0136,31,18,1,0,1.0425475909670274,0.15999996662139893,0.0003934997075702995,0.04153759032487869,0.6626579128205776,samples/001979_stairs_0136.npz
1980,stairs_0137,31,23,1,0,0.3876079393610062,0.12764620780944824,0.00010065437527373433,0.010619133710861206,0.6970194727182388,samples/001980_stairs_0137.npz
1981,stairs_0138,31,26,1,0,0.3879953179728294,0.09499436616897583,7.206647569546476e-05,0.004505440592765808,0.7006589621305466,samples/001981_stairs_0138.npz
1982,stairs_0139,31,17,1,0,8.615092007497586e-05,7.12275505065918e-05,8.080860425252467e-10,1.1920928955078125e-07,0.6476977579295635,samples/001982_stairs_0139.npz
1983,stairs_0140,31,20,1,0,0.8371900016772921,0.1599999964237213,0.0003335729124955833,0.025392115116119385,0.6908864863216877,samples/001983_stairs_0140.npz
1984,stairs_0141,31,22,1,0,0.5269053650315726,0.15999990701675415,0.00013989416765980422,0.015733003616333008,0.6804056242108345,samples/001984_stairs_0141.npz
1985,stairs_0142,31,27,1,0,0.3877885067485405,0.13031494617462158,7.627795275766402e-05,0.01388239860534668,0.6796713583171368,samples/001985_stairs_0142.npz
1986,stairs_0143,31,7,1,0,0.00010237507676574814,7.241964340209961e-05,-8.585629984736443e-10,1.1920928955078125e-07,0.7161798477172852,samples/001986_stairs_0143.npz
1987,stairs_0144,31,8,1,0,0.5267075197442258,0.1600000113248825,0.00013295254029799253,0.019237853586673737,0.6957807317376137,samples/001987_stairs_0144.npz
1988,stool_0091,32,31,1,0,0.5610416700816683,0.15999966859817505,0.00015057859127409756,0.01927855610847473,0.6691909618675709,samples/001988_stool_0091.npz
1989,stool_0092,32,8,1,0,0.7195198766449428,0.1599999964237213,0.00021798098168801516,0.015359833836555481,0.6475405097007751,samples/001989_stool_0092.npz
1990,stool_0093,32,37,1,0,0.003782135813812878,0.003699660301208496,1.397347659803927e-08,1.3709068298339844e-05,0.6506234928965569,samples/001990_stool_0093.npz
1991,stool_0094,32,23,1,0,0.5641474440590027,0.15999993681907654,0.00017434988694731146,0.017619609832763672,0.7004211209714413,samples/001991_stool_0094.npz
1992,stool_0095,32,8,1,0,0.5730061085560126,0.1599999964237213,0.00021199791808612645,0.023878157138824463,0.6787432469427586,samples/001992_stool_0095.npz
1993,stool_0096,32,8,1,0,0.004850923821330982,0.002440810203552246,2.2267158783506602e-08,8.761882781982422e-06,0.6515621431171894,samples/001993_stool_0096.npz
1994,stool_0097,32,33,1,0,0.5358048775403381,0.1600000262260437,0.00012766127474606037,0.025492310523986816,0.6533584482967854,samples/001994_stool_0097.npz
1995,stool_0098,32,26,1,0,0.5509578137755808,0.159999817609787,0.00015262799570336938,0.017398208379745483,0.6542136184871197,samples/001995_stool_0098.npz
1996,stool_0099,32,8,1,0,0.3805433282469569,0.15999992191791534,8.438642544206232e-05,0.017476066946983337,0.644380871206522,samples/001996_stool_0099.npz
1997,stool_0100,32,33,1,0,0.5078640031372779,0.15999993681907654,0.00013110943837091327,0.012355133891105652,0.6831613667309284,samples/001997_stool_0100.npz
1998,stool_0101,32,19,1,0,0.5596771337996457,0.1599999964237213,0.0001414238940924406,0.01451253890991211,0.6940669044852257,samples/001998_stool_0101.npz
1999,stool_0102,32,19,1,0,0.00022668148724068119,0.00021314620971679688,-2.0827428670600057e-09,1.1920928955078125e-07,0.6893734037876129,samples/001999_stool_0102.npz
2000,stool_0103,32,19,1,0,0.38797643640057977,0.1169041246175766,8.80980514921248e-05,0.008324146270751953,0.6914997920393944,samples/002000_stool_0103.npz
2001,stool_0104,32,23,1,0,0.38798571167370294,0.12919944524765015,9.357758244732395e-05,0.010052382946014404,0.6664264500141144,samples/002001_stool_0104.npz
2002,stool_0105,32,19,1,0,0.000555466963954047,0.0004387497901916504,-8.976712706498802e-10,2.384185791015625e-07,0.6487705558538437,samples/002002_stool_0105.npz
2003,stool_0106,32,8,1,0,0.5644044624128378,0.1599999964237213,0.0001678402622928843,0.018894799053668976,0.6500719673931599,samples/002003_stool_0106.npz
2004,stool_0107,32,23,1,0,0.5492181105087703,0.1599999964237213,0.00014873981126584113,0.0165177583694458,0.6655038967728615,samples/002004_stool_0107.npz
2005,stool_0108,32,19,1,0,0.5646578407626203,0.15999996662139893,0.00013760435103904456,0.018944233655929565,0.721463069319725,samples/002005_stool_0108.npz
2006,stool_0109,32,8,1,0,0.5674140580153711,0.1599999964237213,0.00016587549180258065,0.027531787753105164,0.725799024105072,samples/002006_stool_0109.npz
2007,stool_0110,32,33,1,0,0.703592399377308,0.15999996662139893,0.00020582172146532685,0.029310867190361023,0.672346256673336,samples/002007_stool_0110.npz
2008,table_0393,33,12,1,0,0.38797969141298555,0.14019621908664703,8.270610123872757e-05,0.011561393737792969,0.647588849067688,samples/002008_table_0393.npz
2009,table_0394,33,12,1,0,0.38823259152368045,0.12850084900856018,0.00010453838331159204,0.010264948010444641,0.6650951951742172,samples/002009_table_0394.npz
2010,table_0395,33,12,1,0,0.5116376812614721,0.15999987721443176,0.00013096779002808034,0.014728561043739319,0.6479250267148018,samples/002010_table_0395.npz
2011,table_0396,33,12,1,0,0.3879869214755891,0.13175413012504578,8.427724242210388e-05,0.010648488998413086,0.6575646214187145,samples/002011_table_0396.npz
2012,table_0397,33,12,1,0,0.3879808580258284,0.11372128129005432,8.305732626467943e-05,0.007927194237709045,0.6570435538887978,samples/002012_table_0397.npz
2013,table_0398,33,12,1,0,0.011792275898493987,0.00485914945602417,1.3713815860683098e-07,2.5510787963867188e-05,0.6913444548845291,samples/002013_table_0398.npz
2014,table_0399,33,3,1,0,0.6888642538433809,0.1599999964237213,0.00018342159455642104,0.014068886637687683,0.6733350045979023,samples/002014_table_0399.npz
2015,table_0400,33,12,1,0,0.0044456344291352165,0.003870666027069092,1.7163984011858702e-08,1.6689300537109375e-05,0.6551039479672909,samples/002015_table_0400.npz
2016,table_0401,33,12,1,0,0.362900149504764,0.159999817609787,5.623215110972524e-05,0.027040868997573853,0.6453215628862381,samples/002016_table_0401.npz
2017,table_0402,33,3,1,0,0.5464865871927288,0.1324702948331833,0.00013211996702011675,0.01051396131515503,0.6476189903914928,samples/002017_table_0402.npz
2018,table_0403,33,12,1,0,0.5533627621370515,0.1599999964237213,0.00013670543557964265,0.01735740900039673,0.6657188273966312,samples/002018_table_0403.npz
2019,table_0404,33,12,1,0,0.5328174915247713,0.15999996662139893,0.00011905562860192731,0.01674860715866089,0.6666598469018936,samples/002019_table_0404.npz
2020,table_0405,33,12,1,0,0.38599111999201036,0.1599999964237213,7.738505519228056e-05,0.014232024550437927,0.6489524245262146,samples/002020_table_0405.npz
2021,table_0406,33,12,1,0,0.7314592978919209,0.15999972820281982,0.000266825663857162,0.025689244270324707,0.6456401497125626,samples/002021_table_0406.npz
2022,table_0407,33,12,1,0,0.38091628309721,0.15999992191791534,7.728253694949672e-05,0.006785571575164795,0.6865083426237106,samples/002022_table_0407.npz
2023,table_0408,33,3,1,0,0.5818400741076675,0.1599999964237213,0.00017389949061907828,0.027989506721496582,0.6437304057180882,samples/002023_table_0408.npz
2024,table_0409,33,3,1,0,0.00022455025700498122,8.386373519897461e-05,-1.6407284419983625e-09,1.1920928955078125e-07,0.6438487954437733,samples/002024_table_0409.npz
2025,table_0410,33,12,1,0,0.007049459914938291,0.005045294761657715,4.9976733862422407e-08,2.586841583251953e-05,0.6436970643699169,samples/002025_table_0410.npz
2026,table_0411,33,23,1,0,0.3881857817966046,0.13113586604595184,0.00010166162974201143,0.010218501091003418,0.6831975653767586,samples/002026_table_0411.npz
2027,table_0412,33,12,1,0,0.006909818022704744,0.0030449628829956055,4.672983777709305e-08,9.5367431640625e-06,0.66736850887537,samples/002027_table_0412.npz
2028,table_0413,33,3,1,0,0.5045287478997171,0.1599999964237213,0.00012589394464157522,0.027583777904510498,0.6497008576989174,samples/002028_table_0413.npz
2029,table_0414,33,3,1,0,0.388652705194267,0.15105938911437988,7.268996705533937e-05,0.011269927024841309,0.6531007140874863,samples/002029_table_0414.npz
2030,table_0415,33,12,1,0,0.38711113241279854,0.1599995493888855,5.2838520787190646e-05,0.006527960300445557,0.6503095738589764,samples/002030_table_0415.npz
2031,table_0416,33,3,1,0,0.5708358140413534,0.1599995642900467,0.0001615478831809014,0.02232372760772705,0.6419212482869625,samples/002031_table_0416.npz
2032,table_0417,33,12,1,0,0.3747460131019589,0.15999998152256012,5.106587559566833e-05,0.007299363613128662,0.6528919227421284,samples/002032_table_0417.npz
2033,table_0418,33,3,1,0,0.008799128368683115,0.005185902118682861,7.509743227274157e-08,2.9325485229492188e-05,0.6988848373293877,samples/002033_table_0418.npz
2034,table_0419,33,12,1,0,0.020188822445904794,0.005575776100158691,3.9397855289280415e-07,3.5762786865234375e-05,0.7035349681973457,samples/002034_table_0419.npz
2035,table_0420,33,12,1,0,0.013218373955737366,0.00564950704574585,1.714642792194354e-07,3.314018249511719e-05,0.6622004136443138,samples/002035_table_0420.npz
2036,table_0421,33,12,1,0,0.6878231112932474,0.1599999964237213,0.0002198569563915953,0.02959182858467102,0.6669506765902042,samples/002036_table_0421.npz
2037,table_0422,33,12,1,0,0.34875555041726275,0.1599999964237213,6.244891847018152e-05,0.015666428953409195,0.6627598516643047,samples/002037_table_0422.npz
2038,table_0423,33,12,1,0,0.3879809876492611,0.11018093675374985,0.00010631929035298526,0.008704900741577148,0.6678984984755516,samples/002038_table_0423.npz
2039,table_0424,33,12,1,0,0.35323506492479534,0.15999767184257507,6.954378477530554e-05,0.0086326003074646,0.6682073697447777,samples/002039_table_0424.npz
2040,table_0425,33,12,1,0,0.5015384802013393,0.15999993681907654,0.0001235852250829339,0.020570620894432068,0.6550384424626827,samples/002040_table_0425.npz
2041,table_0426,33,12,1,0,0.5034606205126044,0.15999996662139893,0.00011485687718959525,0.015640899538993835,0.6493583098053932,samples/002041_table_0426.npz
2042,table_0427,33,12,1,0,0.0050223338129289676,0.0033786892890930176,2.4933797249104828e-08,1.2278556823730469e-05,0.6593497805297375,samples/002042_table_0427.npz
2043,table_0428,33,12,1,0,0.38219401455377694,0.1599997878074646,8.078434620983899e-05,0.017598651349544525,0.6625772304832935,samples/002043_table_0428.npz
2044,table_0429,33,12,1,0,0.008577151483980194,0.004547119140625,7.370181265287101e-08,2.086162567138672e-05,0.649023100733757,samples/002044_table_0429.npz
2045,table_0430,33,12,1,0,0.012668064712204838,0.005602657794952393,1.5634213923476636e-07,3.635883331298828e-05,0.6536866128444672,samples/002045_table_0430.npz
2046,table_0431,33,12,1,0,0.3880123120424061,0.12745246291160583,7.723452290520072e-05,0.00944608449935913,0.6538812667131424,samples/002046_table_0431.npz
2047,table_0432,33,12,1,0,0.5825132447996294,0.1544470191001892,0.00014669480151496828,0.00957334041595459,0.6570653803646564,samples/002047_table_0432.npz
2048,table_0433,33,12,1,0,0.5434741611300166,0.15999764204025269,0.000132180008222349,0.025006532669067383,0.650380402803421,samples/002048_table_0433.npz
2049,table_0434,33,3,1,0,0.3880251003090504,0.14188435673713684,7.79173569753766e-05,0.012092888355255127,0.6507992297410965,samples/002049_table_0434.npz
2050,table_0435,33,12,1,0,0.01307324288698522,0.004970848560333252,1.690436874923762e-07,2.753734588623047e-05,0.6508055478334427,samples/002050_table_0435.npz
2051,table_0436,33,12,1,0,0.38761924170307566,0.13168582320213318,8.279348548967391e-05,0.01052713394165039,0.6813034489750862,samples/002051_table_0436.npz
2052,table_0437,33,12,1,0,0.7408554672239521,0.15999993681907654,0.00027058919658884406,0.020908351987600327,0.6711388900876045,samples/002052_table_0437.npz
2053,table_0438,33,12,1,0,0.3880212408315409,0.1306963860988617,5.904674981138669e-05,0.008375108242034912,0.6446670405566692,samples/002053_table_0438.npz
2054,table_0439,33,12,1,0,0.005826768310384128,0.003226935863494873,3.3483956940472126e-08,1.0967254638671875e-05,0.6503717191517353,samples/002054_table_0439.npz
2055,table_0440,33,12,1,0,0.38798631657511756,0.14808426797389984,8.497293310938403e-05,0.0158349871635437,0.6525367610156536,samples/002055_table_0440.npz
2056,table_0441,33,12,1,0,0.6085083741228544,0.1599999964237213,0.0001819583267206326,0.018779277801513672,0.6448401510715485,samples/002056_table_0441.npz
2057,table_0442,33,3,1,0,0.5501298298730997,0.15999974310398102,0.00014103460125625134,0.01570659875869751,0.6448960043489933,samples/002057_table_0442.npz
2058,table_0443,33,12,1,0,0.3442009601247004,0.1599999964237213,7.631388871232048e-05,0.014876008033752441,0.6634435467422009,samples/002058_table_0443.npz
2059,table_0444,33,12,1,0,0.38632158634526814,0.15999959409236908,6.011913137626834e-05,0.008023388683795929,0.6902507916092873,samples/002059_table_0444.npz
2060,table_0445,33,12,1,0,0.38809694006748585,0.13687677681446075,6.935562123544514e-05,0.010947495698928833,0.6892653591930866,samples/002060_table_0445.npz
2061,table_0446,33,12,1,0,0.36837269363516234,0.15999960899353027,6.680560181848705e-05,0.014276519417762756,0.6814310401678085,samples/002061_table_0446.npz
2062,table_0447,33,3,1,0,0.5565557515540029,0.15999990701675415,0.00014079621178098023,0.01551268994808197,0.6653018780052662,samples/002062_table_0447.npz
2063,table_0448,33,12,1,0,0.5435742974042245,0.15999943017959595,0.0001558448711875826,0.015704035758972168,0.6663984023034573,samples/002063_table_0448.npz
2064,table_0449,33,3,1,0,0.38797972021828314,0.1158842220902443,7.990322774276137e-05,0.007610730826854706,0.7033086009323597,samples/002064_table_0449.npz
2065,table_0450,33,23,1,0,0.009977274336436486,0.004160672426223755,9.838913683779538e-08,1.7583370208740234e-05,0.7531013377010822,samples/002065_table_0450.npz
2066,table_0451,33,12,1,0,0.013947283914507573,0.00665128231048584,1.8936498236143962e-07,4.4345855712890625e-05,0.7642697095870972,samples/002066_table_0451.npz
2067,table_0452,33,12,1,0,0.5192462383160639,0.1599990427494049,0.00014688527153339237,0.015326514840126038,0.7143944315612316,samples/002067_table_0452.npz
2068,table_0453,33,3,1,0,0.38798512117379325,0.12541604042053223,0.0001029550694511272,0.011236906051635742,0.68122348934412,samples/002068_table_0453.npz
2069,table_0454,33,3,1,0,0.6088598714995778,0.1537276655435562,0.0001718057319521904,0.024725735187530518,0.699100811034441,samples/002069_table_0454.npz
2070,table_0455,33,12,1,0,0.3705976734170822,0.15999993681907654,5.391822924138978e-05,0.00877469778060913,0.738728579133749,samples/002070_table_0455.npz
2071,table_0456,33,12,1,0,9.487537268944962e-05,7.256865501403809e-05,-9.604264050722122e-10,1.1920928955078125e-07,0.6657776720821857,samples/002071_table_0456.npz
2072,table_0457,33,3,1,0,0.38593549592737186,0.15999960899353027,7.709941564826295e-05,0.014296293258666992,0.685084693133831,samples/002072_table_0457.npz
2073,table_0458,33,3,1,0,0.5508457105535377,0.15998995304107666,0.00018016929971054196,0.02233988046646118,0.7167300209403038,samples/002073_table_0458.npz
2074,table_0459,33,12,1,0,0.3868200574017342,0.15999966859817505,7.348492363234982e-05,0.013960853219032288,0.6761683933436871,samples/002074_table_0459.npz
2075,table_0460,33,23,1,0,0.3837577719709071,0.15999990701675415,0.00010004745854530483,0.014430060982704163,0.6868161112070084,samples/002075_table_0460.npz
2076,table_0461,33,12,1,0,0.38798108846745655,0.11561435461044312,7.853980059735477e-05,0.00840383768081665,0.6860570795834064,samples/002076_table_0461.npz
2077,table_0462,33,12,1,0,0.013646064976505959,0.0036522746086120605,1.8207720131613314e-07,1.7881393432617188e-05,0.7027847282588482,samples/002077_table_0462.npz
2078,table_0463,33,3,1,0,0.38804572194133363,0.13873571157455444,7.385409116977826e-05,0.013599157333374023,0.7513306625187397,samples/002078_table_0463.npz
2079,table_0464,33,12,1,0,0.38798049796051043,0.1498391479253769,8.217705908464268e-05,0.014101594686508179,0.6616654098033905,samples/002079_table_0464.npz
2080,table_0465,33,12,1,0,0.3879822838812059,0.1316642463207245,7.685794844292104e-05,0.00407975260168314,0.6993239596486092,samples/002080_table_0465.npz
2081,table_0466,33,12,1,0,0.3880299822050896,0.13226765394210815,7.341165473917499e-05,0.010707676410675049,0.6669043228030205,samples/002081_table_0466.npz
2082,table_0467,33,12,1,0,0.012563008158323449,0.005744636058807373,1.5457771951332688e-07,3.528594970703125e-05,0.6649384461343288,samples/002082_table_0467.npz
2083,table_0468,33,12,1,0,0.38802141364478765,0.12599089741706848,7.650841143913567e-05,0.01644982397556305,0.6530067883431911,samples/002083_table_0468.npz
2084,table_0469,33,12,1,0,0.000522672304174976,0.0002735257148742676,-6.502887117676437e-10,1.1920928955078125e-07,0.6566842459142208,samples/002084_table_0469.npz
2085,table_0470,33,12,1,0,0.37883114316166366,0.15999972820281982,8.229113882407546e-05,0.023080766201019287,0.6745007708668709,samples/002085_table_0470.npz
2086,table_0471,33,12,1,0,0.012650937950631144,0.00525277853012085,1.558837539050728e-07,2.968311309814453e-05,0.6707716062664986,samples/002086_table_0471.npz
2087,table_0472,33,12,1,0,0.3790626547184917,0.1599999964237213,6.023829337209463e-05,0.007206866517663002,0.6620439141988754,samples/002087_table_0472.npz
2088,table_0473,33,12,1,0,0.001357870145833777,0.0005880296230316162,3.3051037462428212e-09,7.152557373046875e-07,0.6680803708732128,samples/002088_table_0473.npz
2089,table_0474,33,12,1,0,0.38791748138298476,0.1153545081615448,7.612015906488523e-05,0.0060395747423172,0.7111998423933983,samples/002089_table_0474.npz
2090,table_0475,33,3,1,0,0.5458291202545156,0.15352794528007507,0.00015237364277709275,0.01804983615875244,0.7066788710653782,samples/002090_table_0475.npz
2091,table_0476,33,3,1,0,0.38797274927389414,0.10381847620010376,7.687853940296918e-05,0.014242738485336304,0.6889810562133789,samples/002091_table_0476.npz
2092,table_0477,33,12,1,0,0.37268887562956093,0.15999990701675415,7.178779924288392e-05,0.012210667133331299,0.6985492035746574,samples/002092_table_0477.npz
2093,table_0478,33,12,1,0,0.4923342758400306,0.1600000262260437,0.00013138656504452229,0.01665031909942627,0.6986048817634583,samples/002093_table_0478.npz
2094,table_0479,33,12,1,0,0.36711217229329024,0.15999984741210938,7.513451419072226e-05,0.02079951763153076,0.7271693386137486,samples/002094_table_0479.npz
2095,table_0480,33,12,1,0,0.38815180810312866,0.1340140402317047,6.841574213467538e-05,0.013565599918365479,0.674223817884922,samples/002095_table_0480.npz
2096,table_0481,33,12,1,0,0.00031953377962115305,0.00011916458606719971,-1.1131078281323425e-09,1.1920928955078125e-07,0.6984115205705166,samples/002096_table_0481.npz
2097,table_0482,33,3,1,0,0.7360862618026802,0.15999996662139893,0.00026087669539265335,0.026209712028503418,0.6778697967529297,samples/002097_table_0482.npz
2098,table_0483,33,12,1,0,0.38797728616308963,0.1591244786977768,6.864006718387827e-05,0.010119825601577759,0.6851198747754097,samples/002098_table_0483.npz
2099,table_0484,33,12,1,0,0.01392993654217617,0.006423592567443848,1.879307092167437e-07,4.291534423828125e-05,0.6666225828230381,samples/002099_table_0484.npz
2100,table_0485,33,12,1,0,0.37341125527737806,0.15999996662139893,7.502594235120341e-05,0.01474742591381073,0.6758846156299114,samples/002100_table_0485.npz
2101,table_0486,33,12,1,0,0.38799317205857314,0.10705846548080444,9.247665002476424e-05,0.010383397340774536,0.6909986883401871,samples/002101_table_0486.npz
2102,table_0487,33,3,1,0,0.3880672640404371,0.11185339093208313,8.00087145762518e-05,0.009943366050720215,0.6890359185636044,samples/002102_table_0487.npz
2103,table_0488,33,12,1,0,0.7808919372181189,0.1600000262260437,0.00033745006658136845,0.023226499557495117,0.7742631025612354,samples/002103_table_0488.npz
2104,table_0489,33,23,1,0,0.5533530678363385,0.14572280645370483,0.00018036371329799294,0.02022230625152588,0.7269586436450481,samples/002104_table_0489.npz
2105,table_0490,33,29,1,0,0.38797678206691005,0.127367302775383,9.652523294789717e-05,0.010273218154907227,0.7409675307571888,samples/002105_table_0490.npz
2106,table_0491,33,23,1,0,0.3879852219909146,0.09114730358123779,9.846765169641003e-05,0.00596696138381958,0.7558638639748096,samples/002106_table_0491.npz
2107,table_0492,33,23,1,0,0.5567524044839696,0.15999868512153625,0.00015035260003060102,0.022229164838790894,0.7587772160768509,samples/002107_table_0492.npz
2108,tent_0164,34,9,1,0,0.8791259999534619,0.15999996662139893,0.0003821704594884068,0.040495067834854126,0.7613261304795742,samples/002108_tent_0164.npz
2109,tent_0165,34,9,1,0,1.1213892769827958,0.1600000262260437,0.0005570797948166728,0.0384310781955719,0.7812582030892372,samples/002109_tent_0165.npz
2110,tent_0166,34,28,1,0,0.5735435993151856,0.1599999964237213,0.00018951417587231845,0.021741092205047607,0.6685501076281071,samples/002110_tent_0166.npz
2111,tent_0167,34,26,1,0,0.7598451018747945,0.1599999964237213,0.0002625625638756901,0.022005170583724976,0.6659660004079342,samples/002111_tent_0167.npz
2112,tent_0168,34,9,1,0,0.5124889939568523,0.15999996662139893,0.00013338758435565978,0.034179091453552246,0.6549511142075062,samples/002112_tent_0168.npz
2113,tent_0169,34,27,1,0,0.7640726252628001,0.15999996662139893,0.00026940074167214334,0.016890615224838257,0.6782826967537403,samples/002113_tent_0169.npz
2114,tent_0170,34,18,1,0,0.00015840819702812945,8.168816566467285e-05,-6.612026481889188e-10,1.1920928955078125e-07,0.7088848613202572,samples/002114_tent_0170.npz
2115,tent_0171,34,16,1,0,0.5315000772911259,0.1599999964237213,0.00015597166202496737,0.00849682092666626,0.6925953850150108,samples/002115_tent_0171.npz
2116,tent_0172,34,23,1,0,0.7289457610973035,0.15999987721443176,0.00027464766753837466,0.013492822647094727,0.6600985042750835,samples/002116_tent_0172.npz
2117,tent_0173,34,22,1,0,0.8430576397800047,0.15999993681907654,0.0003315701032988727,0.020182371139526367,0.718029797077179,samples/002117_tent_0173.npz
2118,tent_0174,34,28,1,0,0.5483769432283,0.1599995344877243,0.00014738841855432838,0.01625537872314453,0.7321927696466446,samples/002118_tent_0174.npz
2119,tent_0175,34,9,1,0,0.3879810452596617,0.14031913876533508,8.376791083719581e-05,0.013896644115447998,0.6862559951841831,samples/002119_tent_0175.npz
2120,tent_0176,34,7,1,0,0.4884065314742482,0.15999966859817505,0.00013351472443901002,0.012692391872406006,0.6814005635678768,samples/002120_tent_0176.npz
2121,tent_0177,34,28,1,0,0.7682632708118627,0.15999998152256012,0.00027188833337277174,0.04186528921127319,0.7103647701442242,samples/002121_tent_0177.npz
2122,tent_0178,34,7,1,0,0.38797972021828314,0.15131843090057373,9.406183380633593e-05,0.01787930727005005,0.71912906691432,samples/002122_tent_0178.npz
2123,tent_0179,34,9,1,0,0.8920393304664312,0.1600000262260437,0.0003191928844898939,0.019352495670318604,0.6706671044230461,samples/002123_tent_0179.npz
2124,tent_0180,34,22,1,0,0.556332733934465,0.15999990701675415,0.00019129680003970861,0.031052112579345703,0.6576562784612179,samples/002124_tent_0180.npz
2125,tent_0181,34,9,1,0,0.699215414795833,0.1600000262260437,0.0002407990104984492,0.018740683794021606,0.6502740271389484,samples/002125_tent_0181.npz
2126,tent_0182,34,7,1,0,0.38797982103680795,0.1440136432647705,8.943471766542643e-05,0.016363441944122314,0.6602298319339752,samples/002126_tent_0182.npz
2127,tent_0183,34,29,1,0,0.5404335292049578,0.15999990701675415,0.00018185134103987366,0.03170815110206604,0.7380064912140369,samples/002127_tent_0183.npz
2128,toilet_0345,35,10,1,0,0.7995633051002043,0.1600000262260437,0.000377184827812016,0.023119807243347168,0.6647344008088112,samples/002128_toilet_0345.npz
2129,toilet_0346,35,8,1,0,0.38802839811576123,0.10122331976890564,0.00010462984937475994,0.008251070976257324,0.6653368249535561,samples/002129_toilet_0346.npz
2130,toilet_0347,35,27,1,0,0.009437298038645237,0.004476308822631836,8.638016879558563e-08,2.008676528930664e-05,0.6594301834702492,samples/002130_toilet_0347.npz
2131,toilet_0348,35,29,1,0,0.4433680041981646,0.15999728441238403,0.00011864710540976375,0.018780410289764404,0.6513252519071102,samples/002131_toilet_0348.npz
2132,toilet_0349,35,37,1,0,0.9777040599553761,0.1599999964237213,0.0004365624627098441,0.030091598629951477,0.7276203222572803,samples/002132_toilet_0349.npz
2133,toilet_0350,35,39,1,0,1.197206231241805,0.1600000262260437,0.0006013177335262299,0.03355497121810913,0.7077298536896706,samples/002133_toilet_0350.npz
2134,toilet_0351,35,8,1,0,0.741346897125157,0.15999987721443176,0.00026849459391087294,0.040417492389678955,0.6876308433711529,samples/002134_toilet_0351.npz
2135,toilet_0352,35,15,1,0,1.0999430256957348,0.15999996662139893,0.0004990111337974668,0.023526668548583984,0.6694269515573978,samples/002135_toilet_0352.npz
2136,toilet_0353,35,25,1,0,0.4871681266661757,0.15207439661026,0.00016196610522456467,0.016231626272201538,0.6749650947749615,samples/002136_toilet_0353.npz
2137,toilet_0354,35,8,1,0,0.499557515391396,0.1599998027086258,0.00012142202467657626,0.012152984738349915,0.6824341826140881,samples/002137_toilet_0354.npz
2138,toilet_0355,35,15,1,0,0.7053221071744208,0.159999817609787,0.00022911754786036909,0.015040069818496704,0.6875054575502872,samples/002138_toilet_0355.npz
2139,toilet_0356,35,14,1,0,0.662579428661725,0.15999996662139893,0.00027598539600148797,0.0325736403465271,0.662318829447031,samples/002139_toilet_0356.npz
2140,toilet_0357,35,8,1,0,0.6470950028959158,0.15999996662139893,0.00018545215425547212,0.030783534049987793,0.6522472314536572,samples/002140_toilet_0357.npz
2141,toilet_0358,35,8,1,0,0.652191898237897,0.15999996662139893,0.000247069401666522,0.02746570110321045,0.657733004540205,samples/002141_toilet_0358.npz
2142,toilet_0359,35,15,1,0,0.613070032473069,0.15999990701675415,0.00021084582840558141,0.030410945415496826,0.6586475037038326,samples/002142_toilet_0359.npz
2143,toilet_0360,35,14,1,0,1.3904200627909746,0.1599999964237213,0.0008369181305170059,0.04145914316177368,0.6559392288327217,samples/002143_toilet_0360.npz
2144,toilet_0361,35,37,1,0,1.1152079323541577,0.1599999964237213,0.0005135894753038883,0.03481028974056244,0.6534803360700607,samples/002144_toilet_0361.npz
2145,toilet_0362,35,14,1,0,0.9122708686141499,0.15999996662139893,0.00045669119572266936,0.03203779458999634,0.6955733522772789,samples/002145_toilet_0362.npz
2146,toilet_0363,35,23,1,0,0.9737567880073149,0.15999996662139893,0.00046176425530575216,0.044013530015945435,0.7310042902827263,samples/002146_toilet_0363.npz
2147,toilet_0364,35,14,1,0,0.9552869977906977,0.15999996662139893,0.0004396593722049147,0.01979769766330719,0.7371116019785404,samples/002147_toilet_0364.npz
2148,toilet_0365,35,15,1,0,1.1621987060064065,0.1599999964237213,0.0005739204352721572,0.0316300243139267,0.7512438744306564,samples/002148_toilet_0365.npz
2149,toilet_0366,35,23,1,0,0.8157219094768857,0.1600000113248825,0.00035937942448072135,0.025636039674282074,0.7128377966582775,samples/002149_toilet_0366.npz
2150,toilet_0367,35,1,1,0,1.3795177843510575,0.15999996662139893,0.0007697874098084867,0.03801077604293823,0.6524759493768215,samples/002150_toilet_0367.npz
2151,toilet_0368,35,1,1,0,1.2348125985855054,0.1600000113248825,0.0006132267881184816,0.03802986443042755,0.7299280986189842,samples/002151_toilet_0368.npz
2152,toilet_0369,35,1,1,0,1.468955228549156,0.1599999964237213,0.000812533893622458,0.03690648078918457,0.7586021572351456,samples/002152_toilet_0369.npz
2153,toilet_0370,35,23,1,0,0.9989974390489671,0.15999996662139893,0.0004747409839183092,0.02904456853866577,0.6776332370936871,samples/002153_toilet_0370.npz
2154,toilet_0371,35,14,1,0,0.7148187351540229,0.1599999964237213,0.0002960215788334608,0.021928176283836365,0.662033312022686,samples/002154_toilet_0371.npz
2155,toilet_0372,35,8,1,0,0.6711560883173486,0.15999987721443176,0.0002084349689539522,0.029152274131774902,0.6613046377897263,samples/002155_toilet_0372.npz
2156,toilet_0373,35,10,1,0,0.00035934524646149337,0.0002479851245880127,-5.711626727133989e-10,1.1920928955078125e-07,0.6596456952393055,samples/002156_toilet_0373.npz
2157,toilet_0374,35,15,1,0,1.0539398510371754,0.1599999964237213,0.0004752420645672828,0.025967419147491455,0.6859375014901161,samples/002157_toilet_0374.npz
2158,toilet_0375,35,22,1,0,0.5438340722235487,0.1600000262260437,0.00018298320355825126,0.02184373140335083,0.659186340868473,samples/002158_toilet_0375.npz
2159,toilet_0376,35,1,1,0,1.4102460668813646,0.1600000113248825,0.000763546908274293,0.034363508224487305,0.6708777770400047,samples/002159_toilet_0376.npz
2160,toilet_0377,35,1,1,0,1.3011853389449946,0.1599999964237213,0.000697135110385716,0.035119421780109406,0.6853962056338787,samples/002160_toilet_0377.npz
2161,toilet_0378,35,1,1,0,1.17342423077229,0.15999996662139893,0.0005887150182388723,0.031073778867721558,0.6580662913620472,samples/002161_toilet_0378.npz
2162,toilet_0379,35,15,1,0,0.91017925249756,0.15999984741210938,0.00042014147038571537,0.03064626455307007,0.6498865000903606,samples/002162_toilet_0379.npz
2163,toilet_0380,35,14,1,0,0.7315650811327049,0.1599999964237213,0.00027275114553049207,0.03404015302658081,0.6904634237289429,samples/002163_toilet_0380.npz
2164,toilet_0381,35,37,1,0,0.9137711672020663,0.15999984741210938,0.0004029786214232445,0.018553584814071655,0.6481240727007389,samples/002164_toilet_0381.npz
2165,toilet_0382,35,8,1,0,0.6591896225922304,0.15999993681907654,0.0002145553007721901,0.03478206694126129,0.6551198996603489,samples/002165_toilet_0382.npz
2166,toilet_0383,35,8,1,0,0.7139764746468766,0.1599999964237213,0.00027096792473457754,0.022143572568893433,0.6533862501382828,samples/002166_toilet_0383.npz
2167,toilet_0384,35,23,1,0,1.0070841175345127,0.15999963879585266,0.0005380433285608888,0.020019352436065674,0.6593468002974987,samples/002167_toilet_0384.npz
2168,toilet_0385,35,23,1,0,0.7953280130758256,0.1600000262260437,0.00033549830550327897,0.0413358211517334,0.6541338302195072,samples/002168_toilet_0385.npz
2169,toilet_0386,35,1,1,0,1.043886745083951,0.1600000262260437,0.0005196299171075225,0.036995649337768555,0.6665821745991707,samples/002169_toilet_0386.npz
2170,toilet_0387,35,12,1,0,0.8916119076649882,0.159999817609787,0.0003671937738545239,0.02689141035079956,0.6684459634125233,samples/002170_toilet_0387.npz
2171,toilet_0388,35,1,1,0,1.1165485822577306,0.1599999964237213,0.0005681114853359759,0.03352499008178711,0.667612187564373,samples/002171_toilet_0388.npz
2172,toilet_0389,35,1,1,0,0.6380034632491641,0.15999996662139893,0.0002486123994458467,0.029221773147583008,0.6582108028233051,samples/002172_toilet_0389.npz
2173,toilet_0390,35,8,1,0,0.5379300869696529,0.14074674248695374,0.0001546402636449784,0.010548025369644165,0.6516586393117905,samples/002173_toilet_0390.npz
2174,toilet_0391,35,15,1,0,1.001761657981163,0.1600000262260437,0.0005528748733922839,0.041872382164001465,0.6511859558522701,samples/002174_toilet_0391.npz
2175,toilet_0392,35,32,1,0,0.6949673771234216,0.1599999964237213,0.00030877740937285125,0.030695199966430664,0.6459173746407032,samples/002175_toilet_0392.npz
2176,toilet_0393,35,1,1,0,0.7199877468198977,0.15999996662139893,0.0002787400735542178,0.023616135120391846,0.6543323919177055,samples/002176_toilet_0393.npz
2177,toilet_0394,35,29,1,0,0.5950570339328054,0.15999990701675415,0.00018858436669688672,0.02426886558532715,0.654758907854557,samples/002177_toilet_0394.npz
2178,toilet_0395,35,8,1,0,0.7114950760270886,0.1599999964237213,0.00024608493549749255,0.02878051996231079,0.6881887800991535,samples/002178_toilet_0395.npz
2179,toilet_0396,35,1,1,0,1.1209858566628936,0.1600000262260437,0.0005405869451351464,0.03366851806640625,0.6888997033238411,samples/002179_toilet_0396.npz
2180,toilet_0397,35,37,1,0,1.1505808778184363,0.1599999964237213,0.0005815840559080243,0.034747108817100525,0.6771785505115986,samples/002180_toilet_0397.npz
2181,toilet_0398,35,1,1,0,1.2661690425694014,0.15999993681907654,0.000687544175889343,0.03350159525871277,0.6851402558386326,samples/002181_toilet_0398.npz
2182,toilet_0399,35,12,1,0,0.5488823765450361,0.15999984741210938,0.00016463804058730602,0.015861868858337402,0.6909525282680988,samples/002182_toilet_0399.npz
2183,toilet_0400,35,37,1,0,1.2300210047300733,0.1599999964237213,0.0006783236749470234,0.025487184524536133,0.6657449267804623,samples/002183_toilet_0400.npz
2184,toilet_0401,35,8,1,0,0.5776539249388852,0.1599999964237213,0.00017923231644090265,0.021912097930908203,0.6537163443863392,samples/002184_toilet_0401.npz
2185,toilet_0402,35,23,1,0,0.8656902016689884,0.1599999964237213,0.00039778935024514794,0.043968334794044495,0.7409746535122395,samples/002185_toilet_0402.npz
2186,toilet_0403,35,29,1,0,0.5663955621697547,0.15999983251094818,0.0001591125037521124,0.03492611646652222,0.7208517119288445,samples/002186_toilet_0403.npz
2187,toilet_0404,35,26,1,0,1.0793566096008709,0.1599999964237213,0.0004423468199092895,0.01661008596420288,0.7030524164438248,samples/002187_toilet_0404.npz
2188,toilet_0405,35,23,1,0,0.0005963116473067966,0.0002796649932861328,1.1641532182693481e-10,1.1920928955078125e-07,0.6919945515692234,samples/002188_toilet_0405.npz
2189,toilet_0406,35,1,1,0,1.0243806497163197,0.1599999964237213,0.0004943035310134292,0.03753089904785156,0.7050412781536579,samples/002189_toilet_0406.npz
2190,toilet_0407,35,39,1,0,1.876074673709831,0.1600000113248825,0.001386043382808566,0.03868149220943451,0.7041815258562565,samples/002190_toilet_0407.npz
2191,toilet_0408,35,29,1,0,0.5315013809657166,0.15999990701675415,0.00016232959751505405,0.03443613648414612,0.6936942227184772,samples/002191_toilet_0408.npz
2192,toilet_0409,35,1,1,0,1.6893713958905014,0.1599999964237213,0.001054049702361226,0.035802826285362244,0.6668054945766926,samples/002192_toilet_0409.npz
2193,toilet_0410,35,23,1,0,0.7288997343207576,0.15999995172023773,0.00028675710200332105,0.02920210361480713,0.6980972215533257,samples/002193_toilet_0410.npz
2194,toilet_0411,35,1,1,0,1.492890496950415,0.1600000113248825,0.0008050573524087667,0.03522878885269165,0.6746745929121971,samples/002194_toilet_0411.npz
2195,toilet_0412,35,1,1,0,0.8248451347650175,0.1599999964237213,0.0003504040651023388,0.02514655329287052,0.6556121781468391,samples/002195_toilet_0412.npz
2196,toilet_0413,35,1,1,0,1.2331486899898518,0.1600000113248825,0.0006312504410743713,0.03392113745212555,0.665866058319807,samples/002196_toilet_0413.npz
2197,toilet_0414,35,23,1,0,0.6664481003422765,0.15999989211559296,0.000254024111200124,0.03624226897954941,0.659755602478981,samples/002197_toilet_0414.npz
2198,toilet_0415,35,37,1,0,1.1655387094788114,0.1599999964237213,0.0005282806814648211,0.03221014142036438,0.6543806567788124,samples/002198_toilet_0415.npz
2199,toilet_0416,35,1,1,0,1.469666864443724,0.1600000113248825,0.000832807389087975,0.03336784243583679,0.6979928910732269,samples/002199_toilet_0416.npz
2200,toilet_0417,35,15,1,0,1.0051705084817804,0.15999996662139893,0.0004205295699648559,0.01671135425567627,0.6562643274664879,samples/002200_toilet_0417.npz
2201,toilet_0418,35,10,1,0,0.6724890963120687,0.1599999964237213,0.0002683833590708673,0.029546096920967102,0.6771569885313511,samples/002201_toilet_0418.npz
2202,toilet_0419,35,37,1,0,1.3337465356283054,0.1600000262260437,0.0007196401129476726,0.03608626127243042,0.6514860279858112,samples/002202_toilet_0419.npz
2203,toilet_0420,35,10,1,0,0.7115872421787934,0.15999972820281982,0.0003248007851652801,0.01723998785018921,0.6555932238698006,samples/002203_toilet_0420.npz
2204,toilet_0421,35,8,1,0,1.188857845685193,0.1600000113248825,0.0005958048859611154,0.030225366353988647,0.660334125161171,samples/002204_toilet_0421.npz
2205,toilet_0422,35,37,1,0,0.9209277733896564,0.15999992191791534,0.00042518030386418104,0.026917576789855957,0.6489677801728249,samples/002205_toilet_0422.npz
2206,toilet_0423,35,37,1,0,0.5271566270924929,0.15999966859817505,0.00016598912770859897,0.017517805099487305,0.69615837931633,samples/002206_toilet_0423.npz
2207,toilet_0424,35,10,1,0,0.6670849625279461,0.15999990701675415,0.00025135642499662936,0.01934320107102394,0.7058372385799885,samples/002207_toilet_0424.npz
2208,toilet_0425,35,38,1,0,0.7053804462715413,0.15999996662139893,0.00034167070407420397,0.020644962787628174,0.7302332371473312,samples/002208_toilet_0425.npz
2209,toilet_0426,35,23,1,0,0.6733859062345486,0.15999996662139893,0.00025662456755526364,0.04099521040916443,0.6701974757015705,samples/002209_toilet_0426.npz
2210,toilet_0427,35,10,1,0,0.9976291267454014,0.15999998152256012,0.0004818694433197379,0.023963481187820435,0.718605525791645,samples/002210_toilet_0427.npz
2211,toilet_0428,35,37,1,0,0.795660130683368,0.15999993681907654,0.0003347173915244639,0.023666923865675926,0.6899398937821388,samples/002211_toilet_0428.npz
2212,toilet_0429,35,1,1,0,1.3033548961906123,0.1599999964237213,0.0007153295446187258,0.03355199098587036,0.693910326808691,samples/002212_toilet_0429.npz
2213,toilet_0430,35,8,1,0,0.8259934036439467,0.1600000262260437,0.0003139927866868675,0.029858440160751343,0.6918739527463913,samples/002213_toilet_0430.npz
2214,toilet_0431,35,26,1,0,1.0315304721550946,0.1599999964237213,0.0004611475160345435,0.024892210960388184,0.6952914372086525,samples/002214_toilet_0431.npz
2215,toilet_0432,35,8,1,0,0.5379143595393626,0.1599995195865631,0.00014964971342124045,0.01622125506401062,0.6588860638439655,samples/002215_toilet_0432.npz
2216,toilet_0433,35,29,1,0,0.4959250861779402,0.1600000262260437,0.00013334907998796552,0.03291231393814087,0.727581936866045,samples/002216_toilet_0433.npz
2217,toilet_0434,35,1,1,0,0.6691691003409185,0.1599999964237213,0.00023632816737517715,0.029681622982025146,0.6872679851949215,samples/002217_toilet_0434.npz
2218,toilet_0435,35,26,1,0,0.938475911500449,0.15999996662139893,0.0003530569956637919,0.024013876914978027,0.6614506542682648,samples/002218_toilet_0435.npz
2219,toilet_0436,35,8,1,0,0.8151981596129497,0.1600000113248825,0.00035011168802157044,0.041348278522491455,0.6823772303760052,samples/002219_toilet_0436.npz
2220,toilet_0437,35,14,1,0,0.7246858602705117,0.159997820854187,0.00032108998857438564,0.02336958795785904,0.6670473404228687,samples/002220_toilet_0437.npz
2221,toilet_0438,35,23,1,0,0.9508906581246874,0.15999996662139893,0.00044549143058247864,0.029345452785491943,0.654919371008873,samples/002221_toilet_0438.npz
2222,toilet_0439,35,14,1,0,0.9094791431373841,0.1599999964237213,0.00042315153405070305,0.041912198066711426,0.6484197527170181,samples/002222_toilet_0439.npz
2223,toilet_0440,35,2,1,0,1.0971905001884779,0.1599999964237213,0.0005033438792452216,0.03552323579788208,0.7234995625913143,samples/002223_toilet_0440.npz
2224,toilet_0441,35,1,1,0,1.5031536448519112,0.1599999964237213,0.0008149005006998777,0.033330440521240234,0.6967817023396492,samples/002224_toilet_0441.npz
2225,toilet_0442,35,1,1,0,1.5024005635152315,0.1599999964237213,0.000810430443380028,0.03122800588607788,0.6954598650336266,samples/002225_toilet_0442.npz
2226,toilet_0443,35,14,1,0,0.7153017421728395,0.15999960899353027,0.00029866470140405,0.028019607067108154,0.6961570978164673,samples/002226_toilet_0443.npz
2227,toilet_0444,35,14,1,0,1.1147547557358932,0.1599999964237213,0.0005852493923157454,0.034172773361206055,0.6907707676291466,samples/002227_toilet_0444.npz
2228,tv_stand_0268,36,4,1,0,0.5488559878732908,0.15999963879585266,0.00018044153694063425,0.013865053653717041,0.7081216536462307,samples/002228_tv_stand_0268.npz
2229,tv_stand_0269,36,4,1,0,0.005033044101198663,0.001718759536743164,2.6980160328093916e-08,3.2186508178710938e-06,0.7473223432898521,samples/002229_tv_stand_0269.npz
2230,tv_stand_0270,36,4,1,0,0.5546853508706165,0.13306522369384766,0.00021684751845896244,0.00929248332977295,0.7004759758710861,samples/002230_tv_stand_0270.npz
2231,tv_stand_0271,36,4,1,0,0.3880596178841402,0.11487334966659546,9.649587445892394e-05,0.009988784790039062,0.7082257457077503,samples/002231_tv_stand_0271.npz
2232,tv_stand_0272,36,4,1,0,0.3879793601519092,0.12436507642269135,0.0001146065624197945,0.010463953018188477,0.7285600937902927,samples/002232_tv_stand_0272.npz
2233,tv_stand_0273,36,4,1,0,0.3879814485322265,0.10541769862174988,0.00012055426486767828,0.012641280889511108,0.6977773569524288,samples/002233_tv_stand_0273.npz
2234,tv_stand_0274,36,23,1,0,0.3880114479551342,0.14047980308532715,0.00011941368575207889,0.014771699905395508,0.7027078866958618,samples/002234_tv_stand_0274.npz
2235,tv_stand_0275,36,3,1,0,0.38246811245318835,0.15999993681907654,8.584957686252892e-05,0.006309688091278076,0.6794654913246632,samples/002235_tv_stand_0275.npz
2236,tv_stand_0276,36,3,1,0,0.000711440730430418,0.00033289194107055664,-2.1626647139783017e-09,1.1920928955078125e-07,0.7144155204296112,samples/002236_tv_stand_0276.npz
2237,tv_stand_0277,36,23,1,0,0.5463506159986743,0.13629189133644104,0.00020368708646856248,0.017506003379821777,0.7394148483872414,samples/002237_tv_stand_0277.npz
2238,tv_stand_0278,36,3,1,0,0.3879746792586391,0.1113419234752655,9.53112612478435e-05,0.00845491886138916,0.7666811980307102,samples/002238_tv_stand_0278.npz
2239,tv_stand_0279,36,3,1,0,0.0007367335474169249,0.0005460381507873535,6.002665031701326e-11,3.5762786865234375e-07,0.7418908178806305,samples/002239_tv_stand_0279.npz
2240,tv_stand_0280,36,4,1,0,0.5976356240995573,0.1599999964237213,0.0002163173194276169,0.021509528160095215,0.755460049957037,samples/002240_tv_stand_0280.npz
2241,tv_stand_0281,36,21,1,0,0.5291446664008986,0.1599997580051422,0.0001929263089550659,0.021751821041107178,0.7442989870905876,samples/002241_tv_stand_0281.npz
2242,tv_stand_0282,36,33,1,0,0.0009113692783989036,0.0005375593900680542,5.456968210637569e-10,2.384185791015625e-07,0.7034563906490803,samples/002242_tv_stand_0282.npz
2243,tv_stand_0283,36,4,1,0,0.3828061891541631,0.15999947488307953,8.346725371666253e-05,0.005106732249259949,0.6755869351327419,samples/002243_tv_stand_0283.npz
2244,tv_stand_0284,36,27,1,0,0.5661560295143715,0.1599998027086258,0.00020059800590388477,0.012314021587371826,0.6562956906855106,samples/002244_tv_stand_0284.npz
2245,tv_stand_0285,36,23,1,0,0.38797928813859434,0.1023000180721283,0.000125677659525536,0.015720903873443604,0.6907546482980251,samples/002245_tv_stand_0285.npz
2246,tv_stand_0286,36,16,1,0,0.6539952166343012,0.1599999964237213,0.00021108865621499717,0.020815834403038025,0.6962738037109375,samples/002246_tv_stand_0286.npz
2247,tv_stand_0287,36,4,1,0,0.5706610920680115,0.15999969840049744,0.0002075649390462786,0.029181301593780518,0.7010246887803078,samples/002247_tv_stand_0287.npz
2248,tv_stand_0288,36,27,1,0,0.3879845018680444,0.11861394345760345,0.00010117251076735556,0.008855357766151428,0.6552977003157139,samples/002248_tv_stand_0288.npz
2249,tv_stand_0289,36,3,1,0,0.5426092810367493,0.1600000113248825,0.00017731660045683384,0.015309080481529236,0.6711295284330845,samples/002249_tv_stand_0289.npz
2250,tv_stand_0290,36,4,1,0,5.967614236850822e-05,2.9802322387695312e-05,2.825800038408488e-09,1.1920928955078125e-07,0.6858815029263496,samples/002250_tv_stand_0290.npz
2251,tv_stand_0291,36,23,1,0,0.38797866882353454,0.1335657387971878,0.0001237727701663971,0.010743588209152222,0.6941791921854019,samples/002251_tv_stand_0291.npz
2252,tv_stand_0292,36,33,1,0,0.36966200747107064,0.15999993681907654,0.00010111421579495072,0.021439790725708008,0.6967258863151073,samples/002252_tv_stand_0292.npz
2253,tv_stand_0293,36,4,1,0,0.5767115570855886,0.15999996662139893,0.00016526220133528113,0.01580502651631832,0.7088799066841602,samples/002253_tv_stand_0293.npz
2254,tv_stand_0294,36,4,1,0,0.5607508643743594,0.12177129089832306,0.00018405818264000118,0.010396614670753479,0.6847225800156593,samples/002254_tv_stand_0294.npz
2255,tv_stand_0295,36,4,1,0,0.3861355140371563,0.15999984741210938,9.922365279635414e-05,0.015588581562042236,0.6941366009414196,samples/002255_tv_stand_0295.npz
2256,tv_stand_0296,36,6,1,0,0.0073504741029653065,0.004919111728668213,5.249421519692987e-08,2.4318695068359375e-05,0.7064882032573223,samples/002256_tv_stand_0296.npz
2257,tv_stand_0297,36,4,1,0,0.3879811892856258,0.11302739381790161,0.0001264203601749614,0.014524340629577637,0.7022248208522797,samples/002257_tv_stand_0297.npz
2258,tv_stand_0298,36,3,1,0,0.3879850491615477,0.10141056776046753,0.0001074522515409626,0.008959829807281494,0.7304594032466412,samples/002258_tv_stand_0298.npz
2259,tv_stand_0299,36,4,1,0,0.7128130726893498,0.15999996662139893,0.0002312542055733502,0.027280054986476898,0.7118644081056118,samples/002259_tv_stand_0299.npz
2260,tv_stand_0300,36,3,1,0,0.38799153021012134,0.0883348286151886,0.00010837192530743778,0.005991056561470032,0.6929398216307163,samples/002260_tv_stand_0300.npz
2261,tv_stand_0301,36,3,1,0,0.5739733697187439,0.15076620876789093,0.00020352107821963727,0.01440022885799408,0.6614115349948406,samples/002261_tv_stand_0301.npz
2262,tv_stand_0302,36,3,1,0,0.3879745064245757,0.110992431640625,9.47547669056803e-05,0.007786870002746582,0.716269213706255,samples/002262_tv_stand_0302.npz
2263,tv_stand_0303,36,33,1,0,0.38796252307511375,0.14268968999385834,0.000110595443402417,0.013164401054382324,0.6884417310357094,samples/002263_tv_stand_0303.npz
2264,tv_stand_0304,36,4,1,0,0.7394491978463962,0.1599993109703064,0.0002814362524077296,0.019072413444519043,0.6843755058944225,samples/002264_tv_stand_0304.npz
2265,tv_stand_0305,36,33,1,0,0.5826115627445705,0.15999990701675415,0.00020583254809025675,0.021213889122009277,0.7383849248290062,samples/002265_tv_stand_0305.npz
2266,tv_stand_0306,36,4,1,0,0.38823496640551414,0.11479541659355164,0.00010401828330941498,0.010243132710456848,0.7804244831204414,samples/002266_tv_stand_0306.npz
2267,tv_stand_0307,36,3,1,0,0.3879827591651673,0.09934146702289581,0.0001081420123227872,0.007792472839355469,0.7622856236994267,samples/002267_tv_stand_0307.npz
2268,tv_stand_0308,36,33,1,0,0.5661670640183328,0.15999996662139893,0.00020655272237490863,0.022059977054595947,0.790588978677988,samples/002268_tv_stand_0308.npz
2269,tv_stand_0309,36,3,1,0,0.005976340246509165,0.0020643621683120728,3.466266207396984e-08,7.033348083496094e-06,0.7699481435120106,samples/002269_tv_stand_0309.npz
2270,tv_stand_0310,36,33,1,0,0.3879794753731852,0.147288978099823,0.00011412089224904776,0.01639696955680847,0.7439825236797333,samples/002270_tv_stand_0310.npz
2271,tv_stand_0311,36,35,1,0,0.3879964125285503,0.12333118915557861,0.00011770303535740823,0.01120603084564209,0.7410354465246201,samples/002271_tv_stand_0311.npz
2272,tv_stand_0312,36,4,1,0,0.7047548794728024,0.15999990701675415,0.00029921261011622846,0.014717534184455872,0.6729244999587536,samples/002272_tv_stand_0312.npz
2273,tv_stand_0313,36,4,1,0,0.38798932666575314,0.12723436951637268,0.00010274991655023769,0.014073982834815979,0.7216487564146519,samples/002273_tv_stand_0313.npz
2274,tv_stand_0314,36,14,1,0,0.0003462087138510467,0.0001518726348876953,5.529727786779404e-10,1.1920928955078125e-07,0.6833346113562584,samples/002274_tv_stand_0314.npz
2275,tv_stand_0315,36,16,1,0,0.3879893122634612,0.1440669596195221,9.332322224508971e-05,0.00961168110370636,0.6648043617606163,samples/002275_tv_stand_0315.npz
2276,tv_stand_0316,36,4,1,0,0.5751828255455667,0.13894060254096985,0.0002401890087639913,0.013642966747283936,0.6794685944914818,samples/002276_tv_stand_0316.npz
2277,tv_stand_0317,36,23,1,0,0.3879613996171247,0.11384093761444092,0.0001303568424191326,0.012711644172668457,0.6937026754021645,samples/002277_tv_stand_0317.npz
2278,tv_stand_0318,36,3,1,0,0.554884036263201,0.14114448428153992,0.0001649433106649667,0.012684836983680725,0.6802854277193546,samples/002278_tv_stand_0318.npz
2279,tv_stand_0319,36,3,1,0,0.3879764940116562,0.11674050986766815,9.935060370480642e-05,0.0105668306350708,0.6791769452393055,samples/002279_tv_stand_0319.npz
2280,tv_stand_0320,36,14,1,0,0.5654482863139412,0.159999817609787,0.00019440619507804513,0.010930150747299194,0.6962885744869709,samples/002280_tv_stand_0320.npz
2281,tv_stand_0321,36,33,1,0,0.38378281624639576,0.15999934077262878,0.00011064937280025333,0.02144491672515869,0.6836608871817589,samples/002281_tv_stand_0321.npz
2282,tv_stand_0322,36,4,1,0,0.6648870622129168,0.15999996662139893,0.00020577044051606208,0.011848092079162598,0.6951353326439857,samples/002282_tv_stand_0322.npz
2283,tv_stand_0323,36,4,1,0,0.3880076027434395,0.09000501036643982,0.00011909680324606597,0.011345446109771729,0.693254429847002,samples/002283_tv_stand_0323.npz
2284,tv_stand_0324,36,38,1,0,0.5438207966656399,0.14756301045417786,0.0001678017433732748,0.014778241515159607,0.6868938729166985,samples/002284_tv_stand_0324.npz
2285,tv_stand_0325,36,23,1,0,0.3879792017225988,0.10689719021320343,0.00010925046080956236,0.00928407907485962,0.69737134501338,samples/002285_tv_stand_0325.npz
2286,tv_stand_0326,36,16,1,0,0.38796744896789265,0.11229205131530762,0.00011857518256874755,0.00968170166015625,0.6542727500200272,samples/002286_tv_stand_0326.npz
2287,tv_stand_0327,36,21,1,0,0.38800290778910257,0.11803029477596283,0.00011129233462270349,0.011384308338165283,0.6537103280425072,samples/002287_tv_stand_0327.npz
2288,tv_stand_0328,36,4,1,0,0.5519550072380741,0.1599993109703064,0.000192293940926902,0.0079098641872406,0.658246748149395,samples/002288_tv_stand_0328.npz
2289,tv_stand_0329,36,4,1,0,0.002149260300344995,0.0007744431495666504,4.1675320971990004e-09,9.834766387939453e-07,0.6818351186811924,samples/002289_tv_stand_0329.npz
2290,tv_stand_0330,36,3,1,0,0.3877081928948147,0.1599999964237213,7.794688281137496e-05,0.005567479878664017,0.681315116584301,samples/002290_tv_stand_0330.npz
2291,tv_stand_0331,36,4,1,0,0.559037299219899,0.1599997878074646,0.00017317211313638836,0.015111178159713745,0.658831387758255,samples/002291_tv_stand_0331.npz
2292,tv_stand_0332,36,3,1,0,0.38803317916567515,0.13382261991500854,8.895355858840048e-05,0.00779077410697937,0.6460458748042583,samples/002292_tv_stand_0332.npz
2293,tv_stand_0333,36,7,1,0,0.5201379775427097,0.13542774319648743,0.0001580291718710214,0.011276543140411377,0.7106925882399082,samples/002293_tv_stand_0333.npz
2294,tv_stand_0334,36,16,1,0,0.38797826554808046,0.11407196521759033,9.139089524978772e-05,0.007208302617073059,0.7022337876260281,samples/002294_tv_stand_0334.npz
2295,tv_stand_0335,36,16,1,0,0.3879826295423265,0.15576861798763275,7.81607668614015e-05,0.014520741999149323,0.6524858511984348,samples/002295_tv_stand_0335.npz
2296,tv_stand_0336,36,16,1,0,0.005108548021637815,0.001954019069671631,2.4818291421979666e-08,4.0531158447265625e-06,0.6657390668988228,samples/002296_tv_stand_0336.npz
2297,tv_stand_0337,36,27,1,0,0.0020593947949953976,0.0018416643142700195,6.028130883350968e-09,3.3974647521972656e-06,0.659701619297266,samples/002297_tv_stand_0337.npz
2298,tv_stand_0338,36,21,1,0,0.0006972319812227309,0.000540316104888916,6.421032594516873e-10,4.76837158203125e-07,0.6853951960802078,samples/002298_tv_stand_0338.npz
2299,tv_stand_0339,36,25,1,0,0.002898146933529787,0.0023407936096191406,9.351424523629248e-09,5.4836273193359375e-06,0.6717383749783039,samples/002299_tv_stand_0339.npz
2300,tv_stand_0340,36,4,1,0,0.569020800783102,0.1599999964237213,0.00020656228298321366,0.020566165447235107,0.6589412838220596,samples/002300_tv_stand_0340.npz
2301,tv_stand_0341,36,12,1,0,0.38801548034593997,0.13769665360450745,0.0001085147523554042,0.006403326988220215,0.7018206343054771,samples/002301_tv_stand_0341.npz
2302,tv_stand_0342,36,23,1,0,0.003838156213083818,0.0029782354831695557,1.697662810329348e-08,8.910894393920898e-06,0.7403868027031422,samples/002302_tv_stand_0342.npz
2303,tv_stand_0343,36,3,1,0,0.529804021965272,0.1600000113248825,0.00017140584532171488,0.01564568281173706,0.6942512132227421,samples/002303_tv_stand_0343.npz
2304,tv_stand_0344,36,23,1,0,0.38797963380238387,0.12260949611663818,0.00011332993017276749,0.013628840446472168,0.762886181473732,samples/002304_tv_stand_0344.npz
2305,tv_stand_0345,36,16,1,0,0.5272032444586542,0.15999966859817505,0.00020133599173277617,0.019969254732131958,0.8031216636300087,samples/002305_tv_stand_0345.npz
2306,tv_stand_0346,36,3,1,0,0.5298482127832745,0.1555720567703247,0.00016028650861699134,0.01488303393125534,0.7341034635901451,samples/002306_tv_stand_0346.npz
2307,tv_stand_0347,36,16,1,0,0.004226589244841755,0.00275266170501709,1.8655555322766304e-08,7.62939453125e-06,0.7173505872488022,samples/002307_tv_stand_0347.npz
2308,tv_stand_0348,36,25,1,0,0.38800155401871095,0.14394724369049072,0.00010453731374582276,0.008119046688079834,0.718861497938633,samples/002308_tv_stand_0348.npz
2309,tv_stand_0349,36,23,1,0,0.0005791857217086009,0.0003399848937988281,1.0331859812140465e-09,1.1920928955078125e-07,0.7152351066470146,samples/002309_tv_stand_0349.npz
2310,tv_stand_0350,36,4,1,0,0.3880018420553601,0.1194911003112793,0.00011079471005359665,0.007728070020675659,0.6875775828957558,samples/002310_tv_stand_0350.npz
2311,tv_stand_0351,36,21,1,0,0.3879526278909618,0.15320611000061035,0.0001238560362253338,0.016390740871429443,0.6807412654161453,samples/002311_tv_stand_0351.npz
2312,tv_stand_0352,36,23,1,0,0.0053859071743312835,0.002300739288330078,3.137392923235893e-08,7.331371307373047e-06,0.65444116294384,samples/002312_tv_stand_0352.npz
2313,tv_stand_0353,36,4,1,0,0.3879692061425799,0.12911048531532288,9.619623597245663e-05,0.010500103235244751,0.6496409215033054,samples/002313_tv_stand_0353.npz
2314,tv_stand_0354,36,4,1,0,0.009857340307932323,0.0032986998558044434,9.380300980410539e-08,1.329183578491211e-05,0.7324921824038029,samples/002314_tv_stand_0354.npz
2315,tv_stand_0355,36,22,1,0,0.0006120889864623498,0.00028443336486816406,1.356966095045209e-09,2.384185791015625e-07,0.6878026090562344,samples/002315_tv_stand_0355.npz
2316,tv_stand_0356,36,4,1,0,0.38798298960566624,0.10486793518066406,0.000117916839371901,0.008677870035171509,0.6526948697865009,samples/002316_tv_stand_0356.npz
2317,tv_stand_0357,36,14,1,0,0.003055434991835199,0.0030170679092407227,1.076841726899147e-08,9.179115295410156e-06,0.6592235751450062,samples/002317_tv_stand_0357.npz
2318,tv_stand_0358,36,3,1,0,0.5384037927514698,0.15999990701675415,0.00016931124264374375,0.017878979444503784,0.6568386107683182,samples/002318_tv_stand_0358.npz
2319,tv_stand_0359,36,4,1,0,0.5730020322201925,0.15999995172023773,0.00021286835544742644,0.014934256672859192,0.6642612814903259,samples/002319_tv_stand_0359.npz
2320,tv_stand_0360,36,27,1,0,0.5433309362498553,0.15999943017959595,0.00016154430340975523,0.008476128801703453,0.7070548795163631,samples/002320_tv_stand_0360.npz
2321,tv_stand_0361,36,3,1,0,0.002244006178985692,0.0016193091869354248,4.554749466478825e-09,2.7418136596679688e-06,0.735797468572855,samples/002321_tv_stand_0361.npz
2322,tv_stand_0362,36,23,1,0,0.0011106899869098882,0.000669524073600769,-7.639755494892597e-10,6.556510925292969e-07,0.7186290808022022,samples/002322_tv_stand_0362.npz
2323,tv_stand_0363,36,1,1,0,0.542425796679221,0.15390855073928833,0.00023076859361026436,0.020255982875823975,0.6789325512945652,samples/002323_tv_stand_0363.npz
2324,tv_stand_0364,36,16,1,0,0.29849352522937245,0.15999987721443176,5.505979061126709e-05,0.01572185754776001,0.6796397604048252,samples/002324_tv_stand_0364.npz
2325,tv_stand_0365,36,4,1,0,0.00531321772785133,0.002033218741416931,2.8685462893918157e-08,5.334615707397461e-06,0.6814232841134071,samples/002325_tv_stand_0365.npz
2326,tv_stand_0366,36,3,1,0,0.0012342663648423373,0.001089930534362793,2.2514825559483143e-09,1.1920928955078125e-06,0.7026768811047077,samples/002326_tv_stand_0366.npz
2327,tv_stand_0367,36,3,1,0,0.3879835801088201,0.09726689755916595,0.00010770059452624992,0.010278388857841492,0.6959577798843384,samples/002327_tv_stand_0367.npz
2328,vase_0476,37,15,1,0,0.5790097773410783,0.15999990701675415,0.00022891875414643437,0.019353032112121582,0.6981487236917019,samples/002328_vase_0476.npz
2329,vase_0477,37,15,1,0,1.8069492385798054,0.1600000262260437,0.001374078099615872,0.04581066966056824,0.6955235563218594,samples/002329_vase_0477.npz
2330,vase_0478,37,15,1,0,1.0276940767397573,0.1600000262260437,0.0004949053400196135,0.03937041759490967,0.7618256397545338,samples/002330_vase_0478.npz
2331,vase_0479,37,15,1,0,1.9666516156617442,0.1599999964237213,0.0017019923543557525,0.05343419313430786,0.7074931673705578,samples/002331_vase_0479.npz
2332,vase_0480,37,10,1,0,0.0016071851591890679,0.001088261604309082,3.14321368932724e-09,1.3113021850585938e-06,0.6578706428408623,samples/002332_vase_0480.npz
2333,vase_0481,37,15,1,0,0.3879721155454661,0.10163792967796326,8.165704639395699e-05,0.0070088207721710205,0.6490451768040657,samples/002333_vase_0481.npz
2334,vase_0482,37,15,1,0,0.6881583919270944,0.1599999964237213,0.00026233086828142405,0.03147679567337036,0.6585199162364006,samples/002334_vase_0482.npz
2335,vase_0483,37,15,1,0,0.5141561567797617,0.159999817609787,0.00010726129403337836,0.015986084938049316,0.6474555730819702,samples/002335_vase_0483.npz
2336,vase_0484,37,19,1,0,0.49105821210861533,0.15999993681907654,0.0001324332260992378,0.008783280849456787,0.6636865399777889,samples/002336_vase_0484.npz
2337,vase_0485,37,6,1,0,8.713207425116153e-05,3.7282705307006836e-05,3.230525180697441e-09,2.384185791015625e-07,0.6984733827412128,samples/002337_vase_0485.npz
2338,vase_0486,37,15,1,0,0.665269584866352,0.1599999964237213,0.000248219002969563,0.03026401996612549,0.7023163847625256,samples/002338_vase_0486.npz
2339,vase_0487,37,5,1,0,0.00036179591734902475,0.00022280216217041016,-1.6589183360338211e-09,1.1920928955078125e-07,0.7071119844913483,samples/002339_vase_0487.npz
2340,vase_0488,37,10,1,0,1.3358572550983854,0.1599999964237213,0.0007428243407048285,0.027894198894500732,0.6769017390906811,samples/002340_vase_0488.npz
2341,vase_0489,37,15,1,0,1.911983809278881,0.1599999964237213,0.0011924263089895248,0.038200825452804565,0.6534771248698235,samples/002341_vase_0489.npz
2342,vase_0490,37,10,1,0,0.0017041952233843437,0.00150221586227417,1.367880031466484e-09,2.2649765014648438e-06,0.6637702286243439,samples/002342_vase_0490.npz
2343,vase_0491,37,26,1,0,0.5417631129146437,0.1599997729063034,0.00015424215234816074,0.019160091876983643,0.6533214598894119,samples/002343_vase_0491.npz
2344,vase_0492,37,15,1,0,1.4885092733323044,0.15999996662139893,0.0008163498714566231,0.05136185884475708,0.6487500295042992,samples/002344_vase_0492.npz
2345,vase_0493,37,15,1,0,0.6675866021008151,0.1600000262260437,0.00022558662749361247,0.031174182891845703,0.6518803089857101,samples/002345_vase_0493.npz
2346,vase_0494,37,5,1,0,0.00028845687083233867,0.00022941827774047852,-3.2014213502407074e-10,1.1920928955078125e-07,0.6680917702615261,samples/002346_vase_0494.npz
2347,vase_0495,37,10,1,0,0.6825179326667355,0.1599999964237213,0.0002091716742143035,0.011806607246398926,0.6582229435443878,samples/002347_vase_0495.npz
2348,vase_0496,37,5,1,0,1.9662280505507916,0.1600000262260437,0.0014008190482854843,0.045986294746398926,0.6658710092306137,samples/002348_vase_0496.npz
2349,vase_0497,37,15,1,0,1.1122516890736138,0.1599999964237213,0.0005369730060920119,0.03331869840621948,0.6752349883317947,samples/002349_vase_0497.npz
2350,vase_0498,37,15,1,0,0.0004045908845502614,0.00039705634117126465,-2.9103830456733704e-10,1.1920928955078125e-07,0.6577053405344486,samples/002350_vase_0498.npz
2351,vase_0499,37,15,1,0,0.7594981470449571,0.15999993681907654,0.00032461737282574177,0.02780914306640625,0.70749406889081,samples/002351_vase_0499.npz
2352,vase_0500,37,5,1,0,0.6743469894291066,0.15999996662139893,0.00028705905424430966,0.030813217163085938,0.6710931472480297,samples/002352_vase_0500.npz
2353,vase_0501,37,37,0,0,2.3067244499150075,0.1600000262260437,0.002034964505583048,0.051383018493652344,0.6831246204674244,samples/002353_vase_0501.npz
2354,vase_0502,37,5,1,0,0.9993840794392405,0.15999998152256012,0.0005174452089704573,0.009238243103027344,0.6720622852444649,samples/002354_vase_0502.npz
2355,vase_0503,37,15,1,0,1.2593621605911982,0.1600000262260437,0.000934325042180717,0.03215605020523071,0.676877748221159,samples/002355_vase_0503.npz
2356,vase_0504,37,37,0,0,2.571257582724243,0.1600000262260437,0.002519718836992979,0.059750258922576904,0.6601391956210136,samples/002356_vase_0504.npz
2357,vase_0505,37,23,1,0,0.38798035393428965,0.13633787631988525,0.00010617026418913156,0.006247222423553467,0.6663216277956963,samples/002357_vase_0505.npz
2358,vase_0506,37,15,1,0,0.5524350558922902,0.15999972820281982,0.00021103007020428777,0.0208931565284729,0.6993659026920795,samples/002358_vase_0506.npz
2359,vase_0507,37,15,1,0,1.0981627005248171,0.15999987721443176,0.0006457975832745433,0.053676724433898926,0.6513036005198956,samples/002359_vase_0507.npz
2360,vase_0508,37,15,1,0,0.3879897155274334,0.10542714595794678,0.00010057190957013518,0.010159961879253387,0.6530561000108719,samples/002360_vase_0508.npz
2361,vase_0509,37,5,1,0,1.143037830697924,0.15999987721443176,0.0004906250396743417,0.031049609184265137,0.6567237339913845,samples/002361_vase_0509.npz
2362,vase_0510,37,15,1,0,0.5453649585817185,0.1599999964237213,0.00018887233454734087,0.010841608047485352,0.663422666490078,samples/002362_vase_0510.npz
2363,vase_0511,37,5,1,0,0.4888328488368432,0.15999913215637207,0.00014664740592706949,0.017014801502227783,0.6515836343169212,samples/002363_vase_0511.npz
2364,vase_0512,37,5,1,0,0.8398222099913075,0.1599999964237213,0.00027084132307209074,0.031111061573028564,0.6991853080689907,samples/002364_vase_0512.npz
2365,vase_0513,37,15,1,0,0.38797859681009134,0.10943557322025299,0.00012914850958622992,0.00913006067276001,0.7064261734485626,samples/002365_vase_0513.npz
2366,vase_0514,37,15,1,0,0.898465579050223,0.1599999964237213,0.00043505142093636096,0.03457295894622803,0.6984289027750492,samples/002366_vase_0514.npz
2367,vase_0515,37,14,1,0,0.6638250824116785,0.15999972820281982,0.0002944802981801331,0.032028794288635254,0.6740571111440659,samples/002367_vase_0515.npz
2368,vase_0516,37,15,1,0,5.054330167883162e-05,1.7255544662475586e-05,-3.2014213502407074e-09,1.1920928955078125e-07,0.6540567576885223,samples/002368_vase_0516.npz
2369,vase_0517,37,5,1,0,1.1049316503349544,0.1600000262260437,0.0006245751865208149,0.040040016174316406,0.6458140648901463,samples/002369_vase_0517.npz
2370,vase_0518,37,15,1,0,1.923166166949084,0.1600000262260437,0.001498817466199398,0.04596453905105591,0.6430874355137348,samples/002370_vase_0518.npz
2371,vase_0519,37,10,1,0,0.5304253292150501,0.159999817609787,0.00016287917969748378,0.015234887599945068,0.6417330540716648,samples/002371_vase_0519.npz
2372,vase_0520,37,10,1,0,0.6107053357050521,0.15999993681907654,0.00020880512602161616,0.035000383853912354,0.6469907611608505,samples/002372_vase_0520.npz
2373,vase_0521,37,15,1,0,0.6895757787603746,0.1599995195865631,0.00029628764605149627,0.03698718547821045,0.6445234790444374,samples/002373_vase_0521.npz
2374,vase_0522,37,10,1,0,0.387963516900623,0.12806832790374756,0.00010304711759090424,0.011410117149353027,0.6475257724523544,samples/002374_vase_0522.npz
2375,vase_0523,37,10,1,0,0.00019814875449545842,0.00013968348503112793,-8.731149137020111e-10,1.1920928955078125e-07,0.6777610331773758,samples/002375_vase_0523.npz
2376,vase_0524,37,15,1,0,2.5714144677956137,0.1600000262260437,0.002831198275089264,0.058525919914245605,0.6970057860016823,samples/002376_vase_0524.npz
2377,vase_0525,37,15,1,0,1.2369131719820041,0.1599999964237213,0.0009498341241851449,0.042944371700286865,0.6593984998762608,samples/002377_vase_0525.npz
2378,vase_0526,37,15,1,0,1.5555769901369394,0.15999996662139893,0.001302827149629593,0.030753791332244873,0.7206290997564793,samples/002378_vase_0526.npz
2379,vase_0527,37,15,1,0,0.5418869122512494,0.1599999964237213,0.00016959087224677205,0.017567336559295654,0.6865672618150711,samples/002379_vase_0527.npz
2380,vase_0528,37,10,1,0,0.38796517327081426,0.13872364163398743,0.00010010911501012743,0.01363721489906311,0.6499122604727745,samples/002380_vase_0528.npz
2381,vase_0529,37,15,1,0,0.6960258360848154,0.12486511468887329,0.00035787190427072346,0.014190822839736938,0.6630130149424076,samples/002381_vase_0529.npz
2382,vase_0530,37,5,1,0,0.0010903497202437676,0.0005402565002441406,4.9112713895738125e-11,3.5762786865234375e-07,0.7338226735591888,samples/002382_vase_0530.npz
2383,vase_0531,37,10,1,0,0.38798173658380186,0.14130747318267822,8.895814244169742e-05,0.011507809162139893,0.7362976036965847,samples/002383_vase_0531.npz
2384,vase_0532,37,15,1,0,1.7521314243183361,0.1599999964237213,0.0011509328614920378,0.05574846267700195,0.7521334812045097,samples/002384_vase_0532.npz
2385,vase_0533,37,22,1,0,1.3296042114781566,0.15999996662139893,0.000721760094165802,0.05502539873123169,0.6756193861365318,samples/002385_vase_0533.npz
2386,vase_0534,37,10,1,0,0.0037120974353884646,0.0036156177520751953,1.3387762010097504e-08,1.3470649719238281e-05,0.6663569249212742,samples/002386_vase_0534.npz
2387,vase_0535,37,15,1,0,0.7236813980657054,0.1600000262260437,0.00028615095652639866,0.04180765151977539,0.6650179848074913,samples/002387_vase_0535.npz
2388,vase_0536,37,15,1,0,0.6481463571522456,0.15999621152877808,0.00035009311977773905,0.020438015460968018,0.648572713136673,samples/002388_vase_0536.npz
2389,vase_0537,37,10,1,0,0.0002679505873567487,0.0001852661371231079,-3.4924596548080444e-09,1.1920928955078125e-07,0.648508433252573,samples/002389_vase_0537.npz
2390,vase_0538,37,15,1,0,2.3157239298209107,0.1600000262260437,0.0016978038474917412,0.042103350162506104,0.6402474567294121,samples/002390_vase_0538.npz
2391,vase_0539,37,37,0,0,2.7895071492654795,0.1600000262260437,0.00279438029974699,0.04472225904464722,0.6459459662437439,samples/002391_vase_0539.npz
2392,vase_0540,37,15,1,0,0.7445645363923206,0.1599999964237213,0.00029201863799244165,0.03385579586029053,0.6504540257155895,samples/002392_vase_0540.npz
2393,vase_0541,37,5,1,0,0.6651693208148141,0.15999990701675415,0.00026112247724086046,0.029843389987945557,0.6543522216379642,samples/002393_vase_0541.npz
2394,vase_0542,37,15,1,0,1.01850330665737,0.15999984741210938,0.0004864611546508968,0.018791139125823975,0.6688306145370007,samples/002394_vase_0542.npz
2395,vase_0543,37,10,1,0,0.00019239435523976323,0.00011748075485229492,2.6193447411060333e-10,1.1920928955078125e-07,0.6605174839496613,samples/002395_vase_0543.npz
2396,vase_0544,37,5,1,0,0.3757391588822871,0.15999971330165863,7.438884495059028e-05,0.014736175537109375,0.6962480954825878,samples/002396_vase_0544.npz
2397,vase_0545,37,10,1,0,0.00038017199358403834,0.00024643540382385254,-6.693881005048752e-10,1.1920928955078125e-07,0.6920725740492344,samples/002397_vase_0545.npz
2398,vase_0546,37,15,1,0,1.0860471738691164,0.15999996662139893,0.000597179401665926,0.04559236764907837,0.690433457493782,samples/002398_vase_0546.npz
2399,vase_0547,37,15,1,0,0.3879818950120772,0.11013063788414001,9.59117678576149e-05,0.008584797382354736,0.6521816961467266,samples/002399_vase_0547.npz
2400,vase_0548,37,10,1,0,0.0007545268052998906,0.0004460960626602173,2.153683453798294e-09,1.7881393432617188e-07,0.6540886200964451,samples/002400_vase_0548.npz
2401,vase_0549,37,26,1,0,0.7763384831718246,0.15999984741210938,0.00022407565847970545,0.0204332172870636,0.6535880155861378,samples/002401_vase_0549.npz
2402,vase_0550,37,15,1,0,1.0191793601825176,0.1599997878074646,0.00039554020622745156,0.03369140625,0.7043609097599983,samples/002402_vase_0550.npz
2403,vase_0551,37,10,1,0,0.00040232556391896717,0.00033473968505859375,5.238689482212067e-10,2.384185791015625e-07,0.7172592580318451,samples/002403_vase_0551.npz
2404,vase_0552,37,15,1,0,0.6890808375507103,0.1599997878074646,0.00023025186965242028,0.03351461887359619,0.7094672806560993,samples/002404_vase_0552.npz
2405,vase_0553,37,6,1,0,0.0003539631202010379,0.00030493736267089844,-5.820766091346741e-11,1.1920928955078125e-07,0.6522377915680408,samples/002405_vase_0553.npz
2406,vase_0554,37,37,0,0,2.210521133092312,0.1600000262260437,0.0019400226883590221,0.060286879539489746,0.6605979725718498,samples/002406_vase_0554.npz
2407,vase_0555,37,10,1,0,0.878656377241045,0.1600000113248825,0.0003175833844579756,0.0196344256401062,0.6907245889306068,samples/002407_vase_0555.npz
2408,vase_0556,37,15,1,0,1.0418233260925787,0.1599999964237213,0.00043534752330742776,0.044872939586639404,0.6686007678508759,samples/002408_vase_0556.npz
2409,vase_0557,37,28,1,0,0.009977576789549409,0.003254830837249756,9.77670424617827e-08,1.138448715209961e-05,0.706828560680151,samples/002409_vase_0557.npz
2410,vase_0558,37,15,1,0,0.5638376067660485,0.159999817609787,0.000160898023750633,0.01750582456588745,0.7302559651434422,samples/002410_vase_0558.npz
2411,vase_0559,37,10,1,0,0.0005847631047452094,0.0004941821098327637,4.394678398966789e-09,2.384185791015625e-07,0.7280102148652077,samples/002411_vase_0559.npz
2412,vase_0560,37,6,1,0,3.4488276445633596e-05,5.513429641723633e-06,-3.7834979593753815e-10,2.384185791015625e-07,0.7014393322169781,samples/002412_vase_0560.npz
2413,vase_0561,37,15,1,0,0.7653863495990288,0.15999987721443176,0.00023989376495592296,0.04218876361846924,0.68796606361866,samples/002413_vase_0561.npz
2414,vase_0562,37,10,1,0,0.38798961471147964,0.07025060057640076,0.00012108698865631595,0.006665527820587158,0.6659836620092392,samples/002414_vase_0562.npz
2415,vase_0563,37,15,1,0,0.9279448421062166,0.1600000262260437,0.0005887978477403522,0.038688480854034424,0.6858571320772171,samples/002415_vase_0563.npz
2416,vase_0564,37,5,1,0,0.3879811028700538,0.14907953143119812,5.9079742641188204e-05,0.00880509614944458,0.6748423874378204,samples/002416_vase_0564.npz
2417,vase_0565,37,15,1,0,2.5430759108505567,0.1600000262260437,0.0024793753400444984,0.04620081186294556,0.6831700466573238,samples/002417_vase_0565.npz
2418,vase_0566,37,15,1,0,1.2774204616085043,0.1599999964237213,0.0008995970129035413,0.049094557762145996,0.6950320526957512,samples/002418_vase_0566.npz
2419,vase_0567,37,13,1,0,0.3879797490235786,0.09439846873283386,6.85148115735501e-05,0.007411301136016846,0.6732933223247528,samples/002419_vase_0567.npz
2420,vase_0568,37,5,1,0,0.0002989126255711117,0.00015245378017425537,-9.89530235528946e-10,1.1920928955078125e-07,0.6893036216497421,samples/002420_vase_0568.npz
2421,vase_0569,37,15,1,0,0.7170745872922487,0.15082162618637085,0.00030517770210281014,0.015788912773132324,0.7158103995025158,samples/002421_vase_0569.npz
2422,vase_0570,37,15,1,0,1.6685288357710695,0.1600000262260437,0.0011029229499399662,0.04074019193649292,0.68337132781744,samples/002422_vase_0570.npz
2423,vase_0571,37,26,1,0,0.9824527864541592,0.1600000262260437,0.0003177666512783617,0.033928632736206055,0.6794530712068081,samples/002423_vase_0571.npz
2424,vase_0572,37,10,1,0,0.38801189440046496,0.12755537033081055,7.471926073776558e-05,0.007224142551422119,0.6916837580502033,samples/002424_vase_0572.npz
2425,vase_0573,37,15,1,0,2.253164291568323,0.1600000262260437,0.0016812249086797237,0.040707677602767944,0.6873803995549679,samples/002425_vase_0573.npz
2426,vase_0574,37,15,1,0,0.7263683859642668,0.15999986231327057,0.00019851654360536486,0.031423330307006836,0.6688739471137524,samples/002426_vase_0574.npz
2427,vase_0575,37,15,1,0,0.5744395512720746,0.12246301770210266,0.000245923874899745,0.012400895357131958,0.6682089976966381,samples/002427_vase_0575.npz
2428,wardrobe_0088,38,4,1,0,0.6548020874838392,0.15999990701675415,0.00022539810743182898,0.03639853000640869,0.6805648878216743,samples/002428_wardrobe_0088.npz
2429,wardrobe_0089,38,21,1,0,0.3881185225162771,0.15188854932785034,0.00010614049097057432,0.0216808021068573,0.6645913980901241,samples/002429_wardrobe_0089.npz
2430,wardrobe_0090,38,4,1,0,0.7544692215471857,0.159999817609787,0.00028476217994466424,0.020143568515777588,0.6961819976568222,samples/002430_wardrobe_0090.npz
2431,wardrobe_0091,38,4,1,0,0.0027169446510135475,0.002166852355003357,4.129105946049094e-09,4.708766937255859e-06,0.7270695455372334,samples/002431_wardrobe_0091.npz
2432,wardrobe_0092,38,39,1,0,0.5448110939546879,0.15999996662139893,0.00014861903036944568,0.014186322689056396,0.6810402795672417,samples/002432_wardrobe_0092.npz
2433,wardrobe_0093,38,39,1,0,0.388333619114903,0.1037607192993164,8.863432594807819e-05,0.009732365608215332,0.6952332481741905,samples/002433_wardrobe_0093.npz
2434,wardrobe_0094,38,14,1,0,0.007959306197008074,0.004038006067276001,6.175832822918892e-08,1.8835067749023438e-05,0.7067258954048157,samples/002434_wardrobe_0094.npz
2435,wardrobe_0095,38,4,1,0,0.004727767635021757,0.002547025680541992,2.179785951739177e-08,8.165836334228516e-06,0.6735834069550037,samples/002435_wardrobe_0095.npz
2436,wardrobe_0096,38,4,1,0,0.5641534663261496,0.15999993681907654,0.00016744932509027421,0.029072105884552002,0.6706247664988041,samples/002436_wardrobe_0096.npz
2437,wardrobe_0097,38,4,1,0,0.7453421856708351,0.15999984741210938,0.000252135272603482,0.02730405330657959,0.7069030627608299,samples/002437_wardrobe_0097.npz
2438,wardrobe_0098,38,23,1,0,0.013858916441987657,0.003594815731048584,1.889020495582372e-07,1.3113021850585938e-05,0.7233754768967628,samples/002438_wardrobe_0098.npz
2439,wardrobe_0099,38,14,1,0,0.38806388016687393,0.154255673289299,9.831438364926726e-05,0.018888771533966064,0.7226592600345612,samples/002439_wardrobe_0099.npz
2440,wardrobe_0100,38,39,1,0,0.580110549020572,0.15960615873336792,0.00017646243213675916,0.016651153564453125,0.7034154459834099,samples/002440_wardrobe_0100.npz
2441,wardrobe_0101,38,14,1,0,0.009600019155462894,0.0026453137397766113,8.97443896974437e-08,8.702278137207031e-06,0.6816038116812706,samples/002441_wardrobe_0101.npz
2442,wardrobe_0102,38,4,1,0,0.5378759220083474,0.1275998055934906,0.00015071751840878278,0.012460649013519287,0.6777953952550888,samples/002442_wardrobe_0102.npz
2443,wardrobe_0103,38,4,1,0,0.786915388411529,0.15999984741210938,0.0003118431777693331,0.02575087547302246,0.6782180182635784,samples/002443_wardrobe_0103.npz
2444,wardrobe_0104,38,4,1,0,0.6939262436904919,0.1599999964237213,0.0002345790999243036,0.02030026912689209,0.6751475445926189,samples/002444_wardrobe_0104.npz
2445,wardrobe_0105,38,39,1,0,0.005636350755949633,0.0038088560104370117,3.2014213502407074e-08,1.537799835205078e-05,0.6633550450205803,samples/002445_wardrobe_0105.npz
2446,wardrobe_0106,38,4,1,0,0.49757140407973494,0.15999901294708252,0.0001678763364907354,0.031110167503356934,0.663587711751461,samples/002446_wardrobe_0106.npz
2447,wardrobe_0107,38,4,1,0,0.6645449849029396,0.15999984741210938,0.00025641752290539443,0.03535759449005127,0.6719957664608955,samples/002447_wardrobe_0107.npz
2448,xbox_0104,39,38,1,0,0.5237495858457106,0.15999877452850342,0.00016794790280982852,0.01858818531036377,0.6786401085555553,samples/002448_xbox_0104.npz
2449,xbox_0105,39,14,1,0,0.004600984961959164,0.0045195817947387695,2.1878804545849562e-08,2.0623207092285156e-05,0.694724939763546,samples/002449_xbox_0105.npz
2450,xbox_0106,39,25,1,0,0.36213608183411755,0.15999895334243774,8.184736361727118e-05,0.01743006706237793,0.6755703054368496,samples/002450_xbox_0106.npz
2451,xbox_0107,39,38,1,0,0.38811810498862576,0.14161229133605957,0.00010328527423553169,0.01198267936706543,0.6889733262360096,samples/002451_xbox_0107.npz
2452,xbox_0108,39,38,1,0,0.0034088899345369734,0.002792537212371826,1.227454049512744e-08,7.867813110351562e-06,0.6868834346532822,samples/002452_xbox_0108.npz
2453,xbox_0109,39,24,1,0,0.7876893360867493,0.1599999964237213,0.00025595296756364405,0.021549291908740997,0.6637341901659966,samples/002453_xbox_0109.npz
2454,xbox_0110,39,38,1,0,0.47437209803179864,0.15999960899353027,0.00014908815501257777,0.0164775550365448,0.6869320832192898,samples/002454_xbox_0110.npz
2455,xbox_0111,39,14,1,0,0.4808885787041302,0.15999990701675415,0.0001408756652381271,0.016397953033447266,0.689788218587637,samples/002455_xbox_0111.npz
2456,xbox_0112,39,38,1,0,0.4958189781565914,0.1219247430562973,0.0001624243741389364,0.011740684509277344,0.6783160679042339,samples/002456_xbox_0112.npz
2457,xbox_0113,39,11,1,0,0.6266243330965083,0.15999960899353027,0.0002076018718071282,0.038245975971221924,0.6606736555695534,samples/002457_xbox_0113.npz
2458,xbox_0114,39,38,1,0,0.6164656896905358,0.15999983251094818,0.00021610315889120102,0.020432956516742706,0.6597215086221695,samples/002458_xbox_0114.npz
2459,xbox_0115,39,4,1,0,0.0014240903388829703,0.0006681680679321289,4.588400770444423e-09,4.76837158203125e-07,0.6523011289536953,samples/002459_xbox_0115.npz
2460,xbox_0116,39,38,1,0,0.38798251432198716,0.13643799722194672,0.00010102424857905135,0.013905048370361328,0.6476528011262417,samples/002460_xbox_0116.npz
2461,xbox_0117,39,38,1,0,0.009320076369111642,0.0022563934326171875,8.716597221791744e-08,6.258487701416016e-06,0.6565670929849148,samples/002461_xbox_0117.npz
2462,xbox_0118,39,4,1,0,0.3880169204753577,0.14577873051166534,0.0001008635590551421,0.014915525913238525,0.6563113629817963,samples/002462_xbox_0118.npz
2463,xbox_0119,39,14,1,0,0.5236481128977153,0.13844484090805054,0.0001783241459634155,0.014602720737457275,0.7159276679158211,samples/002463_xbox_0119.npz
2464,xbox_0120,39,38,1,0,0.0034599951498291708,0.0032784342765808105,1.300759322475642e-08,1.0728836059570312e-05,0.756414707750082,samples/002464_xbox_0120.npz
2465,xbox_0121,39,12,1,0,0.0042764602403497715,0.0023987889289855957,1.9397702999413013e-08,7.271766662597656e-06,0.715234998613596,samples/002465_xbox_0121.npz
2466,xbox_0122,39,14,1,0,0.5095811926782997,0.15999943017959595,0.00016029388643801212,0.02002251148223877,0.7271752171218395,samples/002466_xbox_0122.npz
2467,xbox_0123,39,35,1,0,0.5124667939035304,0.15999913215637207,0.00013674545334652066,0.009559199213981628,0.7536149471998215,samples/002467_xbox_0123.npz
