index,sample_id,label,adv_pred,success,query_count,mse_l2,linf,chamfer,hausdorff,elapsed_seconds,file
0,airplane_0627,0,26,1,113,2.373183484325039,0.3178209960460663,0.0010992756579071283,0.05246227979660034,1.6643030270934105,samples/000000_airplane_0627.npz
1,airplane_0628,0,26,1,90,1.946484040611096,0.319845974445343,0.0006576859159395099,0.050843171775341034,0.49747081473469734,samples/000001_airplane_0628.npz
2,airplane_0629,0,26,1,67,1.9726124975810106,0.31992673873901367,0.0007016463205218315,0.05313578248023987,0.3835173211991787,samples/000002_airplane_0629.npz
3,airplane_0630,0,26,1,68,1.8931455912938948,0.3199015259742737,0.0008853210019879043,0.05370616912841797,0.38692232966423035,samples/000003_airplane_0630.npz
4,airplane_0631,0,26,1,76,2.0489990337643222,0.31735166907310486,0.0008222847827710211,0.052951931953430176,0.4241538383066654,samples/000004_airplane_0631.npz
5,airplane_0632,0,26,1,82,2.3075518895490577,0.3187284469604492,0.0010704336455091834,0.052585452795028687,0.4550364576280117,samples/000005_airplane_0632.npz
6,airplane_0633,0,26,1,155,2.4992798721742964,0.3195793628692627,0.0012445456814020872,0.05241236090660095,0.8358569741249084,samples/000006_airplane_0633.npz
7,airplane_0634,0,26,1,109,2.170346744670901,0.3193897604942322,0.0007170313620008528,0.05390995740890503,0.6043340563774109,samples/000007_airplane_0634.npz
8,airplane_0635,0,26,1,355,3.431619643015323,0.3199295401573181,0.0019889480900019407,0.04771122336387634,1.8945038728415966,samples/000008_airplane_0635.npz
9,airplane_0636,0,26,1,90,2.146625184429376,0.31876417994499207,0.0009793146746233106,0.05256223678588867,0.49733123555779457,samples/000009_airplane_0636.npz
10,airplane_0637,0,8,1,523,3.0357868025637305,0.3198205530643463,0.0011520514963194728,0.05755424499511719,2.7498515732586384,samples/000010_airplane_0637.npz
11,airplane_0638,0,26,1,201,2.9675573663862975,0.3194330930709839,0.0013325734762474895,0.05364280939102173,1.0849648118019104,samples/000011_airplane_0638.npz
12,airplane_0639,0,7,1,150,2.217023473241116,0.3195812702178955,0.0008796267793513834,0.05235755443572998,0.8091220483183861,samples/000012_airplane_0639.npz
13,airplane_0640,0,26,1,202,2.638787572711584,0.319643497467041,0.0012361350236460567,0.05276167392730713,1.0899610444903374,samples/000013_airplane_0640.npz
14,airplane_0641,0,26,1,66,1.8659045867751511,0.31415414810180664,0.0006161737837828696,0.0526653528213501,0.3716662675142288,samples/000014_airplane_0641.npz
15,airplane_0642,0,26,1,130,2.048999906453344,0.31439560651779175,0.0007702651782892644,0.05226540565490723,0.7076563015580177,samples/000015_airplane_0642.npz
16,airplane_0643,0,26,1,71,1.8101932711184434,0.31894412636756897,0.0007396668661385775,0.05196717381477356,0.3978274203836918,samples/000016_airplane_0643.npz
17,airplane_0644,0,37,1,654,3.371410580418501,0.3198627233505249,0.0013170224847272038,0.05249679088592529,3.4377479664981365,samples/000017_airplane_0644.npz
18,airplane_0645,0,26,1,157,2.7152923432913707,0.3187534511089325,0.0010416920995339751,0.05268126726150513,0.8471164964139462,samples/000018_airplane_0645.npz
19,airplane_0646,0,26,1,283,3.1025152016389472,0.3194916844367981,0.0015686779515817761,0.052329935133457184,1.5108111090958118,samples/000019_airplane_0646.npz
20,airplane_0647,0,26,1,173,2.579922413657423,0.31998395919799805,0.0009544713539071381,0.052568018436431885,0.9366598501801491,samples/000020_airplane_0647.npz
21,airplane_0648,0,13,1,1400,4.172289366985364,0.3198709487915039,0.001880704890936613,0.052351415157318115,7.338270101696253,samples/000021_airplane_0648.npz
22,airplane_0649,0,26,1,127,2.3515102089172197,0.31952857971191406,0.0010911752469837666,0.052573852241039276,0.693840391933918,samples/000022_airplane_0649.npz
23,airplane_0650,0,26,1,136,2.3946606848428917,0.31963083148002625,0.0009327929001301527,0.05256330966949463,0.7360214069485664,samples/000023_airplane_0650.npz
24,airplane_0651,0,33,1,255,2.7527469873443904,0.3192686438560486,0.0011084667639806867,0.047033488750457764,1.3759086430072784,samples/000024_airplane_0651.npz
25,airplane_0652,0,26,1,115,2.02385786837582,0.31873780488967896,0.0006680299993604422,0.05096930265426636,0.6811630800366402,samples/000025_airplane_0652.npz
26,airplane_0653,0,26,1,144,2.373183484325039,0.31976747512817383,0.001133709796704352,0.05241365730762482,0.7859328649938107,samples/000026_airplane_0653.npz
27,airplane_0654,0,26,1,148,2.457966637067594,0.3195646405220032,0.001007745391689241,0.05126429349184036,0.8039111010730267,samples/000027_airplane_0654.npz
28,airplane_0655,0,36,1,320,2.677307495548506,0.31995442509651184,0.0010821918258443475,0.05232531577348709,1.7080116979777813,samples/000028_airplane_0655.npz
29,airplane_0656,0,26,1,50,1.752712225641212,0.3197811543941498,0.00044288072967901826,0.05194997787475586,0.2927353121340275,samples/000029_airplane_0656.npz
30,airplane_0657,0,26,1,47,1.3948477377908783,0.3079287111759186,0.0004171671171206981,0.05300150811672211,0.27728310227394104,samples/000030_airplane_0657.npz
31,airplane_0658,0,26,1,113,2.5196771623810283,0.3198552131652832,0.0011719076428562403,0.05059438571333885,0.6219874918460846,samples/000031_airplane_0658.npz
32,airplane_0659,0,26,1,150,2.457966637067594,0.3188961446285248,0.0009174862061627209,0.052613575011491776,0.8472687117755413,samples/000032_airplane_0659.npz
33,airplane_0660,0,7,1,522,3.690421224293187,0.31971246004104614,0.001646054326556623,0.05346113443374634,2.7856415174901485,samples/000033_airplane_0660.npz
34,airplane_0661,0,26,1,46,1.567676210127137,0.3193151652812958,0.0003737323568202555,0.05237434804439545,0.27252209559082985,samples/000034_airplane_0661.npz
35,airplane_0662,0,26,1,75,1.8659044909428453,0.31874433159828186,0.0005459965905174613,0.053573399782180786,0.4264763593673706,samples/000035_airplane_0662.npz
36,airplane_0663,0,26,1,402,2.7152899725321182,0.319961816072464,0.0009801522828638554,0.051962822675704956,2.1712344586849213,samples/000036_airplane_0663.npz
37,airplane_0664,0,26,1,133,2.373184011758931,0.319994181394577,0.0010471864370629191,0.05107487738132477,0.7254763394594193,samples/000037_airplane_0664.npz
38,airplane_0665,0,26,1,152,2.5600000142306087,0.31996944546699524,0.00129241484683007,0.051542043685913086,0.8354782201349735,samples/000038_airplane_0665.npz
39,airplane_0666,0,26,1,171,2.8261854992625777,0.3196708559989929,0.001296664122492075,0.05520835518836975,0.927889846265316,samples/000039_airplane_0666.npz
40,airplane_0667,0,29,1,287,2.39466090885867,0.3197411298751831,0.001015542889945209,0.05256021022796631,1.5326693467795849,samples/000040_airplane_0667.npz
41,airplane_0668,0,36,1,523,3.1678384361322998,0.3199142515659332,0.0015059284633025527,0.05242466926574707,2.7551934346556664,samples/000041_airplane_0668.npz
42,airplane_0669,0,26,1,70,1.8101933699001218,0.3181535601615906,0.000614814052823931,0.05099731683731079,0.3957664296030998,samples/000042_airplane_0669.npz
43,airplane_0670,0,34,1,566,3.534518122115135,0.3199644684791565,0.0015269125578925014,0.05336576700210571,2.9861257262527943,samples/000043_airplane_0670.npz
44,airplane_0671,0,37,1,588,3.2159528337194074,0.31948354840278625,0.001429627649486065,0.05275799334049225,3.0954380594193935,samples/000044_airplane_0671.npz
45,airplane_0672,0,26,1,82,1.8101933699001218,0.31867170333862305,0.0006621292559430003,0.05039909482002258,0.4542282782495022,samples/000045_airplane_0672.npz
46,airplane_0673,0,29,1,432,3.3101057720859695,0.3199857771396637,0.0016927465330809355,0.05258357524871826,2.2919305190443993,samples/000046_airplane_0673.npz
47,airplane_0674,0,26,1,133,2.599693382963615,0.3178732395172119,0.0011995671084150672,0.05336654186248779,0.7342702075839043,samples/000047_airplane_0674.npz
48,airplane_0675,0,26,1,37,1.5009330589328804,0.31994450092315674,0.0004033627628814429,0.04271259903907776,0.22992747649550438,samples/000048_airplane_0675.npz
49,airplane_0676,0,26,1,62,1.9200001387298058,0.31951290369033813,0.0007062049699015915,0.05295443534851074,0.3605063334107399,samples/000049_airplane_0676.npz
50,airplane_0677,0,26,1,209,2.715297479929317,0.3199823498725891,0.00123590265866369,0.05391845107078552,1.1311819590628147,samples/000050_airplane_0677.npz
51,airplane_0678,0,26,1,72,1.7527264065409391,0.3197728991508484,0.0006798898102715611,0.0528397262096405,0.4068615287542343,samples/000051_airplane_0678.npz
52,airplane_0679,0,25,1,690,3.9322263733283,0.3199761211872101,0.0020952492486685514,0.05278401076793671,3.6854904256761074,samples/000052_airplane_0679.npz
53,airplane_0680,0,26,1,48,1.6932826569281971,0.31922057271003723,0.0008386643603444099,0.05234423279762268,0.27972718700766563,samples/000053_airplane_0680.npz
54,airplane_0681,0,29,1,221,2.55999987453222,0.3192687928676605,0.0010957715567201376,0.053697407245635986,1.1914733313024044,samples/000054_airplane_0681.npz
55,airplane_0682,0,26,1,770,3.9060977143167173,0.3199607729911804,0.0017888525035232306,0.05266477167606354,4.064335461705923,samples/000055_airplane_0682.npz
56,airplane_0683,0,26,1,59,1.8931417187027746,0.3129939138889313,0.0007163523696362972,0.05306851863861084,0.3385032154619694,samples/000056_airplane_0683.npz
57,airplane_0684,0,26,1,69,2.0738370727415014,0.3168290853500366,0.0009166048839688301,0.052716970443725586,0.3932160995900631,samples/000057_airplane_0684.npz
58,airplane_0685,0,12,1,339,2.862174242965429,0.3197868764400482,0.0012228667037561536,0.05236291512846947,1.8034960590302944,samples/000058_airplane_0685.npz
59,airplane_0686,0,26,1,73,1.972616032860848,0.3199155032634735,0.000941835402045399,0.05184492468833923,0.41464725881814957,samples/000059_airplane_0686.npz
60,airplane_0687,0,26,1,102,2.170345508827004,0.31997162103652954,0.0007301975856535137,0.0525389090180397,0.564897246658802,samples/000060_airplane_0687.npz
61,airplane_0688,0,7,1,577,3.0693307719367726,0.31995293498039246,0.001021355390548706,0.05027914047241211,3.042400613427162,samples/000061_airplane_0688.npz
62,airplane_0689,0,26,1,306,2.638787572711584,0.3199705183506012,0.001118833082728088,0.04600512981414795,1.6762880571186543,samples/000062_airplane_0689.npz
63,airplane_0690,0,26,1,124,2.307552896928631,0.3199119567871094,0.0008213027031160891,0.05334684997797012,0.6868928410112858,samples/000063_airplane_0690.npz
64,airplane_0691,0,26,1,140,2.437047476210948,0.3192431330680847,0.0008601578301750124,0.052482008934020996,0.7590966150164604,samples/000064_airplane_0691.npz
65,airplane_0692,0,26,1,71,1.920001070052087,0.31630152463912964,0.0006313404883258045,0.04350363090634346,0.39787209406495094,samples/000065_airplane_0692.npz
66,airplane_0693,0,26,1,164,2.4787094004389343,0.31776028871536255,0.0012110555544495583,0.05230581760406494,0.8865416496992111,samples/000066_airplane_0693.npz
67,airplane_0694,0,37,1,636,3.690444675727039,0.31999489665031433,0.0018565482459962368,0.04994070902466774,3.3321245536208153,samples/000067_airplane_0694.npz
68,airplane_0695,0,26,1,140,2.41593793591461,0.3187400698661804,0.001265575410798192,0.053238868713378906,0.7584903053939342,samples/000068_airplane_0695.npz
69,airplane_0696,0,7,1,521,3.151644263958669,0.31976157426834106,0.0013894755393266678,0.052311837673187256,2.7122273929417133,samples/000069_airplane_0696.npz
70,airplane_0697,0,26,1,63,1.5676734726114798,0.3184795677661896,0.0004892724682576954,0.04748007655143738,0.3556328974664211,samples/000070_airplane_0697.npz
71,airplane_0698,0,26,1,123,2.285257034035534,0.31923264265060425,0.0011772860307246447,0.0524558424949646,0.6671926751732826,samples/000071_airplane_0698.npz
72,airplane_0699,0,33,1,378,2.9328483924844018,0.3192281126976013,0.0016769403591752052,0.05417966842651367,1.9802897348999977,samples/000072_airplane_0699.npz
73,airplane_0700,0,26,1,201,2.0489997319155697,0.31994199752807617,0.0008154436945915222,0.051800161600112915,1.0620871670544147,samples/000073_airplane_0700.npz
74,airplane_0701,0,26,1,77,1.9199999524652953,0.3165241479873657,0.0007353216642513871,0.05246686935424805,0.42437510564923286,samples/000074_airplane_0701.npz
75,airplane_0702,0,26,1,92,1.9983992727290556,0.31891465187072754,0.0007194334175437689,0.05043154954910278,0.5042716637253761,samples/000075_airplane_0702.npz
76,airplane_0703,0,26,1,79,2.023857603316773,0.3193889856338501,0.0009205160313285887,0.05244177579879761,0.43741610273718834,samples/000076_airplane_0703.npz
77,airplane_0704,0,26,1,86,2.023857603316773,0.31847304105758667,0.0008115444798022509,0.04987006261944771,0.469560157507658,samples/000077_airplane_0704.npz
78,airplane_0705,0,26,1,176,2.63878879245739,0.3189969062805176,0.001083162147551775,0.0522952675819397,0.9390187859535217,samples/000078_airplane_0705.npz
79,airplane_0706,0,26,1,76,1.9983988253360927,0.31716346740722656,0.0008799515780992806,0.05245530605316162,0.41820428147912025,samples/000079_airplane_0706.npz
80,airplane_0707,0,26,1,221,2.638787572711584,0.319487601518631,0.0013831490650773048,0.05258570611476898,1.168333314359188,samples/000080_airplane_0707.npz
81,airplane_0708,0,26,1,66,1.9983995411647852,0.3191203773021698,0.0008564994786866009,0.053463518619537354,0.3958083391189575,samples/000081_airplane_0708.npz
82,airplane_0709,0,24,1,729,3.3714092014220443,0.31984299421310425,0.0015979650197550654,0.05368542671203613,3.838917527347803,samples/000082_airplane_0709.npz
83,airplane_0710,0,26,1,94,2.170345508827004,0.31920328736305237,0.0008623652975074947,0.0465630367398262,0.5286756493151188,samples/000083_airplane_0710.npz
84,airplane_0711,0,26,1,130,2.02385786837582,0.31914857029914856,0.000782754214014858,0.05273193120956421,0.7093868255615234,samples/000084_airplane_0711.npz
85,airplane_0712,0,26,1,84,2.098380107762301,0.3196572959423065,0.0007574651390314102,0.052517712116241455,0.4921751506626606,samples/000085_airplane_0712.npz
86,airplane_0713,0,26,1,207,2.619312801291616,0.31843268871307373,0.0015020468272268772,0.053239673376083374,1.120893232524395,samples/000086_airplane_0713.npz
87,airplane_0714,0,26,1,195,2.7152926067089376,0.3197852373123169,0.0012106826761737466,0.052465975284576416,1.062797088176012,samples/000087_airplane_0714.npz
88,airplane_0715,0,33,1,527,3.505424451282424,0.3199993968009949,0.0019078169716522098,0.053127944469451904,2.8320293687283993,samples/000088_airplane_0715.npz
89,airplane_0716,0,26,1,81,1.9200001387298058,0.3176887631416321,0.0008759747142903507,0.05236750841140747,0.47084666788578033,samples/000089_airplane_0716.npz
90,airplane_0717,0,26,1,111,2.1938101083720665,0.31746914982795715,0.0008529994520358741,0.051819831132888794,0.6155118644237518,samples/000090_airplane_0717.npz
91,airplane_0718,0,26,1,114,2.307552896928631,0.3186236619949341,0.0008908861200325191,0.05269193649291992,0.6247940845787525,samples/000091_airplane_0718.npz
92,airplane_0719,0,26,1,91,1.8382600419117674,0.3193504810333252,0.0006870529032312334,0.052296578884124756,0.5089714154601097,samples/000092_airplane_0719.npz
93,airplane_0720,0,33,1,319,3.001866117865761,0.3196558952331543,0.0017078982200473547,0.053343430161476135,1.7417693100869656,samples/000093_airplane_0720.npz
94,airplane_0721,0,26,1,40,1.3948477377908783,0.319722980260849,0.00047118825023062527,0.052229344844818115,0.2451736479997635,samples/000094_airplane_0721.npz
95,airplane_0722,0,26,1,122,2.240000039892537,0.3175909221172333,0.0009907790226861835,0.05220925807952881,0.6733543835580349,samples/000095_airplane_0722.npz
96,airplane_0723,0,26,1,100,2.28525726877577,0.31994086503982544,0.0011231222888454795,0.054820120334625244,0.5568824410438538,samples/000096_airplane_0723.npz
97,airplane_0724,0,26,1,91,2.0983802781927454,0.31802329421043396,0.0008188349311240017,0.0523650199174881,0.5102802328765392,samples/000097_airplane_0724.npz
98,airplane_0725,0,26,1,118,2.3731839364112393,0.31997984647750854,0.0010058283805847168,0.052741385996341705,0.6534588262438774,samples/000098_airplane_0725.npz
99,airplane_0726,0,26,1,127,2.2399995609265986,0.31811976432800293,0.0008439128287136555,0.047219038009643555,0.6967745237052441,samples/000099_airplane_0726.npz
100,bathtub_0107,1,6,1,43,1.319393786355792,0.3198126256465912,0.00022901591728441417,0.04550692439079285,0.2540411613881588,samples/000100_bathtub_0107.npz
101,bathtub_0108,1,16,1,134,1.8101939625900785,0.31999877095222473,0.00038530374877154827,0.043640319257974625,0.7279814146459103,samples/000101_bathtub_0108.npz
102,bathtub_0109,1,29,1,51,1.319392702136602,0.3193310499191284,0.00023979604884516448,0.03688238561153412,0.3026014156639576,samples/000102_bathtub_0109.npz
103,bathtub_0110,1,29,1,105,1.9726124069327264,0.31912460923194885,0.0005960687412880361,0.050504207611083984,0.5896776504814625,samples/000103_bathtub_0110.npz
104,bathtub_0111,1,2,1,34,1.10851274480707,0.319999098777771,0.00013739672431256622,0.037204861640930176,0.20966053754091263,samples/000104_bathtub_0111.npz
105,bathtub_0112,1,15,1,56,1.534665735518032,0.319902241230011,0.0003727434668689966,0.047000765800476074,0.3254968896508217,samples/000105_bathtub_0112.npz
106,bathtub_0113,1,26,1,99,1.998398288464405,0.3199179768562317,0.0006638730992563069,0.05471843481063843,0.5502999126911163,samples/000106_bathtub_0113.npz
107,bathtub_0114,1,6,1,31,1.1537698617343546,0.31981056928634644,0.00016942866204772145,0.052136242389678955,0.1958613432943821,samples/000107_bathtub_0114.npz
108,bathtub_0115,1,6,1,94,1.8931454023871945,0.3199792802333832,0.0004049609415233135,0.0504799485206604,0.5268341526389122,samples/000108_bathtub_0115.npz
109,bathtub_0116,1,29,1,41,1.2799904377401328,0.3199075162410736,0.00031926133669912815,0.050170764327049255,0.24849656969308853,samples/000109_bathtub_0116.npz
110,bathtub_0117,1,6,1,20,0.7155416552555987,0.3186311423778534,0.00015099032316356897,0.05328768491744995,0.1365169920027256,samples/000110_bathtub_0117.npz
111,bathtub_0118,1,30,1,28,1.0613194807512807,0.3165023624897003,0.00028399089933373034,0.054969191551208496,0.1787234991788864,samples/000111_bathtub_0118.npz
112,bathtub_0119,1,6,1,30,1.153776564700389,0.3173326253890991,0.0003429286298342049,0.05183851718902588,0.18845142796635628,samples/000112_bathtub_0119.npz
113,bathtub_0120,1,6,1,39,1.3576449862660591,0.3199884593486786,0.00034950158442370594,0.05128931999206543,0.23241014778614044,samples/000113_bathtub_0120.npz
114,bathtub_0121,1,7,1,106,1.9465005762573142,0.3188518285751343,0.0005447507719509304,0.05487620830535889,0.5882005579769611,samples/000114_bathtub_0121.npz
115,bathtub_0122,1,26,1,50,1.6932801224797294,0.3168463110923767,0.0005745689268223941,0.05239981412887573,0.2949853949248791,samples/000115_bathtub_0122.npz
116,bathtub_0123,1,27,1,66,1.5676655451954238,0.31967562437057495,0.0005092876963317394,0.05408403277397156,0.3858523368835449,samples/000116_bathtub_0123.npz
117,bathtub_0124,1,15,1,55,1.3193912113337611,0.31986454129219055,0.0001230415509780869,0.032286375761032104,0.3201846703886986,samples/000117_bathtub_0124.npz
118,bathtub_0125,1,29,1,32,1.1085466193408922,0.3199985921382904,0.00028302782448008657,0.054771989583969116,0.20016614347696304,samples/000118_bathtub_0125.npz
119,bathtub_0126,1,29,1,53,1.5009330589328804,0.3193887174129486,0.0002807366836350411,0.03899103403091431,0.3125910088419914,samples/000119_bathtub_0126.npz
120,bathtub_0127,1,6,1,1,0.0,0.0,0.0,0.0,0.005282893776893616,samples/000120_bathtub_0127.npz
121,bathtub_0128,1,29,1,56,1.6000005222856146,0.3175775110721588,0.0004873351426795125,0.05428275465965271,0.32343341782689095,samples/000121_bathtub_0128.npz
122,bathtub_0129,1,6,1,44,1.3193535341208906,0.3198409378528595,0.00016505399253219366,0.032041192054748535,0.27338047325611115,samples/000122_bathtub_0129.npz
123,bathtub_0130,1,6,1,28,1.1085125028423906,0.3172225058078766,0.0002289223048137501,0.054650068283081055,0.1771853007376194,samples/000123_bathtub_0130.npz
124,bathtub_0131,1,26,1,56,1.6627708042410787,0.31994691491127014,0.00034760162816382945,0.04863715171813965,0.3245263695716858,samples/000124_bathtub_0131.npz
125,bathtub_0132,1,29,1,40,1.3576449204116052,0.3184328079223633,0.0003206450492143631,0.05326181650161743,0.25413254648447037,samples/000125_bathtub_0132.npz
126,bathtub_0133,1,2,1,49,1.4664251717518813,0.3194696605205536,0.00033618518500588834,0.051426589488983154,0.3031426668167114,samples/000126_bathtub_0133.npz
127,bathtub_0134,1,6,1,10,0.7155415615430534,0.31104546785354614,0.00014194916002452374,0.05140078067779541,0.08534038439393044,samples/000127_bathtub_0134.npz
128,bathtub_0135,1,6,1,97,1.9726124069327264,0.31931084394454956,0.0005899949464946985,0.0514073371887207,0.5564725063741207,samples/000128_bathtub_0135.npz
129,bathtub_0136,1,10,1,78,1.567673187453324,0.3199771046638489,0.00019560797954909503,0.050720393657684326,0.44277995452284813,samples/000129_bathtub_0136.npz
130,bathtub_0137,1,16,1,35,1.1085125028423906,0.31556808948516846,0.0002891855256166309,0.05122831463813782,0.21721569821238518,samples/000130_bathtub_0137.npz
131,bathtub_0138,1,30,1,5,0.45254839186586554,0.31979191303253174,1.1318872566334903e-05,0.007949218153953552,0.05612519383430481,samples/000131_bathtub_0138.npz
132,bathtub_0139,1,6,1,9,0.6400001781806102,0.31461822986602783,7.17205839464441e-05,0.034185171127319336,0.07566466554999352,samples/000132_bathtub_0139.npz
133,bathtub_0140,1,6,1,30,1.2393546280795302,0.3163047432899475,0.0001948133431142196,0.046945810317993164,0.19110868498682976,samples/000133_bathtub_0140.npz
134,bathtub_0141,1,26,1,43,1.3193951416285268,0.3151071071624756,0.000329869391862303,0.05362057685852051,0.25487682595849037,samples/000134_bathtub_0141.npz
135,bathtub_0142,1,6,1,91,1.8382600419117674,0.3194464445114136,0.0006288046133704484,0.0515216588973999,0.5470664948225021,samples/000135_bathtub_0142.npz
136,bathtub_0143,1,26,1,96,1.9726122256361454,0.3199794590473175,0.0005021443357691169,0.044824689626693726,0.556785311549902,samples/000136_bathtub_0143.npz
137,bathtub_0144,1,15,1,68,1.5676734726114798,0.31868475675582886,0.0003109595854766667,0.045784562826156616,0.38204361870884895,samples/000137_bathtub_0144.npz
138,bathtub_0145,1,6,1,19,0.8466403252450698,0.3141865134239197,0.00011458345397841185,0.05087578296661377,0.15248682722449303,samples/000138_bathtub_0145.npz
139,bathtub_0146,1,29,1,62,1.3576514399870578,0.3173130452632904,0.00038006232352927327,0.05292719602584839,0.3553908243775368,samples/000139_bathtub_0146.npz
140,bathtub_0147,1,27,1,149,2.539917411662995,0.3196583092212677,0.0008616748382337391,0.054060161113739014,0.8172808513045311,samples/000140_bathtub_0147.npz
141,bathtub_0148,1,6,1,13,0.715541686493111,0.2980472147464752,0.00021996440773364156,0.053949326276779175,0.10247731953859329,samples/000141_bathtub_0148.npz
142,bathtub_0149,1,29,1,30,1.1973308277888906,0.31885746121406555,0.0003777313104365021,0.04664379358291626,0.19154095649719238,samples/000142_bathtub_0149.npz
143,bathtub_0150,1,6,1,39,1.2393545559395893,0.31995224952697754,0.00020704440248664469,0.046608805656433105,0.23571865633130074,samples/000143_bathtub_0150.npz
144,bathtub_0151,1,26,1,39,1.534665735518032,0.31995970010757446,0.0005677153822034597,0.05853205919265747,0.23918389901518822,samples/000144_bathtub_0151.npz
145,bathtub_0152,1,33,1,43,1.3948477377908783,0.3181214928627014,0.00037666934076696634,0.05355334281921387,0.2568010166287422,samples/000145_bathtub_0152.npz
146,bathtub_0153,1,29,1,9,0.5542562715849204,0.31730037927627563,2.6176894607488066e-05,0.012010574340820312,0.07749901339411736,samples/000146_bathtub_0153.npz
147,bathtub_0154,1,29,1,49,1.5009319271482173,0.31826478242874146,0.00037163792876526713,0.04769626259803772,0.2896003909409046,samples/000147_bathtub_0154.npz
148,bathtub_0155,1,6,1,22,1.197330230413546,0.30852609872817993,0.00023539533140137792,0.04259222745895386,0.14733108133077621,samples/000148_bathtub_0155.npz
149,bathtub_0156,1,6,1,113,1.6627688147547612,0.3177679181098938,0.0005741968052461743,0.04965782165527344,0.6335948668420315,samples/000149_bathtub_0156.npz
150,bed_0516,2,12,1,46,1.6000059984511943,0.31982845067977905,0.0004962250823155046,0.054196715354919434,0.2936767376959324,samples/000150_bed_0516.npz
151,bed_0517,2,26,1,44,1.4664242572115749,0.319308340549469,0.000330036215018481,0.04406970739364624,0.3018621914088726,samples/000151_bed_0517.npz
152,bed_0518,2,26,1,45,1.5346657937762984,0.3174585998058319,0.0004988756845705211,0.05472809076309204,0.31002699211239815,samples/000152_bed_0518.npz
153,bed_0519,2,8,1,61,1.5999958842939848,0.3199998736381531,0.0005160195287317038,0.053156495094299316,0.4026842415332794,samples/000153_bed_0519.npz
154,bed_0520,2,33,1,82,1.5346588027685233,0.32000279426574707,0.0004965184489265084,0.05261722207069397,0.5031997375190258,samples/000154_bed_0520.npz
155,bed_0521,2,26,1,126,2.2400106569445373,0.3199796676635742,0.0008702774066478014,0.049869418144226074,0.6922189593315125,samples/000155_bed_0521.npz
156,bed_0522,2,36,1,81,1.8658959618479185,0.3199998140335083,0.0005154023529030383,0.05180114507675171,0.44756463542580605,samples/000156_bed_0522.npz
157,bed_0523,2,3,1,115,1.920001815109587,0.31980493664741516,0.0005252301343716681,0.051374852657318115,0.6209292858839035,samples/000157_bed_0523.npz
158,bed_0524,2,26,1,218,2.677322055449359,0.31997624039649963,0.0009717973880469799,0.05467343330383301,1.1580235213041306,samples/000158_bed_0524.npz
159,bed_0525,2,26,1,48,1.7527166125505065,0.31991755962371826,0.000790179125033319,0.052827298641204834,0.2851017825305462,samples/000159_bed_0525.npz
160,bed_0526,2,26,1,184,2.7896965011497614,0.3199998438358307,0.0010559840593487024,0.053693197667598724,0.9943492189049721,samples/000160_bed_0526.npz
161,bed_0527,2,27,1,20,1.0119276530684553,0.31868964433670044,0.00022879151219967753,0.043024659156799316,0.13368011265993118,samples/000161_bed_0527.npz
162,bed_0528,2,26,1,146,2.5997543237229994,0.31999993324279785,0.0012040608562529087,0.054636597633361816,0.7886253111064434,samples/000162_bed_0528.npz
163,bed_0529,2,33,1,50,1.357641561830214,0.31894451379776,0.000333998235873878,0.04925042390823364,0.28818341344594955,samples/000163_bed_0529.npz
164,bed_0530,2,26,1,110,2.2852510090278924,0.31998807191848755,0.0009231915464624763,0.05699664354324341,0.6003081873059273,samples/000164_bed_0530.npz
165,bed_0531,2,7,1,41,1.5676737577695838,0.3195616900920868,0.0005465936264954507,0.05385637283325195,0.24108092114329338,samples/000165_bed_0531.npz
166,bed_0532,2,26,1,106,2.2400010776517183,0.31998389959335327,0.0008736198069527745,0.048559337854385376,0.5783354043960571,samples/000166_bed_0532.npz
167,bed_0533,2,25,1,133,2.3075543692518323,0.3199894428253174,0.0007310022483579814,0.05383497476577759,0.7188534624874592,samples/000167_bed_0533.npz
168,bed_0534,2,26,1,31,1.394847801888889,0.31976068019866943,0.0003144801885355264,0.05412188172340393,0.18831796571612358,samples/000168_bed_0534.npz
169,bed_0535,2,26,1,84,1.9984161841096049,0.31999555230140686,0.0009001311846077442,0.05456572771072388,0.460968978703022,samples/000169_bed_0535.npz
170,bed_0536,2,34,1,117,2.1226553884988157,0.31989243626594543,0.0009214933961629868,0.0533595085144043,0.6353786326944828,samples/000170_bed_0536.npz
171,bed_0537,2,30,1,37,1.2800001468136823,0.3187166452407837,0.00031014299020171165,0.05340760946273804,0.22085372358560562,samples/000171_bed_0537.npz
172,bed_0538,2,26,1,158,2.638815491196567,0.31993189454078674,0.0012566526420414448,0.05516457557678223,0.8477094061672688,samples/000172_bed_0538.npz
173,bed_0539,2,26,1,145,2.307550262242663,0.3199964165687561,0.0007891829591244459,0.05639618635177612,0.7926610112190247,samples/000173_bed_0539.npz
174,bed_0540,2,26,1,82,1.8382588746297486,0.3199220299720764,0.0008583466988056898,0.05383193492889404,0.45713382586836815,samples/000174_bed_0540.npz
175,bed_0541,2,3,1,168,2.2627468638336734,0.3199159502983093,0.0008266131626442075,0.049361586570739746,0.903747234493494,samples/000175_bed_0541.npz
176,bed_0542,2,33,1,22,0.7838368503689837,0.3070060610771179,0.00015786956646479666,0.05274274945259094,0.14388535171747208,samples/000176_bed_0542.npz
177,bed_0543,2,26,1,76,1.8931524863755487,0.31997033953666687,0.0008258934249170125,0.05211693048477173,0.42364996299147606,samples/000177_bed_0543.npz
178,bed_0544,2,26,1,118,2.3296345418824806,0.31998777389526367,0.0007740003056824207,0.04605460166931152,0.6421624794602394,samples/000178_bed_0544.npz
179,bed_0545,2,26,1,71,1.5999995164572463,0.3198009133338928,0.00042933321674354374,0.04587507247924805,0.396884448826313,samples/000179_bed_0545.npz
180,bed_0546,2,12,1,72,1.3194298361365546,0.319368451833725,0.00034155481262132525,0.053854167461395264,0.4044138975441456,samples/000180_bed_0546.npz
181,bed_0547,2,27,1,9,0.7155417802056399,0.3136664628982544,0.00015142365009523928,0.0517425537109375,0.07534222304821014,samples/000181_bed_0547.npz
182,bed_0548,2,29,1,111,1.865926436412379,0.31996214389801025,0.0004990833112969995,0.05509096384048462,0.6078112497925758,samples/000182_bed_0548.npz
183,bed_0549,2,26,1,75,1.8659042034458984,0.3197104334831238,0.0005744901136495173,0.049696505069732666,0.42312901467084885,samples/000183_bed_0549.npz
184,bed_0550,2,27,1,149,2.1466214359249194,0.3199997842311859,0.0010144056286662817,0.05218148231506348,0.8055059835314751,samples/000184_bed_0550.npz
185,bed_0551,2,26,1,171,2.4992827340199653,0.3197990953922272,0.0010267541510984302,0.04986971616744995,0.927952665835619,samples/000185_bed_0551.npz
186,bed_0552,2,8,1,124,2.0983833459383763,0.3199937343597412,0.0008206927450373769,0.054070502519607544,0.6706871874630451,samples/000186_bed_0552.npz
187,bed_0553,2,26,1,90,2.1226540406475003,0.31971895694732666,0.000870751915499568,0.05444365739822388,0.49806834012269974,samples/000187_bed_0553.npz
188,bed_0554,2,33,1,57,1.9464943294741415,0.31991130113601685,0.0007811412797309458,0.05480700731277466,0.3289712332189083,samples/000188_bed_0554.npz
189,bed_0555,2,1,1,61,1.6627629000516513,0.31989243626594543,0.0004475919413380325,0.05466735363006592,0.3468697853386402,samples/000189_bed_0555.npz
190,bed_0556,2,34,1,17,0.9599999762326477,0.3156316876411438,9.453015081817284e-05,0.026355057954788208,0.13177236169576645,samples/000190_bed_0556.npz
191,bed_0557,2,33,1,78,1.6316895342202768,0.3197857737541199,0.00042672076961025596,0.04443046450614929,0.44811979308724403,samples/000191_bed_0557.npz
192,bed_0558,2,26,1,86,1.9983916670350643,0.319498747587204,0.0006367526948451996,0.05359393358230591,0.47626112774014473,samples/000192_bed_0558.npz
193,bed_0559,2,26,1,102,2.098380448623176,0.3196466565132141,0.0006972253904677927,0.052396297454833984,0.5605704709887505,samples/000193_bed_0559.npz
194,bed_0560,2,33,1,19,0.8466405100486645,0.29679733514785767,0.00014285351790022105,0.05359625816345215,0.1264420673251152,samples/000194_bed_0560.npz
195,bed_0561,2,26,1,99,2.240001476789737,0.31996044516563416,0.0010655688820406795,0.051354169845581055,0.539725799113512,samples/000195_bed_0561.npz
196,bed_0562,2,27,1,38,1.2393578022327778,0.31998205184936523,0.00041733909165486693,0.04974102973937988,0.2265135683119297,samples/000196_bed_0562.npz
197,bed_0563,2,26,1,84,2.073864664146387,0.3175344467163086,0.00079696299508214,0.0534396767616272,0.46458765864372253,samples/000197_bed_0563.npz
198,bed_0564,2,26,1,16,1.1085126641521825,0.3199480175971985,0.00031488598324358463,0.05490046739578247,0.11228014901280403,samples/000198_bed_0564.npz
199,bed_0565,2,29,1,197,2.4787101218381764,0.3197992742061615,0.0007388382800854743,0.06403881311416626,1.0535802207887173,samples/000199_bed_0565.npz
200,bed_0566,2,26,1,69,1.8659273947239443,0.3186377286911011,0.0005535123636946082,0.048635125160217285,0.38616490364074707,samples/000200_bed_0566.npz
201,bed_0567,2,26,1,82,1.7232528483849985,0.3194575011730194,0.000703962636180222,0.05437654256820679,0.4517914354801178,samples/000201_bed_0567.npz
202,bed_0568,2,26,1,180,2.579923106755438,0.3197505474090576,0.0010863010538741946,0.05375823378562927,0.968317300081253,samples/000202_bed_0568.npz
203,bed_0569,2,26,1,44,1.431083435461244,0.30141496658325195,0.00037231616443023086,0.0514369010925293,0.27038976550102234,samples/000203_bed_0569.npz
204,bed_0570,2,33,1,123,2.216991130367185,0.31999891996383667,0.000575164973270148,0.04801303148269653,0.7023179940879345,samples/000204_bed_0570.npz
205,bed_0571,2,26,1,69,1.5346662015841022,0.319164514541626,0.0003471375675871968,0.04922652244567871,0.4099385067820549,samples/000205_bed_0571.npz
206,bed_0572,2,12,1,62,1.7816845213290136,0.31981104612350464,0.0006400311249308288,0.05371776223182678,0.3551364094018936,samples/000206_bed_0572.npz
207,bed_0573,2,26,1,65,1.6000032603707472,0.319302499294281,0.0005326578975655138,0.05558180809020996,0.4030275493860245,samples/000207_bed_0573.npz
208,bed_0574,2,6,1,228,2.5600005730240896,0.3197246491909027,0.0008523128926753998,0.04815179109573364,1.3831055909395218,samples/000208_bed_0574.npz
209,bed_0575,2,29,1,166,2.2852574252692475,0.3199238181114197,0.0005845145205967128,0.05216854810714722,1.0487753264606,samples/000209_bed_0575.npz
210,bed_0576,2,26,1,102,1.9984286214886275,0.31998348236083984,0.001000401214696467,0.05699843168258667,0.6414351277053356,samples/000210_bed_0576.npz
211,bed_0577,2,26,1,68,1.9983979305498665,0.31986793875694275,0.0006352653144858778,0.0548708438873291,0.4579705633223057,samples/000211_bed_0577.npz
212,bed_0578,2,26,1,115,2.2400106569445373,0.31993019580841064,0.00048792758025228977,0.054387032985687256,0.7499421499669552,samples/000212_bed_0578.npz
213,bed_0579,2,3,1,327,2.8080154269194075,0.3199889361858368,0.0009692787425592542,0.054567962884902954,1.784491814672947,samples/000213_bed_0579.npz
214,bed_0580,2,26,1,120,2.14662543432944,0.3189641237258911,0.0006770449690520763,0.0540604293346405,0.6723312959074974,samples/000214_bed_0580.npz
215,bed_0581,2,27,1,67,1.319393786355792,0.31944215297698975,0.0004068657581228763,0.04291921854019165,0.3891228027641773,samples/000215_bed_0581.npz
216,bed_0582,2,27,1,78,1.3948873497998842,0.31596434116363525,0.0003361159469932318,0.056250035762786865,0.45233872160315514,samples/000216_bed_0582.npz
217,bed_0583,2,29,1,165,2.2170609774791994,0.3195772171020508,0.0008621062152087688,0.05476558208465576,0.918746218085289,samples/000217_bed_0583.npz
218,bed_0584,2,34,1,210,2.499272145174621,0.3199712038040161,0.000941764039453119,0.05562549829483032,1.1604023575782776,samples/000218_bed_0584.npz
219,bed_0585,2,26,1,88,1.810200383385506,0.3199056386947632,0.0005959103582426906,0.055230796337127686,0.504165031015873,samples/000219_bed_0585.npz
220,bed_0586,2,27,1,49,1.3948478659868966,0.31973016262054443,0.0003673926694318652,0.05319967865943909,0.29684578999876976,samples/000220_bed_0586.npz
221,bed_0587,2,27,1,161,2.415946373529092,0.31997913122177124,0.0006548255332745612,0.05474275350570679,0.8969424702227116,samples/000221_bed_0587.npz
222,bed_0588,2,29,1,116,1.7233179599118063,0.31984347105026245,0.00039515946991741657,0.0541873574256897,0.6317946240305901,samples/000222_bed_0588.npz
223,bed_0589,2,25,1,64,1.6627684383651902,0.3197888433933258,0.0005112377693876624,0.05355280637741089,0.3603995516896248,samples/000223_bed_0589.npz
224,bed_0590,2,14,1,43,1.279999029226233,0.31843143701553345,0.0003141388588119298,0.04509332776069641,0.25090283527970314,samples/000224_bed_0590.npz
225,bed_0591,2,26,1,114,2.2170250863396816,0.3199425935745239,0.0010125389089807868,0.055899083614349365,0.6233808435499668,samples/000225_bed_0591.npz
226,bed_0592,2,26,1,150,2.4159609542495706,0.31972435116767883,0.0008268866804428399,0.05446380376815796,0.8077000454068184,samples/000226_bed_0592.npz
227,bed_0593,2,26,1,65,1.8101953455325566,0.31955909729003906,0.0006498722941614687,0.059581637382507324,0.36465225741267204,samples/000227_bed_0593.npz
228,bed_0594,2,27,1,38,1.3576406398652414,0.31976500153541565,0.000320631981594488,0.05515331029891968,0.22498133033514023,samples/000228_bed_0594.npz
229,bed_0595,2,27,1,1,0.0,0.0,0.0,0.0,0.005012936890125275,samples/000229_bed_0595.npz
230,bed_0596,2,26,1,115,2.193810189880457,0.3199998438358307,0.0007125359261408448,0.05455887317657471,0.6297936253249645,samples/000230_bed_0596.npz
231,bed_0597,2,36,1,53,1.6316864109533202,0.31923359632492065,0.0004737852141261101,0.05334267020225525,0.3051404543220997,samples/000231_bed_0597.npz
232,bed_0598,2,26,1,35,0.8466254880248437,0.30779924988746643,0.00013543393288273364,0.04880338907241821,0.20891641452908516,samples/000232_bed_0598.npz
233,bed_0599,2,27,1,71,1.6316854246572499,0.3194093108177185,0.000488918274641037,0.053939253091812134,0.3915937468409538,samples/000233_bed_0599.npz
234,bed_0600,2,26,1,418,3.4907909903679193,0.3199958801269531,0.0015122144250199199,0.05396610498428345,2.1742975153028965,samples/000234_bed_0600.npz
235,bed_0601,2,26,1,89,2.3515178891636443,0.3199912905693054,0.0009553692070767283,0.05220597982406616,0.4831770770251751,samples/000235_bed_0601.npz
236,bed_0602,2,26,1,189,2.415945559374593,0.3197344243526459,0.0007757271523587406,0.053822100162506104,1.0050132721662521,samples/000236_bed_0602.npz
237,bed_0603,2,26,1,87,1.9983984674216504,0.3192267119884491,0.0009360190015286207,0.05403709411621094,0.4794319123029709,samples/000237_bed_0603.npz
238,bed_0604,2,27,1,1,0.0,0.0,0.0,0.0,0.004995290189981461,samples/000238_bed_0604.npz
239,bed_0605,2,3,1,143,1.7816846216912983,0.31995493173599243,0.0005867931176908314,0.054254114627838135,0.7706600911915302,samples/000239_bed_0605.npz
240,bed_0606,2,33,1,42,1.534665094676954,0.3198170065879822,0.0004338210273999721,0.05395454168319702,0.25057561695575714,samples/000240_bed_0606.npz
241,bed_0607,2,26,1,72,1.865905065936606,0.3197975754737854,0.0006497104768641293,0.051387786865234375,0.40144726634025574,samples/000241_bed_0607.npz
242,bed_0608,2,12,1,117,1.8101925796465441,0.31933748722076416,0.0003876019036397338,0.05400705337524414,0.6647129505872726,samples/000242_bed_0608.npz
243,bed_0609,2,26,1,197,2.677324726982203,0.31999802589416504,0.0011572218500077724,0.05615288019180298,1.0624792464077473,samples/000243_bed_0609.npz
244,bed_0610,2,26,1,139,2.3731745932789337,0.31980952620506287,0.0010026803938671947,0.05500894784927368,0.7553959228098392,samples/000244_bed_0610.npz
245,bed_0611,2,27,1,64,1.6000016957512453,0.31980735063552856,0.0004154627094976604,0.054602473974227905,0.36179714649915695,samples/000245_bed_0611.npz
246,bed_0612,2,26,1,24,1.0613196913545908,0.3199617266654968,0.00025160054792650044,0.04889535903930664,0.15333326905965805,samples/000246_bed_0612.npz
247,bed_0613,2,26,1,41,1.4664241962422009,0.3178458511829376,0.0004892657743766904,0.055261969566345215,0.24287761375308037,samples/000247_bed_0613.npz
248,bed_0614,2,26,1,18,1.108513672337851,0.3199189305305481,0.00045316433534026146,0.05421525239944458,0.12332139536738396,samples/000248_bed_0614.npz
249,bed_0615,2,26,1,34,1.394847801888889,0.31725430488586426,0.0004702808801084757,0.054238975048065186,0.20548176020383835,samples/000249_bed_0615.npz
250,bench_0174,3,33,1,23,1.0613201125610856,0.31125548481941223,0.0002873458724934608,0.04873621463775635,0.22205748781561852,samples/000250_bench_0174.npz
251,bench_0175,3,36,1,1,0.0,0.0,0.0,0.0,0.005163375288248062,samples/000251_bench_0175.npz
252,bench_0176,3,33,1,46,1.4664176115348853,0.31957435607910156,0.00044986297143623233,0.0488053597509861,0.27039507031440735,samples/000252_bench_0176.npz
253,bench_0177,3,12,1,32,1.197329745045859,0.31992068886756897,0.0002735031011980027,0.04791119694709778,0.1957937590777874,samples/000253_bench_0177.npz
254,bench_0178,3,29,1,58,1.8382551782317984,0.3194878399372101,0.0007874932489357889,0.050474584102630615,0.3303547874093056,samples/000254_bench_0178.npz
255,bench_0179,3,36,1,55,1.6932827625301343,0.3199045956134796,0.0006420562276616693,0.05297333002090454,0.31948505714535713,samples/000255_bench_0179.npz
256,bench_0180,3,27,1,12,0.6400054517714936,0.315499484539032,0.00013803047477267683,0.05172783136367798,0.09603246673941612,samples/000256_bench_0180.npz
257,bench_0181,3,7,1,36,1.35764505212051,0.31899428367614746,0.00041185534792020917,0.05259561538696289,0.21490784361958504,samples/000257_bench_0181.npz
258,bench_0182,3,8,1,12,0.8466404308471288,0.31886178255081177,0.0001720568398013711,0.05283498764038086,0.09177388623356819,samples/000258_bench_0182.npz
259,bench_0183,3,33,1,17,0.8466329330682067,0.3188660740852356,0.00016979272186290473,0.04610097408294678,0.11698576435446739,samples/000259_bench_0183.npz
260,bench_0184,3,33,1,1,0.0,0.0,0.0,0.0,0.005119446665048599,samples/000260_bench_0184.npz
261,bench_0185,3,29,1,23,1.061319101665217,0.31963324546813965,0.00022334809182211757,0.05259197950363159,0.14929062873125076,samples/000261_bench_0185.npz
262,bench_0186,3,33,1,33,1.2393588843286178,0.3195153474807739,0.00037221144884824753,0.05159968137741089,0.20376291498541832,samples/000262_bench_0186.npz
263,bench_0187,3,25,1,20,1.1537793931079,0.31924760341644287,0.00036875318619422615,0.0436134934425354,0.13300542533397675,samples/000263_bench_0187.npz
264,bench_0188,3,33,1,1,0.0,0.0,0.0,0.0,0.005012691020965576,samples/000264_bench_0188.npz
265,bench_0189,3,26,1,35,1.2800000071153044,0.3119320273399353,0.00040710772736929357,0.04650038480758667,0.21464580297470093,samples/000265_bench_0189.npz
266,bench_0190,3,33,1,51,1.431085122285807,0.3199523687362671,0.0004052612348459661,0.0529932826757431,0.2979232780635357,samples/000266_bench_0190.npz
267,bench_0191,3,30,1,1,0.0,0.0,0.0,0.0,0.00490647554397583,samples/000267_bench_0191.npz
268,bench_0192,3,26,1,29,1.2800002865120448,0.31794336438179016,0.0004218649410177022,0.05437570810317993,0.18513036519289017,samples/000268_bench_0192.npz
269,bench_0193,3,11,1,1,0.0,0.0,0.0,0.0,0.005098491907119751,samples/000269_bench_0193.npz
270,bookshelf_0573,4,29,1,33,1.2393202168509465,0.3197184205055237,0.0002643221232574433,0.04985622316598892,0.20135781541466713,samples/000270_bookshelf_0573.npz
271,bookshelf_0574,4,36,1,104,1.810172724412179,0.31926229596138,0.0006637246697209775,0.05479741096496582,0.5599391758441925,samples/000271_bookshelf_0574.npz
272,bookshelf_0575,4,26,1,115,2.122640309363452,0.31999868154525757,0.0006014342070557177,0.05391526222229004,0.6153277568519115,samples/000272_bookshelf_0575.npz
273,bookshelf_0576,4,36,1,43,1.239365809719621,0.31909024715423584,0.0002916833327617496,0.05478811264038086,0.2471659816801548,samples/000273_bookshelf_0576.npz
274,bookshelf_0577,4,26,1,51,1.7816991741627484,0.31971219182014465,0.0006860644789412618,0.04928863048553467,0.2890176884829998,samples/000274_bookshelf_0577.npz
275,bookshelf_0578,4,14,1,12,0.783817316796532,0.31752365827560425,0.00013449863763526082,0.05075865983963013,0.0892694741487503,samples/000275_bookshelf_0578.npz
276,bookshelf_0579,4,36,1,80,1.6316901369553172,0.3199904263019562,0.00040150556014850736,0.05443978309631348,0.43620889633893967,samples/000276_bookshelf_0579.npz
277,bookshelf_0580,4,36,1,1,0.0,0.0,0.0,0.0,0.00506746768951416,samples/000277_bookshelf_0580.npz
278,bookshelf_0581,4,25,1,50,1.500932939797693,0.3199165463447571,0.0003911588864866644,0.05215686559677124,0.2828562334179878,samples/000278_bookshelf_0581.npz
279,bookshelf_0582,4,26,1,73,1.8659014243064616,0.3196369707584381,0.0005551828071475029,0.05249917507171631,0.3995635658502579,samples/000279_bookshelf_0582.npz
280,bookshelf_0583,4,36,1,55,1.567673187453324,0.3199627101421356,0.0004168068990111351,0.05146068334579468,0.30817102640867233,samples/000280_bookshelf_0583.npz
281,bookshelf_0584,4,8,1,66,1.4310861218846098,0.31895366311073303,0.00034974917070940137,0.05148639529943466,0.3641006015241146,samples/000281_bookshelf_0584.npz
282,bookshelf_0585,4,26,1,66,1.7527063083973278,0.31997549533843994,0.0005785719840787351,0.05502086877822876,0.3641900606453419,samples/000282_bookshelf_0585.npz
283,bookshelf_0586,4,26,1,73,1.9726182990625396,0.31986841559410095,0.000680565251968801,0.05443894863128662,0.40171242505311966,samples/000283_bookshelf_0586.npz
284,bookshelf_0587,4,36,1,45,1.5676710202496442,0.31996768712997437,0.00018285703845322132,0.04589759185910225,0.2565867118537426,samples/000284_bookshelf_0587.npz
285,bookshelf_0588,4,26,1,103,1.9464859697770596,0.31982412934303284,0.0005222152685746551,0.0400448739528656,0.5507151000201702,samples/000285_bookshelf_0588.npz
286,bookshelf_0589,4,14,1,11,0.6400001432560224,0.3198530375957489,0.0001399368920829147,0.04967576265335083,0.08357221260666847,samples/000286_bookshelf_0589.npz
287,bookshelf_0590,4,26,1,88,2.146625184429376,0.3198924958705902,0.0006812924984842539,0.05310507118701935,0.4734593294560909,samples/000287_bookshelf_0590.npz
288,bookshelf_0591,4,15,1,15,0.9050969319042163,0.3177138864994049,0.0002335600001970306,0.0548323392868042,0.10469920933246613,samples/000288_bookshelf_0591.npz
289,bookshelf_0592,4,13,1,5,0.3200010844394816,0.3187529742717743,3.2216295949183404e-05,0.032988227903842926,0.053276658058166504,samples/000289_bookshelf_0592.npz
290,bookshelf_0593,4,36,1,38,1.35764505212051,0.3199641704559326,0.00029363128123804927,0.05178350210189819,0.22161926701664925,samples/000290_bookshelf_0593.npz
291,bookshelf_0594,4,26,1,117,2.307552741947187,0.31997889280319214,0.0009454931714572012,0.05421251058578491,0.6274241507053375,samples/000291_bookshelf_0594.npz
292,bookshelf_0595,4,37,1,95,1.8382594582708507,0.31997936964035034,0.0003224098472855985,0.05428206920623779,0.5113037414848804,samples/000292_bookshelf_0595.npz
293,bookshelf_0596,4,26,1,100,2.5799143737068446,0.31989359855651855,0.0010252584470435977,0.052581384778022766,0.5375746041536331,samples/000293_bookshelf_0596.npz
294,bookshelf_0597,4,26,1,26,1.3193940574104503,0.3164210915565491,0.0004291170625947416,0.058995842933654785,0.16241168230772018,samples/000294_bookshelf_0597.npz
295,bookshelf_0598,4,36,1,113,2.048999906453344,0.3199833333492279,0.0005533770308829844,0.04290193319320679,0.610778633505106,samples/000295_bookshelf_0598.npz
296,bookshelf_0599,4,26,1,21,1.3193941251741064,0.31987735629081726,0.00036080609424971044,0.05399823188781738,0.13814134523272514,samples/000296_bookshelf_0599.npz
297,bookshelf_0600,4,26,1,80,1.9726113191529904,0.3193362057209015,0.0006816363311372697,0.052784234285354614,0.44401178508996964,samples/000297_bookshelf_0600.npz
298,bookshelf_0601,4,26,1,160,2.4787125745940295,0.3199954628944397,0.0007869062246754766,0.05150192975997925,0.8509576842188835,samples/000298_bookshelf_0601.npz
299,bookshelf_0602,4,26,1,142,2.2627640122285446,0.3194047808647156,0.0006813434883952141,0.05425232648849487,0.7576983794569969,samples/000299_bookshelf_0602.npz
300,bookshelf_0603,4,36,1,30,1.1973361294820126,0.3194291293621063,0.000248533149715513,0.05360132455825806,0.1830921322107315,samples/000300_bookshelf_0603.npz
301,bookshelf_0604,4,38,1,234,2.7896908605210684,0.3199557662010193,0.0009143810020759702,0.05487057566642761,1.2373666130006313,samples/000301_bookshelf_0604.npz
302,bookshelf_0605,4,26,1,81,1.8382515791003364,0.3198518753051758,0.0005509220063686371,0.05176042020320892,0.4437894783914089,samples/000302_bookshelf_0605.npz
303,bookshelf_0606,4,36,1,37,1.3576439325944114,0.31781691312789917,0.0002829229924827814,0.052979230880737305,0.22313667833805084,samples/000303_bookshelf_0606.npz
304,bookshelf_0607,4,36,1,31,1.153776564700389,0.31989169120788574,0.0002759411872830242,0.05513566732406616,0.19397985562682152,samples/000304_bookshelf_0607.npz
305,bookshelf_0608,4,26,1,54,1.781682714806921,0.3197958469390869,0.0005204610642977059,0.053148090839385986,0.30903930589556694,samples/000305_bookshelf_0608.npz
306,bookshelf_0609,4,36,1,58,1.3576536790259506,0.3172907829284668,0.00035278438008390367,0.05306994915008545,0.32741933315992355,samples/000306_bookshelf_0609.npz
307,bookshelf_0610,4,26,1,42,1.6316730959060661,0.31972503662109375,0.0004838004242628813,0.055347830057144165,0.24370192736387253,samples/000307_bookshelf_0610.npz
308,bookshelf_0611,4,36,1,35,1.2393648719085213,0.31844496726989746,0.00023737092851661146,0.04768115282058716,0.21212007850408554,samples/000308_bookshelf_0611.npz
309,bookshelf_0612,4,36,1,93,1.9200012563164892,0.31997665762901306,0.00060760707128793,0.054528236389160156,0.508855551481247,samples/000309_bookshelf_0612.npz
310,bookshelf_0613,4,26,1,93,1.8658994118235956,0.3199792206287384,0.0005291009438224137,0.05546921491622925,0.5081524588167667,samples/000310_bookshelf_0613.npz
311,bookshelf_0614,4,26,1,37,1.534663405185557,0.31909310817718506,0.0003098487213719636,0.04403907060623169,0.2180057242512703,samples/000311_bookshelf_0614.npz
312,bookshelf_0615,4,26,1,97,2.17040878313019,0.31999334692955017,0.000801965594291687,0.05451810359954834,0.5336972139775753,samples/000312_bookshelf_0615.npz
313,bookshelf_0616,4,26,1,53,1.7527193671158472,0.31930381059646606,0.0005990159697830677,0.05563753843307495,0.30213992670178413,samples/000313_bookshelf_0616.npz
314,bookshelf_0617,4,26,1,57,1.8101940613717191,0.3195064663887024,0.0006150583503767848,0.05202820897102356,0.32319024950265884,samples/000314_bookshelf_0617.npz
315,bookshelf_0618,4,15,1,153,2.3946648664673043,0.3199731707572937,0.0006469340296462178,0.05187946557998657,0.8235209882259369,samples/000315_bookshelf_0618.npz
316,bookshelf_0619,4,36,1,8,0.6400000384822476,0.31404510140419006,0.00019375834381207824,0.055059731006622314,0.06933929026126862,samples/000316_bookshelf_0619.npz
317,bookshelf_0620,4,26,1,56,1.8659057367624365,0.3199438750743866,0.0007746503106318414,0.05498972535133362,0.31795479357242584,samples/000317_bookshelf_0620.npz
318,bookshelf_0621,4,26,1,37,1.5346849606259356,0.3194727301597595,0.0005653561092913151,0.053845345973968506,0.2224566899240017,samples/000318_bookshelf_0621.npz
319,bookshelf_0622,4,26,1,58,1.810196926036952,0.3195309042930603,0.0005906671867705882,0.05310627073049545,0.340770710259676,samples/000319_bookshelf_0622.npz
320,bookshelf_0623,4,26,1,39,1.7232522257927883,0.31995517015457153,0.0005542133003473282,0.051149725914001465,0.23255090042948723,samples/000320_bookshelf_0623.npz
321,bookshelf_0624,4,26,1,67,1.9983862982924658,0.3197903037071228,0.0006181529024615884,0.0538906455039978,0.3794626407325268,samples/000321_bookshelf_0624.npz
322,bookshelf_0625,4,26,1,56,1.9464935026925134,0.31981953978538513,0.0006810632185079157,0.0541803240776062,0.3238714709877968,samples/000322_bookshelf_0625.npz
323,bookshelf_0626,4,26,1,49,1.6001682632601757,0.3196727931499481,0.0005055776564404368,0.044520020484924316,0.2798135504126549,samples/000323_bookshelf_0626.npz
324,bookshelf_0627,4,36,1,54,1.6316904109257164,0.319999098777771,0.0003403833834454417,0.04783251881599426,0.30659394711256027,samples/000324_bookshelf_0627.npz
325,bookshelf_0628,4,26,1,118,2.217027264020884,0.3197954297065735,0.0007504741661250591,0.05420723557472229,0.6338057927787304,samples/000325_bookshelf_0628.npz
326,bookshelf_0629,4,26,1,19,1.1973307531169888,0.31995853781700134,0.0003340135735925287,0.045772552490234375,0.12707453966140747,samples/000326_bookshelf_0629.npz
327,bookshelf_0630,4,36,1,29,1.1973293343499705,0.3198332190513611,0.00033554655965417624,0.054313480854034424,0.17616598680615425,samples/000327_bookshelf_0630.npz
328,bookshelf_0631,4,38,1,1,0.0,0.0,0.0,0.0,0.005135439336299896,samples/000328_bookshelf_0631.npz
329,bookshelf_0632,4,36,1,20,1.061328915738572,0.31969061493873596,0.0001352275867247954,0.04325001686811447,0.13093092292547226,samples/000329_bookshelf_0632.npz
330,bookshelf_0633,4,38,1,6,0.55425653371328,0.2587912678718567,0.00013522761582862586,0.05459856986999512,0.06055725738406181,samples/000330_bookshelf_0633.npz
331,bookshelf_0634,4,36,1,58,1.6932813897044374,0.31941714882850647,0.0005133766680955887,0.05264467000961304,0.32884643226861954,samples/000331_bookshelf_0634.npz
332,bookshelf_0635,4,26,1,48,1.6317002190357082,0.31945037841796875,0.000534334103576839,0.05265533924102783,0.275216419249773,samples/000332_bookshelf_0635.npz
333,bookshelf_0636,4,36,1,4,0.32000188770147187,0.31599873304367065,3.646191180450842e-05,0.03733670711517334,0.04854080453515053,samples/000333_bookshelf_0636.npz
334,bookshelf_0637,4,26,1,27,1.3576528887773514,0.31837064027786255,0.00036480234120972455,0.053403496742248535,0.16679953783750534,samples/000334_bookshelf_0637.npz
335,bookshelf_0638,4,36,1,29,1.2800008453053424,0.31845396757125854,0.00034471682738512754,0.04954260587692261,0.1804940588772297,samples/000335_bookshelf_0638.npz
336,bookshelf_0639,4,26,1,45,1.7527120215986518,0.31964513659477234,0.000525471696164459,0.053755611181259155,0.2624915540218353,samples/000336_bookshelf_0639.npz
337,bookshelf_0640,4,36,1,1,0.0,0.0,0.0,0.0,0.005940914154052734,samples/000337_bookshelf_0640.npz
338,bookshelf_0641,4,26,1,70,1.8101884308096012,0.3190869987010956,0.000707235827576369,0.052870094776153564,0.39041774719953537,samples/000338_bookshelf_0641.npz
339,bookshelf_0642,4,36,1,75,1.865898261832412,0.3198924660682678,0.0005662493058480322,0.053865283727645874,0.41564226895570755,samples/000339_bookshelf_0642.npz
340,bookshelf_0643,4,26,1,62,1.8382706446894963,0.31996622681617737,0.0005369933787733316,0.05196899175643921,0.3472679853439331,samples/000340_bookshelf_0643.npz
341,bookshelf_0644,4,26,1,72,2.023858221787829,0.3199985921382904,0.000778413494117558,0.054001033306121826,0.401353657245636,samples/000341_bookshelf_0644.npz
342,bookshelf_0645,4,26,1,64,2.073841211475636,0.31993621587753296,0.0006979517638683319,0.05519139766693115,0.35993463546037674,samples/000342_bookshelf_0645.npz
343,bookshelf_0646,4,26,1,56,1.8931459691072383,0.31921303272247314,0.0007384472410194576,0.05714273452758789,0.3194960542023182,samples/000343_bookshelf_0646.npz
344,bookshelf_0647,4,36,1,34,1.4664243791503153,0.31990790367126465,0.00033706589601933956,0.0526500940322876,0.20447491854429245,samples/000344_bookshelf_0647.npz
345,bookshelf_0648,4,26,1,24,1.1973263101304519,0.31949323415756226,0.0003964017378166318,0.05532938241958618,0.15203633531928062,samples/000345_bookshelf_0648.npz
346,bookshelf_0649,4,26,1,59,1.8101925796465441,0.3198152780532837,0.0005453169578686357,0.05258631706237793,0.3309125564992428,samples/000346_bookshelf_0649.npz
347,bookshelf_0650,4,26,1,310,2.9847545681985648,0.31997519731521606,0.0010390537790954113,0.048418521881103516,1.6204176507890224,samples/000347_bookshelf_0650.npz
348,bookshelf_0651,4,26,1,65,1.6932795416680877,0.3199918568134308,0.0005473971832543612,0.05282434821128845,0.36024297028779984,samples/000348_bookshelf_0651.npz
349,bookshelf_0652,4,36,1,124,2.0238583101408216,0.3199322521686554,0.0005443267873488367,0.05221673846244812,0.6645933985710144,samples/000349_bookshelf_0652.npz
350,bookshelf_0653,4,26,1,57,1.8659082283991237,0.3198482394218445,0.0006165240774862468,0.05482473969459534,0.3204248361289501,samples/000350_bookshelf_0653.npz
351,bookshelf_0654,4,38,1,156,2.1226422469119823,0.31998124718666077,0.0003666329721454531,0.04906743764877319,0.8281978815793991,samples/000351_bookshelf_0654.npz
352,bookshelf_0655,4,26,1,81,2.0490034844744476,0.3199118375778198,0.0006165935774333775,0.0539778470993042,0.44241393730044365,samples/000352_bookshelf_0655.npz
353,bookshelf_0656,4,26,1,192,2.3731394808560746,0.31999075412750244,0.0006825124728493392,0.05366486310958862,1.0097475089132786,samples/000353_bookshelf_0656.npz
354,bookshelf_0657,4,26,1,37,1.5009328802300956,0.31997576355934143,0.00048734998563304543,0.04986797273159027,0.22057335823774338,samples/000354_bookshelf_0657.npz
355,bookshelf_0658,4,36,1,50,1.2799993784724157,0.31979650259017944,0.00031832262175157666,0.0555611252784729,0.2851899564266205,samples/000355_bookshelf_0658.npz
356,bookshelf_0659,4,36,1,74,1.752772009088233,0.31996220350265503,0.0003877215494867414,0.05392253398895264,0.40999332815408707,samples/000356_bookshelf_0659.npz
357,bookshelf_0660,4,26,1,144,2.351552259860127,0.3195737302303314,0.0009614222217351198,0.054900020360946655,0.7693470679223537,samples/000357_bookshelf_0660.npz
358,bookshelf_0661,4,26,1,75,1.8382626682936,0.32000163197517395,0.00059456005692482,0.05458724498748779,0.4164358489215374,samples/000358_bookshelf_0661.npz
359,bookshelf_0662,4,38,1,173,2.3075401109244864,0.3199675977230072,0.0007798158330842853,0.05394178628921509,0.913983903825283,samples/000359_bookshelf_0662.npz
360,bookshelf_0663,4,26,1,53,1.6932789080551607,0.31997016072273254,0.0003690160810947418,0.04016309976577759,0.32339267060160637,samples/000360_bookshelf_0663.npz
361,bookshelf_0664,4,26,1,133,2.4992825909277596,0.31999996304512024,0.000970394117757678,0.054782867431640625,0.7178799360990524,samples/000361_bookshelf_0664.npz
362,bookshelf_0665,4,26,1,39,1.3576709326723808,0.3198865056037903,0.00035548274172469974,0.048208124935626984,0.2394161820411682,samples/000362_bookshelf_0665.npz
363,bookshelf_0666,4,3,1,93,1.8659019993011674,0.31969916820526123,0.0005533047951757908,0.052535951137542725,0.5187379904091358,samples/000363_bookshelf_0666.npz
364,bookshelf_0667,4,36,1,72,1.5676742140224424,0.31661200523376465,0.00025420202291570604,0.04839324951171875,0.405171237885952,samples/000364_bookshelf_0667.npz
365,bookshelf_0668,4,26,1,11,0.8466404836481534,0.3198413848876953,0.00010460428893566132,0.03148561716079712,0.08726118132472038,samples/000365_bookshelf_0668.npz
366,bookshelf_0669,4,26,1,44,1.5009331780680586,0.31767532229423523,0.0005974380765110254,0.051029324531555176,0.25961196422576904,samples/000366_bookshelf_0669.npz
367,bookshelf_0670,4,38,1,63,1.6316867397185446,0.31998682022094727,0.00045424365089274943,0.049523115158081055,0.3557010442018509,samples/000367_bookshelf_0670.npz
368,bookshelf_0671,4,36,1,28,1.1537763709735935,0.31797266006469727,0.00037962946225889027,0.05591815710067749,0.17721421644091606,samples/000368_bookshelf_0671.npz
369,bookshelf_0672,4,26,1,20,1.280001473947511,0.31984490156173706,0.00042891359771601856,0.052968740463256836,0.13262351229786873,samples/000369_bookshelf_0672.npz
370,bottle_0336,5,26,1,14,0.905096487386688,0.31831860542297363,0.00023226204211823642,0.053276658058166504,0.10473433881998062,samples/000370_bottle_0336.npz
371,bottle_0337,5,26,1,13,0.9050969812950392,0.3007522523403168,0.00018165758228860795,0.03979367017745972,0.09516164287924767,samples/000371_bottle_0337.npz
372,bottle_0338,5,26,1,33,1.3576451179749576,0.3161812722682953,0.00023494125343859196,0.04827582836151123,0.20662253722548485,samples/000372_bottle_0338.npz
373,bottle_0339,5,15,1,14,0.715541717730622,0.31982022523880005,6.012407538946718e-05,0.0262468159198761,0.10463814064860344,samples/000373_bottle_0339.npz
374,bottle_0340,5,26,1,14,1.01192893418791,0.3161278963088989,0.0001995156635530293,0.0501093864440918,0.09981682896614075,samples/000374_bottle_0340.npz
375,bottle_0341,5,26,1,11,0.8466404044466153,0.31809064745903015,8.133088704198599e-05,0.022478818893432617,0.08590741828083992,samples/000375_bottle_0341.npz
376,bottle_0342,5,26,1,10,0.8466406156507004,0.2942352294921875,0.00018943518807645887,0.05214473605155945,0.08151785656809807,samples/000376_bottle_0342.npz
377,bottle_0343,5,26,1,12,1.0119288016583865,0.3119629919528961,0.00013043932267464697,0.02504885196685791,0.09121501818299294,samples/000377_bottle_0343.npz
378,bottle_0344,5,26,1,12,0.8466405364491747,0.30860280990600586,0.00011112148058600724,0.03373786807060242,0.09379378706216812,samples/000378_bottle_0344.npz
379,bottle_0345,5,26,1,13,1.01192893418791,0.3187357187271118,0.00021220347844064236,0.038581788539886475,0.0981585942208767,samples/000379_bottle_0345.npz
380,bottle_0346,5,26,1,5,0.5542562715849204,0.30460214614868164,7.598036609124392e-05,0.040021419525146484,0.05421251058578491,samples/000380_bottle_0346.npz
381,bottle_0347,5,26,1,10,0.8466402196429976,0.31024837493896484,0.00013997851056046784,0.049353718757629395,0.08019651845097542,samples/000381_bottle_0347.npz
382,bottle_0348,5,26,1,9,0.7838366222424796,0.30234432220458984,0.00011890125460922718,0.03760325163602829,0.07698175311088562,samples/000382_bottle_0348.npz
383,bottle_0349,5,26,1,7,0.715541717730622,0.3131791949272156,7.11400352884084e-05,0.018896639347076416,0.06486637517809868,samples/000383_bottle_0349.npz
384,bottle_0350,5,37,1,11,0.7838371070112212,0.31887736916542053,0.00012162978237029165,0.04138058423995972,0.11185892298817635,samples/000384_bottle_0350.npz
385,bottle_0351,5,26,1,3,0.3200000716280112,0.3180452585220337,4.2073945223819464e-05,0.04308110475540161,0.051801323890686035,samples/000385_bottle_0351.npz
386,bottle_0352,5,26,1,30,1.4664254156291998,0.3190062344074249,0.0003127490053884685,0.04616990685462952,0.18782243505120277,samples/000386_bottle_0352.npz
387,bottle_0353,5,26,1,7,0.7155419051556593,0.31700238585472107,0.00013439901522360742,0.049530863761901855,0.06503654643893242,samples/000387_bottle_0353.npz
388,bottle_0354,5,38,1,27,1.1973280649254237,0.31996244192123413,0.0001351349928881973,0.0392807275056839,0.17077923193573952,samples/000388_bottle_0354.npz
389,bottle_0355,5,37,1,9,0.5542561707662875,0.3019236922264099,5.8181169151794165e-05,0.04656282067298889,0.07741492614150047,samples/000389_bottle_0355.npz
390,bottle_0356,5,26,1,14,0.9600001159310271,0.3181303143501282,0.00014688170631416142,0.052481018006801605,0.10060635209083557,samples/000390_bottle_0356.npz
391,bottle_0357,5,37,1,51,1.662768868524693,0.31991177797317505,0.0003126405063085258,0.038218796253204346,0.29460958018898964,samples/000391_bottle_0357.npz
392,bottle_0358,5,37,1,10,0.4525484906475196,0.3158102035522461,5.892323679290712e-05,0.048194289207458496,0.08321258053183556,samples/000392_bottle_0358.npz
393,bottle_0359,5,26,1,22,1.197330454429335,0.31949734687805176,0.00024557692813687027,0.0478857159614563,0.14318068325519562,samples/000393_bottle_0359.npz
394,bottle_0360,5,27,1,25,1.1973293343499705,0.31397107243537903,0.00022959403577260673,0.041143715381622314,0.16522448882460594,samples/000394_bottle_0360.npz
395,bottle_0361,5,27,1,16,0.8466407476532268,0.30453580617904663,0.00011767909018089995,0.04333020746707916,0.11258212476968765,samples/000395_bottle_0361.npz
396,bottle_0362,5,26,1,12,0.8466412492626395,0.31746751070022583,0.0002008432784350589,0.05240049958229065,0.09529897198081017,samples/000396_bottle_0362.npz
397,bottle_0363,5,26,1,9,0.7154736167174031,0.31973862648010254,0.00010201315308222547,0.047392308712005615,0.08009817451238632,samples/000397_bottle_0363.npz
398,bottle_0364,5,26,1,9,0.8466404044466153,0.30648669600486755,0.0001249593769898638,0.04572111368179321,0.07815254479646683,samples/000398_bottle_0364.npz
399,bottle_0365,5,37,1,4,0.3200000017788261,0.2836230993270874,3.328506863908842e-05,0.034083783626556396,0.051001790910959244,samples/000399_bottle_0365.npz
400,bottle_0366,5,26,1,7,0.7155418114431468,0.3078983724117279,8.407428686041385e-05,0.03968283534049988,0.07199805229902267,samples/000400_bottle_0366.npz
401,bottle_0367,5,26,1,24,1.2799987498292182,0.3189932107925415,0.0002437591610942036,0.051121681928634644,0.15963076055049896,samples/000401_bottle_0367.npz
402,bottle_0368,5,26,1,11,0.9599998831003833,0.3136938810348511,0.00018762068066280335,0.04976409673690796,0.0913228951394558,samples/000402_bottle_0368.npz
403,bottle_0369,5,14,1,9,0.7155419363931608,0.31938666105270386,0.0001616375520825386,0.051948487758636475,0.07893834263086319,samples/000403_bottle_0369.npz
404,bottle_0370,5,37,1,7,0.7155404682291183,0.3199717402458191,0.00013258648687042296,0.05229908227920532,0.06615075096487999,samples/000404_bottle_0370.npz
405,bottle_0371,5,26,1,8,0.7155430297048526,0.31816649436950684,0.00012150964175816625,0.048299938440322876,0.0726175345480442,samples/000405_bottle_0371.npz
406,bottle_0372,5,26,1,11,0.7838368218531743,0.3125460743904114,0.00015395740047097206,0.04785388708114624,0.08668909594416618,samples/000406_bottle_0372.npz
407,bottle_0373,5,26,1,11,0.8466404308471288,0.3125942647457123,0.00022000934404786676,0.049589335918426514,0.08767799660563469,samples/000407_bottle_0373.npz
408,bottle_0374,5,29,1,10,0.8466422788810293,0.3199547529220581,0.00015307255671359599,0.043592989444732666,0.08038028329610825,samples/000408_bottle_0374.npz
409,bottle_0375,5,37,1,1,0.0,0.0,0.0,0.0,0.004945471882820129,samples/000409_bottle_0375.npz
410,bottle_0376,5,37,1,4,0.4525478238709361,0.26925909519195557,1.7213431419804692e-05,0.009036123752593994,0.05114207789301872,samples/000410_bottle_0376.npz
411,bottle_0377,5,29,1,11,0.9050968331225622,0.31642478704452515,0.00013435361324809492,0.05264943838119507,0.08442248031497002,samples/000411_bottle_0377.npz
412,bottle_0378,5,37,1,8,0.7155418426806524,0.3109433054924011,0.00010045710951089859,0.05108082294464111,0.07148034870624542,samples/000412_bottle_0378.npz
413,bottle_0379,5,26,1,17,1.0119303920115237,0.3196905851364136,0.0002804675023071468,0.05043596029281616,0.11788563430309296,samples/000413_bottle_0379.npz
414,bottle_0380,5,26,1,7,0.7155418426806524,0.29563891887664795,7.394506246782839e-05,0.03496439754962921,0.06356523185968399,samples/000414_bottle_0380.npz
415,bottle_0381,5,37,1,23,0.905097573984705,0.3124314546585083,0.00011160360008943826,0.028508260846138,0.14814483001828194,samples/000415_bottle_0381.npz
416,bottle_0382,5,37,1,3,0.3200001589394711,0.2897951006889343,3.749766619876027e-05,0.03839689493179321,0.04636329412460327,samples/000416_bottle_0382.npz
417,bottle_0383,5,26,1,18,1.0119290667174163,0.31545305252075195,0.00019729294581338763,0.035391151905059814,0.1274886168539524,samples/000417_bottle_0383.npz
418,bottle_0384,5,26,1,9,0.7155420925806476,0.31974101066589355,0.00013473356375470757,0.049022674560546875,0.07758323475718498,samples/000418_bottle_0384.npz
419,bottle_0385,5,26,1,17,1.0612716305958012,0.3186730146408081,0.0001952332677319646,0.037806928157806396,0.11901139467954636,samples/000419_bottle_0385.npz
420,bottle_0386,5,26,1,43,1.5009328802300956,0.3194381892681122,0.0003359788388479501,0.054003357887268066,0.2563946880400181,samples/000420_bottle_0386.npz
421,bottle_0387,5,27,1,60,1.4664255985371621,0.31999433040618896,0.00026540362159721553,0.049539268016815186,0.3448387123644352,samples/000421_bottle_0387.npz
422,bottle_0388,5,26,1,8,0.7838369644322107,0.30744731426239014,0.0001281206787098199,0.05137360095977783,0.07197726517915726,samples/000422_bottle_0388.npz
423,bottle_0389,5,26,1,14,0.9050966849500609,0.3194478750228882,0.0001485822140239179,0.039736032485961914,0.10420023277401924,samples/000423_bottle_0389.npz
424,bottle_0390,5,38,1,34,1.2799996578692934,0.3177395462989807,0.0002204758202424273,0.03568613529205322,0.20683565363287926,samples/000424_bottle_0390.npz
425,bottle_0391,5,37,1,25,0.9050963886049854,0.30772364139556885,0.0001142604451160878,0.04790961742401123,0.16005755960941315,samples/000425_bottle_0391.npz
426,bottle_0392,5,26,1,10,0.7838359663784109,0.31240373849868774,0.00020785719971172512,0.04788386821746826,0.07918788120150566,samples/000426_bottle_0392.npz
427,bottle_0393,5,26,1,19,1.1085128657893897,0.30685338377952576,0.00017803847731556743,0.03898611664772034,0.1275952383875847,samples/000427_bottle_0393.npz
428,bottle_0394,5,37,1,15,0.846639982038287,0.3149647116661072,0.00013150295126251876,0.043583452701568604,0.10623843595385551,samples/000428_bottle_0394.npz
429,bottle_0395,5,26,1,9,0.5542561707662875,0.3193289637565613,5.379279173212126e-05,0.024141252040863037,0.07680165022611618,samples/000429_bottle_0395.npz
430,bottle_0396,5,26,1,9,0.8466394276270364,0.3152984380722046,0.00013596154167316854,0.036036014556884766,0.0743286982178688,samples/000430_bottle_0396.npz
431,bottle_0397,5,26,1,15,0.9599850749554348,0.319720596075058,0.00014978242688812315,0.037132859230041504,0.10741199925541878,samples/000431_bottle_0397.npz
432,bottle_0398,5,26,1,17,1.0119291550704108,0.31996798515319824,0.00015508008073084056,0.04015570878982544,0.12087120488286018,samples/000432_bottle_0398.npz
433,bottle_0399,5,26,1,10,0.9050966849500609,0.31987133622169495,0.00021006676252000034,0.0505332350730896,0.0801217332482338,samples/000433_bottle_0399.npz
434,bottle_0400,5,26,1,5,0.5542562917486448,0.3125090003013611,0.0001375236315652728,0.05095881223678589,0.05652885511517525,samples/000434_bottle_0400.npz
435,bottle_0401,5,26,1,14,1.1085125431698408,0.30266815423965454,0.0001752388634486124,0.04709470272064209,0.10539035126566887,samples/000435_bottle_0401.npz
436,bottle_0402,5,26,1,21,1.2393547723593998,0.29302528500556946,0.00024287628184538335,0.05329078435897827,0.14584147930145264,samples/000436_bottle_0402.npz
437,bottle_0403,5,37,1,24,1.1973303424214459,0.3152277171611786,0.00012134738062741235,0.016270551830530167,0.1618761196732521,samples/000437_bottle_0403.npz
438,bottle_0404,5,26,1,13,1.011928890011404,0.3184404969215393,0.0001828059903346002,0.03241640329360962,0.10387463122606277,samples/000438_bottle_0404.npz
439,bottle_0405,5,26,1,10,0.7838370784954212,0.3177548050880432,0.00013082292571198195,0.05070197582244873,0.08321453258395195,samples/000439_bottle_0405.npz
440,bottle_0406,5,26,1,10,0.9050972776399206,0.3193764090538025,0.0002126913022948429,0.047532498836517334,0.08159792795777321,samples/000440_bottle_0406.npz
441,bottle_0407,5,26,1,8,0.7838359093467269,0.30288076400756836,0.00021765410201624036,0.05132561922073364,0.07153195515275002,samples/000441_bottle_0407.npz
442,bottle_0408,5,37,1,34,1.3193943284650531,0.3191211223602295,0.0001765415072441101,0.021872639656066895,0.2057095617055893,samples/000442_bottle_0408.npz
443,bottle_0409,5,37,1,25,1.1085137126652587,0.3197125196456909,0.00020036990463268012,0.051611900329589844,0.16071625798940659,samples/000443_bottle_0409.npz
444,bottle_0410,5,26,1,15,1.011929287599888,0.31866466999053955,0.00019283744040876627,0.04310864210128784,0.1055464968085289,samples/000444_bottle_0410.npz
445,bottle_0411,5,26,1,6,0.6399998289346467,0.319918155670166,0.00015563704073429108,0.052372753620147705,0.05931151285767555,samples/000445_bottle_0411.npz
446,bottle_0412,5,26,1,22,1.3193939218831283,0.3198891878128052,0.00023709327797405422,0.05157262086868286,0.14591959491372108,samples/000446_bottle_0412.npz
447,bottle_0413,5,26,1,9,0.8466404308471288,0.3178700804710388,0.00015693140449002385,0.0522826611995697,0.07602633908390999,samples/000447_bottle_0413.npz
448,bottle_0414,5,26,1,22,1.1085125028423906,0.3173157572746277,0.0002790144644677639,0.05186140537261963,0.14528658986091614,samples/000448_bottle_0414.npz
449,bottle_0415,5,26,1,5,0.5542562514211953,0.28433430194854736,0.00011961300333496183,0.05213052034378052,0.05377970635890961,samples/000449_bottle_0415.npz
450,bottle_0416,5,37,1,4,0.452548243693344,0.3156556487083435,5.307458923198283e-05,0.050407350063323975,0.04854540526866913,samples/000450_bottle_0416.npz
451,bottle_0417,5,26,1,12,0.7838367077899264,0.3175516128540039,0.00015794573118910193,0.05073106288909912,0.09383262321352959,samples/000451_bottle_0417.npz
452,bottle_0418,5,26,1,22,1.1973306784450823,0.3151480555534363,0.00025733685470186174,0.04877626895904541,0.15331026166677475,samples/000452_bottle_0418.npz
453,bottle_0419,5,26,1,8,0.7838366507582963,0.31216922402381897,9.481303277425468e-05,0.033972203731536865,0.06932015344500542,samples/000453_bottle_0419.npz
454,bottle_0420,5,26,1,8,0.7155418114431468,0.3189272880554199,0.00013702581054531038,0.049221158027648926,0.0705757848918438,samples/000454_bottle_0420.npz
455,bottle_0421,5,26,1,25,1.1973308277888906,0.3193000555038452,0.00019651968614198267,0.05316424369812012,0.16652967035770416,samples/000455_bottle_0421.npz
456,bottle_0422,5,26,1,8,0.7838379624847396,0.28861701488494873,9.941979078575969e-05,0.051255881786346436,0.0729002021253109,samples/000456_bottle_0422.npz
457,bottle_0423,5,26,1,9,0.715542061343153,0.248296320438385,8.432081085629761e-05,0.028762638568878174,0.08259066194295883,samples/000457_bottle_0423.npz
458,bottle_0424,5,26,1,11,0.9050963886049854,0.3197340965270996,0.00023017902276478708,0.0522615909576416,0.09321114420890808,samples/000458_bottle_0424.npz
459,bottle_0425,5,26,1,9,0.783836593726662,0.315908819437027,0.00019508972764015198,0.05271196365356445,0.07543482258915901,samples/000459_bottle_0425.npz
460,bottle_0426,5,26,1,10,0.9050836456749501,0.31869012117385864,0.00012460799189284444,0.04715651273727417,0.0837627500295639,samples/000460_bottle_0426.npz
461,bottle_0427,5,37,1,4,0.4525482930841899,0.3195348381996155,7.917734910733998e-05,0.0442010760307312,0.048952892422676086,samples/000461_bottle_0427.npz
462,bottle_0428,5,26,1,33,1.2800020327402901,0.3195726275444031,0.0002486277953721583,0.03312063217163086,0.20136943459510803,samples/000462_bottle_0428.npz
463,bottle_0429,5,26,1,9,0.7838363656000833,0.31786733865737915,0.00015919480938464403,0.05010741949081421,0.07658463343977928,samples/000463_bottle_0429.npz
464,bottle_0430,5,26,1,32,1.3948476736928648,0.3197999596595764,0.0002345976245123893,0.048230141401290894,0.19260278716683388,samples/000464_bottle_0430.npz
465,bottle_0431,5,37,1,19,1.1085037114232228,0.3145533800125122,0.00015553280536551028,0.046685218811035156,0.1274251490831375,samples/000465_bottle_0431.npz
466,bottle_0432,5,26,1,11,0.8466419620755042,0.318950891494751,0.0001320468436460942,0.03279167413711548,0.08402722701430321,samples/000466_bottle_0432.npz
467,bottle_0433,5,37,1,3,0.32000352914361674,0.2754742503166199,2.521691203583032e-05,0.025820553302764893,0.0514928437769413,samples/000467_bottle_0433.npz
468,bottle_0434,5,37,1,10,0.7838361945051058,0.3196128308773041,5.9011479606851935e-05,0.01683884859085083,0.10099130496382713,samples/000468_bottle_0434.npz
469,bottle_0435,5,37,1,3,0.3200000716280112,0.2577435374259949,1.4938530512154102e-05,0.015297114849090576,0.054611239582300186,samples/000469_bottle_0435.npz
470,bowl_0065,6,15,1,61,1.7232530040330158,0.31998783349990845,0.0005466130096465349,0.05443328619003296,0.3720068894326687,samples/000470_bowl_0065.npz
471,bowl_0066,6,1,1,103,1.893145496840547,0.3137861490249634,0.00046317820670083165,0.055587589740753174,0.5577160231769085,samples/000471_bowl_0066.npz
472,bowl_0067,6,37,1,51,1.3193951416285268,0.3138638734817505,0.00037181132938712835,0.0557171106338501,0.28993357345461845,samples/000472_bowl_0067.npz
473,bowl_0068,6,10,1,164,2.098380448623176,0.3192046582698822,0.00034063210478052497,0.03521735966205597,0.8798873759806156,samples/000473_bowl_0068.npz
474,bowl_0069,6,26,1,48,1.7816847220535774,0.3003280758857727,0.0006664161919616163,0.05387473106384277,0.29205190017819405,samples/000474_bowl_0069.npz
475,bowl_0070,6,37,1,97,1.865904970104325,0.31978902220726013,0.00033292447915300727,0.030472755432128906,0.5266434364020824,samples/000475_bowl_0070.npz
476,bowl_0071,6,26,1,46,1.5676736437063485,0.3172663450241089,0.0005241981707513332,0.05154544115066528,0.2677931562066078,samples/000476_bowl_0071.npz
477,bowl_0072,6,37,1,13,0.7155416552555987,0.29728686809539795,4.117924254387617e-05,0.025421902537345886,0.09438961744308472,samples/000477_bowl_0072.npz
478,bowl_0073,6,26,1,43,1.6316861917764673,0.3171471953392029,0.0006388557958416641,0.05367732048034668,0.25416333600878716,samples/000478_bowl_0073.npz
479,bowl_0074,6,37,1,31,1.197330006397715,0.3121368885040283,9.651877917349339e-05,0.012631118297576904,0.18674762919545174,samples/000479_bowl_0074.npz
480,bowl_0075,6,1,1,35,1.2800000071153044,0.3199361562728882,0.0003301712276879698,0.0475197434425354,0.21351419016718864,samples/000480_bowl_0075.npz
481,bowl_0076,6,26,1,22,1.01192893418791,0.3197372257709503,0.00018224843370262533,0.04507327079772949,0.1433158703148365,samples/000481_bowl_0076.npz
482,bowl_0077,6,26,1,61,1.7232526408542868,0.31956180930137634,0.0004134210175834596,0.05553504079580307,0.3457084409892559,samples/000482_bowl_0077.npz
483,bowl_0078,6,1,1,47,1.431083435461244,0.3162621259689331,0.0003832211659755558,0.058777809143066406,0.31057337298989296,samples/000483_bowl_0078.npz
484,bowl_0079,6,35,1,75,1.662768922294623,0.3199012875556946,0.0005161531735211611,0.055759772658348083,0.4285219982266426,samples/000484_bowl_0079.npz
485,bowl_0080,6,29,1,156,2.0489929249307623,0.3195419907569885,0.0005774136516265571,0.054429471492767334,0.8554408513009548,samples/000485_bowl_0080.npz
486,bowl_0081,6,1,1,93,1.8931455912938948,0.3175802528858185,0.000511429738253355,0.04487788677215576,0.5437104292213917,samples/000486_bowl_0081.npz
487,bowl_0082,6,37,1,32,1.2393549166392523,0.3163546323776245,0.0002718305040616542,0.06195551156997681,0.19853181764483452,samples/000487_bowl_0082.npz
488,bowl_0083,6,27,1,41,1.2800000071153044,0.3175378739833832,0.00020856535411439836,0.03687146306037903,0.24315032735466957,samples/000488_bowl_0083.npz
489,bowl_0084,6,37,1,1,0.0,0.0,0.0,0.0,0.005134571343660355,samples/000489_bowl_0084.npz
490,car_0198,7,26,1,72,1.6627577381117438,0.31990164518356323,0.00037172381416894495,0.05391392111778259,0.4132447764277458,samples/000490_car_0198.npz
491,car_0199,7,26,1,73,1.8101930735550704,0.3187769055366516,0.0005891819018870592,0.05052073299884796,0.4142643176019192,samples/000491_car_0199.npz
492,car_0200,7,26,1,94,1.9726122256361454,0.3167352080345154,0.0005515228840522468,0.054803311824798584,0.5214189477264881,samples/000492_car_0200.npz
493,car_0201,7,0,1,47,1.6627776867699775,0.3197566270828247,0.0004925623070448637,0.05056127905845642,0.2783467322587967,samples/000493_car_0201.npz
494,car_0202,7,34,1,69,1.7232525889716048,0.3189347982406616,0.0004500728100538254,0.05113250017166138,0.39440834149718285,samples/000494_car_0202.npz
495,car_0203,7,26,1,82,2.1938293442682504,0.3197931945323944,0.0006732827168889344,0.04851004481315613,0.44753919914364815,samples/000495_car_0203.npz
496,car_0204,7,26,1,203,2.5996920073092182,0.3176025450229645,0.0008166746119968593,0.051708877086639404,1.0808960311114788,samples/000496_car_0204.npz
497,car_0205,7,34,1,133,2.351487852413557,0.31995272636413574,0.0006690779118798673,0.040223658084869385,0.7538043111562729,samples/000497_car_0205.npz
498,car_0206,7,26,1,126,1.9984004359502905,0.3199927508831024,0.0005653325351886451,0.05045393109321594,0.6863178722560406,samples/000498_car_0206.npz
499,car_0207,7,27,1,68,1.7233131868794576,0.3198986053466797,0.00032023980747908354,0.04121360182762146,0.38728175312280655,samples/000499_car_0207.npz
500,car_0208,7,34,1,49,1.6627703740820765,0.3199305534362793,0.00037069167592562735,0.042428672313690186,0.2862480692565441,samples/000500_car_0208.npz
501,car_0209,7,26,1,82,2.1703290308411343,0.31876808404922485,0.0004148712323512882,0.035023435950279236,0.4621306546032429,samples/000501_car_0209.npz
502,car_0210,7,34,1,37,1.3948476095948483,0.3195808529853821,0.000427637598477304,0.05371063947677612,0.2197091206908226,samples/000502_car_0210.npz
503,car_0211,7,26,1,103,2.1938082336782494,0.3194235861301422,0.0006625943351536989,0.04617523401975632,0.5703909024596214,samples/000503_car_0211.npz
504,car_0212,7,26,1,76,1.8659099533764194,0.312088280916214,0.00036378821823745966,0.035523638129234314,0.4246891476213932,samples/000504_car_0212.npz
505,car_0213,7,26,1,52,1.8382644192127373,0.31527042388916016,0.0005157782579772174,0.058371931314468384,0.3023260049521923,samples/000505_car_0213.npz
506,car_0214,7,26,1,29,1.197330454429335,0.3172937035560608,0.0002872078912332654,0.054276470094919205,0.17878738045692444,samples/000506_car_0214.npz
507,car_0215,7,34,1,79,1.7816846216912983,0.31996747851371765,0.00037228112341836095,0.054669201374053955,0.4437282420694828,samples/000507_car_0215.npz
508,car_0216,7,26,1,79,1.94648422434127,0.3188421428203583,0.0005506894667632878,0.054635897278785706,0.4431119002401829,samples/000508_car_0216.npz
509,car_0217,7,26,1,100,2.1226396354331136,0.3192978799343109,0.0006758096860721707,0.056194648146629333,0.5520301982760429,samples/000509_car_0217.npz
510,car_0218,7,25,1,113,2.240000039892537,0.3199995756149292,0.0005624314653687179,0.05394536256790161,0.6200389228761196,samples/000510_car_0218.npz
511,car_0219,7,26,1,27,1.319393786355792,0.3151874542236328,0.0003975235449615866,0.05377896875143051,0.17003121227025986,samples/000511_car_0219.npz
512,car_0220,7,26,1,56,1.8931481415325013,0.3173730671405792,0.0006424243911169469,0.05255693197250366,0.3292401283979416,samples/000512_car_0220.npz
513,car_0221,7,34,1,97,1.9464846836666296,0.3196483850479126,0.0005930262850597501,0.05437985062599182,0.5374321080744267,samples/000513_car_0221.npz
514,car_0222,7,27,1,79,1.8382494390728832,0.3197742998600006,0.00035114906495437026,0.04977789521217346,0.4384593032300472,samples/000514_car_0222.npz
515,car_0223,7,26,1,109,2.240000039892537,0.31990331411361694,0.0007206914597190917,0.05480995774269104,0.6230675801634789,samples/000515_car_0223.npz
516,car_0224,7,26,1,76,1.9200002318620542,0.31818687915802,0.0005832447204738855,0.04966259002685547,0.4335976876318455,samples/000516_car_0224.npz
517,car_0225,7,27,1,32,1.3576455131015763,0.317125141620636,0.00021327391732484102,0.03989553451538086,0.2003421150147915,samples/000517_car_0225.npz
518,car_0226,7,26,1,34,1.431083435461244,0.3198043406009674,0.0004082318628206849,0.05733034014701843,0.2065504975616932,samples/000518_car_0226.npz
519,car_0227,7,26,1,194,2.752744259091849,0.3195866048336029,0.001148525858297944,0.05918527767062187,1.0296992249786854,samples/000519_car_0227.npz
520,car_0228,7,27,1,91,1.72325051366305,0.31684744358062744,0.00030483503360301256,0.028941363096237183,0.49407797679305077,samples/000520_car_0228.npz
521,car_0229,7,26,1,64,1.7232530040330158,0.3193005919456482,0.000312731193844229,0.050476670265197754,0.3580305390059948,samples/000521_car_0229.npz
522,car_0230,7,25,1,100,2.146610107071665,0.3191206455230713,0.0007593015907332301,0.0497281551361084,0.540126696228981,samples/000522_car_0230.npz
523,car_0231,7,26,1,57,1.6932792776627303,0.3192848861217499,0.0004479929921217263,0.050454556941986084,0.3200990855693817,samples/000523_car_0231.npz
524,car_0232,7,25,1,76,1.6316862465706834,0.31887394189834595,0.0003772364871110767,0.05588856339454651,0.4202493578195572,samples/000524_car_0232.npz
525,car_0233,7,26,1,103,2.122641320258558,0.319533109664917,0.0008228293736465275,0.05128106474876404,0.5584760122001171,samples/000525_car_0233.npz
526,car_0234,7,26,1,41,1.466424744966476,0.3170727491378784,0.00039193793782033026,0.044913142919540405,0.24315540492534637,samples/000526_car_0234.npz
527,car_0235,7,26,1,67,1.9984000780361364,0.31906476616859436,0.0005636517889797688,0.05684961378574371,0.376748688519001,samples/000527_car_0235.npz
528,car_0236,7,26,1,10,0.7838367077899264,0.318132609128952,0.00012146095832576975,0.05221426486968994,0.08866126462817192,samples/000528_car_0236.npz
529,car_0237,7,26,1,48,1.5009307953627007,0.3197731375694275,0.0006214457098394632,0.05463987588882446,0.31317802146077156,samples/000529_car_0237.npz
530,car_0238,7,26,1,50,1.6932808088932305,0.3144065737724304,0.000541310291737318,0.053209125995635986,0.3285607732832432,samples/000530_car_0238.npz
531,car_0239,7,26,1,89,2.1703457559958395,0.3153883218765259,0.0008011044119484723,0.05550581216812134,0.540726076811552,samples/000531_car_0239.npz
532,car_0240,7,25,1,108,2.21702548961414,0.31999191641807556,0.0005753525765612721,0.03911864757537842,0.6333303339779377,samples/000532_car_0240.npz
533,car_0241,7,25,1,146,2.1226338227750645,0.3187810182571411,0.0005091045750305057,0.04425355792045593,0.7793322317302227,samples/000533_car_0241.npz
534,car_0242,7,34,1,72,1.7816847220535774,0.3199826180934906,0.0004901462234556675,0.05067247152328491,0.3962157927453518,samples/000534_car_0242.npz
535,car_0243,7,26,1,51,1.723252122027398,0.3199857473373413,0.0004859438631683588,0.055114179849624634,0.28971409797668457,samples/000535_car_0243.npz
536,car_0244,7,27,1,1,0.0,0.0,0.0,0.0,0.005192689597606659,samples/000536_car_0244.npz
537,car_0245,7,26,1,37,1.6316866301301438,0.3199787139892578,0.0004981713136658072,0.046994179487228394,0.21836626529693604,samples/000537_car_0245.npz
538,car_0246,7,34,1,46,1.1537763709735935,0.319796085357666,0.00022241994156502187,0.050897061824798584,0.2647809870541096,samples/000538_car_0246.npz
539,car_0247,7,34,1,55,1.5676737007379673,0.31477832794189453,0.00034384516766294837,0.05356724560260773,0.30938150733709335,samples/000539_car_0247.npz
540,car_0248,7,34,1,11,0.7155560243673234,0.315979927778244,0.0001243943115696311,0.034687548875808716,0.08775953948497772,samples/000540_car_0248.npz
541,car_0249,7,26,1,38,1.5009330589328804,0.31991469860076904,0.000390862172935158,0.050880610942840576,0.22441944107413292,samples/000541_car_0249.npz
542,car_0250,7,26,1,103,1.9726125882292909,0.31680452823638916,0.0005196550628170371,0.05520886182785034,0.554008025676012,samples/000542_car_0250.npz
543,car_0251,7,27,1,17,0.9050966355592217,0.3112114667892456,0.00015054874529596418,0.04412776231765747,0.11624331399798393,samples/000543_car_0251.npz
544,car_0252,7,26,1,26,1.3576452496838434,0.31734561920166016,0.00038308449438773096,0.05037882924079895,0.16348623856902122,samples/000544_car_0252.npz
545,car_0253,7,26,1,87,2.0239205096904356,0.3200567364692688,0.0006491402164101601,0.054383665323257446,0.4755340442061424,samples/000545_car_0253.npz
546,car_0254,7,26,1,61,1.7816846216912983,0.3191753625869751,0.0007323012105189264,0.05408710241317749,0.34369705617427826,samples/000546_car_0254.npz
547,car_0255,7,23,1,83,1.5999999634921547,0.31994426250457764,0.0005149752832949162,0.05422337353229523,0.455021757632494,samples/000547_car_0255.npz
548,car_0256,7,26,1,63,1.8382603337321564,0.3176593780517578,0.0005276437732391059,0.04742556810379028,0.3519672639667988,samples/000548_car_0256.npz
549,car_0257,7,34,1,29,1.3948464558300473,0.3192632794380188,0.0002739302581176162,0.04749596118927002,0.18045998737215996,samples/000549_car_0257.npz
550,car_0258,7,34,1,48,1.6317167118698668,0.31911882758140564,0.00041373990825377405,0.04284438490867615,0.27467725053429604,samples/000550_car_0258.npz
551,car_0259,7,26,1,28,1.3948496607299157,0.31850549578666687,0.0003818806726485491,0.04105006158351898,0.17443309351801872,samples/000551_car_0259.npz
552,car_0260,7,23,1,90,1.7816852238648881,0.3195880055427551,0.000479892740258947,0.054531753063201904,0.4965890981256962,samples/000552_car_0260.npz
553,car_0261,7,25,1,113,2.0983703932040934,0.31895002722740173,0.0004609387251548469,0.05459895730018616,0.61641601100564,samples/000553_car_0261.npz
554,car_0262,7,34,1,77,1.662768223285397,0.3190652132034302,0.0004211001505609602,0.045679569244384766,0.42028333991765976,samples/000554_car_0262.npz
555,car_0263,7,34,1,28,1.1537763709735935,0.3198309540748596,0.00013092430890537798,0.03702479600906372,0.1744571253657341,samples/000555_car_0263.npz
556,car_0264,7,34,1,22,1.197342775233192,0.31952983140945435,0.00026656524278223515,0.052777886390686035,0.14628944918513298,samples/000556_car_0264.npz
557,car_0265,7,34,1,96,1.9199999524652953,0.31995654106140137,0.0004892066353932023,0.04586935043334961,0.5207759290933609,samples/000557_car_0265.npz
558,car_0266,7,26,1,83,2.2170259735433926,0.31942060589790344,0.0006448355270549655,0.04176333546638489,0.4543622173368931,samples/000558_car_0266.npz
559,car_0267,7,38,1,76,1.6932808088932305,0.31954070925712585,0.0004282270965632051,0.051229387521743774,0.41558917611837387,samples/000559_car_0267.npz
560,car_0268,7,26,1,25,1.19733037975741,0.3135005533695221,0.00033682549837976694,0.05145086348056793,0.15552572906017303,samples/000560_car_0268.npz
561,car_0269,7,26,1,81,1.8382600419117674,0.3197438716888428,0.0004547450807876885,0.054256975650787354,0.43649519607424736,samples/000561_car_0269.npz
562,car_0270,7,27,1,100,1.893127739527456,0.31956207752227783,0.0003820289857685566,0.05496525764465332,0.5387886129319668,samples/000562_car_0270.npz
563,car_0271,7,26,1,65,1.8382603337321564,0.31291094422340393,0.0005792171577923,0.05889037251472473,0.3659641668200493,samples/000563_car_0271.npz
564,car_0272,7,26,1,52,1.7232525370889213,0.3178784251213074,0.0004614258068613708,0.04576098918914795,0.3028431460261345,samples/000564_car_0272.npz
565,car_0273,7,26,1,69,1.8101935674634622,0.3195074796676636,0.0005539275007322431,0.04608234763145447,0.3833502270281315,samples/000565_car_0273.npz
566,car_0274,7,26,1,14,0.7838368788847919,0.31695225834846497,0.00016098310879897326,0.051644712686538696,0.10267332941293716,samples/000566_car_0274.npz
567,car_0275,7,26,1,43,1.5676734155798528,0.3154771029949188,0.00039815710624679923,0.060323894023895264,0.25575897097587585,samples/000567_car_0275.npz
568,car_0276,7,26,1,86,2.1703457559958395,0.3199981451034546,0.0007556237978860736,0.055875182151794434,0.4785500429570675,samples/000568_car_0276.npz
569,car_0277,7,34,1,100,2.3296353094445235,0.31831642985343933,0.0006197103066369891,0.0365673303604126,0.5490328781306744,samples/000569_car_0277.npz
570,car_0278,7,34,1,62,1.7232526408542868,0.3189374506473541,0.0003539196331985295,0.04925528168678284,0.34889551252126694,samples/000570_car_0278.npz
571,car_0279,7,34,1,92,1.8101934686817946,0.3188769519329071,0.0005206678761169314,0.0502605140209198,0.4982074610888958,samples/000571_car_0279.npz
572,car_0280,7,34,1,25,1.108512704479627,0.29457712173461914,0.00016108631098177284,0.043225280940532684,0.15456324070692062,samples/000572_car_0280.npz
573,car_0281,7,34,1,46,1.567683681239293,0.31974419951438904,0.00034731547930277884,0.0537947416305542,0.26450715959072113,samples/000573_car_0281.npz
574,car_0282,7,26,1,46,1.723252952150345,0.3164728283882141,0.0005602648016065359,0.055395424365997314,0.2617776282131672,samples/000574_car_0282.npz
575,car_0283,7,34,1,40,1.0613204495261612,0.31971117854118347,0.0002625446650199592,0.054652124643325806,0.23317191377282143,samples/000575_car_0283.npz
576,car_0284,7,25,1,148,2.307552741947187,0.3199824392795563,0.0010019834153354168,0.05174201726913452,0.7828471772372723,samples/000576_car_0284.npz
577,car_0285,7,34,1,53,1.7527124296837482,0.3189692497253418,0.000328854686813429,0.036876142024993896,0.2986373156309128,samples/000577_car_0285.npz
578,car_0286,7,27,1,73,1.8382603337321564,0.31985709071159363,0.0004442669451236725,0.05168333649635315,0.3997536078095436,samples/000578_car_0286.npz
579,car_0287,7,26,1,41,1.4310835604112797,0.31879138946533203,0.0003002602024935186,0.04814983159303665,0.2378009781241417,samples/000579_car_0287.npz
580,car_0288,7,26,1,57,1.9464613498012597,0.3191709518432617,0.00033494015224277973,0.04270896315574646,0.3211106099188328,samples/000580_car_0288.npz
581,car_0289,7,26,1,28,1.2799997277185031,0.3155277371406555,0.0003028253559023142,0.05690348148345947,0.17590022459626198,samples/000581_car_0289.npz
582,car_0290,7,26,1,78,1.9464856023170236,0.31989920139312744,0.00043787475442513824,0.04403954744338989,0.42317812517285347,samples/000582_car_0290.npz
583,car_0291,7,34,1,80,2.0489993828399755,0.3197691738605499,0.0006664028041996062,0.049763500690460205,0.4365521930158138,samples/000583_car_0291.npz
584,car_0292,7,26,1,50,1.6627686534449555,0.31524941325187683,0.00044373521814122796,0.05411672592163086,0.284101914614439,samples/000584_car_0292.npz
585,car_0293,7,26,1,41,1.5676736437063485,0.31869661808013916,0.0005337616894394159,0.0463419109582901,0.2358463518321514,samples/000585_car_0293.npz
586,car_0294,7,26,1,88,1.9983998990790355,0.31998410820961,0.0007015838054940104,0.05359524488449097,0.48093874379992485,samples/000586_car_0294.npz
587,car_0295,7,38,1,59,1.4310838103113186,0.314988911151886,0.0002545753086451441,0.053769975900650024,0.32690026611089706,samples/000587_car_0295.npz
588,car_0296,7,25,1,204,2.619312528221605,0.3199573755264282,0.0008132972288876772,0.053475797176361084,1.0591070391237736,samples/000588_car_0296.npz
589,car_0297,7,34,1,109,2.1226398881570154,0.3196059763431549,0.0006180552300065756,0.050627678632736206,0.5818175077438354,samples/000589_car_0297.npz
590,chair_0890,8,26,1,22,1.2393545559395893,0.31956011056900024,0.0003950822865590453,0.048046648502349854,0.139154314994812,samples/000590_chair_0890.npz
591,chair_0891,8,26,1,82,1.752711919577363,0.3194568455219269,0.0005788183188997209,0.05244635045528412,0.444302462041378,samples/000591_chair_0891.npz
592,chair_0892,8,26,1,93,2.240000199547827,0.31990212202072144,0.0007802543696016073,0.05213621258735657,0.5005112439393997,samples/000592_chair_0892.npz
593,chair_0893,8,26,1,41,1.5346664346170844,0.31626904010772705,0.0006012064986862242,0.05251866579055786,0.23662961646914482,samples/000593_chair_0893.npz
594,chair_0894,8,26,1,24,1.0613199861991547,0.3166605830192566,0.0002790263097267598,0.04925572872161865,0.15375244989991188,samples/000594_chair_0894.npz
595,chair_0895,8,26,1,69,1.946492308451764,0.31995877623558044,0.0007615949725732207,0.05541568994522095,0.3816271871328354,samples/000595_chair_0895.npz
596,chair_0896,8,26,1,53,1.5676736437063485,0.3199049234390259,0.0004851017438340932,0.05288708209991455,0.29675106704235077,samples/000596_chair_0896.npz
597,chair_0897,8,27,1,97,1.8931454023871945,0.31990307569503784,0.0004635292571038008,0.04410921037197113,0.5257632210850716,samples/000597_chair_0897.npz
598,chair_0898,8,31,1,29,1.1973228752051905,0.3185836374759674,0.00022889970568940043,0.05240684747695923,0.1774033159017563,samples/000598_chair_0898.npz
599,chair_0899,8,26,1,57,1.7816973676555128,0.3185870349407196,0.0006277636275626719,0.053208112716674805,0.3199840895831585,samples/000599_chair_0899.npz
600,chair_0900,8,26,1,40,1.7232490609455746,0.318988174200058,0.00061626429669559,0.05393698811531067,0.23151959478855133,samples/000600_chair_0900.npz
601,chair_0901,8,26,1,58,1.7816848224158508,0.3194155991077423,0.0004884914960712194,0.05103070288896561,0.3231463134288788,samples/000601_chair_0901.npz
602,chair_0902,8,26,1,127,2.2627434657492156,0.31926560401916504,0.0008425497217103839,0.05219525098800659,0.6750413440167904,samples/000602_chair_0902.npz
603,chair_0903,8,29,1,33,1.3193944639923334,0.31968289613723755,0.00032855087192729115,0.053403258323669434,0.19813579693436623,samples/000603_chair_0903.npz
604,chair_0904,8,29,1,166,2.262741648167062,0.3192787170410156,0.0007486381800845265,0.043147653341293335,0.8839763402938843,samples/000604_chair_0904.npz
605,chair_0905,8,26,1,43,1.5346681241051465,0.31980258226394653,0.00037143909139558673,0.04525534808635712,0.24818618595600128,samples/000605_chair_0905.npz
606,chair_0906,8,31,1,10,0.7155428110426478,0.31711453199386597,0.00011139763955725357,0.051646679639816284,0.07933060452342033,samples/000606_chair_0906.npz
607,chair_0907,8,32,1,1,0.0,0.0,0.0,0.0,0.00496939942240715,samples/000607_chair_0907.npz
608,chair_0908,8,29,1,24,1.0613108881005917,0.3196081817150116,0.00030775798950344324,0.04970675706863403,0.15021901205182076,samples/000608_chair_0908.npz
609,chair_0909,8,26,1,33,1.3948478659868966,0.31185340881347656,0.0003420076973270625,0.05179114639759064,0.19633780047297478,samples/000609_chair_0909.npz
610,chair_0910,8,26,1,62,1.8931463469205068,0.31997039914131165,0.0005290175322443247,0.047868192195892334,0.34957535937428474,samples/000610_chair_0910.npz
611,chair_0911,8,26,1,41,1.5009369903887635,0.3171394169330597,0.0005340423667803407,0.04753369092941284,0.24204256385564804,samples/000611_chair_0911.npz
612,chair_0912,8,26,1,110,2.1226398881570154,0.31988096237182617,0.0004974515759386122,0.04715666174888611,0.5948195420205593,samples/000612_chair_0912.npz
613,chair_0913,8,29,1,46,1.3193943284650531,0.31881293654441833,0.0004063227097503841,0.04029816389083862,0.2626405358314514,samples/000613_chair_0913.npz
614,chair_0914,8,29,1,80,1.5676743851172301,0.31845441460609436,0.0004417582240421325,0.05351293087005615,0.43471701815724373,samples/000614_chair_0914.npz
615,chair_0915,8,3,1,59,1.431085122285807,0.31685328483581543,0.00025544545496813953,0.047438979148864746,0.32775088772177696,samples/000615_chair_0915.npz
616,chair_0916,8,26,1,27,1.1537764097189551,0.31727299094200134,0.0003248389111831784,0.05335831642150879,0.16692842170596123,samples/000616_chair_0916.npz
617,chair_0917,8,26,1,57,1.8659044909428453,0.3195165693759918,0.0009105351637117565,0.05270938575267792,0.31919151172041893,samples/000617_chair_0917.npz
618,chair_0918,8,26,1,51,1.8382591664503227,0.31979361176490784,0.0005857907235622406,0.04756367206573486,0.2872118204832077,samples/000618_chair_0918.npz
619,chair_0919,8,29,1,92,2.0738372451889218,0.31906768679618835,0.00046699863742105663,0.041639119386672974,0.4942339286208153,samples/000619_chair_0919.npz
620,chair_0920,8,32,1,1,0.0,0.0,0.0,0.0,0.005007304251194,samples/000620_chair_0920.npz
621,chair_0921,8,26,1,57,1.7816845213290136,0.31905898451805115,0.0007259428384713829,0.047744110226631165,0.3189108520746231,samples/000621_chair_0921.npz
622,chair_0922,8,26,1,67,1.8659017118038366,0.3199743330478668,0.00048169874935410917,0.052776649594306946,0.37032800540328026,samples/000622_chair_0922.npz
623,chair_0923,8,26,1,36,1.5009377051978177,0.3191622495651245,0.00053497712360695,0.05220142751932144,0.2140951231122017,samples/000623_chair_0923.npz
624,chair_0924,8,26,1,19,1.0613203231642703,0.31063714623451233,0.0003390398051124066,0.05152684450149536,0.12670836225152016,samples/000624_chair_0924.npz
625,chair_0925,8,26,1,16,1.0119588412398248,0.3194657266139984,0.00029577038367278874,0.05154868960380554,0.11005842313170433,samples/000625_chair_0925.npz
626,chair_0926,8,26,1,60,1.9726140386012059,0.31998130679130554,0.000543243542779237,0.0508238822221756,0.3452765420079231,samples/000626_chair_0926.npz
627,chair_0927,8,29,1,50,1.5346585697343822,0.3194260895252228,0.0004390314861666411,0.05341237783432007,0.2828271836042404,samples/000627_chair_0927.npz
628,chair_0928,8,26,1,113,2.3296352326883305,0.31918197870254517,0.0009797250386327505,0.05204535275697708,0.6006884798407555,samples/000628_chair_0928.npz
629,chair_0929,8,26,1,96,1.7232522257927883,0.31919676065444946,0.00044911864097230136,0.04506298899650574,0.5138259083032608,samples/000629_chair_0929.npz
630,chair_0930,8,26,1,33,1.3948476736928648,0.30397120118141174,0.0004590770695358515,0.05366295576095581,0.1992003507912159,samples/000630_chair_0930.npz
631,chair_0931,8,26,1,22,1.0613199861991547,0.31976574659347534,0.00030653877183794975,0.052876707166433334,0.1397402547299862,samples/000631_chair_0931.npz
632,chair_0932,8,26,1,57,1.8382595555443497,0.3190373182296753,0.0006654118187725544,0.05362787842750549,0.31878386437892914,samples/000632_chair_0932.npz
633,chair_0933,8,26,1,40,1.6627680619755338,0.3196898400783539,0.0004857984313275665,0.05238848924636841,0.230626929551363,samples/000633_chair_0933.npz
634,chair_0934,8,26,1,20,1.1085134707007909,0.31494516134262085,0.00034834208781830966,0.05298430845141411,0.1299675740301609,samples/000634_chair_0934.npz
635,chair_0935,8,26,1,16,0.9050967837317311,0.3164331316947937,0.00014285848010331392,0.04271954298019409,0.11014905944466591,samples/000635_chair_0935.npz
636,chair_0936,8,26,1,114,2.240000039892537,0.3193083703517914,0.0004895037272945046,0.05200070142745972,0.6058137118816376,samples/000636_chair_0936.npz
637,chair_0937,8,26,1,80,1.8382607228259362,0.31981971859931946,0.0005609173676930368,0.052424997091293335,0.43083494156599045,samples/000637_chair_0937.npz
638,chair_0938,8,26,1,67,2.0238638763715775,0.31936609745025635,0.0006066473433747888,0.0532073974609375,0.3692098706960678,samples/000638_chair_0938.npz
639,chair_0939,8,26,1,41,1.3948497248278378,0.3197706639766693,0.00039361807284876704,0.05086979269981384,0.23459002748131752,samples/000639_chair_0939.npz
640,chair_0940,8,26,1,38,1.3576442618668891,0.3186386227607727,0.00031298710382543504,0.04657769203186035,0.2203429602086544,samples/000640_chair_0940.npz
641,chair_0941,8,26,1,84,2.0983803634079625,0.3174344003200531,0.0006672948366031051,0.04915297031402588,0.45760636404156685,samples/000641_chair_0941.npz
642,chair_0942,8,26,1,61,1.99839148807721,0.319812148809433,0.0004804603522643447,0.052935242652893066,0.3389141261577606,samples/000642_chair_0942.npz
643,chair_0943,8,26,1,34,1.4664343780925273,0.3165503144264221,0.0003556123119778931,0.05286946892738342,0.19963160902261734,samples/000643_chair_0943.npz
644,chair_0944,8,26,1,49,1.567670963217928,0.3197813034057617,0.0005204892950132489,0.05206507444381714,0.2751866579055786,samples/000644_chair_0944.npz
645,chair_0945,8,26,1,76,2.122657410274184,0.3180914521217346,0.0007841554470360279,0.052527785301208496,0.4114421606063843,samples/000645_chair_0945.npz
646,chair_0946,8,26,1,12,0.8466405100486645,0.3117765188217163,0.0001690966309979558,0.047770559787750244,0.08996619284152985,samples/000646_chair_0946.npz
647,chair_0947,8,26,1,30,1.4310838103113186,0.3176400661468506,0.00040156219620257616,0.04770469665527344,0.17896989360451698,samples/000647_chair_0947.npz
648,chair_0948,8,29,1,103,2.1226369397096208,0.31998682022094727,0.0008293376304209232,0.053474605083465576,0.5493287220597267,samples/000648_chair_0948.npz
649,chair_0949,8,26,1,122,2.0983817268509632,0.3174351155757904,0.0006323051638901234,0.0464627742767334,0.6459632106125355,samples/000649_chair_0949.npz
650,chair_0950,8,20,1,21,0.8466471629512056,0.3196888864040375,0.00015297379286494106,0.05169305205345154,0.13548720255494118,samples/000650_chair_0950.npz
651,chair_0951,8,26,1,40,1.5346660268093424,0.3196834623813629,0.00040628883289173245,0.045014142990112305,0.22981980443000793,samples/000651_chair_0951.npz
652,chair_0952,8,26,1,48,1.6316863013648975,0.31775137782096863,0.00046341822599060833,0.0437217652797699,0.2690947987139225,samples/000652_chair_0952.npz
653,chair_0953,8,26,1,36,1.4310828107109013,0.31993621587753296,0.000419802003307268,0.05248481035232544,0.2093357890844345,samples/000653_chair_0953.npz
654,chair_0954,8,26,1,144,2.023857603316773,0.31455713510513306,0.0005218099104240537,0.048108816146850586,0.7629223540425301,samples/000654_chair_0954.npz
655,chair_0955,8,29,1,89,1.9464878989411114,0.31999102234840393,0.000690438027959317,0.05268773436546326,0.4783492311835289,samples/000655_chair_0955.npz
656,chair_0956,8,26,1,81,1.8101933699001218,0.3197149634361267,0.0007297632982954383,0.048520416021347046,0.43709276244044304,samples/000656_chair_0956.npz
657,chair_0957,8,26,1,85,1.8931510695799985,0.3181266188621521,0.0007422476192004979,0.04835712909698486,0.45748282596468925,samples/000657_chair_0957.npz
658,chair_0958,8,29,1,24,1.0613401617968883,0.31968793272972107,0.00017426801787223667,0.0379275381565094,0.1503627672791481,samples/000658_chair_0958.npz
659,chair_0959,8,26,1,78,1.9726124069327264,0.3192857801914215,0.0007845762302167714,0.0478229820728302,0.485769908875227,samples/000659_chair_0959.npz
660,chair_0960,8,26,1,148,2.5799222750377977,0.31993919610977173,0.000972291745711118,0.053961724042892456,0.7783206701278687,samples/000660_chair_0960.npz
661,chair_0961,8,26,1,84,2.1226398881570154,0.31623539328575134,0.0007023896905593574,0.05023980140686035,0.45123131573200226,samples/000661_chair_0961.npz
662,chair_0962,8,26,1,51,1.7232526408542868,0.31966614723205566,0.0004562563553918153,0.05320209264755249,0.2875175289809704,samples/000662_chair_0962.npz
663,chair_0963,8,26,1,63,1.893145780200576,0.3188193738460541,0.0008766272221691906,0.05292767286300659,0.35892971605062485,samples/000663_chair_0963.npz
664,chair_0964,8,26,1,22,1.1973307531169888,0.31671708822250366,0.00033300029463134706,0.0475078821182251,0.14439337700605392,samples/000664_chair_0964.npz
665,chair_0965,8,26,1,19,1.1973309024607877,0.3198673129081726,0.0003410030622035265,0.051897138357162476,0.12625351548194885,samples/000665_chair_0965.npz
666,chair_0966,8,26,1,63,1.6000010251995618,0.3199683725833893,0.0003933170810341835,0.05273079872131348,0.35067716240882874,samples/000666_chair_0966.npz
667,chair_0967,8,26,1,57,1.7232526408542868,0.3177991211414337,0.0005320391501300037,0.04784715175628662,0.3156900219619274,samples/000667_chair_0967.npz
668,chair_0968,8,26,1,56,1.810192875991676,0.3196190297603607,0.0005606603226624429,0.04763719439506531,0.31043028086423874,samples/000668_chair_0968.npz
669,chair_0969,8,26,1,41,1.4664241962422009,0.313774049282074,0.00039962815935723484,0.05221760272979736,0.24135887622833252,samples/000669_chair_0969.npz
670,chair_0970,8,26,1,27,1.4664244401196818,0.318695068359375,0.00046803505392745137,0.049905747175216675,0.1654108166694641,samples/000670_chair_0970.npz
671,chair_0971,8,26,1,79,1.9726126788775666,0.3193574547767639,0.0006570146069861948,0.0490761399269104,0.42774350568652153,samples/000671_chair_0971.npz
672,chair_0972,8,26,1,32,1.239354844499328,0.3199773132801056,0.00033049326157197356,0.05267399549484253,0.1890471614897251,samples/000672_chair_0972.npz
673,chair_0973,8,32,1,41,0.9599995571373872,0.31871986389160156,0.00016776863776613027,0.04802675545215607,0.2367367409169674,samples/000673_chair_0973.npz
674,chair_0974,8,26,1,65,1.5999990694222128,0.3198239207267761,0.0005245720385573804,0.05410820245742798,0.359587661921978,samples/000674_chair_0974.npz
675,chair_0975,8,29,1,74,1.8101932711184434,0.31983184814453125,0.0005086678429506719,0.04944974184036255,0.40699896216392517,samples/000675_chair_0975.npz
676,chair_0976,8,26,1,53,1.3948477377908783,0.3166733384132385,0.0002919549879152328,0.04983945190906525,0.29919685795903206,samples/000676_chair_0976.npz
677,chair_0977,8,26,1,79,2.1226399723983094,0.3199909031391144,0.000681629404425621,0.053085148334503174,0.4302881434559822,samples/000677_chair_0977.npz
678,chair_0978,8,26,1,29,1.239354123099855,0.31988203525543213,0.0005045044235885143,0.05105903744697571,0.17605198919773102,samples/000678_chair_0978.npz
679,chair_0979,8,26,1,86,2.1703457559958395,0.31820186972618103,0.0008070863550528884,0.04634284973144531,0.47770384699106216,samples/000679_chair_0979.npz
680,chair_0980,8,26,1,70,1.752734670177798,0.3199143707752228,0.0007697134278714657,0.05264583230018616,0.3801194354891777,samples/000680_chair_0980.npz
681,chair_0981,8,26,1,68,1.7232526408542868,0.31997591257095337,0.0005271789850667119,0.05051782727241516,0.37335073575377464,samples/000681_chair_0981.npz
682,chair_0982,8,29,1,78,1.466406454046659,0.31973910331726074,0.0004757597635034472,0.04931533336639404,0.42315226793289185,samples/000682_chair_0982.npz
683,chair_0983,8,26,1,86,1.9984012412569025,0.31967273354530334,0.0006614992744289339,0.051370687782764435,0.49435729905962944,samples/000683_chair_0983.npz
684,chair_0984,8,29,1,37,1.1973462101013645,0.31664562225341797,0.00018774814088828862,0.05142790079116821,0.2150246687233448,samples/000684_chair_0984.npz
685,chair_0985,8,26,1,68,1.8382599446382941,0.31913456320762634,0.0007092111045494676,0.05306638777256012,0.36956534534692764,samples/000685_chair_0985.npz
686,chair_0986,8,29,1,87,1.9199999524652953,0.3198436498641968,0.0005488325259648263,0.04582484811544418,0.4662485718727112,samples/000686_chair_0986.npz
687,chair_0987,8,29,1,123,2.262742122319069,0.3199932277202606,0.0008919843239709735,0.048143237829208374,0.6438054516911507,samples/000687_chair_0987.npz
688,chair_0988,8,26,1,43,1.534666259842351,0.31970202922821045,0.0003695535415317863,0.052510470151901245,0.24494526907801628,samples/000688_chair_0988.npz
689,chair_0989,8,26,1,35,1.5009338928789282,0.31757843494415283,0.000444952049292624,0.049183011054992676,0.205870620906353,samples/000689_chair_0989.npz
690,cone_0168,9,26,1,28,1.3193939218831283,0.319680392742157,0.00038591789780184627,0.05503249168395996,0.17553040385246277,samples/000690_cone_0168.npz
691,cone_0169,9,34,1,20,1.197330454429335,0.31698209047317505,0.00033315562177449465,0.05443364381790161,0.12859615311026573,samples/000691_cone_0169.npz
692,cone_0170,9,26,1,31,1.3948483787708519,0.31939926743507385,0.0003562340862117708,0.04395788908004761,0.18592432513833046,samples/000692_cone_0170.npz
693,cone_0171,9,26,1,22,1.2799998674169115,0.31663596630096436,0.00017456155910622329,0.04112684726715088,0.138250682502985,samples/000693_cone_0171.npz
694,cone_0172,9,34,1,11,0.960000162497149,0.3191027343273163,0.0002561983419582248,0.053108155727386475,0.08437751233577728,samples/000694_cone_0172.npz
695,cone_0173,9,5,1,10,0.554254497174303,0.3184966444969177,3.8642359868390486e-05,0.03330552577972412,0.07825876027345657,samples/000695_cone_0173.npz
696,cone_0174,9,34,1,8,0.715541686493111,0.31895720958709717,0.00015385361621156335,0.054835736751556396,0.06820069253444672,samples/000696_cone_0174.npz
697,cone_0175,9,26,1,21,1.2800001468136823,0.31983885169029236,0.0002461335388943553,0.041015684604644775,0.13369987905025482,samples/000697_cone_0175.npz
698,cone_0176,9,37,1,9,0.7838367363057399,0.30517417192459106,7.857581658754498e-05,0.05414986610412598,0.07286079227924347,samples/000698_cone_0176.npz
699,cone_0177,9,37,1,35,1.6316860821880297,0.31987464427948,0.0004316974082030356,0.054710447788238525,0.20580948889255524,samples/000699_cone_0177.npz
700,cone_0178,9,26,1,25,1.319393786355792,0.31617221236228943,0.0003589610569179058,0.05289351940155029,0.15520226582884789,samples/000700_cone_0178.npz
701,cone_0179,9,26,1,18,1.0613202810436366,0.30865412950515747,0.0001957360072992742,0.04086390137672424,0.12105917930603027,samples/000701_cone_0179.npz
702,cone_0180,9,34,1,20,1.19733097713268,0.30352795124053955,0.0003095927240792662,0.054739922285079956,0.1297125183045864,samples/000702_cone_0180.npz
703,cone_0181,9,37,1,60,1.2393547002194671,0.31853920221328735,0.0002548881166148931,0.054545436054468155,0.3339131027460098,samples/000703_cone_0181.npz
704,cone_0182,9,26,1,22,1.153776758427152,0.3199761211872101,0.0001906017423607409,0.05326724052429199,0.14061912149190903,samples/000704_cone_0182.npz
705,cone_0183,9,34,1,59,1.8659068867490132,0.31998077034950256,0.0004982533864676952,0.054158151149749756,0.32645291462540627,samples/000705_cone_0183.npz
706,cone_0184,9,26,1,16,1.061320154681726,0.31709906458854675,0.00022588721185456961,0.048320919275283813,0.1116550974547863,samples/000706_cone_0184.npz
707,cone_0185,9,28,1,13,0.7838366507582963,0.31872421503067017,0.00012110048555769026,0.05239453911781311,0.09503932297229767,samples/000707_cone_0185.npz
708,cone_0186,9,26,1,40,1.500932939797693,0.30031588673591614,0.0003582966164685786,0.053569018840789795,0.23271526023745537,samples/000708_cone_0186.npz
709,cone_0187,9,26,1,16,1.1537766809364507,0.31996551156044006,0.0003026890044566244,0.05031043291091919,0.1103760227560997,samples/000709_cone_0187.npz
710,cup_0080,10,26,1,19,1.0613204495261612,0.3125164210796356,0.0002962042926810682,0.05427652597427368,0.12595797330141068,samples/000710_cup_0080.npz
711,cup_0081,10,37,1,1,0.0,0.0,0.0,0.0,0.004823505878448486,samples/000711_cup_0081.npz
712,cup_0082,10,27,1,1,0.0,0.0,0.0,0.0,0.004930898547172546,samples/000712_cup_0082.npz
713,cup_0083,10,6,1,1,0.0,0.0,0.0,0.0,0.004979599267244339,samples/000713_cup_0083.npz
714,cup_0084,10,15,1,12,0.9050965861683798,0.31965720653533936,0.00017214700346812606,0.05082094669342041,0.09079750999808311,samples/000714_cup_0084.npz
715,cup_0085,10,15,1,1,0.0,0.0,0.0,0.0,0.004985585808753967,samples/000715_cup_0085.npz
716,cup_0086,10,19,1,17,0.9599995571373872,0.31937557458877563,0.00011493955389596522,0.03241482377052307,0.11672073602676392,samples/000716_cup_0086.npz
717,cup_0087,10,37,1,10,0.7838336280759608,0.3116350769996643,0.00013408728409558535,0.05519670248031616,0.08096075057983398,samples/000717_cup_0087.npz
718,cup_0088,10,37,1,1,0.0,0.0,0.0,0.0,0.004957988858222961,samples/000718_cup_0088.npz
719,cup_0089,10,15,1,29,1.3193399131370522,0.3191608786582947,0.0003225788823328912,0.04832237958908081,0.1813095360994339,samples/000719_cup_0089.npz
720,cup_0090,10,15,1,1,0.0,0.0,0.0,0.0,0.005122590810060501,samples/000720_cup_0090.npz
721,cup_0091,10,15,1,31,1.1973303424214459,0.31925368309020996,0.0002500584232620895,0.04755505919456482,0.18858153000473976,samples/000721_cup_0091.npz
722,cup_0092,10,37,1,6,0.6399998987838545,0.2890988290309906,0.00012725236592814326,0.04754209518432617,0.060289666056632996,samples/000722_cup_0092.npz
723,cup_0093,10,37,1,1,0.0,0.0,0.0,0.0,0.0049993135035037994,samples/000723_cup_0093.npz
724,cup_0094,10,26,1,24,1.3948483787708519,0.3199886083602905,0.0003161275526508689,0.042302727699279785,0.15146465227007866,samples/000724_cup_0094.npz
725,cup_0095,10,37,1,17,0.7155415303055355,0.2913457155227661,6.938711157999933e-05,0.041706085205078125,0.11953844502568245,samples/000725_cup_0095.npz
726,cup_0096,10,15,1,1,0.0,0.0,0.0,0.0,0.005288567394018173,samples/000726_cup_0096.npz
727,cup_0097,10,15,1,1,0.0,0.0,0.0,0.0,0.0056943148374557495,samples/000727_cup_0097.npz
728,cup_0098,10,15,1,4,0.452548243693344,0.3015546202659607,7.33894994482398e-05,0.03965479135513306,0.050005096942186356,samples/000728_cup_0098.npz
729,cup_0099,10,15,1,8,0.7155401870909792,0.3193574547767639,0.00013294012751430273,0.050920188426971436,0.06962350010871887,samples/000729_cup_0099.npz
730,curtain_0139,11,26,1,14,0.9050969319042163,0.3178403377532959,0.00017300390754826367,0.04796957969665527,0.10049597173929214,samples/000730_curtain_0139.npz
731,curtain_0140,11,26,1,9,0.715569456102138,0.319980651140213,9.76639857981354e-05,0.045119062066078186,0.07493720576167107,samples/000731_curtain_0140.npz
732,curtain_0141,11,26,1,21,1.1085125028423906,0.31920570135116577,0.0002070642658509314,0.04328754544258118,0.13837489113211632,samples/000732_curtain_0141.npz
733,curtain_0142,11,26,1,11,0.9050966849500609,0.316484272480011,0.0002002449327846989,0.051946163177490234,0.08521473407745361,samples/000733_curtain_0142.npz
734,curtain_0143,11,22,1,8,0.5542540132431487,0.31999513506889343,7.577810174552724e-05,0.03847712278366089,0.0706111267209053,samples/000734_curtain_0143.npz
735,curtain_0144,11,26,1,20,1.1084989930639997,0.31987184286117554,0.0002859679807443172,0.05221089720726013,0.1309085190296173,samples/000735_curtain_0144.npz
736,curtain_0145,11,26,1,11,0.8466406156507004,0.3199085593223572,0.000272382894763723,0.05198734998703003,0.08567148819565773,samples/000736_curtain_0145.npz
737,curtain_0146,11,26,1,8,0.7838366222424796,0.29351264238357544,0.0001839441538322717,0.0485822856426239,0.06949454173445702,samples/000737_curtain_0146.npz
738,curtain_0147,11,26,1,18,1.1084966137128425,0.316939115524292,0.000296859914669767,0.052190572023391724,0.12056936323642731,samples/000738_curtain_0147.npz
739,curtain_0148,11,26,1,14,0.9599999296665166,0.31988680362701416,0.0002002074761549011,0.04814794659614563,0.09983169659972191,samples/000739_curtain_0148.npz
740,curtain_0149,11,22,1,1,0.0,0.0,0.0,0.0,0.004858724772930145,samples/000740_curtain_0149.npz
741,curtain_0150,11,26,1,19,0.905096437995838,0.3168068528175354,0.00012543248885776848,0.04024225473403931,0.1254156529903412,samples/000741_curtain_0150.npz
742,curtain_0151,11,26,1,7,0.7155426548553179,0.3195386826992035,0.0002071390626952052,0.05364418029785156,0.06489590555429459,samples/000742_curtain_0151.npz
743,curtain_0152,11,26,1,14,0.9050966355592217,0.30918461084365845,0.00023946005967445672,0.0519370436668396,0.10256127268075943,samples/000743_curtain_0152.npz
744,curtain_0153,11,26,1,16,1.061320154681726,0.3047329783439636,0.00029190120403654873,0.05241250991821289,0.1105181984603405,samples/000744_curtain_0153.npz
745,curtain_0154,11,33,1,18,0.7837845791484822,0.319511353969574,0.00021129166998434812,0.052336156368255615,0.11989609152078629,samples/000745_curtain_0154.npz
746,curtain_0155,11,26,1,41,1.1085128657893897,0.31768903136253357,0.00024279640638269484,0.04715275764465332,0.2362242080271244,samples/000746_curtain_0155.npz
747,curtain_0156,11,13,1,15,0.7155417802056399,0.3111072778701782,0.0001981968234758824,0.052689313888549805,0.10524988919496536,samples/000747_curtain_0156.npz
748,curtain_0157,11,26,1,11,0.8466407212527232,0.31591999530792236,0.00014777644537389278,0.05313616991043091,0.089234109967947,samples/000748_curtain_0157.npz
749,curtain_0158,11,26,1,23,1.1973307531169888,0.31604257225990295,0.00039239932084456086,0.05355781316757202,0.1493520252406597,samples/000749_curtain_0158.npz
750,desk_0201,12,4,1,27,1.1085081877967409,0.31982409954071045,0.00022090246784500778,0.051791414618492126,0.1699395664036274,samples/000750_desk_0201.npz
751,desk_0202,12,33,1,1,0.0,0.0,0.0,0.0,0.004977867007255554,samples/000751_desk_0202.npz
752,desk_0203,12,26,1,73,1.8931466302804085,0.3196045756340027,0.0005837537464685738,0.054539620876312256,0.4004996120929718,samples/000752_desk_0203.npz
753,desk_0204,12,26,1,23,1.1085124221874858,0.3180355429649353,0.00019560538930818439,0.04241351783275604,0.14597968384623528,samples/000753_desk_0204.npz
754,desk_0205,12,23,1,89,1.5999938726307843,0.3199875056743622,0.0003335247456561774,0.056588709354400635,0.485472422093153,samples/000754_desk_0205.npz
755,desk_0206,12,21,1,202,2.1703780524815635,0.3199676275253296,0.00045948330080136657,0.05047231912612915,1.0567558482289314,samples/000755_desk_0206.npz
756,desk_0207,12,33,1,1,0.0,0.0,0.0,0.0,0.0049451179802417755,samples/000756_desk_0207.npz
757,desk_0208,12,33,1,90,1.7232532115636838,0.3191617727279663,0.000633597606793046,0.053731054067611694,0.48487261682748795,samples/000757_desk_0208.npz
758,desk_0209,12,3,1,201,2.5600028081967925,0.3199881911277771,0.0009186159586533904,0.050218164920806885,1.0475096888840199,samples/000758_desk_0209.npz
759,desk_0210,12,25,1,58,1.3576417593940553,0.31977033615112305,0.00031669987947680056,0.053575918078422546,0.32453620061278343,samples/000759_desk_0210.npz
760,desk_0211,12,33,1,29,1.1973307531169888,0.3170957863330841,0.00034465527278371155,0.051119089126586914,0.17973269894719124,samples/000760_desk_0211.npz
761,desk_0212,12,38,1,122,2.0738419012638554,0.31995853781700134,0.0007912572473287582,0.054891958832740784,0.6508742906153202,samples/000761_desk_0212.npz
762,desk_0213,12,26,1,79,1.83826159828664,0.31988704204559326,0.0007786410278640687,0.05441373586654663,0.4268350265920162,samples/000762_desk_0213.npz
763,desk_0214,12,23,1,93,1.9200004181265375,0.3199462890625,0.0005462436238303781,0.04621005058288574,0.5572570376098156,samples/000763_desk_0214.npz
764,desk_0215,12,27,1,65,1.5676893843543795,0.319732666015625,0.0004212584753986448,0.05440706014633179,0.35556674003601074,samples/000764_desk_0215.npz
765,desk_0216,12,14,1,176,2.4992747208438337,0.3196853995323181,0.0008678134181536734,0.04797869920730591,0.9112996906042099,samples/000765_desk_0216.npz
766,desk_0217,12,14,1,25,1.0119288016583865,0.3200000822544098,0.0001908875856315717,0.0431598424911499,0.15430337190628052,samples/000766_desk_0217.npz
767,desk_0218,12,26,1,86,1.8659052576011537,0.31943413615226746,0.000570276053622365,0.04973119497299194,0.5268285498023033,samples/000767_desk_0218.npz
768,desk_0219,12,29,1,42,1.2800004262103921,0.31994926929473877,0.00022293800429906696,0.05392879247665405,0.2678293064236641,samples/000768_desk_0219.npz
769,desk_0220,12,27,1,36,1.1537843524906337,0.31718575954437256,0.00024751125602051616,0.05171835422515869,0.23413166031241417,samples/000769_desk_0220.npz
770,desk_0221,12,33,1,8,0.6400000035576522,0.26992422342300415,0.00011354313755873591,0.05027717351913452,0.07050079852342606,samples/000770_desk_0221.npz
771,desk_0222,12,26,1,33,1.3948481864768907,0.3183761239051819,0.00047951695160008967,0.04629582166671753,0.23367572575807571,samples/000771_desk_0222.npz
772,desk_0223,12,23,1,17,0.8466405100486645,0.3183298110961914,8.398958016186953e-05,0.04516822099685669,0.12870456278324127,samples/000772_desk_0223.npz
773,desk_0224,12,33,1,6,0.5542562715849204,0.3138236403465271,9.864490129984915e-05,0.049437880516052246,0.06077159568667412,samples/000773_desk_0224.npz
774,desk_0225,12,26,1,101,2.307552509475001,0.31952735781669617,0.0008889627642929554,0.05056358873844147,0.5465950816869736,samples/000774_desk_0225.npz
775,desk_0226,12,26,1,57,1.4310836853613047,0.31998157501220703,0.0004778269212692976,0.054564833641052246,0.3481517545878887,samples/000775_desk_0226.npz
776,desk_0227,12,36,1,74,1.3948635699100143,0.31993672251701355,0.0003679521905723959,0.054307401180267334,0.4113425798714161,samples/000776_desk_0227.npz
777,desk_0228,12,23,1,156,2.2399927755648052,0.3199828267097473,0.0007829329697415233,0.053547829389572144,0.8282085843384266,samples/000777_desk_0228.npz
778,desk_0229,12,26,1,50,1.6316863013648975,0.3195028305053711,0.0005079908296465874,0.05253195762634277,0.280865840613842,samples/000778_desk_0229.npz
779,desk_0230,12,36,1,73,1.7816845213290136,0.31991541385650635,0.000490754668135196,0.05370384454727173,0.42107437178492546,samples/000779_desk_0230.npz
780,desk_0231,12,25,1,57,1.6316847123319393,0.31990566849708557,0.000417487695813179,0.05240488052368164,0.3157970570027828,samples/000780_desk_0231.npz
781,desk_0232,12,33,1,66,1.6000011928375089,0.31978845596313477,0.0005312777357175946,0.05086934566497803,0.36273878440260887,samples/000781_desk_0232.npz
782,desk_0233,12,26,1,15,1.0119561023737567,0.3198273181915283,0.00012417120160534978,0.04915855824947357,0.10547434166073799,samples/000782_desk_0233.npz
783,desk_0234,12,33,1,1,0.0,0.0,0.0,0.0,0.006040759384632111,samples/000783_desk_0234.npz
784,desk_0235,12,27,1,59,1.5009319271482173,0.3190482258796692,0.0004577039508149028,0.07974062860012054,0.3501697666943073,samples/000784_desk_0235.npz
785,desk_0236,12,33,1,52,1.35764715946125,0.3198075592517853,0.000491325045004487,0.050785183906555176,0.28979669138789177,samples/000785_desk_0236.npz
786,desk_0237,12,38,1,81,1.9726110472079625,0.319993257522583,0.000769937236327678,0.05403450131416321,0.4369482286274433,samples/000786_desk_0237.npz
787,desk_0238,12,4,1,99,1.9464915735340156,0.31998753547668457,0.0005075748777016997,0.054293692111968994,0.548685684800148,samples/000787_desk_0238.npz
788,desk_0239,12,26,1,46,1.7232515513176399,0.31975290179252625,0.0003465072950348258,0.05148664116859436,0.2611748278141022,samples/000788_desk_0239.npz
789,desk_0240,12,26,1,115,2.2627427545215903,0.3191557228565216,0.00091089605120942,0.05110102891921997,0.6110504865646362,samples/000789_desk_0240.npz
790,desk_0241,12,15,1,205,2.499279729081927,0.31999319791793823,0.0008724009385332465,0.056718289852142334,1.0633799210190773,samples/000790_desk_0241.npz
791,desk_0242,12,33,1,1,0.0,0.0,0.0,0.0,0.00493859127163887,samples/000791_desk_0242.npz
792,desk_0243,12,30,1,1,0.0,0.0,0.0,0.0,0.004898495972156525,samples/000792_desk_0243.npz
793,desk_0244,12,26,1,37,1.4310851847607526,0.31859904527664185,0.0005377044435590506,0.05368459224700928,0.21603084355592728,samples/000793_desk_0244.npz
794,desk_0245,12,26,1,50,1.5677019311345397,0.3199576735496521,0.0006194399320520461,0.0538196861743927,0.2816123552620411,samples/000794_desk_0245.npz
795,desk_0246,12,33,1,76,1.7527116135134606,0.319920152425766,0.0007323084282688797,0.053707778453826904,0.43868524208664894,samples/000795_desk_0246.npz
796,desk_0247,12,30,1,35,1.239354483799644,0.31919193267822266,0.000320971361361444,0.05162420868873596,0.2036934532225132,samples/000796_desk_0247.npz
797,desk_0248,12,26,1,28,1.27999993726611,0.31978416442871094,0.0004711831279564649,0.05176474153995514,0.16770992428064346,samples/000797_desk_0248.npz
798,desk_0249,12,33,1,30,1.1085125431698408,0.31999972462654114,0.000303348817396909,0.051906295120716095,0.17766067013144493,samples/000798_desk_0249.npz
799,desk_0250,12,26,1,36,1.19733037975741,0.3198266327381134,0.00028211803874000907,0.04616755247116089,0.23616477474570274,samples/000799_desk_0250.npz
800,desk_0251,12,33,1,1,0.0,0.0,0.0,0.0,0.0049963779747486115,samples/000800_desk_0251.npz
801,desk_0252,12,14,1,3,0.3200001589394711,0.29230764508247375,1.5901128790574148e-05,0.01628239080309868,0.04192839190363884,samples/000801_desk_0252.npz
802,desk_0253,12,36,1,96,1.6933247387785584,0.3199804127216339,0.0003456004778854549,0.05031931400299072,0.5076483376324177,samples/000802_desk_0253.npz
803,desk_0254,12,27,1,99,1.9726118630429332,0.3199304938316345,0.000615193392150104,0.05475431680679321,0.5480529181659222,samples/000803_desk_0254.npz
804,desk_0255,12,26,1,23,1.0613192701479288,0.3196943402290344,0.00024034662055782974,0.04169493913650513,0.1453782320022583,samples/000804_desk_0255.npz
805,desk_0256,12,33,1,22,1.0613240718939663,0.31892475485801697,0.00020986274466849864,0.0503198504447937,0.14024962112307549,samples/000805_desk_0256.npz
806,desk_0257,12,26,1,53,1.599999628215985,0.31999748945236206,0.00044816749868914485,0.05257850140333176,0.2948409803211689,samples/000806_desk_0257.npz
807,desk_0258,12,23,1,1,0.0,0.0,0.0,0.0,0.006136950105428696,samples/000807_desk_0258.npz
808,desk_0259,12,14,1,21,0.9600004884599397,0.31340712308883667,0.00011405893019400537,0.02960219979286194,0.15447480604052544,samples/000808_desk_0259.npz
809,desk_0260,12,23,1,1,0.0,0.0,0.0,0.0,0.004913777112960815,samples/000809_desk_0260.npz
810,desk_0261,12,26,1,106,2.1938057884230364,0.3199949264526367,0.0007744544418528676,0.05552643537521362,0.5567097812891006,samples/000810_desk_0261.npz
811,desk_0262,12,36,1,107,1.8101931723367597,0.3199007213115692,0.0005797338671982288,0.054425179958343506,0.5856436975300312,samples/000811_desk_0262.npz
812,desk_0263,12,0,1,45,1.662766932806054,0.31990596652030945,0.0006256845081225038,0.052275046706199646,0.2523089647293091,samples/000812_desk_0263.npz
813,desk_0264,12,27,1,63,1.8101934686817946,0.3176773190498352,0.0004597446823026985,0.05135853588581085,0.347947359085083,samples/000813_desk_0264.npz
814,desk_0265,12,23,1,1,0.0,0.0,0.0,0.0,0.00483369454741478,samples/000814_desk_0265.npz
815,desk_0266,12,36,1,1,0.0,0.0,0.0,0.0,0.006022371351718903,samples/000815_desk_0266.npz
816,desk_0267,12,33,1,26,0.9050973764215262,0.3197818696498871,0.0002503608411643654,0.0520608127117157,0.17965208739042282,samples/000816_desk_0267.npz
817,desk_0268,12,23,1,10,0.4525487869923525,0.31271055340766907,3.652136365417391e-05,0.03389710187911987,0.07720574736595154,samples/000817_desk_0268.npz
818,desk_0269,12,23,1,37,1.2799996578692934,0.3123323917388916,0.0002236994623672217,0.054971158504486084,0.21509893238544464,samples/000818_desk_0269.npz
819,desk_0270,12,26,1,53,1.6932672917761464,0.3199991285800934,0.0004630756448023021,0.05201363563537598,0.32150398194789886,samples/000819_desk_0270.npz
820,desk_0271,12,26,1,56,1.7527165105294849,0.319984495639801,0.0006250180304050446,0.05370509624481201,0.3091871701180935,samples/000820_desk_0271.npz
821,desk_0272,12,26,1,94,2.1938084782036205,0.31999656558036804,0.0007903972291387618,0.052837908267974854,0.4978947415947914,samples/000821_desk_0272.npz
822,desk_0273,12,16,1,47,1.5346663181005977,0.31986695528030396,0.000251275603659451,0.03806304931640625,0.26974615454673767,samples/000822_desk_0273.npz
823,desk_0274,12,30,1,91,1.662771664558749,0.31973856687545776,0.0004344428307376802,0.05298328399658203,0.5279706418514252,samples/000823_desk_0274.npz
824,desk_0275,12,26,1,30,1.319386467858969,0.31926605105400085,0.0003903757897205651,0.0532776415348053,0.1797385737299919,samples/000824_desk_0275.npz
825,desk_0276,12,36,1,12,0.7155418426806524,0.3165568709373474,0.00011710129911080003,0.04762342572212219,0.08853922039270401,samples/000825_desk_0276.npz
826,desk_0277,12,26,1,177,2.6773704097813,0.3199966847896576,0.0009670104482211173,0.05346088111400604,0.93673500046134,samples/000826_desk_0277.npz
827,desk_0278,12,36,1,1,0.0,0.0,0.0,0.0,0.005103055387735367,samples/000827_desk_0278.npz
828,desk_0279,12,23,1,1,0.0,0.0,0.0,0.0,0.006303165107965469,samples/000828_desk_0279.npz
829,desk_0280,12,33,1,54,1.5346658520345628,0.3199657201766968,0.0003904321347363293,0.05487626791000366,0.3156029172241688,samples/000829_desk_0280.npz
830,desk_0281,12,27,1,112,2.048999906453344,0.31999847292900085,0.0005842529935762286,0.050163716077804565,0.6087301596999168,samples/000830_desk_0281.npz
831,desk_0282,12,23,1,267,2.6773034882224493,0.3199892044067383,0.0008407313143834472,0.054026663303375244,1.400976374745369,samples/000831_desk_0282.npz
832,desk_0283,12,26,1,14,0.9050966849500609,0.31532901525497437,0.0002559675194788724,0.053207412362098694,0.10370099171996117,samples/000832_desk_0283.npz
833,desk_0284,12,33,1,26,1.1973306411091273,0.3199395537376404,0.0003759880200959742,0.04964399337768555,0.16734197363257408,samples/000833_desk_0284.npz
834,desk_0285,12,26,1,18,1.1085104058129578,0.3196232318878174,0.00025151207228191197,0.050811827182769775,0.12251210957765579,samples/000834_desk_0285.npz
835,desk_0286,12,26,1,47,1.8101937650267812,0.31980088353157043,0.0006810427294112742,0.054126858711242676,0.27682488039135933,samples/000835_desk_0286.npz
836,door_0110,13,26,1,21,1.3193939218831283,0.3193797469139099,0.00044691990478895605,0.05284756422042847,0.1389634683728218,samples/000836_door_0110.npz
837,door_0111,13,11,1,12,0.8466408268547327,0.3197169899940491,0.0001827195519581437,0.05173671245574951,0.09373222663998604,samples/000837_door_0111.npz
838,door_0112,13,26,1,16,0.9599999296665166,0.3197948932647705,0.00014611629012506455,0.035908639430999756,0.11151766404509544,samples/000838_door_0112.npz
839,door_0113,13,11,1,18,1.0613273572866326,0.31993845105171204,0.00026317211450077593,0.05238378047943115,0.12234386801719666,samples/000839_door_0113.npz
840,door_0114,13,11,1,11,0.7838369644322107,0.3157389163970947,0.00021863305300939828,0.05217242240905762,0.08779973164200783,samples/000840_door_0114.npz
841,door_0115,13,26,1,4,0.45255743029794177,0.31511953473091125,8.194430847652256e-05,0.05145829916000366,0.04903774708509445,samples/000841_door_0115.npz
842,door_0116,13,26,1,16,1.1085075828824569,0.3185696303844452,0.00035859408671967685,0.05268341302871704,0.11342945322394371,samples/000842_door_0116.npz
843,door_0117,13,26,1,8,0.7838351679344562,0.31997597217559814,0.00023037174833007157,0.05255073308944702,0.07341140881180763,samples/000843_door_0117.npz
844,door_0118,13,11,1,10,0.7155438418781708,0.31478676199913025,0.00019756361143663526,0.05284595489501953,0.07897401973605156,samples/000844_door_0118.npz
845,door_0119,13,11,1,15,0.9600136665772159,0.3191024959087372,0.0002768315898720175,0.053534746170043945,0.10830842331051826,samples/000845_door_0119.npz
846,door_0120,13,26,1,21,1.3576441960124,0.3199995160102844,0.0003704302944242954,0.050714194774627686,0.13694925233721733,samples/000846_door_0120.npz
847,door_0121,13,19,1,3,0.32000176546608167,0.31870749592781067,2.0032679458381608e-05,0.02051280438899994,0.045152075588703156,samples/000847_door_0121.npz
848,door_0122,13,11,1,7,0.715542404955519,0.314422070980072,0.0001850201078923419,0.047310054302215576,0.06553323939442635,samples/000848_door_0122.npz
849,door_0123,13,27,1,12,0.7837505853002817,0.31974440813064575,0.00022227705630939454,0.051800668239593506,0.09479985386133194,samples/000849_door_0123.npz
850,door_0124,13,39,1,21,0.9050967837317311,0.3199765682220459,0.00018141354667022824,0.05129194259643555,0.13931982591748238,samples/000850_door_0124.npz
851,door_0125,13,26,1,7,0.715541717730622,0.3044029176235199,0.00018614946748130023,0.052985310554504395,0.0661751925945282,samples/000851_door_0125.npz
852,door_0126,13,26,1,12,0.9599431173042379,0.3186320662498474,0.00024159174063242972,0.04979521036148071,0.09033418819308281,samples/000852_door_0126.npz
853,door_0127,13,26,1,13,0.9600000693649029,0.3199062943458557,0.00029161511338315904,0.05311620235443115,0.09846304729580879,samples/000853_door_0127.npz
854,door_0128,13,11,1,5,0.45254839186586554,0.2584344744682312,6.897264393046498e-05,0.04693073034286499,0.052657581865787506,samples/000854_door_0128.npz
855,door_0129,13,11,1,1,0.0,0.0,0.0,0.0,0.004937909543514252,samples/000855_door_0129.npz
856,dresser_0201,14,23,1,3,0.32000035102459906,0.25953763723373413,2.4638153263367712e-05,0.025230273604393005,0.04477166384458542,samples/000856_dresser_0201.npz
857,dresser_0202,14,23,1,27,1.153772341448871,0.31997931003570557,0.0003868563799187541,0.047763049602508545,0.16703690588474274,samples/000857_dresser_0202.npz
858,dresser_0203,14,23,1,30,1.239341859244565,0.3176754415035248,0.0003948613302782178,0.05279141664505005,0.18392707407474518,samples/000858_dresser_0203.npz
859,dresser_0204,14,38,1,15,0.6400007718983108,0.3199992775917053,0.00010167939763050526,0.04374980926513672,0.10531190410256386,samples/000859_dresser_0204.npz
860,dresser_0205,14,38,1,10,0.32000115428843035,0.3025522828102112,1.1187104973942041e-05,0.011454209685325623,0.08058758825063705,samples/000860_dresser_0205.npz
861,dresser_0206,14,27,1,53,1.319393650828442,0.3199401795864105,0.000271202705334872,0.05152773857116699,0.33104659244418144,samples/000861_dresser_0206.npz
862,dresser_0207,14,5,1,46,1.1972909149933997,0.31992363929748535,0.0001192026466014795,0.03232978284358978,0.2659500353038311,samples/000862_dresser_0207.npz
863,dresser_0208,14,23,1,18,0.9601365915370274,0.3189171254634857,0.0002118069533025846,0.052358970046043396,0.12230625003576279,samples/000863_dresser_0208.npz
864,dresser_0209,14,38,1,20,0.8466382924028666,0.31998568773269653,9.707891149446368e-05,0.029406487941741943,0.13553930446505547,samples/000864_dresser_0209.npz
865,dresser_0210,14,23,1,7,0.6400001432560224,0.3176277279853821,8.399807848036289e-05,0.038626909255981445,0.06592051312327385,samples/000865_dresser_0210.npz
866,dresser_0211,14,38,1,8,0.5542559489652307,0.3185620903968811,6.0247868532314897e-05,0.05322670936584473,0.06833068653941154,samples/000866_dresser_0211.npz
867,dresser_0212,14,23,1,1,0.0,0.0,0.0,0.0,0.005076412111520767,samples/000867_dresser_0212.npz
868,dresser_0213,14,27,1,17,1.153769745497606,0.31964707374572754,0.00019117549527436495,0.055229127407073975,0.11667325347661972,samples/000868_dresser_0213.npz
869,dresser_0214,14,27,1,48,1.3948481223788978,0.31998464465141296,0.0003782277926802635,0.054360926151275635,0.28123537451028824,samples/000869_dresser_0214.npz
870,dresser_0215,14,23,1,28,1.1537832676274822,0.31999653577804565,0.0003376294916961342,0.05575484037399292,0.17348464578390121,samples/000870_dresser_0215.npz
871,dresser_0216,14,23,1,5,0.45254950315823084,0.3039139211177826,4.158387309871614e-05,0.03956228494644165,0.05573877692222595,samples/000871_dresser_0216.npz
872,dresser_0217,14,23,1,7,0.6400002480297801,0.3193960189819336,0.0001603154232725501,0.05467745661735535,0.06559449434280396,samples/000872_dresser_0217.npz
873,dresser_0218,14,38,1,8,0.7838370499796201,0.3189772963523865,9.314125054515898e-05,0.052575916051864624,0.06968065723776817,samples/000873_dresser_0218.npz
874,dresser_0219,14,23,1,6,0.6400000384822476,0.3190978169441223,0.00011200015433132648,0.03711223602294922,0.058976173400878906,samples/000874_dresser_0219.npz
875,dresser_0220,14,38,1,4,0.45254839186586554,0.2613506317138672,4.6645811380585656e-05,0.03266580030322075,0.052896201610565186,samples/000875_dresser_0220.npz
876,dresser_0221,14,27,1,12,0.8466405100486645,0.31254589557647705,0.00020814547315239906,0.04944048821926117,0.08843272924423218,samples/000876_dresser_0221.npz
877,dresser_0222,14,38,1,51,1.35764505212051,0.3198668658733368,0.0002695928269531578,0.0540318489074707,0.29865290597081184,samples/000877_dresser_0222.npz
878,dresser_0223,14,38,1,3,0.32000010655259803,0.2712087631225586,3.660689981188625e-05,0.037484362721443176,0.045135147869586945,samples/000878_dresser_0223.npz
879,dresser_0224,14,23,1,25,1.108512180222736,0.3199823498725891,0.0003337104863021523,0.05411720275878906,0.1625801958143711,samples/000879_dresser_0224.npz
880,dresser_0225,14,23,1,29,1.10851306742656,0.31958529353141785,0.00027754082111641765,0.04958122968673706,0.17957860976457596,samples/000880_dresser_0225.npz
881,dresser_0226,14,27,1,54,1.631698136872036,0.31999531388282776,0.0002863887348212302,0.054043710231781006,0.3069716580212116,samples/000881_dresser_0226.npz
882,dresser_0227,14,15,1,26,1.1537765259550326,0.3199828565120697,0.00035085331182926893,0.057234227657318115,0.16256562247872353,samples/000882_dresser_0227.npz
883,dresser_0228,14,27,1,7,0.7155413428803999,0.31775355339050293,0.00017455493798479438,0.052539944648742676,0.062654048204422,samples/000883_dresser_0228.npz
884,dresser_0229,14,23,1,27,1.1085091153313351,0.3198592960834503,0.0002451865002512932,0.05151739716529846,0.1702979877591133,samples/000884_dresser_0229.npz
885,dresser_0230,14,38,1,7,0.6400146018724354,0.31138208508491516,9.998108725994825e-05,0.04681277275085449,0.06740579009056091,samples/000885_dresser_0230.npz
886,dresser_0231,14,38,1,4,0.45254834247503045,0.30671781301498413,3.5276738344691694e-05,0.02553725242614746,0.04825303703546524,samples/000886_dresser_0231.npz
887,dresser_0232,14,23,1,9,0.6400024482747277,0.3199937641620636,5.6613953347550705e-05,0.03693890571594238,0.07789543643593788,samples/000887_dresser_0232.npz
888,dresser_0233,14,23,1,8,0.6400003528035205,0.31231844425201416,8.962239371612668e-05,0.039305299520492554,0.06749920174479485,samples/000888_dresser_0233.npz
889,dresser_0234,14,23,1,10,0.7838368503689837,0.31625622510910034,0.00014348834520205855,0.05394062399864197,0.08289728686213493,samples/000889_dresser_0234.npz
890,dresser_0235,14,23,1,6,0.5542563522398135,0.3189287483692169,0.00013700989075005054,0.05441540479660034,0.05754506587982178,samples/000890_dresser_0235.npz
891,dresser_0236,14,23,1,4,0.45254940437679775,0.2863883376121521,5.3960713557899e-05,0.0441359281539917,0.050419848412275314,samples/000891_dresser_0236.npz
892,dresser_0237,14,38,1,9,0.8466405364491747,0.315072625875473,0.00013360696902964264,0.0537683367729187,0.07390644028782845,samples/000892_dresser_0237.npz
893,dresser_0238,14,39,1,7,0.6400000734068412,0.3190535306930542,0.00011310676927678287,0.04590927064418793,0.06449436023831367,samples/000893_dresser_0238.npz
894,dresser_0239,14,38,1,3,0.32000012401489003,0.2506413459777832,3.219190693926066e-05,0.03296409547328949,0.044508062303066254,samples/000894_dresser_0239.npz
895,dresser_0240,14,27,1,28,1.19733037975741,0.3195657730102539,0.000401147932279855,0.055213168263435364,0.17459238320589066,samples/000895_dresser_0240.npz
896,dresser_0241,14,27,1,13,0.8466404044466153,0.3164316713809967,0.0001701052242424339,0.05217856168746948,0.09732851386070251,samples/000896_dresser_0241.npz
897,dresser_0242,14,23,1,4,0.45254967602568685,0.3181931674480438,6.46628177491948e-05,0.03669397532939911,0.048183128237724304,samples/000897_dresser_0242.npz
898,dresser_0243,14,38,1,13,0.9050998953488257,0.3105573058128357,0.00019841379253193736,0.05380183458328247,0.09675094112753868,samples/000898_dresser_0243.npz
899,dresser_0244,14,38,1,9,0.6400000734068412,0.29529085755348206,9.717061038827524e-05,0.05363941192626953,0.07934370264410973,samples/000899_dresser_0244.npz
900,dresser_0245,14,27,1,29,1.2393546280795302,0.3092213273048401,0.00025298865512013435,0.04566323757171631,0.17543195560574532,samples/000900_dresser_0245.npz
901,dresser_0246,14,27,1,9,0.7838369929480149,0.3199961185455322,0.00013454083818942308,0.049260497093200684,0.0763535350561142,samples/000901_dresser_0246.npz
902,dresser_0247,14,27,1,15,0.9050687786964826,0.31973350048065186,0.00025125418324023485,0.054434388875961304,0.10538632795214653,samples/000902_dresser_0247.npz
903,dresser_0248,14,23,1,25,1.1085116962930783,0.3167833387851715,0.00030243658693507314,0.0549771785736084,0.15762874111533165,samples/000903_dresser_0248.npz
904,dresser_0249,14,27,1,19,0.9599989517772436,0.3190661072731018,0.00014412438031286,0.050058960914611816,0.127282302826643,samples/000904_dresser_0249.npz
905,dresser_0250,14,23,1,3,0.32000014147718103,0.2296515703201294,3.1578936614096165e-05,0.032335758209228516,0.0426739938557148,samples/000905_dresser_0250.npz
906,dresser_0251,14,38,1,17,0.9600159948476839,0.3199620246887207,0.00016130552103277296,0.05323800444602966,0.11812017858028412,samples/000906_dresser_0251.npz
907,dresser_0252,14,23,1,18,0.7155418426806524,0.31724458932876587,0.00013457637396641076,0.05377870798110962,0.12179135158658028,samples/000907_dresser_0252.npz
908,dresser_0253,14,38,1,11,0.7155420925806476,0.319049209356308,0.00014770549023523927,0.049241214990615845,0.09054049849510193,samples/000908_dresser_0253.npz
909,dresser_0254,14,26,1,65,1.5346674250068635,0.31972113251686096,0.0003374218358658254,0.05186593532562256,0.36935611069202423,samples/000909_dresser_0254.npz
910,dresser_0255,14,38,1,20,0.8466405364491747,0.31815117597579956,0.0001162690605269745,0.0535503625869751,0.13364924490451813,samples/000910_dresser_0255.npz
911,dresser_0256,14,23,1,7,0.5542565942044223,0.28801822662353516,0.0001053858723025769,0.05304145812988281,0.06326154619455338,samples/000911_dresser_0256.npz
912,dresser_0257,14,23,1,20,0.9599989052110628,0.3171536326408386,0.0001920580689329654,0.04825848340988159,0.1348382569849491,samples/000912_dresser_0257.npz
913,dresser_0258,14,16,1,3,0.3200000716280112,0.3167044222354889,4.808763333130628e-05,0.04924146831035614,0.044731684029102325,samples/000913_dresser_0258.npz
914,dresser_0259,14,23,1,1,0.0,0.0,0.0,0.0,0.00493071973323822,samples/000914_dresser_0259.npz
915,dresser_0260,14,23,1,3,0.3200008923547939,0.29339003562927246,4.542351234704256e-05,0.046514153480529785,0.045499537140131,samples/000915_dresser_0260.npz
916,dresser_0261,14,38,1,45,1.0614831069261519,0.30519384145736694,0.000138859250000678,0.04504084587097168,0.2666124403476715,samples/000916_dresser_0261.npz
917,dresser_0262,14,38,1,11,0.554256816005221,0.31231582164764404,1.0290241334587336e-05,0.004140704870223999,0.0826583057641983,samples/000917_dresser_0262.npz
918,dresser_0263,14,23,1,17,1.0613190174238514,0.31902042031288147,0.00034209145815111697,0.053669095039367676,0.11752862110733986,samples/000918_dresser_0263.npz
919,dresser_0264,14,38,1,36,1.0119290667174163,0.3188691735267639,0.0001827636151574552,0.04613548517227173,0.2108706422150135,samples/000919_dresser_0264.npz
920,dresser_0265,14,38,1,19,1.0119291550704108,0.31925779581069946,0.00012592993152793497,0.05356025695800781,0.12640944495797157,samples/000920_dresser_0265.npz
921,dresser_0266,14,38,1,32,1.1537759447745288,0.3190454840660095,0.0002935929805971682,0.05259662866592407,0.19122136384248734,samples/000921_dresser_0266.npz
922,dresser_0267,14,27,1,21,1.1085134707007909,0.3197268843650818,0.0002885744324885309,0.050913602113723755,0.13851923868060112,samples/000922_dresser_0267.npz
923,dresser_0268,14,38,1,29,1.3576465667719975,0.31994104385375977,0.00029149570036679506,0.05507980287075043,0.1836402453482151,samples/000923_dresser_0268.npz
924,dresser_0269,14,27,1,24,1.2800001468136823,0.3199966549873352,0.0002215472050011158,0.047058314085006714,0.15079950913786888,samples/000924_dresser_0269.npz
925,dresser_0270,14,30,1,38,1.197330454429335,0.31971466541290283,0.0002561384462751448,0.054548799991607666,0.22620708122849464,samples/000925_dresser_0270.npz
926,dresser_0271,14,38,1,11,0.6400000035576522,0.3196282982826233,8.601314038969576e-05,0.04776313900947571,0.0854257196187973,samples/000926_dresser_0271.npz
927,dresser_0272,14,23,1,1,0.0,0.0,0.0,0.0,0.00493212416768074,samples/000927_dresser_0272.npz
928,dresser_0273,14,23,1,1,0.0,0.0,0.0,0.0,0.004985544830560684,samples/000928_dresser_0273.npz
929,dresser_0274,14,23,1,14,1.011928624952328,0.3190569281578064,0.00026290505775250494,0.0535026490688324,0.10062578320503235,samples/000929_dresser_0274.npz
930,dresser_0275,14,38,1,11,0.8466504365824713,0.3182072639465332,0.0001567220315337181,0.05053487420082092,0.0872037410736084,samples/000930_dresser_0275.npz
931,dresser_0276,14,38,1,34,1.3576449862660591,0.3187297284603119,0.0005094645894132555,0.05406498908996582,0.2046751156449318,samples/000931_dresser_0276.npz
932,dresser_0277,14,23,1,21,0.9050970306858596,0.3196565508842468,0.00030656118178740144,0.057997047901153564,0.14032099395990372,samples/000932_dresser_0277.npz
933,dresser_0278,14,27,1,15,0.7838362515367692,0.30918461084365845,0.00011937716044485569,0.04272937774658203,0.11257350817322731,samples/000933_dresser_0278.npz
934,dresser_0279,14,38,1,25,1.2393549166392523,0.3195273280143738,0.00018143185297958553,0.032484233379364014,0.16084058210253716,samples/000934_dresser_0279.npz
935,dresser_0280,14,23,1,10,0.7838285522246853,0.3199181854724884,0.00010232237400487065,0.04941624402999878,0.10485658049583435,samples/000935_dresser_0280.npz
936,dresser_0281,14,27,1,33,1.2800000071153044,0.31998834013938904,0.0002950873167719692,0.05292266607284546,0.198565773665905,samples/000936_dresser_0281.npz
937,dresser_0282,14,38,1,12,0.639999968633055,0.3130878806114197,0.00012350737233646214,0.05322372913360596,0.0918130986392498,samples/000937_dresser_0282.npz
938,dresser_0283,14,38,1,1,0.0,0.0,0.0,0.0,0.004854574799537659,samples/000938_dresser_0283.npz
939,dresser_0284,14,23,1,5,0.5542566748592684,0.3185840845108032,7.448322139680386e-05,0.05477875471115112,0.057559575885534286,samples/000939_dresser_0284.npz
940,dresser_0285,14,23,1,11,0.7838367363057399,0.31759077310562134,0.0001028525730362162,0.0484309196472168,0.08803081884980202,samples/000940_dresser_0285.npz
941,dresser_0286,14,27,1,20,0.9599999762326477,0.3179400563240051,0.00014651435776613653,0.042111337184906006,0.1331757940351963,samples/000941_dresser_0286.npz
942,flower_pot_0150,15,26,1,1,0.0,0.0,0.0,0.0,0.004864823073148727,samples/000942_flower_pot_0150.npz
943,flower_pot_0151,15,26,1,1,0.0,0.0,0.0,0.0,0.004919856786727905,samples/000943_flower_pot_0151.npz
944,flower_pot_0152,15,26,1,31,1.280000705607041,0.3194926381111145,0.0004036636673845351,0.05639755725860596,0.19050003960728645,samples/000944_flower_pot_0152.npz
945,flower_pot_0153,15,37,1,1,0.0,0.0,0.0,0.0,0.00531889870762825,samples/000945_flower_pot_0153.npz
946,flower_pot_0154,15,26,1,1,0.0,0.0,0.0,0.0,0.004979562014341354,samples/000946_flower_pot_0154.npz
947,flower_pot_0155,15,37,1,1,0.0,0.0,0.0,0.0,0.004936274141073227,samples/000947_flower_pot_0155.npz
948,flower_pot_0156,15,26,1,1,0.0,0.0,0.0,0.0,0.004919316619634628,samples/000948_flower_pot_0156.npz
949,flower_pot_0157,15,26,1,1,0.0,0.0,0.0,0.0,0.005315043032169342,samples/000949_flower_pot_0157.npz
950,flower_pot_0158,15,26,1,1,0.0,0.0,0.0,0.0,0.005020514130592346,samples/000950_flower_pot_0158.npz
951,flower_pot_0159,15,37,1,1,0.0,0.0,0.0,0.0,0.0049228668212890625,samples/000951_flower_pot_0159.npz
952,flower_pot_0160,15,37,1,1,0.0,0.0,0.0,0.0,0.005027655512094498,samples/000952_flower_pot_0160.npz
953,flower_pot_0161,15,26,1,1,0.0,0.0,0.0,0.0,0.007171053439378738,samples/000953_flower_pot_0161.npz
954,flower_pot_0162,15,10,1,1,0.0,0.0,0.0,0.0,0.0051295943558216095,samples/000954_flower_pot_0162.npz
955,flower_pot_0163,15,37,1,1,0.0,0.0,0.0,0.0,0.0049816519021987915,samples/000955_flower_pot_0163.npz
956,flower_pot_0164,15,26,1,1,0.0,0.0,0.0,0.0,0.005014069378376007,samples/000956_flower_pot_0164.npz
957,flower_pot_0165,15,26,1,1,0.0,0.0,0.0,0.0,0.0054413750767707825,samples/000957_flower_pot_0165.npz
958,flower_pot_0166,15,26,1,1,0.0,0.0,0.0,0.0,0.005037758499383926,samples/000958_flower_pot_0166.npz
959,flower_pot_0167,15,26,1,3,0.32000031610003893,0.308326780796051,4.3376719986554235e-05,0.0444183349609375,0.045426610857248306,samples/000959_flower_pot_0167.npz
960,flower_pot_0168,15,26,1,1,0.0,0.0,0.0,0.0,0.004990022629499435,samples/000960_flower_pot_0168.npz
961,flower_pot_0169,15,26,1,1,0.0,0.0,0.0,0.0,0.005442749708890915,samples/000961_flower_pot_0169.npz
962,glass_box_0172,16,27,1,6,0.5542563320760913,0.3180307447910309,9.979808237403631e-05,0.05134466290473938,0.05871405079960823,samples/000962_glass_box_0172.npz
963,glass_box_0173,16,27,1,5,0.5542568361689255,0.31798091530799866,8.9617635239847e-05,0.046437859535217285,0.05730278044939041,samples/000963_glass_box_0173.npz
964,glass_box_0174,16,27,1,7,0.715540655654483,0.307541161775589,0.00011947180610150099,0.05463910102844238,0.06315267458558083,samples/000964_glass_box_0174.npz
965,glass_box_0175,16,27,1,6,0.45254913272774566,0.3158690333366394,5.6552220485173166e-05,0.053601086139678955,0.059765368700027466,samples/000965_glass_box_0175.npz
966,glass_box_0176,16,14,1,3,0.3200007002699909,0.22572791576385498,2.6557070668786764e-05,0.027192533016204834,0.04328092560172081,samples/000966_glass_box_0176.npz
967,glass_box_0177,16,27,1,9,0.7155419051556593,0.3115094006061554,0.00014912767801433802,0.045873045921325684,0.07594902440905571,samples/000967_glass_box_0177.npz
968,glass_box_0178,16,27,1,5,0.5542694988305163,0.263125479221344,3.895362897310406e-05,0.027425408363342285,0.056041378527879715,samples/000968_glass_box_0178.npz
969,glass_box_0179,16,27,1,19,1.011929287599888,0.3196333646774292,0.00017777553875930607,0.043214499950408936,0.1287124715745449,samples/000969_glass_box_0179.npz
970,glass_box_0180,16,27,1,5,0.5542585904084149,0.3045641779899597,0.00012935145059600472,0.053942322731018066,0.05286209657788277,samples/000970_glass_box_0180.npz
971,glass_box_0181,16,27,1,5,0.5542562110937429,0.249733567237854,7.802368781995028e-05,0.036520957946777344,0.053046200424432755,samples/000971_glass_box_0181.npz
972,glass_box_0182,16,13,1,1,0.0,0.0,0.0,0.0,0.005023490637540817,samples/000972_glass_box_0182.npz
973,glass_box_0183,16,14,1,1,0.0,0.0,0.0,0.0,0.006546791642904282,samples/000973_glass_box_0183.npz
974,glass_box_0184,16,27,1,23,0.9050904616831,0.3197517991065979,0.0002837303909473121,0.05460560321807861,0.1466430239379406,samples/000974_glass_box_0184.npz
975,glass_box_0185,16,27,1,5,0.4525484906475196,0.26951587200164795,2.5961839128285646e-05,0.022570371627807617,0.054018355906009674,samples/000975_glass_box_0185.npz
976,glass_box_0186,16,27,1,9,0.7155418426806524,0.3140576481819153,0.00015834125224500895,0.05531325936317444,0.07312320545315742,samples/000976_glass_box_0186.npz
977,glass_box_0187,16,38,1,5,0.4525485400383386,0.2866506576538086,6.406870670616627e-05,0.04503786563873291,0.05821748450398445,samples/000977_glass_box_0187.npz
978,glass_box_0188,16,27,1,1,0.0,0.0,0.0,0.0,0.004939917474985123,samples/000978_glass_box_0188.npz
979,glass_box_0189,16,14,1,17,1.0119299944234736,0.319998562335968,0.0001720228756312281,0.05118590593338013,0.11372531577944756,samples/000979_glass_box_0189.npz
980,glass_box_0190,16,27,1,12,0.7838372781059996,0.3112518787384033,7.283571176230907e-05,0.0323793888092041,0.09222368523478508,samples/000980_glass_box_0190.npz
981,glass_box_0191,16,27,1,7,0.4525486388199603,0.3111151158809662,7.940988871268928e-05,0.04373526573181152,0.06260302662849426,samples/000981_glass_box_0191.npz
982,glass_box_0192,16,27,1,4,0.4525486882107631,0.3068762421607971,5.9885060181841254e-05,0.044915974140167236,0.052151527255773544,samples/000982_glass_box_0192.npz
983,glass_box_0193,16,27,1,3,0.32000028117547497,0.3006066679954529,5.224777851253748e-06,0.005348503589630127,0.04266313463449478,samples/000983_glass_box_0193.npz
984,glass_box_0194,16,27,1,7,0.6400000384822476,0.31684204936027527,0.00011363689554855227,0.055240631103515625,0.06611626595258713,samples/000984_glass_box_0194.npz
985,glass_box_0195,16,27,1,4,0.32000035102459906,0.23160642385482788,2.9209826607257128e-05,0.029911160469055176,0.04747137799859047,samples/000985_glass_box_0195.npz
986,glass_box_0196,16,38,1,4,0.4525488857739204,0.30098772048950195,8.854744373820722e-05,0.05292975902557373,0.049513280391693115,samples/000986_glass_box_0196.npz
987,glass_box_0197,16,27,1,3,0.32000192262586047,0.30217689275741577,5.335168680176139e-06,0.0054610371589660645,0.042347416281700134,samples/000987_glass_box_0197.npz
988,glass_box_0198,16,27,1,4,0.4525484906475196,0.3145550489425659,2.9799877665936947e-05,0.02474576234817505,0.048247307538986206,samples/000988_glass_box_0198.npz
989,glass_box_0199,16,38,1,1,0.0,0.0,0.0,0.0,0.007100958377122879,samples/000989_glass_box_0199.npz
990,glass_box_0200,16,27,1,4,0.45254908333699134,0.3054240345954895,4.0716229705139995e-05,0.039009928703308105,0.04714293032884598,samples/000990_glass_box_0200.npz
991,glass_box_0201,16,27,1,7,0.5542564530584133,0.25280216336250305,7.076543988659978e-05,0.034597694873809814,0.06273378059267998,samples/000991_glass_box_0201.npz
992,glass_box_0202,16,27,1,6,0.5542554448715895,0.3187696933746338,0.00011085678124800324,0.05603480339050293,0.06078596040606499,samples/000992_glass_box_0202.npz
993,glass_box_0203,16,26,1,46,1.5999996840953514,0.3199594020843506,0.0006157455500215292,0.055066585540771484,0.2657862640917301,samples/000993_glass_box_0203.npz
994,glass_box_0204,16,27,1,5,0.5542564127309756,0.27733129262924194,5.749572301283479e-05,0.04244279861450195,0.05536360293626785,samples/000994_glass_box_0204.npz
995,glass_box_0205,16,27,1,10,0.7155439668278302,0.31751304864883423,8.471609908156097e-05,0.0421871542930603,0.07830720394849777,samples/000995_glass_box_0205.npz
996,glass_box_0206,16,27,1,43,1.4310913072921942,0.31896132230758667,0.0003008522908203304,0.05407452583312988,0.25337574630975723,samples/000996_glass_box_0206.npz
997,glass_box_0207,16,27,1,77,1.9465195002133933,0.3199983239173889,0.000741391209885478,0.054649949073791504,0.4277680553495884,samples/000997_glass_box_0207.npz
998,glass_box_0208,16,27,1,5,0.45254861412455694,0.2990812361240387,7.4387353379279375e-06,0.004551947116851807,0.05878029763698578,samples/000998_glass_box_0208.npz
999,glass_box_0209,16,27,1,7,0.554256614368135,0.27019527554512024,7.110065780580044e-05,0.04095238447189331,0.0629352517426014,samples/000999_glass_box_0209.npz
1000,glass_box_0210,16,27,1,5,0.5542562917486448,0.3092968761920929,1.4297969755716622e-05,0.006683230400085449,0.05318311229348183,samples/001000_glass_box_0210.npz
1001,glass_box_0211,16,27,1,6,0.6399998638592516,0.31173890829086304,7.183206616900861e-05,0.03788572549819946,0.05973396077752113,samples/001001_glass_box_0211.npz
1002,glass_box_0212,16,27,1,3,0.32000031610003893,0.25574371218681335,1.459737541154027e-05,0.014946401119232178,0.045385319739580154,samples/001002_glass_box_0212.npz
1003,glass_box_0213,16,27,1,3,0.32000017640176026,0.26117995381355286,1.2987293303012848e-05,0.013297557830810547,0.043331217020750046,samples/001003_glass_box_0213.npz
1004,glass_box_0214,16,27,1,4,0.4525482930841899,0.27747464179992676,2.201827010139823e-05,0.01195727288722992,0.05086726322770119,samples/001004_glass_box_0214.npz
1005,glass_box_0215,16,27,1,9,0.7838371070112212,0.3197191059589386,0.00017476372886449099,0.05253267288208008,0.07362774759531021,samples/001005_glass_box_0215.npz
1006,glass_box_0216,16,27,1,5,0.5542564933858481,0.31722313165664673,4.750869993586093e-05,0.04079347848892212,0.05764343589544296,samples/001006_glass_box_0216.npz
1007,glass_box_0217,16,27,1,13,0.846621211055431,0.3188272714614868,0.00015513782273046672,0.04913175106048584,0.09392377734184265,samples/001007_glass_box_0217.npz
1008,glass_box_0218,16,27,1,3,0.32000028117547497,0.2937712073326111,8.442570106126368e-06,0.008646130561828613,0.04595034942030907,samples/001008_glass_box_0218.npz
1009,glass_box_0219,16,27,1,4,0.4525485400383386,0.26335465908050537,5.895824870094657e-05,0.03469270467758179,0.05106191337108612,samples/001009_glass_box_0219.npz
1010,glass_box_0220,16,27,1,58,1.6627676318158224,0.31984269618988037,0.0005108547629788518,0.056811004877090454,0.33524200320243835,samples/001010_glass_box_0220.npz
1011,glass_box_0221,16,27,1,6,0.6399814234026872,0.31996095180511475,6.18802587268874e-05,0.04312008619308472,0.06077035143971443,samples/001011_glass_box_0221.npz
1012,glass_box_0222,16,27,1,5,0.554256816005221,0.29058486223220825,8.798757335171103e-05,0.04485541582107544,0.05316026881337166,samples/001012_glass_box_0222.npz
1013,glass_box_0223,16,27,1,3,0.32000014147718103,0.30619242787361145,6.228379788808525e-06,0.00637584924697876,0.04253309965133667,samples/001013_glass_box_0223.npz
1014,glass_box_0224,16,27,1,5,0.5542561707662875,0.2999156415462494,8.551728387828916e-05,0.039877116680145264,0.05492575094103813,samples/001014_glass_box_0224.npz
1015,glass_box_0225,16,27,1,9,0.715542061343153,0.3071674704551697,0.00011856437777169049,0.04583120346069336,0.07347222045063972,samples/001015_glass_box_0225.npz
1016,glass_box_0226,16,27,1,13,0.8466411172601913,0.31769534945487976,0.00013180480164010078,0.04528003931045532,0.094143807888031,samples/001016_glass_box_0226.npz
1017,glass_box_0227,16,27,1,4,0.45254839186586554,0.3066090941429138,1.953057653736323e-05,0.01306062936782837,0.047212231904268265,samples/001017_glass_box_0227.npz
1018,glass_box_0228,16,14,1,5,0.5542564933858481,0.28389766812324524,6.47833221592009e-05,0.03486812114715576,0.05232231691479683,samples/001018_glass_box_0228.npz
1019,glass_box_0229,16,27,1,3,0.3200003859491554,0.2598254680633545,2.985517494380474e-05,0.030570387840270996,0.043180178850889206,samples/001019_glass_box_0229.npz
1020,glass_box_0230,16,27,1,51,1.7816904426941416,0.31985604763031006,0.0006575254374183714,0.05517643690109253,0.28914686664938927,samples/001020_glass_box_0230.npz
1021,glass_box_0231,16,27,1,3,0.32000031610003893,0.3083239793777466,3.931629180442542e-05,0.04026028513908386,0.04521093890070915,samples/001021_glass_box_0231.npz
1022,glass_box_0232,16,27,1,1,0.0,0.0,0.0,0.0,0.004958383738994598,samples/001022_glass_box_0232.npz
1023,glass_box_0233,16,27,1,8,0.5542551424151848,0.3150242269039154,1.774620614014566e-05,0.011169731616973877,0.06825162097811699,samples/001023_glass_box_0233.npz
1024,glass_box_0234,16,27,1,3,0.3200002986377574,0.30521631240844727,6.500646122731268e-06,0.00665593147277832,0.04242829233407974,samples/001024_glass_box_0234.npz
1025,glass_box_0235,16,27,1,8,0.6400005274263831,0.30038946866989136,0.00012862900621257722,0.043387532234191895,0.07039545103907585,samples/001025_glass_box_0235.npz
1026,glass_box_0236,16,27,1,8,0.6400001432560224,0.31683725118637085,0.00010906258830800653,0.038094595074653625,0.07164042070508003,samples/001026_glass_box_0236.npz
1027,glass_box_0237,16,26,1,64,1.919988310897531,0.31996938586235046,0.0005353699089027941,0.05289947986602783,0.36033331602811813,samples/001027_glass_box_0237.npz
1028,glass_box_0238,16,27,1,8,0.7155428422801098,0.2706504464149475,0.00011295215517748147,0.05058586597442627,0.07108143717050552,samples/001028_glass_box_0238.npz
1029,glass_box_0239,16,27,1,7,0.5542557070003401,0.3137063980102539,9.777324157766998e-05,0.03798407316207886,0.06547534093260765,samples/001029_glass_box_0239.npz
1030,glass_box_0240,16,27,1,11,0.846639902836702,0.31987425684928894,0.00019483614596538246,0.04710349440574646,0.08573300018906593,samples/001030_glass_box_0240.npz
1031,glass_box_0241,16,27,1,9,0.7838368788847919,0.31997764110565186,0.0001646794262342155,0.054948270320892334,0.07818538695573807,samples/001031_glass_box_0241.npz
1032,glass_box_0242,16,14,1,4,0.45254839186586554,0.31867238879203796,6.465028855018318e-05,0.04867666959762573,0.04712216183543205,samples/001032_glass_box_0242.npz
1033,glass_box_0243,16,27,1,1,0.0,0.0,0.0,0.0,0.0047866106033325195,samples/001033_glass_box_0243.npz
1034,glass_box_0244,16,27,1,4,0.4525487129061625,0.31583184003829956,9.49188251979649e-05,0.05117160081863403,0.04966636747121811,samples/001034_glass_box_0244.npz
1035,glass_box_0245,16,33,1,77,2.146625017829317,0.3199995458126068,0.0009732241160236299,0.056648433208465576,0.42897242307662964,samples/001035_glass_box_0245.npz
1036,glass_box_0246,16,27,1,3,0.3200000890903051,0.23908692598342896,2.6725974748842418e-05,0.027366816997528076,0.04244475066661835,samples/001036_glass_box_0246.npz
1037,glass_box_0247,16,14,1,8,0.5542561909300155,0.3011482357978821,0.0001297247945331037,0.04755192995071411,0.06915118917822838,samples/001037_glass_box_0247.npz
1038,glass_box_0248,16,27,1,34,1.3576453813927163,0.3182298541069031,0.00037583126686513424,0.053709447383880615,0.20562750101089478,samples/001038_glass_box_0248.npz
1039,glass_box_0249,16,27,1,5,0.554263510314832,0.3143770098686218,6.548233795911074e-05,0.04745519161224365,0.05263249948620796,samples/001039_glass_box_0249.npz
1040,glass_box_0250,16,36,1,53,1.5346656190014922,0.316649854183197,0.0003869537904392928,0.052252352237701416,0.30129383504390717,samples/001040_glass_box_0250.npz
1041,glass_box_0251,16,27,1,4,0.4525495772442915,0.3034912049770355,6.781273987144232e-05,0.04861187934875488,0.05042409524321556,samples/001041_glass_box_0251.npz
1042,glass_box_0252,16,27,1,3,0.32000028117547497,0.29857906699180603,5.700800102204084e-06,0.005838215351104736,0.044296279549598694,samples/001042_glass_box_0252.npz
1043,glass_box_0253,16,27,1,3,0.32001016467498317,0.3064277768135071,3.5017525078728795e-05,0.035854458808898926,0.04273844137787819,samples/001043_glass_box_0253.npz
1044,glass_box_0254,16,27,1,3,0.32000047326052955,0.2593854069709778,3.4290365874767303e-05,0.03511279821395874,0.04263046011328697,samples/001044_glass_box_0254.npz
1045,glass_box_0255,16,27,1,3,0.32000010655259803,0.30848193168640137,2.752130967564881e-06,0.0028190016746520996,0.04397574067115784,samples/001045_glass_box_0255.npz
1046,glass_box_0256,16,27,1,6,0.4525480955207739,0.2858603298664093,2.076593227684498e-05,0.012898653745651245,0.05686207860708237,samples/001046_glass_box_0256.npz
1047,glass_box_0257,16,27,1,43,1.5999977283163633,0.3194546699523926,0.0005299331387504935,0.05430424213409424,0.2802550494670868,samples/001047_glass_box_0257.npz
1048,glass_box_0258,16,27,1,6,0.6400001432560224,0.31909623742103577,5.686281656380743e-05,0.022526413202285767,0.05927131697535515,samples/001048_glass_box_0258.npz
1049,glass_box_0259,16,27,1,4,0.45254834247503045,0.30863720178604126,8.010090095922351e-05,0.052146315574645996,0.04737693443894386,samples/001049_glass_box_0259.npz
1050,glass_box_0260,16,14,1,6,0.5542567756778096,0.3186647295951843,8.384475950151682e-05,0.056042611598968506,0.058969415724277496,samples/001050_glass_box_0260.npz
1051,glass_box_0261,16,27,1,1,0.0,0.0,0.0,0.0,0.004901338368654251,samples/001051_glass_box_0261.npz
1052,glass_box_0262,16,27,1,3,0.32000017640176026,0.22565114498138428,2.9648130293935537e-05,0.030359923839569092,0.04537275433540344,samples/001052_glass_box_0262.npz
1053,glass_box_0263,16,27,1,4,0.45254834247503045,0.3151044547557831,4.024534428026527e-05,0.037888526916503906,0.04732755199074745,samples/001053_glass_box_0263.npz
1054,glass_box_0264,16,27,1,6,0.45254883638313914,0.25604069232940674,4.533307219389826e-05,0.028330862522125244,0.062446076422929764,samples/001054_glass_box_0264.npz
1055,glass_box_0265,16,27,1,7,0.6400003528035205,0.3191906809806824,0.0001437737955711782,0.054891884326934814,0.06299719959497452,samples/001055_glass_box_0265.npz
1056,glass_box_0266,16,23,1,13,0.7155419363931608,0.31145742535591125,5.948866601102054e-05,0.03164958953857422,0.09461544454097748,samples/001056_glass_box_0266.npz
1057,glass_box_0267,16,22,1,7,0.7155418426806524,0.3199765682220459,0.00018314766930416226,0.05344676971435547,0.06523681804537773,samples/001057_glass_box_0267.npz
1058,glass_box_0268,16,27,1,6,0.5542636312955872,0.31322044134140015,9.81532211881131e-05,0.05488532781600952,0.05933713912963867,samples/001058_glass_box_0268.npz
1059,glass_box_0269,16,27,1,20,0.9050969812950392,0.30456072092056274,0.00015186096425168216,0.049413084983825684,0.1320909708738327,samples/001059_glass_box_0269.npz
1060,glass_box_0270,16,27,1,9,0.7155426548553179,0.2992302477359772,0.0001772079267539084,0.05530548095703125,0.0763729065656662,samples/001060_glass_box_0270.npz
1061,glass_box_0271,16,27,1,3,0.32000143368407297,0.22735115885734558,2.8436159482225776e-05,0.029118239879608154,0.043255437165498734,samples/001061_glass_box_0271.npz
1062,guitar_0156,17,0,1,29,1.3193938541194619,0.31900063157081604,0.0004180195101071149,0.04927899315953255,0.17525163665413857,samples/001062_guitar_0156.npz
1063,guitar_0157,17,0,1,19,1.1085124221874858,0.3178946077823639,0.00034921112819574773,0.05159546434879303,0.12810718268156052,samples/001063_guitar_0157.npz
1064,guitar_0158,17,0,1,28,1.1537764484643156,0.3198293447494507,0.0002293810248374939,0.045395053923130035,0.17249711602926254,samples/001064_guitar_0158.npz
1065,guitar_0159,17,26,1,10,0.8466405364491747,0.31943321228027344,0.0001953177124960348,0.04922555759549141,0.07990016415715218,samples/001065_guitar_0159.npz
1066,guitar_0160,17,0,1,19,1.1085125431698408,0.31999775767326355,0.00045320639037527144,0.05149788409471512,0.12242740765213966,samples/001066_guitar_0160.npz
1067,guitar_0161,17,0,1,18,1.0119282715401188,0.3189457058906555,0.00032025628024712205,0.0448848158121109,0.12373918294906616,samples/001067_guitar_0161.npz
1068,guitar_0162,17,0,1,12,1.011931363892766,0.3191256821155548,0.0003233407624065876,0.05157914757728577,0.09034953638911247,samples/001068_guitar_0162.npz
1069,guitar_0163,17,0,1,15,0.9600272635969468,0.3195338845252991,0.00016946077812463045,0.04952746629714966,0.10640796646475792,samples/001069_guitar_0163.npz
1070,guitar_0164,17,0,1,11,0.7838377913901107,0.3199949264526367,0.0001772750838426873,0.05155561864376068,0.08508727699518204,samples/001070_guitar_0164.npz
1071,guitar_0165,17,0,1,14,1.0613198177165568,0.3177490830421448,0.0002568874042481184,0.05168260633945465,0.10064617544412613,samples/001071_guitar_0165.npz
1072,guitar_0166,17,0,1,22,1.239352680299649,0.31925100088119507,0.0003124219656456262,0.05031491816043854,0.14312658831477165,samples/001072_guitar_0166.npz
1073,guitar_0167,17,0,1,21,1.1973303424214459,0.3189629912376404,0.00044058720231987536,0.05155835300683975,0.1354677975177765,samples/001073_guitar_0167.npz
1074,guitar_0168,17,0,1,11,0.8466404308471288,0.31557199358940125,0.0002540289133321494,0.04998886585235596,0.09368960931897163,samples/001074_guitar_0168.npz
1075,guitar_0169,17,0,1,12,1.0119298177176237,0.30622854828834534,0.0002903400454670191,0.050958216190338135,0.08979930728673935,samples/001075_guitar_0169.npz
1076,guitar_0170,17,0,1,18,1.108512704479627,0.31959035992622375,0.0002945120504591614,0.04565468430519104,0.12074028328061104,samples/001076_guitar_0170.npz
1077,guitar_0171,17,0,1,5,0.5542585904084149,0.2981642186641693,9.679950744612142e-05,0.04712975025177002,0.052237965166568756,samples/001077_guitar_0171.npz
1078,guitar_0172,17,0,1,12,1.0119288016583865,0.3133561611175537,0.0002858777588699013,0.05167883634567261,0.08969977125525475,samples/001078_guitar_0172.npz
1079,guitar_0173,17,0,1,13,1.0119287574818747,0.3113935589790344,0.00027395368670113385,0.04680603742599487,0.09450599551200867,samples/001079_guitar_0173.npz
1080,guitar_0174,17,0,1,24,1.2800000071153044,0.31989002227783203,0.0005311916465871036,0.05177652835845947,0.1503693386912346,samples/001080_guitar_0174.npz
1081,guitar_0175,17,0,1,12,1.0119288016583865,0.3199307918548584,0.00020420592045411468,0.05162549018859863,0.09614495933055878,samples/001081_guitar_0175.npz
1082,guitar_0176,17,0,1,47,1.752711817556068,0.31999969482421875,0.0006423885351978242,0.0452006459236145,0.26865682750940323,samples/001082_guitar_0176.npz
1083,guitar_0177,17,33,1,34,1.3576447228482238,0.3199114203453064,0.0005706985830329359,0.04830264672636986,0.20781680569052696,samples/001083_guitar_0177.npz
1084,guitar_0178,17,0,1,8,0.7838367648215524,0.2943865656852722,0.00015883994637988508,0.05156999081373215,0.07173538208007812,samples/001084_guitar_0178.npz
1085,guitar_0179,17,0,1,20,1.1537763709735935,0.3171490728855133,0.00032312373514287174,0.04248987138271332,0.1354178637266159,samples/001085_guitar_0179.npz
1086,guitar_0180,17,0,1,22,1.2800000071153044,0.3088158965110779,0.0003788555331993848,0.04786316305398941,0.14304332062602043,samples/001086_guitar_0180.npz
1087,guitar_0181,17,0,1,16,1.1085125028423906,0.31999191641807556,0.0003976227599196136,0.051532626152038574,0.1121366061270237,samples/001087_guitar_0181.npz
1088,guitar_0182,17,0,1,12,0.9600000693649029,0.3162271976470947,0.0002256999141536653,0.05101269483566284,0.09352121874690056,samples/001088_guitar_0182.npz
1089,guitar_0183,17,0,1,12,1.01192893418791,0.3091583549976349,0.00022077214089222252,0.05160611867904663,0.09160546213388443,samples/001089_guitar_0183.npz
1090,guitar_0184,17,0,1,14,0.9600000693649029,0.30800312757492065,0.0002674970601219684,0.05163123458623886,0.10417445749044418,samples/001090_guitar_0184.npz
1091,guitar_0185,17,0,1,12,0.9600004418938335,0.3195420801639557,0.0001792200346244499,0.048090383410453796,0.08989928662776947,samples/001091_guitar_0185.npz
1092,guitar_0186,17,0,1,21,1.1973306411091273,0.307306706905365,0.0003795544907916337,0.045390158891677856,0.1375230960547924,samples/001092_guitar_0186.npz
1093,guitar_0187,17,0,1,16,1.0613198177165568,0.3156873285770416,0.0002906237496063113,0.040373172610998154,0.11444985494017601,samples/001093_guitar_0187.npz
1094,guitar_0188,17,26,1,11,0.8466401932424775,0.318546324968338,0.00026790431002154946,0.04611760377883911,0.08730760961771011,samples/001094_guitar_0188.npz
1095,guitar_0189,17,0,1,15,0.9599999762326477,0.3197101950645447,0.00025902740890160203,0.04482138156890869,0.10734817013144493,samples/001095_guitar_0189.npz
1096,guitar_0190,17,0,1,27,1.319393786355792,0.31942886114120483,0.00034042896004393697,0.04817292094230652,0.1652417927980423,samples/001096_guitar_0190.npz
1097,guitar_0191,17,26,1,17,0.9600000227987764,0.31873053312301636,0.0002608311187941581,0.04525500535964966,0.1177036240696907,samples/001097_guitar_0191.npz
1098,guitar_0192,17,0,1,16,1.0613202810436366,0.3198593854904175,0.0002762666845228523,0.0442272424697876,0.11162150278687477,samples/001098_guitar_0192.npz
1099,guitar_0193,17,0,1,14,0.9599999762326477,0.31965774297714233,0.00020772279822267592,0.05099017173051834,0.10079508274793625,samples/001099_guitar_0193.npz
1100,guitar_0194,17,0,1,30,1.239354844499328,0.3182785212993622,0.0004077422490809113,0.05190714821219444,0.18198617175221443,samples/001100_guitar_0194.npz
1101,guitar_0195,17,0,1,6,0.6400000035576522,0.3196582496166229,8.474682545056567e-05,0.04598835110664368,0.061554647982120514,samples/001101_guitar_0195.npz
1102,guitar_0196,17,0,1,16,1.1085126641521825,0.31969812512397766,0.00034170885919593275,0.04973417520523071,0.11207637935876846,samples/001102_guitar_0196.npz
1103,guitar_0197,17,0,1,10,0.9050966355592217,0.3196769058704376,0.00018918179557658732,0.046158626675605774,0.08158276230096817,samples/001103_guitar_0197.npz
1104,guitar_0198,17,0,1,17,1.0613200283198,0.319766640663147,0.0003827747132163495,0.05147412419319153,0.11755159869790077,samples/001104_guitar_0198.npz
1105,guitar_0199,17,0,1,19,1.197329707709875,0.31969183683395386,0.0003689553705044091,0.04644075036048889,0.12841771915555,samples/001105_guitar_0199.npz
1106,guitar_0200,17,0,1,31,1.197352445108631,0.31881508231163025,0.00032231881050392985,0.051721103489398956,0.1914253942668438,samples/001106_guitar_0200.npz
1107,guitar_0201,17,26,1,21,1.197330230413546,0.31563708186149597,0.0003291709581390023,0.0407547652721405,0.13528170064091682,samples/001107_guitar_0201.npz
1108,guitar_0202,17,0,1,15,1.1085125431698408,0.31938502192497253,0.00030626539955846965,0.045661866664886475,0.17739788815379143,samples/001108_guitar_0202.npz
1109,guitar_0203,17,0,1,19,1.0613207864911296,0.3191547989845276,0.00029728474328294396,0.05156263709068298,0.1258201226592064,samples/001109_guitar_0203.npz
1110,guitar_0204,17,33,1,28,1.319393786355792,0.3198748528957367,0.0003953895065933466,0.04927361011505127,0.17802437767386436,samples/001110_guitar_0204.npz
1111,guitar_0205,17,0,1,20,1.319393786355792,0.3144259750843048,0.0002578246931079775,0.0421820729970932,0.13242078199982643,samples/001111_guitar_0205.npz
1112,guitar_0206,17,0,1,12,0.9600000227987764,0.31641140580177307,0.0003398698754608631,0.049690306186676025,0.08797043561935425,samples/001112_guitar_0206.npz
1113,guitar_0207,17,26,1,16,1.1537766809364507,0.319338321685791,0.00030439437250606716,0.051598191261291504,0.11462349817156792,samples/001113_guitar_0207.npz
1114,guitar_0208,17,26,1,34,1.500932939797693,0.31995370984077454,0.00043698205263353884,0.048077940940856934,0.19998494163155556,samples/001114_guitar_0208.npz
1115,guitar_0209,17,0,1,14,1.0613214604207457,0.3171229064464569,0.0002961526333820075,0.05036577582359314,0.10392259433865547,samples/001115_guitar_0209.npz
1116,guitar_0210,17,33,1,19,1.1085125431698408,0.3099091947078705,0.0004128286673221737,0.05183380842208862,0.12727273255586624,samples/001116_guitar_0210.npz
1117,guitar_0211,17,0,1,12,0.9599999762326477,0.31805744767189026,0.00023673707619309425,0.05152791738510132,0.08836888894438744,samples/001117_guitar_0211.npz
1118,guitar_0212,17,0,1,36,1.4664141972305627,0.3199152648448944,0.0005886401631869376,0.05167001485824585,0.21598421037197113,samples/001118_guitar_0212.npz
1119,guitar_0213,17,0,1,20,1.1537743949584207,0.31872689723968506,0.0003785868757404387,0.05153302848339081,0.13158709183335304,samples/001119_guitar_0213.npz
1120,guitar_0214,17,0,1,21,1.2800002166628655,0.31971877813339233,0.0003866766928695142,0.04581384360790253,0.1390277035534382,samples/001120_guitar_0214.npz
1121,guitar_0215,17,0,1,12,1.0119290667174163,0.3198339343070984,0.0003316044167149812,0.05158216506242752,0.0931764729321003,samples/001121_guitar_0215.npz
1122,guitar_0216,17,0,1,18,1.1537765259550326,0.31682151556015015,0.0003173925797455013,0.051529280841350555,0.12100200355052948,samples/001122_guitar_0216.npz
1123,guitar_0217,17,27,1,45,1.394847801888889,0.31996476650238037,0.00045383040560409427,0.05185915529727936,0.26225387677550316,samples/001123_guitar_0217.npz
1124,guitar_0218,17,0,1,12,0.9600014663476474,0.31960636377334595,0.00031236119684763253,0.05073816701769829,0.0933641716837883,samples/001124_guitar_0218.npz
1125,guitar_0219,17,33,1,10,0.905097573984705,0.315271258354187,0.0003436013648752123,0.05154092609882355,0.0804424025118351,samples/001125_guitar_0219.npz
1126,guitar_0220,17,0,1,11,0.9050960922598129,0.3136349320411682,0.00024573184782639146,0.051542073488235474,0.08344879373908043,samples/001126_guitar_0220.npz
1127,guitar_0221,17,0,1,26,1.280011182937349,0.31996944546699524,0.0003953375853598118,0.04318602383136749,0.1620386801660061,samples/001127_guitar_0221.npz
1128,guitar_0222,17,0,1,22,1.2393547002194671,0.31936147809028625,0.0004547248245216906,0.05142756551504135,0.1424170807003975,samples/001128_guitar_0222.npz
1129,guitar_0223,17,33,1,46,1.5346663181005977,0.319988489151001,0.00048475887160748243,0.04833327233791351,0.26496880128979683,samples/001129_guitar_0223.npz
1130,guitar_0224,17,33,1,24,1.2393547002194671,0.31556904315948486,0.0003215981996618211,0.047464728355407715,0.1595647744834423,samples/001130_guitar_0224.npz
1131,guitar_0225,17,0,1,25,1.3193945995196,0.3171280026435852,0.0005691553233191371,0.04585343599319458,0.15611371770501137,samples/001131_guitar_0225.npz
1132,guitar_0226,17,0,1,15,0.9600000693649029,0.31955835223197937,0.0003021416487172246,0.051470041275024414,0.10734841600060463,samples/001132_guitar_0226.npz
1133,guitar_0227,17,0,1,6,0.639999968633055,0.3128700852394104,0.0001514246832812205,0.05150020122528076,0.061255067586898804,samples/001133_guitar_0227.npz
1134,guitar_0228,17,33,1,38,1.3576452496838434,0.316135972738266,0.00046483438927680254,0.04981524869799614,0.22280143573880196,samples/001134_guitar_0228.npz
1135,guitar_0229,17,0,1,20,1.0613203231642703,0.3184199333190918,0.0004093154857400805,0.05049673467874527,0.1319093331694603,samples/001135_guitar_0229.npz
1136,guitar_0230,17,33,1,12,0.7838367077899264,0.3168294131755829,0.0001606347505003214,0.039071232080459595,0.09152941033244133,samples/001136_guitar_0230.npz
1137,guitar_0231,17,0,1,20,1.0613203231642703,0.31151291728019714,0.0003668804420158267,0.04578806459903717,0.14414596930146217,samples/001137_guitar_0231.npz
1138,guitar_0232,17,26,1,14,1.011928624952328,0.3064052164554596,0.0003041451273020357,0.04626050591468811,0.10100728273391724,samples/001138_guitar_0232.npz
1139,guitar_0233,17,0,1,14,1.011928890011404,0.31900978088378906,0.000347629509633407,0.05156052112579346,0.10058273375034332,samples/001139_guitar_0233.npz
1140,guitar_0234,17,0,1,14,0.9050969812950392,0.3104723393917084,0.00027496725670062006,0.04997725784778595,0.10323984548449516,samples/001140_guitar_0234.npz
1141,guitar_0235,17,26,1,12,0.9600000693649029,0.311960905790329,0.0001939044741448015,0.045039571821689606,0.09702865779399872,samples/001141_guitar_0235.npz
1142,guitar_0236,17,0,1,18,1.0613205337674132,0.3193795680999756,0.00037462657201103866,0.05022472143173218,0.12439119070768356,samples/001142_guitar_0236.npz
1143,guitar_0237,17,0,1,14,1.0119310546579265,0.31969621777534485,0.0002679011959116906,0.05058397352695465,0.10506938770413399,samples/001143_guitar_0237.npz
1144,guitar_0238,17,25,1,22,0.9050971788583043,0.3182370066642761,0.0001577075308887288,0.043177004903554916,0.15032576024532318,samples/001144_guitar_0238.npz
1145,guitar_0239,17,0,1,12,0.7838368218531743,0.31643399596214294,0.00020459832740016282,0.05167650058865547,0.09177739545702934,samples/001145_guitar_0239.npz
1146,guitar_0240,17,33,1,36,1.3948476736928648,0.31831562519073486,0.0004532423336058855,0.04419738054275513,0.22874095290899277,samples/001146_guitar_0240.npz
1147,guitar_0241,17,0,1,16,1.0613199861991547,0.31911253929138184,0.00037530899862758815,0.0514255166053772,0.11581331491470337,samples/001147_guitar_0241.npz
1148,guitar_0242,17,0,1,28,1.1973303424214459,0.31945714354515076,0.00043543227366171777,0.04940415173768997,0.17605671286582947,samples/001148_guitar_0242.npz
1149,guitar_0243,17,0,1,34,1.6627688147547612,0.31997689604759216,0.0007932187290862203,0.050189971923828125,0.20076828449964523,samples/001149_guitar_0243.npz
1150,guitar_0244,17,0,1,19,1.2800000769644952,0.31973469257354736,0.00038259432767517865,0.0515705943107605,0.1268133595585823,samples/001150_guitar_0244.npz
1151,guitar_0245,17,0,1,18,1.1085125431698408,0.3175877332687378,0.0003164273512084037,0.05056508630514145,0.12231080234050751,samples/001151_guitar_0245.npz
1152,guitar_0246,17,0,1,16,1.1085181486711455,0.3199326694011688,0.00036585197085514665,0.05153905600309372,0.11102216318249702,samples/001152_guitar_0246.npz
1153,guitar_0247,17,0,1,28,1.4664241962422009,0.31983011960983276,0.0004945656983181834,0.046524181962013245,0.17413277924060822,samples/001153_guitar_0247.npz
1154,guitar_0248,17,0,1,22,1.2800000071153044,0.3199649155139923,0.00047464025556109846,0.05163387954235077,0.14344226568937302,samples/001154_guitar_0248.npz
1155,guitar_0249,17,0,1,16,0.960000162497149,0.31894373893737793,0.00031189373112283647,0.04949754476547241,0.11000119522213936,samples/001155_guitar_0249.npz
1156,guitar_0250,17,0,1,12,0.8466404836481534,0.31946861743927,0.0001872400607680902,0.05153887718915939,0.09047095850110054,samples/001156_guitar_0250.npz
1157,guitar_0251,17,26,1,16,1.0613209549735738,0.3087150752544403,0.00023450393928214908,0.046544790267944336,0.1115342490375042,samples/001157_guitar_0251.npz
1158,guitar_0252,17,0,1,22,1.2393551330589998,0.3198474645614624,0.00036849165917374194,0.049328625202178955,0.14067378640174866,samples/001158_guitar_0252.npz
1159,guitar_0253,17,0,1,12,0.9599999296665166,0.30383968353271484,0.00019144851830787957,0.0461847186088562,0.08900415152311325,samples/001159_guitar_0253.npz
1160,guitar_0254,17,33,1,10,0.8466403252450698,0.3166508972644806,0.0003201235376764089,0.051693737506866455,0.08000237122178078,samples/001160_guitar_0254.npz
1161,guitar_0255,17,0,1,15,1.0119288016583865,0.3133639991283417,0.00032048721914179623,0.047588951885700226,0.10496722906827927,samples/001161_guitar_0255.npz
1162,keyboard_0146,18,17,1,13,0.7838366507582963,0.29764577746391296,7.384599302895367e-05,0.035963475704193115,0.09585277363657951,samples/001162_keyboard_0146.npz
1163,keyboard_0147,18,34,1,19,1.1085554507456674,0.3177569806575775,0.00042587879579514265,0.04948604106903076,0.1253734566271305,samples/001163_keyboard_0147.npz
1164,keyboard_0148,18,34,1,6,0.6400001432560224,0.3145686089992523,0.0001714819809421897,0.052046164870262146,0.06091393157839775,samples/001164_keyboard_0148.npz
1165,keyboard_0149,18,25,1,27,1.2800001468136823,0.31475046277046204,0.0005564282764680684,0.05195459723472595,0.16516154631972313,samples/001165_keyboard_0149.npz
1166,keyboard_0150,18,27,1,34,1.2800039186641194,0.31979161500930786,0.0004863000358454883,0.05306871235370636,0.20244534313678741,samples/001166_keyboard_0150.npz
1167,keyboard_0151,18,0,1,25,1.4310836228862935,0.3199090361595154,0.00047087069833651185,0.05202639102935791,0.15373631194233894,samples/001167_keyboard_0151.npz
1168,keyboard_0152,18,0,1,53,1.7816853242271333,0.31996190547943115,0.0006328194867819548,0.05000436305999756,0.29891199618577957,samples/001168_keyboard_0152.npz
1169,keyboard_0153,18,26,1,58,1.8382659755839037,0.3200171887874603,0.0006654090830124915,0.048269301652908325,0.32925743609666824,samples/001169_keyboard_0153.npz
1170,keyboard_0154,18,3,1,32,1.3948479300849013,0.3199865520000458,0.00044365000212565064,0.04476112127304077,0.19228008389472961,samples/001170_keyboard_0154.npz
1171,keyboard_0155,18,27,1,37,1.1973309397967344,0.3172401785850525,0.00031449407106265426,0.0443536639213562,0.2207515351474285,samples/001171_keyboard_0155.npz
1172,keyboard_0156,18,0,1,43,1.693277588027468,0.3199757933616638,0.0006318595842458308,0.05012935400009155,0.2484724223613739,samples/001172_keyboard_0156.npz
1173,keyboard_0157,18,33,1,85,2.0738372451889218,0.31996554136276245,0.0008097534882836044,0.052968963980674744,0.465832956135273,samples/001173_keyboard_0157.npz
1174,keyboard_0158,18,33,1,56,1.500932939797693,0.3193340301513672,0.00040729486499913037,0.04911668598651886,0.31232431530952454,samples/001174_keyboard_0158.npz
1175,keyboard_0159,18,25,1,15,0.6399998289346467,0.30974438786506653,7.637065573362634e-05,0.03339517116546631,0.10755054652690887,samples/001175_keyboard_0159.npz
1176,keyboard_0160,18,34,1,29,1.4310836853613047,0.3199995160102844,0.00043859233846887946,0.050459880381822586,0.17662353068590164,samples/001176_keyboard_0160.npz
1177,keyboard_0161,18,33,1,29,1.4310838103113186,0.31974729895591736,0.0005556638934649527,0.048527225852012634,0.17951145768165588,samples/001177_keyboard_0161.npz
1178,keyboard_0162,18,33,1,16,1.1085120592403415,0.3196098208427429,0.0002682009362615645,0.05044519901275635,0.11357356980443001,samples/001178_keyboard_0162.npz
1179,keyboard_0163,18,0,1,62,1.752753849826775,0.31999635696411133,0.0006818354013375938,0.05310773849487305,0.3455321453511715,samples/001179_keyboard_0163.npz
1180,keyboard_0164,18,34,1,75,1.9983992727290556,0.3199995458126068,0.0009242086089216173,0.05167949199676514,0.41035502403974533,samples/001180_keyboard_0164.npz
1181,keyboard_0165,18,3,1,37,1.2799993784724157,0.3199716806411743,0.00032950591412372887,0.04395216703414917,0.2182195968925953,samples/001181_keyboard_0165.npz
1182,lamp_0125,19,26,1,10,0.7838366507582963,0.3042445182800293,0.00011627662024693564,0.037700921297073364,0.07861170917749405,samples/001182_lamp_0125.npz
1183,lamp_0126,19,26,1,42,1.27999993726611,0.3191898763179779,0.00028693757485598326,0.0524899959564209,0.2406182587146759,samples/001183_lamp_0126.npz
1184,lamp_0127,19,26,1,4,0.4525484412566953,0.31750282645225525,2.3485757992602885e-05,0.01800847053527832,0.05504149943590164,samples/001184_lamp_0127.npz
1185,lamp_0128,19,15,1,87,1.6932805448880708,0.3193170428276062,0.0004838397435378283,0.05389931797981262,0.4691777713596821,samples/001185_lamp_0128.npz
1186,lamp_0129,19,16,1,1,0.0,0.0,0.0,0.0,0.006201684474945068,samples/001186_lamp_0129.npz
1187,lamp_0130,19,38,1,1,0.0,0.0,0.0,0.0,0.006118744611740112,samples/001187_lamp_0130.npz
1188,lamp_0131,19,9,1,22,0.9050972776399206,0.31383052468299866,9.868810593616217e-05,0.04034458473324776,0.15995510667562485,samples/001188_lamp_0131.npz
1189,lamp_0132,19,37,1,6,0.3200000716280112,0.29448649287223816,9.787208000489045e-06,0.010021686553955078,0.062441885471343994,samples/001189_lamp_0132.npz
1190,lamp_0133,19,26,1,6,0.5542563522398135,0.27199384570121765,3.435021426412277e-05,0.013275347650051117,0.07552184909582138,samples/001190_lamp_0133.npz
1191,lamp_0134,19,26,1,9,0.7838371070112212,0.3107324540615082,0.00013870793918613344,0.04845583438873291,0.07347555458545685,samples/001191_lamp_0134.npz
1192,lamp_0135,19,26,1,12,0.8466452621272426,0.30380794405937195,0.00016235769726336002,0.05185888707637787,0.09093689173460007,samples/001192_lamp_0135.npz
1193,lamp_0136,19,26,1,14,0.9600000693649029,0.2978704571723938,0.00021456625836435705,0.04976613074541092,0.09946957230567932,samples/001193_lamp_0136.npz
1194,lamp_0137,19,26,1,31,1.5346759889388846,0.31976592540740967,0.0005614787223748863,0.0517311692237854,0.18505454435944557,samples/001194_lamp_0137.npz
1195,lamp_0138,19,24,1,1,0.0,0.0,0.0,0.0,0.004900816828012466,samples/001195_lamp_0138.npz
1196,lamp_0139,19,8,1,24,1.011935074703469,0.31849098205566406,0.00029622757574543357,0.05216225981712341,0.15196948125958443,samples/001196_lamp_0139.npz
1197,lamp_0140,19,26,1,43,1.5999999634921547,0.3193385899066925,0.00036470775376074016,0.05362910032272339,0.2453150972723961,samples/001197_lamp_0140.npz
1198,lamp_0141,19,26,1,10,0.7838368788847919,0.306979238986969,0.00020547115127556026,0.0514068603515625,0.07807759195566177,samples/001198_lamp_0141.npz
1199,lamp_0142,19,26,1,44,1.4664242572115749,0.31968528032302856,0.00030428459285758436,0.05250751972198486,0.2525382898747921,samples/001199_lamp_0142.npz
1200,lamp_0143,19,26,1,47,1.6932812841024147,0.31618720293045044,0.0003586482780519873,0.04275190830230713,0.26634279265999794,samples/001200_lamp_0143.npz
1201,lamp_0144,19,26,1,6,0.4525485400383386,0.24177078902721405,8.444173727184534e-05,0.046685993671417236,0.05991016700863838,samples/001201_lamp_0144.npz
1202,laptop_0150,20,26,1,42,1.7527886379098283,0.3199731111526489,0.0006998991593718529,0.05465805530548096,0.23957647383213043,samples/001202_laptop_0150.npz
1203,laptop_0151,20,29,1,76,1.8659045867751511,0.31994831562042236,0.0006696394993923604,0.052831292152404785,0.4138575494289398,samples/001203_laptop_0151.npz
1204,laptop_0152,20,26,1,30,1.357649266798719,0.31566840410232544,0.0005761744687333703,0.053076326847076416,0.178730770945549,samples/001204_laptop_0152.npz
1205,laptop_0153,20,26,1,47,1.752711817556068,0.3197765648365021,0.0008332644938491285,0.05316722393035889,0.2662622593343258,samples/001205_laptop_0153.npz
1206,laptop_0154,20,26,1,29,1.4664241962422009,0.3199997544288635,0.0004056085308548063,0.05175501108169556,0.17454704269766808,samples/001206_laptop_0154.npz
1207,laptop_0155,20,26,1,25,1.2800001468136823,0.319352388381958,0.00040109793189913034,0.04936957359313965,0.1564377397298813,samples/001207_laptop_0155.npz
1208,laptop_0156,20,26,1,70,2.0238130729040447,0.3199842572212219,0.0007818219601176679,0.05364573001861572,0.38427920266985893,samples/001208_laptop_0156.npz
1209,laptop_0157,20,29,1,37,1.5676740999592402,0.3092217445373535,0.0006161893252283335,0.05185249447822571,0.22012803331017494,samples/001209_laptop_0157.npz
1210,laptop_0158,20,26,1,23,1.19733037975741,0.31993624567985535,0.00041959539521485567,0.053665339946746826,0.1458575613796711,samples/001210_laptop_0158.npz
1211,laptop_0159,20,26,1,50,1.6316870684837028,0.3195984959602356,0.00048257032176479697,0.04701375961303711,0.2832151986658573,samples/001211_laptop_0159.npz
1212,laptop_0160,20,26,1,43,1.6000001870095621,0.31901076436042786,0.0005685599753633142,0.052662789821624756,0.24466534331440926,samples/001212_laptop_0160.npz
1213,laptop_0161,20,26,1,38,1.567704326417519,0.31998980045318604,0.0006882398738525808,0.05313676595687866,0.21765108034014702,samples/001213_laptop_0161.npz
1214,laptop_0162,20,26,1,38,1.466451510267954,0.31999897956848145,0.0005489176255650818,0.05408644676208496,0.22276827692985535,samples/001214_laptop_0162.npz
1215,laptop_0163,20,26,1,25,1.3193143649423527,0.31982284784317017,0.0004624180728569627,0.052969396114349365,0.15612229704856873,samples/001215_laptop_0163.npz
1216,laptop_0164,20,26,1,41,1.5676834531142578,0.31999677419662476,0.0005574823007918894,0.05258244276046753,0.23849300295114517,samples/001216_laptop_0164.npz
1217,laptop_0165,20,26,1,28,1.4310838103113186,0.31970980763435364,0.000601555744651705,0.0538519024848938,0.16645940020680428,samples/001217_laptop_0165.npz
1218,laptop_0166,20,26,1,43,1.599992978557439,0.3199750483036041,0.0005348950508050621,0.04678186774253845,0.24040400236845016,samples/001218_laptop_0166.npz
1219,laptop_0167,20,26,1,18,1.197330454429335,0.31845927238464355,0.0003778727550525218,0.04847729206085205,0.11948337033390999,samples/001219_laptop_0167.npz
1220,laptop_0168,20,29,1,33,1.3948476095948483,0.31995055079460144,0.000633931893389672,0.05258876085281372,0.19015133008360863,samples/001220_laptop_0168.npz
1221,laptop_0169,20,26,1,22,1.2799997277185031,0.3198170065879822,0.00029110824107192457,0.046962082386016846,0.13622762635350227,samples/001221_laptop_0169.npz
1222,mantel_0285,21,23,1,19,1.1085126641521825,0.31999242305755615,0.00023488461738452315,0.04921668767929077,0.12424729391932487,samples/001222_mantel_0285.npz
1223,mantel_0286,21,27,1,93,2.0738379349784606,0.3199712932109833,0.0007348788785748184,0.054997026920318604,0.49363479763269424,samples/001223_mantel_0286.npz
1224,mantel_0287,21,26,1,49,1.7232552349863874,0.3199692964553833,0.0005528730689547956,0.05415070056915283,0.2712400369346142,samples/001224_mantel_0287.npz
1225,mantel_0288,21,26,1,65,1.8931432299587885,0.31997793912887573,0.000539898406714201,0.054042428731918335,0.35595618933439255,samples/001225_mantel_0288.npz
1226,mantel_0289,21,26,1,39,1.6316936437729537,0.31903076171875,0.0005862089456059039,0.055324673652648926,0.22373517230153084,samples/001226_mantel_0289.npz
1227,mantel_0290,21,26,1,53,1.7527000850675512,0.31992173194885254,0.0006685219705104828,0.053185105323791504,0.3190518692135811,samples/001227_mantel_0290.npz
1228,mantel_0291,21,38,1,89,1.6932600579621322,0.3198104500770569,0.0004571992321871221,0.05355539917945862,0.4801968149840832,samples/001228_mantel_0291.npz
1229,mantel_0292,21,7,1,83,1.8931453079338374,0.3196277916431427,0.0005686189979314804,0.04910010099411011,0.4477711319923401,samples/001229_mantel_0292.npz
1230,mantel_0293,21,26,1,56,1.5009328802300956,0.3199975788593292,0.0005033867782913148,0.052206218242645264,0.312668077647686,samples/001230_mantel_0293.npz
1231,mantel_0294,21,25,1,99,2.09837380182613,0.3199002742767334,0.0006612172583118081,0.055691272020339966,0.5547211021184921,samples/001231_mantel_0294.npz
1232,mantel_0295,21,26,1,68,1.8382826092184468,0.3199097216129303,0.0006009577191434801,0.05528593063354492,0.3769185543060303,samples/001232_mantel_0295.npz
1233,mantel_0296,21,27,1,63,1.7232182941771332,0.3197835087776184,0.0004935585311613977,0.052212297916412354,0.3405591882765293,samples/001233_mantel_0296.npz
1234,mantel_0297,21,27,1,39,1.357712682955365,0.31911662220954895,0.00026486400747671723,0.05370289087295532,0.22106051817536354,samples/001234_mantel_0297.npz
1235,mantel_0298,21,26,1,77,2.0983422718610147,0.31999966502189636,0.0006213412852957845,0.04809713363647461,0.4400026947259903,samples/001235_mantel_0298.npz
1236,mantel_0299,21,27,1,46,1.4310971174253597,0.3195287585258484,0.0003463643370196223,0.05319696664810181,0.25821125134825706,samples/001236_mantel_0299.npz
1237,mantel_0300,21,26,1,36,1.500933535473536,0.3196849226951599,0.000415605230955407,0.05349466949701309,0.20609179139137268,samples/001237_mantel_0300.npz
1238,mantel_0301,21,25,1,108,1.9984081310890964,0.3199998736381531,0.0005444518174044788,0.05166543275117874,0.5663924105465412,samples/001238_mantel_0301.npz
1239,mantel_0302,21,38,1,109,2.1937606322202035,0.31989553570747375,0.0007741905865259469,0.057573556900024414,0.5975578278303146,samples/001239_mantel_0302.npz
1240,mantel_0303,21,4,1,1,0.0,0.0,0.0,0.0,0.004897512495517731,samples/001240_mantel_0303.npz
1241,mantel_0304,21,23,1,22,1.153776758427152,0.3188149333000183,0.0003226605767849833,0.05375319719314575,0.13912368193268776,samples/001241_mantel_0304.npz
1242,mantel_0305,21,26,1,31,1.394851327274937,0.3190560042858124,0.0002870458411052823,0.04382587969303131,0.18109556660056114,samples/001242_mantel_0305.npz
1243,mantel_0306,21,27,1,44,1.53466993010757,0.3181053400039673,0.0003296048962511122,0.045881882309913635,0.2721889689564705,samples/001243_mantel_0306.npz
1244,mantel_0307,21,27,1,45,1.7527022275278372,0.31993356347084045,0.00040886184433475137,0.05538111925125122,0.25039321184158325,samples/001244_mantel_0307.npz
1245,mantel_0308,21,27,1,48,1.6316772055001445,0.3191380798816681,0.0002887568552978337,0.05263218283653259,0.2675406374037266,samples/001245_mantel_0308.npz
1246,mantel_0309,21,27,1,86,2.1466273502289672,0.3197338283061981,0.0006829284830018878,0.05167651176452637,0.4582860618829727,samples/001246_mantel_0309.npz
1247,mantel_0310,21,27,1,73,1.893103086811338,0.3199829161167145,0.0005055571673437953,0.05391734838485718,0.4156750738620758,samples/001247_mantel_0310.npz
1248,mantel_0311,21,26,1,41,1.5676725030735383,0.3199695348739624,0.00038011299329809844,0.048952579498291016,0.2362867332994938,samples/001248_mantel_0311.npz
1249,mantel_0312,21,26,1,37,1.4664268179229951,0.31999993324279785,0.00035708819632418454,0.04846879839897156,0.21347490325570107,samples/001249_mantel_0312.npz
1250,mantel_0313,21,29,1,66,1.2800009151544876,0.31772059202194214,0.0002854192862287164,0.05375519394874573,0.35944703593850136,samples/001250_mantel_0313.npz
1251,mantel_0314,21,29,1,20,1.239354844499328,0.3174898028373718,0.00034684286219999194,0.05533879995346069,0.15143117681145668,samples/001251_mantel_0314.npz
1252,mantel_0315,21,27,1,17,0.7838369359164055,0.2829688489437103,0.00015657980111427605,0.04014170169830322,0.11447099596261978,samples/001252_mantel_0315.npz
1253,mantel_0316,21,15,1,72,1.920010010723004,0.3196704089641571,0.000519652443472296,0.05649304389953613,0.388162761926651,samples/001253_mantel_0316.npz
1254,mantel_0317,21,27,1,34,1.3193949383377053,0.318821519613266,0.0002844510891009122,0.05399441719055176,0.19897488877177238,samples/001254_mantel_0317.npz
1255,mantel_0318,21,25,1,71,1.6932812313014007,0.31994715332984924,0.0004162771801929921,0.04909998178482056,0.40913593769073486,samples/001255_mantel_0318.npz
1256,mantel_0319,21,27,1,71,1.8101924808648227,0.3199383020401001,0.0005012112087570131,0.05025950074195862,0.38291484117507935,samples/001256_mantel_0319.npz
1257,mantel_0320,21,38,1,13,1.01192893418791,0.3199850916862488,0.0002699820906855166,0.053618937730789185,0.09435765072703362,samples/001257_mantel_0320.npz
1258,mantel_0321,21,38,1,128,2.239977767868068,0.31998491287231445,0.0007710797945037484,0.05237569287419319,0.6647664457559586,samples/001258_mantel_0321.npz
1259,mantel_0322,21,26,1,38,1.5676634920451613,0.3191830515861511,0.0004449825792107731,0.05177241563796997,0.2409922182559967,samples/001259_mantel_0322.npz
1260,mantel_0323,21,26,1,54,1.5009334163383863,0.31999415159225464,0.00030666947714053094,0.050850868225097656,0.299759104847908,samples/001260_mantel_0323.npz
1261,mantel_0324,21,25,1,73,1.7816984716323743,0.3198535740375519,0.0004926588735543191,0.053589046001434326,0.3958596996963024,samples/001261_mantel_0324.npz
1262,mantel_0325,21,25,1,78,1.723253626624945,0.3199695646762848,0.0005006513674743474,0.05316091328859329,0.4231024794280529,samples/001262_mantel_0325.npz
1263,mantel_0326,21,27,1,54,1.5676743280856362,0.3198085427284241,0.00045650143874809146,0.05454760789871216,0.32017435505986214,samples/001263_mantel_0326.npz
1264,mantel_0327,21,27,1,11,0.8466411172601913,0.3174726665019989,0.00014513893984258175,0.0524672269821167,0.08471846580505371,samples/001264_mantel_0327.npz
1265,mantel_0328,21,26,1,32,1.3576527570692067,0.3199916481971741,0.0004219975380692631,0.05615723133087158,0.186316329985857,samples/001265_mantel_0328.npz
1266,mantel_0329,21,27,1,35,1.3948511990792367,0.3199806809425354,0.00031900592148303986,0.05520600080490112,0.20152881741523743,samples/001266_mantel_0329.npz
1267,mantel_0330,21,38,1,25,1.1537766809364507,0.3191949129104614,0.0003191189025528729,0.05037736892700195,0.1790931597352028,samples/001267_mantel_0330.npz
1268,mantel_0331,21,26,1,68,1.7232468299842099,0.31999966502189636,0.0005335435271263123,0.05053156614303589,0.3647630140185356,samples/001268_mantel_0331.npz
1269,mantel_0332,21,26,1,78,2.023857780022808,0.3200000524520874,0.0007397013832814991,0.054931193590164185,0.41792692616581917,samples/001269_mantel_0332.npz
1270,mantel_0333,21,4,1,1,0.0,0.0,0.0,0.0,0.004800170660018921,samples/001270_mantel_0333.npz
1271,mantel_0334,21,27,1,72,1.865903820116567,0.31968188285827637,0.0006295495550148189,0.05348247289657593,0.41879352554678917,samples/001271_mantel_0334.npz
1272,mantel_0335,21,23,1,33,1.2800004262103921,0.3179798126220703,0.0002952571667265147,0.05274850130081177,0.19239246100187302,samples/001272_mantel_0335.npz
1273,mantel_0336,21,27,1,16,1.0613210392147858,0.31161755323410034,0.00022671943588647991,0.054654479026794434,0.10775405168533325,samples/001273_mantel_0336.npz
1274,mantel_0337,21,27,1,63,1.8102532306058072,0.31952571868896484,0.0005976109532639384,0.05504533648490906,0.34060167148709297,samples/001274_mantel_0337.npz
1275,mantel_0338,21,27,1,34,1.3948579293375682,0.3170167803764343,0.00043780909618362784,0.054131120443344116,0.22107524052262306,samples/001275_mantel_0338.npz
1276,mantel_0339,21,36,1,73,1.7232478157581923,0.3199528753757477,0.0005530843045562506,0.0549774169921875,0.3928374797105789,samples/001276_mantel_0339.npz
1277,mantel_0340,21,23,1,42,1.4310839352613218,0.31703585386276245,0.0003902098396793008,0.05460211634635925,0.24224666878581047,samples/001277_mantel_0340.npz
1278,mantel_0341,21,27,1,85,1.972613857304775,0.3198663890361786,0.0006169494590722024,0.053959041833877563,0.4627424031496048,samples/001278_mantel_0341.npz
1279,mantel_0342,21,15,1,130,2.39465291894961,0.3199940323829651,0.0007611430482938886,0.05227634310722351,0.6994125954806805,samples/001279_mantel_0342.npz
1280,mantel_0343,21,23,1,177,2.262741015964232,0.31997552514076233,0.0005951896891929209,0.05525469779968262,0.9140892811119556,samples/001280_mantel_0343.npz
1281,mantel_0344,21,28,1,84,1.9464560215565518,0.3199689984321594,0.000498561654239893,0.05433499813079834,0.4503340572118759,samples/001281_mantel_0344.npz
1282,mantel_0345,21,36,1,99,1.8658973035058841,0.31992143392562866,0.00041326790233142674,0.05425906181335449,0.5232536606490612,samples/001282_mantel_0345.npz
1283,mantel_0346,21,26,1,105,1.9984062520463084,0.31996291875839233,0.0005934963701292872,0.04932296276092529,0.5507311038672924,samples/001283_mantel_0346.npz
1284,mantel_0347,21,26,1,58,1.781683919155186,0.31955474615097046,0.0005447621224448085,0.053751230239868164,0.3157739043235779,samples/001284_mantel_0347.npz
1285,mantel_0348,21,25,1,54,1.599998957663435,0.3199836313724518,0.0004295312101021409,0.055459439754486084,0.3021335043013096,samples/001285_mantel_0348.npz
1286,mantel_0349,21,26,1,18,1.1085162129616688,0.31954270601272583,0.00027033925289288163,0.05211695283651352,0.11863061413168907,samples/001286_mantel_0349.npz
1287,mantel_0350,21,26,1,65,2.073844229297402,0.31986844539642334,0.0006924552144482732,0.05404876172542572,0.3584337718784809,samples/001287_mantel_0350.npz
1288,mantel_0351,21,27,1,14,0.9051141691377754,0.3199940621852875,0.00014470540918409824,0.047800660133361816,0.09699098393321037,samples/001288_mantel_0351.npz
1289,mantel_0352,21,38,1,14,0.7838369644322107,0.3196660280227661,0.00018887451733462512,0.054399073123931885,0.09643460437655449,samples/001289_mantel_0352.npz
1290,mantel_0353,21,26,1,121,2.0984356673538715,0.3199983239173889,0.0005306970560923219,0.046848297119140625,0.6376223415136337,samples/001290_mantel_0353.npz
1291,mantel_0354,21,26,1,54,1.6932814425054463,0.3198779821395874,0.0005359253846108913,0.053324490785598755,0.3007315769791603,samples/001291_mantel_0354.npz
1292,mantel_0355,21,36,1,105,2.0738739761626843,0.31988900899887085,0.0005329156992956996,0.051353633403778076,0.5574256405234337,samples/001292_mantel_0355.npz
1293,mantel_0356,21,27,1,127,1.9464827544993912,0.31999701261520386,0.0006408172775991261,0.05373053252696991,0.6678955964744091,samples/001293_mantel_0356.npz
1294,mantel_0357,21,27,1,84,2.023856896492478,0.31999343633651733,0.0005609588697552681,0.0506860613822937,0.444780632853508,samples/001294_mantel_0357.npz
1295,mantel_0358,21,26,1,41,1.3193963613727977,0.3186687231063843,0.00040153294685296714,0.05256330966949463,0.23218900337815285,samples/001295_mantel_0358.npz
1296,mantel_0359,21,13,1,7,0.639999305065344,0.3090556263923645,2.8076978196622804e-05,0.01578754186630249,0.06171770021319389,samples/001296_mantel_0359.npz
1297,mantel_0360,21,29,1,54,1.6627914517423117,0.3199499845504761,0.00047340866876766086,0.052654117345809937,0.29708773642778397,samples/001297_mantel_0360.npz
1298,mantel_0361,21,38,1,33,1.3193963613727977,0.3199123740196228,0.0002721693890634924,0.04782259464263916,0.19280842691659927,samples/001298_mantel_0361.npz
1299,mantel_0362,21,38,1,14,0.8466379755958499,0.318928599357605,8.139992860378698e-05,0.04392039775848389,0.09724905341863632,samples/001299_mantel_0362.npz
1300,mantel_0363,21,26,1,41,1.1973313504920724,0.31870973110198975,0.00039159550215117633,0.052171409130096436,0.23015128076076508,samples/001300_mantel_0363.npz
1301,mantel_0364,21,27,1,24,1.011929950247014,0.3199595510959625,0.00018986372742801905,0.04255688190460205,0.14638010039925575,samples/001301_mantel_0364.npz
1302,mantel_0365,21,12,1,1,0.0,0.0,0.0,0.0,0.004876561462879181,samples/001302_mantel_0365.npz
1303,mantel_0366,21,39,1,1,0.0,0.0,0.0,0.0,0.004950713366270065,samples/001303_mantel_0366.npz
1304,mantel_0367,21,26,1,49,1.7526568272138994,0.3181611895561218,0.0005375858745537698,0.055355221033096313,0.2771882750093937,samples/001304_mantel_0367.npz
1305,mantel_0368,21,25,1,54,1.5009286509246444,0.31883707642555237,0.00036257330793887377,0.05380290746688843,0.29561448097229004,samples/001305_mantel_0368.npz
1306,mantel_0369,21,25,1,92,2.07383526204272,0.31988126039505005,0.00072701764293015,0.05603659152984619,0.4856880456209183,samples/001306_mantel_0369.npz
1307,mantel_0370,21,27,1,41,1.600050477632355,0.3196123540401459,0.00038928253343328834,0.05019479990005493,0.2333158142864704,samples/001307_mantel_0370.npz
1308,mantel_0371,21,27,1,29,1.2800002865120448,0.31889256834983826,0.00040349550545215607,0.05432415008544922,0.17102379724383354,samples/001308_mantel_0371.npz
1309,mantel_0372,21,15,1,81,1.9726298113269265,0.31998980045318604,0.0006098550511524081,0.05558998882770538,0.4306100159883499,samples/001309_mantel_0372.npz
1310,mantel_0373,21,36,1,44,1.4664771167050579,0.31993773579597473,0.00034990604035556316,0.053465306758880615,0.24568058550357819,samples/001310_mantel_0373.npz
1311,mantel_0374,21,26,1,20,1.1085145998678563,0.3183305263519287,0.00031308483448810875,0.049243777990341187,0.12662724032998085,samples/001311_mantel_0374.npz
1312,mantel_0375,21,4,1,25,0.90511224293026,0.3137173354625702,0.0001359613670501858,0.04478561878204346,0.1563277430832386,samples/001312_mantel_0375.npz
1313,mantel_0376,21,26,1,52,1.599994040269481,0.31996285915374756,0.000400063261622563,0.05602818727493286,0.28554821759462357,samples/001313_mantel_0376.npz
1314,mantel_0377,21,26,1,67,1.810207791967315,0.3187788128852844,0.00047712825471535325,0.05332082509994507,0.3653491549193859,samples/001314_mantel_0377.npz
1315,mantel_0378,21,36,1,73,1.6932989723493963,0.31999608874320984,0.00034908443922176957,0.05568116903305054,0.3896525762975216,samples/001315_mantel_0378.npz
1316,mantel_0379,21,3,1,67,1.9983947093161345,0.31964409351348877,0.00043933262350037694,0.04868769645690918,0.36123163625597954,samples/001316_mantel_0379.npz
1317,mantel_0380,21,15,1,42,1.4310843101112656,0.3197628855705261,0.0002739809569902718,0.05123063921928406,0.23895735666155815,samples/001317_mantel_0380.npz
1318,mantel_0381,21,36,1,113,1.8659027659604996,0.3192216455936432,0.00035368138924241066,0.05504500865936279,0.5941580645740032,samples/001318_mantel_0381.npz
1319,mantel_0382,21,26,1,90,2.122706943169187,0.3199586868286133,0.0008026030263863504,0.049548447132110596,0.4783890023827553,samples/001319_mantel_0382.npz
1320,mantel_0383,21,26,1,46,1.5676993077251729,0.3190280497074127,0.0004594684287440032,0.052857547998428345,0.2554187588393688,samples/001320_mantel_0383.npz
1321,mantel_0384,21,36,1,5,0.5542562715849204,0.31929105520248413,9.476274135522544e-05,0.04720750451087952,0.05170205235481262,samples/001321_mantel_0384.npz
1322,monitor_0466,22,32,1,1,0.0,0.0,0.0,0.0,0.004840496927499771,samples/001322_monitor_0466.npz
1323,monitor_0467,22,26,1,32,1.4664243791503153,0.3191489577293396,0.00043330606422387064,0.05097809433937073,0.18643614277243614,samples/001323_monitor_0467.npz
1324,monitor_0468,22,26,1,31,1.5346571132701994,0.31726178526878357,0.00044867288670502603,0.05139440298080444,0.18273098394274712,samples/001324_monitor_0468.npz
1325,monitor_0469,22,26,1,27,1.319402053497819,0.31954196095466614,0.00041036351467482746,0.04643958806991577,0.16141105815768242,samples/001325_monitor_0469.npz
1326,monitor_0470,22,26,1,39,1.5346557150632834,0.31860995292663574,0.0004175679059699178,0.05478185415267944,0.2211829610168934,samples/001326_monitor_0470.npz
1327,monitor_0471,22,26,1,44,1.600000298768254,0.31993237137794495,0.0006462965393438935,0.04984486103057861,0.246229887008667,samples/001327_monitor_0471.npz
1328,monitor_0472,22,26,1,88,1.8659042992782189,0.31855374574661255,0.0005582139710895717,0.05155825614929199,0.46947863325476646,samples/001328_monitor_0472.npz
1329,monitor_0473,22,26,1,27,1.2393549166392523,0.31752458214759827,0.0004079675709363073,0.05059003829956055,0.1614409126341343,samples/001329_monitor_0473.npz
1330,monitor_0474,22,26,1,43,1.6627709655506757,0.3198167681694031,0.000618884339928627,0.05074360966682434,0.24248114228248596,samples/001330_monitor_0474.npz
1331,monitor_0475,22,26,1,44,1.5676684538203591,0.316037654876709,0.0005521780694834888,0.054498255252838135,0.2454729750752449,samples/001331_monitor_0475.npz
1332,monitor_0476,22,26,1,51,1.7527126337262606,0.31992554664611816,0.0006105845095589757,0.053675856441259384,0.2802463471889496,samples/001332_monitor_0476.npz
1333,monitor_0477,22,26,1,22,1.197330454429335,0.3193625509738922,0.0003462190506979823,0.0530448853969574,0.13825618848204613,samples/001333_monitor_0477.npz
1334,monitor_0478,22,26,1,49,1.662770642931466,0.3194099962711334,0.0005431169993244112,0.054608047008514404,0.2710261568427086,samples/001334_monitor_0478.npz
1335,monitor_0479,22,26,1,50,1.662768922294623,0.3199067711830139,0.0006215156754478812,0.05100291967391968,0.2752976566553116,samples/001335_monitor_0479.npz
1336,monitor_0480,22,26,1,30,1.3193709498008532,0.31610989570617676,0.00035894964821636677,0.04363960027694702,0.18147778138518333,samples/001336_monitor_0480.npz
1337,monitor_0481,22,27,1,135,2.193810026863673,0.3199741840362549,0.0006747129955329001,0.05469110608100891,0.6992752030491829,samples/001337_monitor_0481.npz
1338,monitor_0482,22,26,1,45,1.600058021089442,0.31976383924484253,0.0005154771497473121,0.05290424823760986,0.25029680132865906,samples/001338_monitor_0482.npz
1339,monitor_0483,22,26,1,38,1.5676734726114798,0.319987416267395,0.0004778164438903332,0.054078102111816406,0.21641544997692108,samples/001339_monitor_0483.npz
1340,monitor_0484,22,26,1,90,1.9200025601667978,0.31961163878440857,0.0006254721083678305,0.05396318435668945,0.48349692672491074,samples/001340_monitor_0484.npz
1341,monitor_0485,22,26,1,54,1.8382644192127373,0.3195681571960449,0.0006708911969326437,0.052144527435302734,0.30115389078855515,samples/001341_monitor_0485.npz
1342,monitor_0486,22,26,1,30,1.4664242572115749,0.3198007047176361,0.00036369095323607326,0.04774707555770874,0.18176309391856194,samples/001342_monitor_0486.npz
1343,monitor_0487,22,26,1,66,1.3948465840261834,0.31896841526031494,0.0003042511234525591,0.044315584003925323,0.3530467674136162,samples/001343_monitor_0487.npz
1344,monitor_0488,22,34,1,11,0.7838367363057399,0.2707582414150238,9.870517533272505e-05,0.035198062658309937,0.0810609757900238,samples/001344_monitor_0488.npz
1345,monitor_0489,22,27,1,73,1.7816831162564333,0.31946811079978943,0.00047861001803539693,0.05162632465362549,0.39030131325125694,samples/001345_monitor_0489.npz
1346,monitor_0490,22,26,1,67,1.6317066846849124,0.31828761100769043,0.00044322063331492245,0.05084144324064255,0.3622387424111366,samples/001346_monitor_0490.npz
1347,monitor_0491,22,26,1,37,1.4664251107825452,0.319749653339386,0.00047228974290192127,0.05228614807128906,0.21114134415984154,samples/001347_monitor_0491.npz
1348,monitor_0492,22,26,1,38,1.153784817431672,0.3199865221977234,0.0003933057887479663,0.05337199568748474,0.21807706356048584,samples/001348_monitor_0492.npz
1349,monitor_0493,22,26,1,30,1.5346663181005977,0.3182002305984497,0.0004363495681900531,0.047024548053741455,0.17591620236635208,samples/001349_monitor_0493.npz
1350,monitor_0494,22,26,1,18,1.1085140352844673,0.31911587715148926,0.0002903733984567225,0.05283021926879883,0.11589020863175392,samples/001350_monitor_0494.npz
1351,monitor_0495,22,38,1,168,2.351510817254485,0.31987765431404114,0.0008529027691110969,0.05219322443008423,0.8633447848260403,samples/001351_monitor_0495.npz
1352,monitor_0496,22,26,1,20,1.1085133093911161,0.3145659267902374,0.00027149904053658247,0.05020558834075928,0.12733743339776993,samples/001352_monitor_0496.npz
1353,monitor_0497,22,26,1,37,1.3948504299047881,0.3162086606025696,0.0003288506995886564,0.050026923418045044,0.2129172645509243,samples/001353_monitor_0497.npz
1354,monitor_0498,22,26,1,14,0.9599999762326477,0.3178914487361908,0.0003289679007139057,0.0540885329246521,0.09715509787201881,samples/001354_monitor_0498.npz
1355,monitor_0499,22,26,1,34,1.5009345481219265,0.3194156289100647,0.00057225301861763,0.05020320415496826,0.19642482697963715,samples/001355_monitor_0499.npz
1356,monitor_0500,22,20,1,1,0.0,0.0,0.0,0.0,0.004868101328611374,samples/001356_monitor_0500.npz
1357,monitor_0501,22,26,1,50,1.5676681686612903,0.31991297006607056,0.0006140883197076619,0.05420622229576111,0.2838479317724705,samples/001357_monitor_0501.npz
1358,monitor_0502,22,26,1,47,1.6000021986648234,0.31989285349845886,0.00043264779378660023,0.05177664756774902,0.26600242406129837,samples/001358_monitor_0502.npz
1359,monitor_0503,22,26,1,53,1.6316863013648975,0.31963256001472473,0.0003385561576578766,0.04620404541492462,0.29803093150258064,samples/001359_monitor_0503.npz
1360,monitor_0504,22,26,1,63,1.693282498525279,0.3199635446071625,0.00063218834111467,0.049559712409973145,0.3458462916314602,samples/001360_monitor_0504.npz
1361,monitor_0505,22,26,1,30,1.319393786355792,0.31931522488594055,0.00041597397648729384,0.053383052349090576,0.1828383393585682,samples/001361_monitor_0505.npz
1362,monitor_0506,22,26,1,4,0.4525484412566953,0.312211811542511,6.180780474096537e-05,0.05096510052680969,0.04885368049144745,samples/001362_monitor_0506.npz
1363,monitor_0507,22,20,1,32,1.0613200283198,0.3199789524078369,0.0002198395086452365,0.04883655905723572,0.19230663776397705,samples/001363_monitor_0507.npz
1364,monitor_0508,22,26,1,46,1.4664244401196818,0.3198428452014923,0.0003788708127103746,0.053649306297302246,0.26218057051301,samples/001364_monitor_0508.npz
1365,monitor_0509,22,26,1,28,1.4310843725862468,0.3176751136779785,0.0004157023213338107,0.05253813415765762,0.17002644389867783,samples/001365_monitor_0509.npz
1366,monitor_0510,22,26,1,53,1.6627679544356164,0.31996381282806396,0.0004612608172465116,0.049273453652858734,0.2948474809527397,samples/001366_monitor_0510.npz
1367,monitor_0511,22,20,1,26,1.108506292397548,0.3197374641895294,0.00018189463298767805,0.04386401176452637,0.16185033693909645,samples/001367_monitor_0511.npz
1368,monitor_0512,22,26,1,18,1.197329446357954,0.31857478618621826,0.0003999207401648164,0.05112069845199585,0.1159840039908886,samples/001368_monitor_0512.npz
1369,monitor_0513,22,26,1,25,1.2393547002194671,0.31650200486183167,0.0004723415186163038,0.05251076817512512,0.15096605941653252,samples/001369_monitor_0513.npz
1370,monitor_0514,22,15,1,74,1.7527107973427931,0.3189238905906677,0.0005570854991674423,0.04899352788925171,0.4017595909535885,samples/001370_monitor_0514.npz
1371,monitor_0515,22,26,1,38,1.5676260215805224,0.3199847340583801,0.0004438327450770885,0.05328494310379028,0.21590925380587578,samples/001371_monitor_0515.npz
1372,monitor_0516,22,26,1,22,1.1973303424214459,0.3113246262073517,0.00032631849171593785,0.04693722724914551,0.1361944079399109,samples/001372_monitor_0516.npz
1373,monitor_0517,22,26,1,32,1.5009324632568484,0.31864339113235474,0.0005079380352981389,0.05389440059661865,0.18842214718461037,samples/001373_monitor_0517.npz
1374,monitor_0518,22,38,1,118,1.946484040611096,0.31998971104621887,0.0005057964590378106,0.05332019925117493,0.6112916879355907,samples/001374_monitor_0518.npz
1375,monitor_0519,22,26,1,40,1.752712225641212,0.31998908519744873,0.0006887373747304082,0.05536693334579468,0.22584404051303864,samples/001375_monitor_0519.npz
1376,monitor_0520,22,26,1,36,1.5999967783657065,0.31995534896850586,0.0004942681407555938,0.04641067981719971,0.20514771714806557,samples/001376_monitor_0520.npz
1377,monitor_0521,22,27,1,14,0.9050965861683798,0.3197444975376129,0.00019326455367263407,0.05296975374221802,0.12002171948552132,samples/001377_monitor_0521.npz
1378,monitor_0522,22,26,1,28,1.2800003563612203,0.31860870122909546,0.0004161029355600476,0.05403745174407959,0.17076369002461433,samples/001378_monitor_0522.npz
1379,monitor_0523,22,26,1,22,1.2800000071153044,0.31689172983169556,0.00037497232551686466,0.05174100399017334,0.13607970625162125,samples/001379_monitor_0523.npz
1380,monitor_0524,22,26,1,42,1.5009328802300956,0.3157418668270111,0.0004751186352223158,0.05089375376701355,0.23524543642997742,samples/001380_monitor_0524.npz
1381,monitor_0525,22,26,1,37,1.6000021986648234,0.31875622272491455,0.0005245832726359367,0.05168914794921875,0.2124825082719326,samples/001381_monitor_0525.npz
1382,monitor_0526,22,38,1,44,1.197330230413546,0.31988421082496643,0.0003634041640907526,0.05105295777320862,0.2448117546737194,samples/001382_monitor_0526.npz
1383,monitor_0527,22,26,1,45,1.6000228738639863,0.3195922374725342,0.00047103947144933045,0.05325430631637573,0.2502339407801628,samples/001383_monitor_0527.npz
1384,monitor_0528,22,26,1,90,1.9200001387298058,0.3199426829814911,0.000531157071236521,0.04989069700241089,0.4740244150161743,samples/001384_monitor_0528.npz
1385,monitor_0529,22,26,1,69,1.8101925796465441,0.31981855630874634,0.0006306609138846397,0.05175021290779114,0.3731798268854618,samples/001385_monitor_0529.npz
1386,monitor_0530,22,26,1,71,1.7816866289358064,0.3196902871131897,0.0007385017815977335,0.05365508794784546,0.38317617028951645,samples/001386_monitor_0530.npz
1387,monitor_0531,22,26,1,32,1.4664334025889714,0.3199836015701294,0.00048701706691645086,0.05249297618865967,0.188874002546072,samples/001387_monitor_0531.npz
1388,monitor_0532,22,26,1,28,1.3193986653311216,0.3197077512741089,0.0004544481635093689,0.053320229053497314,0.1665274314582348,samples/001388_monitor_0532.npz
1389,monitor_0533,22,26,1,30,1.3948493402402602,0.3199988305568695,0.0005015678470954299,0.05070251226425171,0.17763014882802963,samples/001389_monitor_0533.npz
1390,monitor_0534,22,20,1,38,1.1085124221874858,0.3199361562728882,0.00027815441717393696,0.051000893115997314,0.21514533832669258,samples/001390_monitor_0534.npz
1391,monitor_0535,22,26,1,26,1.2393547723593998,0.3187333345413208,0.000422481243731454,0.053447067737579346,0.15624051541090012,samples/001391_monitor_0535.npz
1392,monitor_0536,22,26,1,36,1.319393786355792,0.3167399764060974,0.00032167776953428984,0.050084903836250305,0.20777161791920662,samples/001392_monitor_0536.npz
1393,monitor_0537,22,26,1,34,1.239354844499328,0.3143959939479828,0.00027764454716816545,0.04651474952697754,0.19740860909223557,samples/001393_monitor_0537.npz
1394,monitor_0538,22,26,1,32,1.19733037975741,0.3199543058872223,0.0002445802965667099,0.038886845111846924,0.18558644875884056,samples/001394_monitor_0538.npz
1395,monitor_0539,22,36,1,80,1.752711919577363,0.3194982707500458,0.00042369659058749676,0.05253535509109497,0.42761240527033806,samples/001395_monitor_0539.npz
1396,monitor_0540,22,26,1,21,0.9599824672081416,0.3185834288597107,0.0002531535574235022,0.05171199142932892,0.13202446326613426,samples/001396_monitor_0540.npz
1397,monitor_0541,22,38,1,41,1.4310696908907004,0.3181892931461334,0.0002761376672424376,0.05016258358955383,0.2322944737970829,samples/001397_monitor_0541.npz
1398,monitor_0542,22,26,1,38,1.5009327015272895,0.31977081298828125,0.0004421309567987919,0.04878425598144531,0.21636705100536346,samples/001398_monitor_0542.npz
1399,monitor_0543,22,26,1,26,1.3948477377908783,0.31810760498046875,0.00046545479563064873,0.04944625496864319,0.15625562891364098,samples/001399_monitor_0543.npz
1400,monitor_0544,22,26,1,15,1.011928890011404,0.31662309169769287,0.0002652693656273186,0.050402939319610596,0.10328184440732002,samples/001400_monitor_0544.npz
1401,monitor_0545,22,26,1,15,0.9599999762326477,0.31925344467163086,0.0002550203644204885,0.053669095039367676,0.10311759635806084,samples/001401_monitor_0545.npz
1402,monitor_0546,22,26,1,38,1.4310850598108587,0.3197978138923645,0.0004459396004676819,0.05288165807723999,0.2164026014506817,samples/001402_monitor_0546.npz
1403,monitor_0547,22,26,1,36,1.3948477377908783,0.3197094798088074,0.0004850345430895686,0.05205315351486206,0.20800749585032463,samples/001403_monitor_0547.npz
1404,monitor_0548,22,38,1,60,1.6316847671262051,0.3199473023414612,0.0004676510870922357,0.05060231685638428,0.3278724327683449,samples/001404_monitor_0548.npz
1405,monitor_0549,22,39,1,44,1.319393989646791,0.3185111880302429,0.00028768792981281877,0.04618746042251587,0.2473091408610344,samples/001405_monitor_0549.npz
1406,monitor_0550,22,26,1,34,1.5676727312001666,0.31965768337249756,0.0006394960801117122,0.053355872631073,0.1999574676156044,samples/001406_monitor_0550.npz
1407,monitor_0551,22,38,1,67,1.4664236475177206,0.3194914758205414,0.00031403746106661856,0.05374079942703247,0.3613230772316456,samples/001407_monitor_0551.npz
1408,monitor_0552,22,26,1,32,1.4310863717842015,0.31960150599479675,0.00038463048986159265,0.04963928461074829,0.18642693385481834,samples/001408_monitor_0552.npz
1409,monitor_0553,22,26,1,51,1.631686904101132,0.3199458718299866,0.0005086865276098251,0.05327105522155762,0.281601969152689,samples/001409_monitor_0553.npz
1410,monitor_0554,22,26,1,50,1.752712225641212,0.31786608695983887,0.0007460787310265005,0.05361050367355347,0.27483411878347397,samples/001410_monitor_0554.npz
1411,monitor_0555,22,38,1,70,1.7816965647628202,0.3192744851112366,0.0005331801366992295,0.054902926087379456,0.3767177537083626,samples/001411_monitor_0555.npz
1412,monitor_0556,22,38,1,106,2.4159481498652284,0.3199787735939026,0.0008945907466113567,0.05265152454376221,0.5565689466893673,samples/001412_monitor_0556.npz
1413,monitor_0557,22,26,1,29,1.3576449204116052,0.3193793296813965,0.0003657735651358962,0.05417346954345703,0.1748737394809723,samples/001413_monitor_0557.npz
1414,monitor_0558,22,26,1,16,1.0119312313635607,0.3195667862892151,0.0002522589056752622,0.04940912127494812,0.10672561079263687,samples/001414_monitor_0558.npz
1415,monitor_0559,22,26,1,56,1.8101945552798413,0.31973978877067566,0.0004556203493848443,0.05038487911224365,0.3066164180636406,samples/001415_monitor_0559.npz
1416,monitor_0560,22,26,1,38,1.5346653859683863,0.31989586353302,0.0005043995915912092,0.05264139175415039,0.21716102957725525,samples/001416_monitor_0560.npz
1417,monitor_0561,22,26,1,35,1.4664241962422009,0.3140621483325958,0.00036818525404669344,0.0528789758682251,0.2070704810321331,samples/001417_monitor_0561.npz
1418,monitor_0562,22,27,1,18,0.9599991846081132,0.3194546103477478,0.0002537907857913524,0.05481523275375366,0.11663630232214928,samples/001418_monitor_0562.npz
1419,monitor_0563,22,26,1,56,1.6932850329701905,0.31936994194984436,0.0006818003603257239,0.05125242471694946,0.3063671886920929,samples/001419_monitor_0563.npz
1420,monitor_0564,22,26,1,46,1.6627713957095247,0.31900933384895325,0.0005519229453057051,0.05439069867134094,0.260347630828619,samples/001420_monitor_0564.npz
1421,monitor_0565,22,26,1,30,1.3948441482975826,0.31983786821365356,0.0003697311913128942,0.04931363835930824,0.1840200498700142,samples/001421_monitor_0565.npz
1422,night_stand_0201,23,33,1,33,1.3193944639923334,0.31968122720718384,0.0003138120227959007,0.05415534973144531,0.19466323032975197,samples/001422_night_stand_0201.npz
1423,night_stand_0202,23,14,1,1,0.0,0.0,0.0,0.0,0.00489400327205658,samples/001423_night_stand_0202.npz
1424,night_stand_0203,23,36,1,6,0.32000028117547497,0.26384544372558594,1.4666657079942524e-05,0.015020608901977539,0.057749226689338684,samples/001424_night_stand_0203.npz
1425,night_stand_0204,23,14,1,5,0.5542570176422337,0.30587929487228394,6.44292013021186e-05,0.03932833671569824,0.05383303016424179,samples/001425_night_stand_0204.npz
1426,night_stand_0205,23,33,1,43,1.39484581484919,0.31998658180236816,0.0003789750044234097,0.04815632104873657,0.24239914864301682,samples/001426_night_stand_0205.npz
1427,night_stand_0206,23,12,1,27,1.1085128254619512,0.31992119550704956,0.00026489177253097296,0.050859272480010986,0.16281931847333908,samples/001427_night_stand_0206.npz
1428,night_stand_0207,23,33,1,1,0.0,0.0,0.0,0.0,0.004849899560213089,samples/001428_night_stand_0207.npz
1429,night_stand_0208,23,14,1,1,0.0,0.0,0.0,0.0,0.004818625748157501,samples/001429_night_stand_0208.npz
1430,night_stand_0209,23,15,1,21,0.8466415660684313,0.319982647895813,0.00012747924483846873,0.04673612117767334,0.13249681517481804,samples/001430_night_stand_0209.npz
1431,night_stand_0210,23,14,1,1,0.0,0.0,0.0,0.0,0.00485583022236824,samples/001431_night_stand_0210.npz
1432,night_stand_0211,23,27,1,7,0.6399991304421478,0.3185294270515442,8.116356912069023e-05,0.044108569622039795,0.06197521463036537,samples/001432_night_stand_0211.npz
1433,night_stand_0212,23,33,1,4,0.45266427261780345,0.3201615810394287,2.9759365133941174e-05,0.025800466537475586,0.04815806820988655,samples/001433_night_stand_0212.npz
1434,night_stand_0213,23,27,1,71,1.8931506917676726,0.31998008489608765,0.0004679612466134131,0.054588645696640015,0.38850821927189827,samples/001434_night_stand_0213.npz
1435,night_stand_0214,23,14,1,24,0.7838382191266131,0.31019097566604614,0.00016526458784937859,0.04546120762825012,0.14783233776688576,samples/001435_night_stand_0214.npz
1436,night_stand_0215,23,16,1,46,1.567664347524764,0.3196002244949341,0.0005569084896706045,0.05503213405609131,0.2555778734385967,samples/001436_night_stand_0215.npz
1437,night_stand_0216,23,33,1,21,1.1973313878280052,0.3193208575248718,0.0003517344011925161,0.049457848072052,0.1326359622180462,samples/001437_night_stand_0216.npz
1438,night_stand_0217,23,26,1,41,1.2799705304165772,0.3181876242160797,0.0002770239079836756,0.04633297026157379,0.2332044318318367,samples/001438_night_stand_0217.npz
1439,night_stand_0218,23,14,1,32,1.2799969337471355,0.3199968636035919,0.00040539458859711885,0.05394101142883301,0.1864686980843544,samples/001439_night_stand_0218.npz
1440,night_stand_0219,23,33,1,151,2.415951702533582,0.3197948634624481,0.0006592501886188984,0.050905048847198486,0.7773242816329002,samples/001440_night_stand_0219.npz
1441,night_stand_0220,23,14,1,1,0.0,0.0,0.0,0.0,0.00485735759139061,samples/001441_night_stand_0220.npz
1442,night_stand_0221,23,14,1,1,0.0,0.0,0.0,0.0,0.004786983132362366,samples/001442_night_stand_0221.npz
1443,night_stand_0222,23,14,1,50,1.5676759249694792,0.3199613690376282,0.00048242293996736407,0.05539415776729584,0.2799341157078743,samples/001443_night_stand_0222.npz
1444,night_stand_0223,23,14,1,1,0.0,0.0,0.0,0.0,0.004856843501329422,samples/001444_night_stand_0223.npz
1445,night_stand_0224,23,14,1,3,0.32000132891073557,0.24595895409584045,2.3988744942471385e-05,0.024563997983932495,0.04311724379658699,samples/001445_night_stand_0224.npz
1446,night_stand_0225,23,33,1,71,1.75271589840323,0.3199964165687561,0.0004283855378162116,0.04953858256340027,0.3817109055817127,samples/001446_night_stand_0225.npz
1447,night_stand_0226,23,14,1,8,0.6399952188700664,0.31452953815460205,0.00011121676652692258,0.047344356775283813,0.06757500395178795,samples/001447_night_stand_0226.npz
1448,night_stand_0227,23,27,1,8,0.7838368788847919,0.3117387890815735,0.00016930984565988183,0.044444531202316284,0.07071584463119507,samples/001448_night_stand_0227.npz
1449,night_stand_0228,23,14,1,1,0.0,0.0,0.0,0.0,0.0049616433680057526,samples/001449_night_stand_0228.npz
1450,night_stand_0229,23,33,1,45,1.5009325823920736,0.3199903964996338,0.00038768979720771313,0.04892390966415405,0.2601868323981762,samples/001450_night_stand_0229.npz
1451,night_stand_0230,23,14,1,10,0.7155424674304769,0.31795111298561096,0.00012765490100719035,0.04683035612106323,0.07695040106773376,samples/001451_night_stand_0230.npz
1452,night_stand_0231,23,36,1,38,1.197324779349759,0.31857427954673767,0.00021372991614043713,0.05196410417556763,0.2191193476319313,samples/001452_night_stand_0231.npz
1453,night_stand_0232,23,27,1,27,1.0613199440785077,0.31942999362945557,0.00015038924175314605,0.050820350646972656,0.16086776927113533,samples/001453_night_stand_0232.npz
1454,night_stand_0233,23,27,1,1,0.0,0.0,0.0,0.0,0.004816330969333649,samples/001454_night_stand_0233.npz
1455,night_stand_0234,23,36,1,8,0.4525488857739204,0.3138192296028137,5.3446783567778766e-05,0.046793341636657715,0.07179942727088928,samples/001455_night_stand_0234.npz
1456,night_stand_0235,23,12,1,89,1.838244867187705,0.3199979066848755,0.0004562413087114692,0.05619698762893677,0.482838936150074,samples/001456_night_stand_0235.npz
1457,night_stand_0236,23,14,1,1,0.0,0.0,0.0,0.0,0.004846781492233276,samples/001457_night_stand_0236.npz
1458,night_stand_0237,23,14,1,1,0.0,0.0,0.0,0.0,0.004815347492694855,samples/001458_night_stand_0237.npz
1459,night_stand_0238,23,33,1,10,0.6400002131051961,0.31845149397850037,9.734560444485396e-05,0.04623335599899292,0.07883818447589874,samples/001459_night_stand_0238.npz
1460,night_stand_0239,23,36,1,45,1.5346544333724914,0.31998759508132935,0.0004669382469728589,0.05724775791168213,0.25988269224762917,samples/001460_night_stand_0239.npz
1461,night_stand_0240,23,15,1,96,1.919957018013499,0.31990474462509155,0.0006146919331513345,0.05570456385612488,0.5207278653979301,samples/001461_night_stand_0240.npz
1462,night_stand_0241,23,14,1,1,0.0,0.0,0.0,0.0,0.004835017025470734,samples/001462_night_stand_0241.npz
1463,night_stand_0242,23,33,1,8,0.6400049977554448,0.30555087327957153,0.00013752697850577533,0.046914488077163696,0.06841791421175003,samples/001463_night_stand_0242.npz
1464,night_stand_0243,23,14,1,4,0.3200011019017202,0.25756603479385376,3.7849240470677614e-05,0.03875732421875,0.04727429896593094,samples/001464_night_stand_0243.npz
1465,night_stand_0244,23,14,1,16,0.9599995571373872,0.31988024711608887,0.0002029276074608788,0.05567425489425659,0.10644058883190155,samples/001465_night_stand_0244.npz
1466,night_stand_0245,23,14,1,61,1.534668531912331,0.3165208101272583,0.00025855496642179787,0.038159698247909546,0.3346461318433285,samples/001466_night_stand_0245.npz
1467,night_stand_0246,23,12,1,3,0.32000146860851114,0.3158358633518219,5.0193906645290554e-05,0.05139821767807007,0.04159108176827431,samples/001467_night_stand_0246.npz
1468,night_stand_0247,23,14,1,1,0.0,0.0,0.0,0.0,0.00481974333524704,samples/001468_night_stand_0247.npz
1469,night_stand_0248,23,27,1,31,1.2393513096378976,0.3196600079536438,0.0004076067707501352,0.055203258991241455,0.18088282272219658,samples/001469_night_stand_0248.npz
1470,night_stand_0249,23,26,1,88,2.0983773808733095,0.31969091296195984,0.000768193625845015,0.05390089750289917,0.4653717093169689,samples/001470_night_stand_0249.npz
1471,night_stand_0250,23,33,1,25,1.1537764484643156,0.31989187002182007,0.0001898667251225561,0.055263638496398926,0.1539321504533291,samples/001471_night_stand_0250.npz
1472,night_stand_0251,23,27,1,29,1.1973346733855357,0.3190593719482422,0.00029141001868993044,0.054353535175323486,0.17096134275197983,samples/001472_night_stand_0251.npz
1473,night_stand_0252,23,14,1,1,0.0,0.0,0.0,0.0,0.004817601293325424,samples/001473_night_stand_0252.npz
1474,night_stand_0253,23,14,1,12,0.7838369359164055,0.3135637640953064,0.00012523133773356676,0.046629756689071655,0.088182732462883,samples/001474_night_stand_0253.npz
1475,night_stand_0254,23,16,1,1,0.0,0.0,0.0,0.0,0.004841666668653488,samples/001475_night_stand_0254.npz
1476,night_stand_0255,23,27,1,47,1.394847417300781,0.3196173310279846,0.0003413959639146924,0.056401610374450684,0.2612781710922718,samples/001476_night_stand_0255.npz
1477,night_stand_0256,23,14,1,24,0.9600000227987764,0.31935906410217285,0.00017356566968373954,0.051918208599090576,0.14609099552035332,samples/001477_night_stand_0256.npz
1478,night_stand_0257,23,14,1,1,0.0,0.0,0.0,0.0,0.004801534116268158,samples/001478_night_stand_0257.npz
1479,night_stand_0258,23,36,1,18,1.061320154681726,0.3197333812713623,0.0002662319748196751,0.054800570011138916,0.12132206931710243,samples/001479_night_stand_0258.npz
1480,night_stand_0259,23,29,1,11,0.8466401140409122,0.31898823380470276,0.00013009760004933923,0.042864859104156494,0.08233194425702095,samples/001480_night_stand_0259.npz
1481,night_stand_0260,23,14,1,77,1.7232527446196457,0.31966814398765564,0.00037413608515635133,0.041997313499450684,0.4198526553809643,samples/001481_night_stand_0260.npz
1482,night_stand_0261,23,14,1,1,0.0,0.0,0.0,0.0,0.004896771162748337,samples/001482_night_stand_0261.npz
1483,night_stand_0262,23,15,1,101,2.373174668626922,0.3199511766433716,0.0007483343360945582,0.0516011118888855,0.5372823886573315,samples/001483_night_stand_0262.npz
1484,night_stand_0263,23,12,1,28,1.2393332023324704,0.3196437954902649,0.0003571970737539232,0.05164462327957153,0.1668134331703186,samples/001484_night_stand_0263.npz
1485,night_stand_0264,23,26,1,69,1.8101759842417189,0.31770187616348267,0.0005130552453920245,0.05323505401611328,0.369315929710865,samples/001485_night_stand_0264.npz
1486,night_stand_0265,23,14,1,46,1.534667599781464,0.3199927806854248,0.00037051193066872656,0.05175292491912842,0.2578037902712822,samples/001486_night_stand_0265.npz
1487,night_stand_0266,23,27,1,12,0.7155416552555987,0.31986331939697266,9.809934999793768e-05,0.045145392417907715,0.08631047233939171,samples/001487_night_stand_0266.npz
1488,night_stand_0267,23,12,1,35,1.534666259842351,0.3199993968009949,0.0003938862937502563,0.05390176177024841,0.20088782534003258,samples/001488_night_stand_0267.npz
1489,night_stand_0268,23,36,1,18,1.108501049787156,0.31958499550819397,0.00017067215230781585,0.048244863748550415,0.11727039888501167,samples/001489_night_stand_0268.npz
1490,night_stand_0269,23,36,1,25,0.9051102179384521,0.31753841042518616,0.0001842054189182818,0.05415624380111694,0.1598457470536232,samples/001490_night_stand_0269.npz
1491,night_stand_0270,23,14,1,8,0.4525569857891094,0.31634002923965454,9.98935429379344e-05,0.054512977600097656,0.06659631058573723,samples/001491_night_stand_0270.npz
1492,night_stand_0271,23,14,1,43,1.3193938541194619,0.31961125135421753,0.0003398097469471395,0.05283308029174805,0.2397191859781742,samples/001492_night_stand_0271.npz
1493,night_stand_0272,23,14,1,1,0.0,0.0,0.0,0.0,0.004873879253864288,samples/001493_night_stand_0272.npz
1494,night_stand_0273,23,36,1,51,1.500962246768863,0.3194487690925598,0.0002957928809337318,0.050968170166015625,0.28407178819179535,samples/001494_night_stand_0273.npz
1495,night_stand_0274,23,14,1,1,0.0,0.0,0.0,0.0,0.004899505525827408,samples/001495_night_stand_0274.npz
1496,night_stand_0275,23,14,1,17,0.6400005623509499,0.31646665930747986,9.386043529957533e-05,0.04419970512390137,0.11171283572912216,samples/001496_night_stand_0275.npz
1497,night_stand_0276,23,14,1,16,0.8466407476532268,0.31484454870224,0.00016058780602179468,0.047515809535980225,0.10657576099038124,samples/001497_night_stand_0276.npz
1498,night_stand_0277,23,14,1,1,0.0,0.0,0.0,0.0,0.004824809730052948,samples/001498_night_stand_0277.npz
1499,night_stand_0278,23,33,1,1,0.0,0.0,0.0,0.0,0.004745163023471832,samples/001499_night_stand_0278.npz
1500,night_stand_0279,23,14,1,1,0.0,0.0,0.0,0.0,0.004826303571462631,samples/001500_night_stand_0279.npz
1501,night_stand_0280,23,14,1,49,1.5999983429900173,0.31999674439430237,0.000427749240770936,0.05650055408477783,0.2720247395336628,samples/001501_night_stand_0280.npz
1502,night_stand_0281,23,14,1,16,0.9599999762326477,0.3154934346675873,0.00027705132379196584,0.05395121872425079,0.10804937034845352,samples/001502_night_stand_0281.npz
1503,night_stand_0282,23,33,1,1,0.0,0.0,0.0,0.0,0.004854079335927963,samples/001503_night_stand_0282.npz
1504,night_stand_0283,23,33,1,10,0.6399772323157283,0.31999996304512024,0.0001045116878231056,0.05231034755706787,0.0769704170525074,samples/001504_night_stand_0283.npz
1505,night_stand_0284,23,36,1,17,0.9050903629007397,0.3198953866958618,9.608631808077917e-05,0.030349791049957275,0.11347570270299911,samples/001505_night_stand_0284.npz
1506,night_stand_0285,23,27,1,1,0.0,0.0,0.0,0.0,0.004874933511018753,samples/001506_night_stand_0285.npz
1507,night_stand_0286,23,14,1,48,1.466413404623065,0.31992030143737793,0.00037391140358522534,0.05483216047286987,0.26685240864753723,samples/001507_night_stand_0286.npz
1508,person_0089,24,26,1,12,0.9600000693649029,0.30611687898635864,0.0001883128279587254,0.04277759790420532,0.08625290542840958,samples/001508_person_0089.npz
1509,person_0090,24,26,1,11,0.6400048929824649,0.3195685148239136,3.900650335708633e-05,0.014009416103363037,0.08179563283920288,samples/001509_person_0090.npz
1510,person_0091,24,26,1,26,1.3193941929377586,0.3152482509613037,0.0002659242891240865,0.03870522230863571,0.16062888875603676,samples/001510_person_0091.npz
1511,person_0092,24,26,1,4,0.45254831777961085,0.2417590171098709,5.183160465094261e-05,0.044175371527671814,0.04662521183490753,samples/001511_person_0092.npz
1512,person_0093,24,26,1,1,0.0,0.0,0.0,0.0,0.004811394959688187,samples/001512_person_0093.npz
1513,person_0094,24,26,1,9,0.8466405364491747,0.3146885633468628,0.00012682771193794906,0.05162975192070007,0.07194216921925545,samples/001513_person_0094.npz
1514,person_0095,24,26,1,17,1.0613198177165568,0.3137779235839844,0.00021024118177592754,0.05232171714305878,0.1132688969373703,samples/001514_person_0095.npz
1515,person_0096,24,26,1,20,1.108512381860031,0.3171843886375427,0.00023564789444208145,0.05224299430847168,0.12631206586956978,samples/001515_person_0096.npz
1516,person_0097,24,26,1,5,0.554256614368135,0.3151285648345947,7.767759234411642e-05,0.03521299362182617,0.053795985877513885,samples/001516_person_0097.npz
1517,person_0098,24,15,1,9,0.7838369359164055,0.3098919093608856,9.718723595142365e-05,0.051930516958236694,0.07106742635369301,samples/001517_person_0098.npz
1518,person_0099,24,26,1,17,1.0613214604207457,0.3139497637748718,0.00021092196402605623,0.05187356472015381,0.11293105781078339,samples/001518_person_0099.npz
1519,person_0100,24,26,1,8,0.7838360234100908,0.3158814013004303,0.0001449111441615969,0.0495450496673584,0.06644849106669426,samples/001519_person_0100.npz
1520,person_0101,24,26,1,6,0.5542871615504372,0.31507259607315063,0.00014596912660636008,0.05163168907165527,0.056149255484342575,samples/001520_person_0101.npz
1521,person_0102,24,26,1,18,1.0119290667174163,0.2970640957355499,0.0002337931509828195,0.048691749572753906,0.11730773001909256,samples/001521_person_0102.npz
1522,person_0103,24,26,1,7,0.6400000035576522,0.31338006258010864,9.179868357023224e-05,0.04893612861633301,0.062026314437389374,samples/001522_person_0103.npz
1523,person_0104,24,33,1,9,0.6399999337084558,0.3103466033935547,8.634243567939848e-05,0.050612032413482666,0.07134045287966728,samples/001523_person_0104.npz
1524,person_0105,24,26,1,12,0.9050972776399206,0.31821608543395996,0.00014992282376624644,0.05265992879867554,0.0870826318860054,samples/001524_person_0105.npz
1525,person_0106,24,26,1,11,0.9050966355592217,0.3146848976612091,0.0001779405865818262,0.03558056056499481,0.08093622326850891,samples/001525_person_0106.npz
1526,person_0107,24,26,1,12,0.9600003953277251,0.3167557120323181,0.00023856502957642078,0.05167126655578613,0.0875912569463253,samples/001526_person_0107.npz
1527,person_0108,24,11,1,4,0.45254831777961085,0.3012944459915161,3.306663711555302e-05,0.02594625949859619,0.04723228141665459,samples/001527_person_0108.npz
1528,piano_0232,25,26,1,52,1.6317101366735731,0.3193883001804352,0.0003511577961035073,0.05345386266708374,0.2872004695236683,samples/001528_piano_0232.npz
1529,piano_0233,25,4,1,1,0.0,0.0,0.0,0.0,0.004849851131439209,samples/001529_piano_0233.npz
1530,piano_0234,25,26,1,66,1.8659043951105345,0.3195457458496094,0.0005652187392115593,0.04712080955505371,0.35502222180366516,samples/001530_piano_0234.npz
1531,piano_0235,25,15,1,78,1.6316301911257676,0.31868815422058105,0.00047374150017276406,0.054763734340667725,0.4168251194059849,samples/001531_piano_0235.npz
1532,piano_0236,25,33,1,1,0.0,0.0,0.0,0.0,0.004813250154256821,samples/001532_piano_0236.npz
1533,piano_0237,25,26,1,8,0.45254839186586554,0.2578575015068054,5.237021832726896e-05,0.029529929161071777,0.06808856129646301,samples/001533_piano_0237.npz
1534,piano_0238,25,26,1,52,1.5676748984014812,0.31999480724334717,0.00040711191832087934,0.055075109004974365,0.28523382917046547,samples/001534_piano_0238.npz
1535,piano_0239,25,26,1,15,1.011928890011404,0.316469669342041,0.00011768558761104941,0.05132269859313965,0.1011592261493206,samples/001535_piano_0239.npz
1536,piano_0240,25,26,1,45,1.567684878895182,0.3195176124572754,0.00044717290438711643,0.052838534116744995,0.2510038763284683,samples/001536_piano_0240.npz
1537,piano_0241,25,26,1,37,1.4664219403735799,0.3188976049423218,0.0003666594857349992,0.05103588104248047,0.2111656405031681,samples/001537_piano_0241.npz
1538,piano_0242,25,26,1,39,1.5676733015165927,0.31928980350494385,0.0005230471724644303,0.05433535575866699,0.2230367287993431,samples/001538_piano_0242.npz
1539,piano_0243,25,26,1,91,1.8659045867751511,0.3192223906517029,0.0004981238162145019,0.050880879163742065,0.47887539863586426,samples/001539_piano_0243.npz
1540,piano_0244,25,34,1,33,1.4310918070895229,0.3199165165424347,0.00029485588311217725,0.05341452360153198,0.2580485939979553,samples/001540_piano_0244.npz
1541,piano_0245,25,21,1,26,1.0119331751234997,0.3198212683200836,0.0002469995233695954,0.04702049493789673,0.15713024884462357,samples/001541_piano_0245.npz
1542,piano_0246,25,26,1,15,1.1085125834972895,0.31739169359207153,0.00029293878469616175,0.0530787855386734,0.10402494668960571,samples/001542_piano_0246.npz
1543,piano_0247,25,26,1,63,1.865904682607452,0.3187940716743469,0.0006270274752750993,0.052976906299591064,0.33989167958498,samples/001543_piano_0247.npz
1544,piano_0248,25,26,1,17,1.011964628174398,0.31973522901535034,0.0002641322207637131,0.053830504417419434,0.11170411854982376,samples/001544_piano_0248.npz
1545,piano_0249,25,12,1,41,1.3576416935394446,0.31996530294418335,0.00032762737828306854,0.05367475748062134,0.23038321733474731,samples/001545_piano_0249.npz
1546,piano_0250,25,26,1,124,2.4787313308820726,0.31955796480178833,0.0008862196118570864,0.05547308921813965,0.6446211449801922,samples/001546_piano_0250.npz
1547,piano_0251,25,26,1,50,1.8101916906108568,0.31842857599258423,0.0006270076846703887,0.05672261118888855,0.28044571354985237,samples/001547_piano_0251.npz
1548,piano_0252,25,26,1,111,1.9464841324761852,0.319985568523407,0.0004830886609852314,0.05432906746864319,0.590947300195694,samples/001548_piano_0252.npz
1549,piano_0253,25,26,1,42,1.6627478443487955,0.3198454678058624,0.00040406317566521466,0.053592801094055176,0.2406059131026268,samples/001549_piano_0253.npz
1550,piano_0254,25,26,1,72,1.8931452134804756,0.3199385106563568,0.0006017982959747314,0.05088448524475098,0.38848409056663513,samples/001550_piano_0254.npz
1551,piano_0255,25,26,1,46,1.5677042123565077,0.31995537877082825,0.0005049873725511134,0.05384150147438049,0.2637166604399681,samples/001551_piano_0255.npz
1552,piano_0256,25,4,1,28,0.9600001159310271,0.31996890902519226,0.0001169506722362712,0.0448039174079895,0.16907485574483871,samples/001552_piano_0256.npz
1553,piano_0257,25,26,1,49,1.5676753546540079,0.31997641921043396,0.00029774612630717456,0.04627484083175659,0.2764241062104702,samples/001553_piano_0257.npz
1554,piano_0258,25,26,1,95,2.048999993722226,0.3197251260280609,0.0004888108815066516,0.050831347703933716,0.5128438621759415,samples/001554_piano_0258.npz
1555,piano_0259,25,21,1,36,1.2800041282110401,0.31992292404174805,0.0003461238811723888,0.05249381065368652,0.20783188566565514,samples/001555_piano_0259.npz
1556,piano_0260,25,26,1,27,1.1085124221874858,0.31798696517944336,0.00014583778101950884,0.04030504822731018,0.16403622925281525,samples/001556_piano_0260.npz
1557,piano_0261,25,26,1,19,1.0119290667174163,0.317297101020813,0.00017991365166381001,0.043602436780929565,0.12523332238197327,samples/001557_piano_0261.npz
1558,piano_0262,25,26,1,22,1.1973289609899493,0.3163134455680847,0.00027275914908386767,0.04506087303161621,0.13905903324484825,samples/001558_piano_0262.npz
1559,piano_0263,25,26,1,28,1.2800039186641194,0.32001426815986633,0.00033451413037255406,0.05288687348365784,0.16798317804932594,samples/001559_piano_0263.npz
1560,piano_0264,25,26,1,33,1.3948497248278378,0.31925109028816223,0.0004280409775674343,0.05542796850204468,0.19881990179419518,samples/001560_piano_0264.npz
1561,piano_0265,25,38,1,30,1.197330454429335,0.31948044896125793,0.00025727777392603457,0.05345427989959717,0.17871740460395813,samples/001561_piano_0265.npz
1562,piano_0266,25,26,1,42,1.3193849770490838,0.3199422359466553,0.000370198511518538,0.05483183264732361,0.24065202102065086,samples/001562_piano_0266.npz
1563,piano_0267,25,26,1,41,1.5676898976337197,0.3199911117553711,0.0005545111489482224,0.054835230112075806,0.23389649763703346,samples/001563_piano_0267.npz
1564,piano_0268,25,33,1,57,1.4664241352728244,0.319926381111145,0.00038727131322957575,0.05001369118690491,0.32760078459978104,samples/001564_piano_0268.npz
1565,piano_0269,25,38,1,46,1.2393399835854093,0.31999045610427856,0.0002834671176970005,0.05522605776786804,0.26652783155441284,samples/001565_piano_0269.npz
1566,piano_0270,25,26,1,104,2.307553129400778,0.31995755434036255,0.0008038568194024265,0.052714526653289795,0.5658573508262634,samples/001566_piano_0270.npz
1567,piano_0271,25,34,1,141,2.240001476789737,0.3199961483478546,0.0006095245480537415,0.04846113920211792,0.7445001155138016,samples/001567_piano_0271.npz
1568,piano_0272,25,28,1,1,0.0,0.0,0.0,0.0,0.0048536211252212524,samples/001568_piano_0272.npz
1569,piano_0273,25,26,1,112,1.9726146731385834,0.31998950242996216,0.0005791947478428483,0.05199557542800903,0.6006719842553139,samples/001569_piano_0273.npz
1570,piano_0274,25,36,1,16,0.8466407476532268,0.3195795714855194,0.00019830334349535406,0.053988516330718994,0.11211243271827698,samples/001570_piano_0274.npz
1571,piano_0275,25,26,1,23,1.0613206180086587,0.31604668498039246,0.00021336082136258483,0.04938599467277527,0.14563320204615593,samples/001571_piano_0275.npz
1572,piano_0276,25,38,1,90,1.7232434057123107,0.31998157501220703,0.0003622152144089341,0.04625654220581055,0.48467040061950684,samples/001572_piano_0276.npz
1573,piano_0277,25,26,1,38,1.4310824358605647,0.3199795186519623,0.0004524879914242774,0.05118343234062195,0.22159745171666145,samples/001573_piano_0277.npz
1574,piano_0278,25,26,1,60,1.6316861917764673,0.3183779716491699,0.00038843712536618114,0.05215437710285187,0.3307185433804989,samples/001574_piano_0278.npz
1575,piano_0279,25,26,1,62,1.9464790798898384,0.31985872983932495,0.000921674887649715,0.05429986119270325,0.3473212718963623,samples/001575_piano_0279.npz
1576,piano_0280,25,26,1,53,1.6932809672963067,0.319951593875885,0.0005545756430365145,0.056344419717788696,0.296315211802721,samples/001576_piano_0280.npz
1577,piano_0281,25,4,1,66,1.7817003784998877,0.3199802041053772,0.00047510297736153007,0.05190587043762207,0.36472640559077263,samples/001577_piano_0281.npz
1578,piano_0282,25,4,1,92,1.9464946050679395,0.3193308115005493,0.000687277119141072,0.0554121732711792,0.49948224425315857,samples/001578_piano_0282.npz
1579,piano_0283,25,26,1,76,1.9200188582209479,0.31988728046417236,0.000716106966137886,0.055664122104644775,0.41385776549577713,samples/001579_piano_0283.npz
1580,piano_0284,25,33,1,16,0.8466404044466153,0.31990426778793335,0.00014433014439418912,0.05245116353034973,0.11027610301971436,samples/001580_piano_0284.npz
1581,piano_0285,25,29,1,44,1.5346667841664912,0.3181091547012329,0.0004936835612170398,0.05464041978120804,0.25625626742839813,samples/001581_piano_0285.npz
1582,piano_0286,25,26,1,28,1.0613199440785077,0.31992101669311523,0.000271318422164768,0.054646432399749756,0.1698736734688282,samples/001582_piano_0286.npz
1583,piano_0287,25,21,1,1,0.0,0.0,0.0,0.0,0.004884097725152969,samples/001583_piano_0287.npz
1584,piano_0288,25,26,1,61,1.6316919451591023,0.3197205662727356,0.00034888050868175924,0.047318875789642334,0.33920617774128914,samples/001584_piano_0288.npz
1585,piano_0289,25,22,1,94,1.9199872864361887,0.3197993338108063,0.00045620050514116883,0.053655147552490234,0.506442803889513,samples/001585_piano_0289.npz
1586,piano_0290,25,26,1,13,0.9599998831003833,0.3196840286254883,0.00019246638112235814,0.04861438274383545,0.09486222639679909,samples/001586_piano_0290.npz
1587,piano_0291,25,27,1,78,1.9726412328771685,0.3199607729911804,0.0007401626207865775,0.0562150776386261,0.4271656610071659,samples/001587_piano_0291.npz
1588,piano_0292,25,26,1,44,1.5999981194723523,0.3199966251850128,0.00034564294037409127,0.04894912242889404,0.24851354584097862,samples/001588_piano_0292.npz
1589,piano_0293,25,26,1,72,1.9465182141251176,0.3199169635772705,0.0007459959015250206,0.0557914674282074,0.3913094699382782,samples/001589_piano_0293.npz
1590,piano_0294,25,27,1,22,1.1537762547375006,0.31993648409843445,0.00036126686609350145,0.053661882877349854,0.14099173620343208,samples/001590_piano_0294.npz
1591,piano_0295,25,38,1,68,1.6932865641954864,0.3197857439517975,0.00037452904507517815,0.055133454501628876,0.37495220825076103,samples/001591_piano_0295.npz
1592,piano_0296,25,33,1,4,0.4525484412566953,0.3080308437347412,1.4474884665105492e-05,0.009082257747650146,0.04726218432188034,samples/001592_piano_0296.npz
1593,piano_0297,25,26,1,87,1.9984004359502905,0.3199692964553833,0.0007836786680854857,0.054364144802093506,0.471917312592268,samples/001593_piano_0297.npz
1594,piano_0298,25,31,1,1,0.0,0.0,0.0,0.0,0.004829883575439453,samples/001594_piano_0298.npz
1595,piano_0299,25,36,1,64,1.865903053457668,0.3197994828224182,0.0006321458495222032,0.05481693148612976,0.357965312898159,samples/001595_piano_0299.npz
1596,piano_0300,25,26,1,67,1.7527127357475079,0.31999489665031433,0.00046771354391239583,0.050422728061676025,0.3676202930510044,samples/001596_piano_0300.npz
1597,piano_0301,25,38,1,1,0.0,0.0,0.0,0.0,0.004869706928730011,samples/001597_piano_0301.npz
1598,piano_0302,25,27,1,121,2.193797800570347,0.31980252265930176,0.0006952426047064364,0.05394473671913147,0.6415214240550995,samples/001598_piano_0302.npz
1599,piano_0303,25,3,1,32,0.9599782761708652,0.3199746012687683,0.00016357142885681242,0.047799527645111084,0.18853836134076118,samples/001599_piano_0303.npz
1600,piano_0304,25,21,1,7,0.6400078964677579,0.3174625635147095,8.894668280845508e-05,0.05458933115005493,0.062203530222177505,samples/001600_piano_0304.npz
1601,piano_0305,25,26,1,69,1.7232483864691877,0.3198918104171753,0.0004436392628122121,0.0534231960773468,0.3793864995241165,samples/001601_piano_0305.npz
1602,piano_0306,25,12,1,12,0.8466395332292074,0.314752459526062,0.00015866522153373808,0.04512903094291687,0.0894039124250412,samples/001602_piano_0306.npz
1603,piano_0307,25,26,1,38,1.5346564141669006,0.31972968578338623,0.0005268341046757996,0.05376461148262024,0.22041311115026474,samples/001603_piano_0307.npz
1604,piano_0308,25,26,1,39,1.3576449204116052,0.31999993324279785,0.0004335233534220606,0.055744171142578125,0.2251330055296421,samples/001604_piano_0308.npz
1605,piano_0309,25,34,1,11,0.715541717730622,0.3144841492176056,0.00011518553947098553,0.04750480875372887,0.0825696736574173,samples/001605_piano_0309.npz
1606,piano_0310,25,26,1,52,1.7232533672116686,0.3198704123497009,0.0006664403481408954,0.05432784557342529,0.29633063822984695,samples/001606_piano_0310.npz
1607,piano_0311,25,26,1,65,1.9983711762566188,0.3199380934238434,0.0007847337401472032,0.051950231194496155,0.35873550176620483,samples/001607_piano_0311.npz
1608,piano_0312,25,26,1,60,1.7527132458536556,0.31812185049057007,0.0004484006203711033,0.05481703579425812,0.3308585472404957,samples/001608_piano_0312.npz
1609,piano_0313,25,4,1,50,1.466411270677673,0.319565087556839,0.0003275088965892792,0.05320867896080017,0.2870851568877697,samples/001609_piano_0313.npz
1610,piano_0314,25,26,1,102,2.37318408710662,0.3199436068534851,0.0008047188748605549,0.05329453945159912,0.5561331696808338,samples/001610_piano_0314.npz
1611,piano_0315,25,26,1,39,1.500930259253474,0.3199264109134674,0.00037118574255146086,0.05492781102657318,0.22532859444618225,samples/001611_piano_0315.npz
1612,piano_0316,25,26,1,23,1.2800000769644952,0.3192010521888733,0.0003297892981208861,0.05357697606086731,0.14566322416067123,samples/001612_piano_0316.npz
1613,piano_0317,25,26,1,43,1.4310835604112797,0.31899285316467285,0.0004147271974943578,0.046251267194747925,0.24427564814686775,samples/001613_piano_0317.npz
1614,piano_0318,25,26,1,114,2.1226521873505444,0.3198741376399994,0.000689759268425405,0.055598437786102295,0.6080865748226643,samples/001614_piano_0318.npz
1615,piano_0319,25,12,1,20,0.8466410116582179,0.3198562264442444,0.00011550574708962813,0.044981569051742554,0.1310269646346569,samples/001615_piano_0319.npz
1616,piano_0320,25,26,1,56,1.8382593609973465,0.3199647068977356,0.0005647626821883023,0.05280250310897827,0.31739287823438644,samples/001616_piano_0320.npz
1617,piano_0321,25,26,1,49,1.3193945995196,0.31991732120513916,0.0005103070288896561,0.05035632848739624,0.2786954417824745,samples/001617_piano_0321.npz
1618,piano_0322,25,3,1,5,0.4525485153429298,0.31336498260498047,4.1623294237069786e-05,0.038876622915267944,0.05216587334871292,samples/001618_piano_0322.npz
1619,piano_0323,25,36,1,33,1.2393549887791724,0.3198370039463043,0.00027865939773619175,0.04924726486206055,0.19697653502225876,samples/001619_piano_0323.npz
1620,piano_0324,25,26,1,65,1.7527126337262606,0.31999456882476807,0.0004505762772168964,0.04692751169204712,0.3861609175801277,samples/001620_piano_0324.npz
1621,piano_0325,25,38,1,61,1.7232538860381825,0.31836754083633423,0.0005124134477227926,0.05422587692737579,0.3318060636520386,samples/001621_piano_0325.npz
1622,piano_0326,25,26,1,16,0.9050965861683798,0.31877824664115906,0.000142160541145131,0.053786516189575195,0.10847696289420128,samples/001622_piano_0326.npz
1623,piano_0327,25,36,1,94,1.8659060242591472,0.31985169649124146,0.0005883424310013652,0.05254530906677246,0.5026481747627258,samples/001623_piano_0327.npz
1624,piano_0328,25,26,1,52,1.5346613661417385,0.3199886679649353,0.0003573039430193603,0.05380195379257202,0.2942530959844589,samples/001624_piano_0328.npz
1625,piano_0329,25,26,1,53,1.8102023590102865,0.3191205859184265,0.0005024942802265286,0.05652344226837158,0.2995252124965191,samples/001625_piano_0329.npz
1626,piano_0330,25,38,1,51,1.319390601459386,0.3199993968009949,0.00020539487013593316,0.0538446307182312,0.29028239473700523,samples/001626_piano_0330.npz
1627,piano_0331,25,26,1,94,2.146605025728357,0.3199998736381531,0.0009013170492835343,0.055236175656318665,0.5026430375874043,samples/001627_piano_0331.npz
1628,plant_0241,26,15,1,82,1.7527124296837482,0.31520211696624756,0.0005082929274067283,0.057757556438446045,0.44108057022094727,samples/001628_plant_0241.npz
1629,plant_0242,26,15,1,17,0.7838366507582963,0.3080326318740845,0.00015819670807104558,0.05456164479255676,0.11565602570772171,samples/001629_plant_0242.npz
1630,plant_0243,26,11,1,163,1.5676720468201817,0.318520724773407,0.0003666807315312326,0.05132091045379639,0.8540929369628429,samples/001630_plant_0243.npz
1631,plant_0244,26,15,1,48,1.319393718592119,0.3064170479774475,0.00036922574508935213,0.06024169921875,0.27160273492336273,samples/001631_plant_0244.npz
1632,plant_0245,26,15,1,72,1.8382600419117674,0.3196144104003906,0.0006464537582360208,0.058383405208587646,0.39287206158041954,samples/001632_plant_0245.npz
1633,plant_0246,26,15,1,3,0.32000017640176026,0.3012494742870331,5.187515853322111e-05,0.053119540214538574,0.04331402853131294,samples/001633_plant_0246.npz
1634,plant_0247,26,15,1,22,0.8466405100486645,0.3002590239048004,3.522167753544636e-05,0.010860681533813477,0.14043787121772766,samples/001634_plant_0247.npz
1635,plant_0248,26,33,1,3,0.3199999493919273,0.3110548257827759,5.12983460794203e-05,0.05252799391746521,0.04602710157632828,samples/001635_plant_0248.npz
1636,plant_0249,26,15,1,78,1.7232527446196457,0.31753697991371155,0.00034948810935020447,0.043424397706985474,0.4248952120542526,samples/001636_plant_0249.npz
1637,plant_0250,26,15,1,175,2.1703457559958395,0.3190523087978363,0.0007417642627842724,0.05212393403053284,0.9111603014171124,samples/001637_plant_0250.npz
1638,plant_0251,26,15,1,18,0.8466410116582179,0.31013327836990356,0.00016292330110445619,0.038005530834198,0.11889412254095078,samples/001638_plant_0251.npz
1639,plant_0252,26,18,1,1,0.0,0.0,0.0,0.0,0.004806429147720337,samples/001639_plant_0252.npz
1640,plant_0253,26,0,1,175,2.1226398881570154,0.31983983516693115,0.00046654255129396915,0.05561351776123047,0.9125188998878002,samples/001640_plant_0253.npz
1641,plant_0254,26,15,1,54,1.5999799585577337,0.3192704916000366,0.00035954482154920697,0.05586904287338257,0.30054955929517746,samples/001641_plant_0254.npz
1642,plant_0255,26,0,1,48,1.5346660268093424,0.3192027509212494,0.000324663968058303,0.05276602506637573,0.2694648541510105,samples/001642_plant_0255.npz
1643,plant_0256,26,15,1,89,2.0738369865177857,0.3196011185646057,0.000494288164190948,0.05962926149368286,0.47962864860892296,samples/001643_plant_0256.npz
1644,plant_0257,26,15,1,135,2.1226400566396,0.31995874643325806,0.0005208533839322627,0.052813366055488586,0.7164125554263592,samples/001644_plant_0257.npz
1645,plant_0258,26,15,1,1,0.0,0.0,0.0,0.0,0.0047721415758132935,samples/001645_plant_0258.npz
1646,plant_0259,26,15,1,50,1.1537761385013958,0.31881558895111084,0.00018486191402189434,0.03706899285316467,0.280156459659338,samples/001646_plant_0259.npz
1647,plant_0260,26,25,1,55,1.2800005659087241,0.3197997808456421,0.0003647649718914181,0.0600513219833374,0.3050982765853405,samples/001647_plant_0260.npz
1648,plant_0261,26,15,1,13,0.5542562110937429,0.296678364276886,1.596396032255143e-05,0.011449873447418213,0.09207148104906082,samples/001648_plant_0261.npz
1649,plant_0262,26,11,1,664,3.7997894404450268,0.319104939699173,0.001924116862937808,0.05635964870452881,3.4164922200143337,samples/001649_plant_0262.npz
1650,plant_0263,26,4,1,138,1.599999907612798,0.31739017367362976,0.0003129794786218554,0.05218419432640076,0.7232931107282639,samples/001650_plant_0263.npz
1651,plant_0264,26,15,1,1,0.0,0.0,0.0,0.0,0.0059493668377399445,samples/001651_plant_0264.npz
1652,plant_0265,26,24,1,561,2.8977069191039364,0.31999513506889343,0.0007056843023747206,0.05201520025730133,2.8985388539731503,samples/001652_plant_0265.npz
1653,plant_0266,26,15,1,45,1.27999993726611,0.317876935005188,0.0002894713543355465,0.05564326047897339,0.2751300409436226,samples/001653_plant_0266.npz
1654,plant_0267,26,15,1,1,0.0,0.0,0.0,0.0,0.0048479847609996796,samples/001654_plant_0267.npz
1655,plant_0268,26,15,1,1,0.0,0.0,0.0,0.0,0.0047888122498989105,samples/001655_plant_0268.npz
1656,plant_0269,26,31,1,178,1.893145496840547,0.3199669420719147,0.000502338632941246,0.05319388210773468,0.9116406291723251,samples/001656_plant_0269.npz
1657,plant_0270,26,15,1,110,1.998397751592573,0.31940174102783203,0.0007046650862321258,0.052584439516067505,0.5994281992316246,samples/001657_plant_0270.npz
1658,plant_0271,26,8,1,1098,4.269332448339361,0.3193233609199524,0.0017671133391559124,0.0569436252117157,5.496488373726606,samples/001658_plant_0271.npz
1659,plant_0272,26,15,1,48,1.631686465747529,0.3192598819732666,0.0006505971541628242,0.05970793962478638,0.26966211572289467,samples/001659_plant_0272.npz
1660,plant_0273,26,15,1,87,1.7816855249516068,0.3158060312271118,0.0004696171381510794,0.05371026694774628,0.45893171802163124,samples/001660_plant_0273.npz
1661,plant_0274,26,15,1,94,1.8382599446382941,0.3186759650707245,0.0005624640034511685,0.05656358599662781,0.5230443142354488,samples/001661_plant_0274.npz
1662,plant_0275,26,24,1,141,1.5009328802300956,0.31818053126335144,0.00017331409617327154,0.0530315637588501,0.7271637246012688,samples/001662_plant_0275.npz
1663,plant_0276,26,31,1,279,2.17041710422292,0.31924912333488464,0.0005247888038866222,0.05303913354873657,1.418856669217348,samples/001663_plant_0276.npz
1664,plant_0277,26,33,1,65,1.3948477377908783,0.3197682201862335,0.00032357859890908003,0.05240187048912048,0.3499688133597374,samples/001664_plant_0277.npz
1665,plant_0278,26,7,1,17,0.7838367077899264,0.3144908547401428,0.00011390251893317327,0.05263710021972656,0.13629454001784325,samples/001665_plant_0278.npz
1666,plant_0279,26,15,1,101,1.8382600419117674,0.31864476203918457,0.0006959010497666895,0.05548083782196045,0.5321441143751144,samples/001666_plant_0279.npz
1667,plant_0280,26,15,1,63,1.6316863013648975,0.3199467658996582,0.00037788553163409233,0.05600172281265259,0.3485819660127163,samples/001667_plant_0280.npz
1668,plant_0281,26,11,1,212,1.9983993622076361,0.31970083713531494,0.0002707798557821661,0.05295512080192566,1.09622198715806,samples/001668_plant_0281.npz
1669,plant_0282,26,15,1,56,1.3948476095948483,0.3176163136959076,0.00021425413433462381,0.04836989939212799,0.33231106400489807,samples/001669_plant_0282.npz
1670,plant_0283,26,33,1,100,1.8101932711184434,0.31907278299331665,0.0005452989134937525,0.052648961544036865,0.5250378102064133,samples/001670_plant_0283.npz
1671,plant_0284,26,15,1,34,1.0119288016583865,0.3167252540588379,0.00012618472101166844,0.05187369883060455,0.19525526463985443,samples/001671_plant_0284.npz
1672,plant_0285,26,15,1,30,1.3193940574104503,0.3197816014289856,0.0002050649345619604,0.05378253757953644,0.1751985102891922,samples/001672_plant_0285.npz
1673,plant_0286,26,27,1,263,1.6932808088932305,0.31746020913124084,0.00025884242495521903,0.051582224667072296,1.3656391948461533,samples/001673_plant_0286.npz
1674,plant_0287,26,15,1,49,1.3948476095948483,0.3189409375190735,0.00018470104259904474,0.03798136115074158,0.274983037263155,samples/001674_plant_0287.npz
1675,plant_0288,26,15,1,184,2.373183484325039,0.3176286220550537,0.0007161463727243245,0.05447566509246826,0.9545288272202015,samples/001675_plant_0288.npz
1676,plant_0289,26,15,1,75,1.6316861917764673,0.3137986361980438,0.0005267160595394671,0.06215262413024902,0.40912774205207825,samples/001676_plant_0289.npz
1677,plant_0290,26,15,1,1,0.0,0.0,0.0,0.0,0.006021782755851746,samples/001677_plant_0290.npz
1678,plant_0291,26,4,1,112,1.8101934686817946,0.31109169125556946,0.0002478047099430114,0.028698518872261047,0.6177368871867657,samples/001678_plant_0291.npz
1679,plant_0292,26,37,1,192,1.7232526408542868,0.319688081741333,0.00020901899551972747,0.0473899245262146,0.9862789399921894,samples/001679_plant_0292.npz
1680,plant_0293,26,15,1,49,1.6000001311302132,0.31519877910614014,0.00038356700679287314,0.054675161838531494,0.2734744995832443,samples/001680_plant_0293.npz
1681,plant_0294,26,0,1,259,2.7712811320908757,0.3191338777542114,0.0011398752685636282,0.053931012749671936,1.338993601500988,samples/001681_plant_0294.npz
1682,plant_0295,26,15,1,13,0.7155415615430534,0.3188802897930145,0.00010267920879414305,0.05276894569396973,0.0935673825442791,samples/001682_plant_0295.npz
1683,plant_0296,26,15,1,100,1.6932807560922019,0.31940895318984985,0.00036347852437756956,0.040515005588531494,0.5276223532855511,samples/001683_plant_0296.npz
1684,plant_0297,26,15,1,192,2.373183484325039,0.31959420442581177,0.0009858028497546911,0.06063807010650635,0.9859919473528862,samples/001684_plant_0297.npz
1685,plant_0298,26,19,1,216,1.946484040611096,0.31992095708847046,0.00045405616401694715,0.05289110541343689,1.1300639100372791,samples/001685_plant_0298.npz
1686,plant_0299,26,15,1,40,1.319392024499156,0.318983256816864,0.0003767923917621374,0.06011033058166504,0.22828974574804306,samples/001686_plant_0299.npz
1687,plant_0300,26,15,1,9,0.7838367363057399,0.28345492482185364,0.00012868548219557852,0.05242891609668732,0.07174606248736382,samples/001687_plant_0300.npz
1688,plant_0301,26,15,1,140,1.8101934686817946,0.3198872208595276,0.0005641240277327597,0.05211746692657471,0.7224607244133949,samples/001688_plant_0301.npz
1689,plant_0302,26,19,1,462,3.4166651741272682,0.3199983239173889,0.0012158527970314026,0.05348271131515503,2.356669619679451,samples/001689_plant_0302.npz
1690,plant_0303,26,15,1,29,1.3948477377908783,0.3012703061103821,0.0004993716138415039,0.0577164888381958,0.17191854491829872,samples/001690_plant_0303.npz
1691,plant_0304,26,15,1,87,1.6627686534449555,0.3181579113006592,0.0005705117946490645,0.06103414297103882,0.4608307033777237,samples/001691_plant_0304.npz
1692,plant_0305,26,15,1,126,1.9983990937718825,0.31965190172195435,0.00048205320490524173,0.057061731815338135,0.6587051264941692,samples/001692_plant_0305.npz
1693,plant_0306,26,15,1,33,1.2393547002194671,0.31177252531051636,0.0004048779373988509,0.055419981479644775,0.21682222560048103,samples/001693_plant_0306.npz
1694,plant_0307,26,15,1,137,2.073836727846617,0.3194086253643036,0.0005248202942311764,0.05730253458023071,0.7087794728577137,samples/001694_plant_0307.npz
1695,plant_0308,26,24,1,150,1.6000001870095621,0.31930413842201233,0.00018787254521157593,0.042255401611328125,0.7766027227044106,samples/001695_plant_0308.npz
1696,plant_0309,26,15,1,1,0.0,0.0,0.0,0.0,0.004816871136426926,samples/001696_plant_0309.npz
1697,plant_0310,26,15,1,17,0.7838365081792028,0.30918407440185547,0.00011425818229326978,0.05693131685256958,0.13676851615309715,samples/001697_plant_0310.npz
1698,plant_0311,26,15,1,5,0.3199999843165275,0.24740464985370636,1.063344916474307e-05,0.010888099670410156,0.05181872472167015,samples/001698_plant_0311.npz
1699,plant_0312,26,11,1,403,3.2318414910415663,0.3168742060661316,0.0015568123199045658,0.05869024991989136,2.047821272164583,samples/001699_plant_0312.npz
1700,plant_0313,26,15,1,129,2.14662543432944,0.31996768712997437,0.0004493194865062833,0.0554843544960022,0.6814920119941235,samples/001700_plant_0313.npz
1701,plant_0314,26,33,1,487,3.340898206795708,0.31883329153060913,0.0013049168046563864,0.055577151477336884,2.4684977009892464,samples/001701_plant_0314.npz
1702,plant_0315,26,15,1,26,1.0613200283198,0.3182159662246704,0.0001274457754334435,0.037644654512405396,0.15884209051728249,samples/001702_plant_0315.npz
1703,plant_0316,26,8,1,316,2.932843027174468,0.3192243278026581,0.0010919977212324739,0.052500903606414795,1.6433192752301693,samples/001703_plant_0316.npz
1704,plant_0317,26,37,1,1,0.0,0.0,0.0,0.0,0.004844702780246735,samples/001704_plant_0317.npz
1705,plant_0318,26,15,1,3,0.31996273506450396,0.31973937153816223,4.8325709940399975e-05,0.049485139548778534,0.04228254407644272,samples/001705_plant_0318.npz
1706,plant_0319,26,15,1,1,0.0,0.0,0.0,0.0,0.0048962123692035675,samples/001706_plant_0319.npz
1707,plant_0320,26,15,1,60,1.4664246230277658,0.3199837803840637,0.00040531103149987757,0.05638021230697632,0.3292282447218895,samples/001707_plant_0320.npz
1708,plant_0321,26,11,1,565,3.1353518499389583,0.3199530243873596,0.000774589367210865,0.06466704607009888,2.826339516788721,samples/001708_plant_0321.npz
1709,plant_0322,26,32,1,261,1.2393549887791724,0.3199935555458069,0.00012068398791598156,0.04975315183401108,1.3193239271640778,samples/001709_plant_0322.npz
1710,plant_0323,26,15,1,119,1.8382600419117674,0.3180341124534607,0.00043744558934122324,0.053237318992614746,0.6183655373752117,samples/001710_plant_0323.npz
1711,plant_0324,26,37,1,1,0.0,0.0,0.0,0.0,0.004791822284460068,samples/001711_plant_0324.npz
1712,plant_0325,26,15,1,1,0.0,0.0,0.0,0.0,0.004771467298269272,samples/001712_plant_0325.npz
1713,plant_0326,26,15,1,27,1.1085125028423906,0.3123329281806946,9.262902312912047e-05,0.023358382284641266,0.16246941685676575,samples/001713_plant_0326.npz
1714,plant_0327,26,15,1,105,1.4664241962422009,0.3188926875591278,0.00015770344180054963,0.03727889060974121,0.5478032641112804,samples/001714_plant_0327.npz
1715,plant_0328,26,4,1,444,3.2159598395843405,0.31921401619911194,0.0010045513045042753,0.054187119007110596,2.219408120959997,samples/001715_plant_0328.npz
1716,plant_0329,26,15,1,13,0.8466403252450698,0.31326305866241455,0.00010173120244871825,0.046915411949157715,0.0910424254834652,samples/001716_plant_0329.npz
1717,plant_0330,26,15,1,102,1.7816845213290136,0.3182218670845032,0.0001672495127422735,0.04499855637550354,0.5295624136924744,samples/001717_plant_0330.npz
1718,plant_0331,26,16,1,1273,4.648268444930092,0.3199964761734009,0.002189424354583025,0.05490368604660034,6.383349891752005,samples/001718_plant_0331.npz
1719,plant_0332,26,0,1,753,3.8665746954689584,0.3184901475906372,0.0014137293910607696,0.05935096740722656,3.7656486444175243,samples/001719_plant_0332.npz
1720,plant_0333,26,15,1,51,1.2799998674169115,0.31751304864883423,0.0001896869216579944,0.054960668087005615,0.2837383933365345,samples/001720_plant_0333.npz
1721,plant_0334,26,15,1,268,2.073843798180276,0.31934964656829834,0.0002999691350851208,0.029656678438186646,1.3585332073271275,samples/001721_plant_0334.npz
1722,plant_0335,26,15,1,18,0.8466419884759693,0.3122021555900574,8.826100383885205e-05,0.04810008406639099,0.1159011721611023,samples/001722_plant_0335.npz
1723,plant_0336,26,33,1,291,3.0018662370009412,0.3170730471611023,0.001024786732159555,0.06863313913345337,1.457926593720913,samples/001723_plant_0336.npz
1724,plant_0337,26,15,1,91,1.8101934686817946,0.31837159395217896,0.00046647171257063746,0.05739465355873108,0.47347329184412956,samples/001724_plant_0337.npz
1725,plant_0338,26,24,1,362,2.2400045900638417,0.31990230083465576,0.0006069389055483043,0.051805417984724045,1.8138340674340725,samples/001725_plant_0338.npz
1726,plant_0339,26,15,1,51,1.3576427472128303,0.31788551807403564,0.00034122419310733676,0.052041128277778625,0.2754344120621681,samples/001726_plant_0339.npz
1727,plant_0340,26,15,1,155,1.6627683845952443,0.31860417127609253,0.00030951749067753553,0.048727989196777344,0.7896746285259724,samples/001727_plant_0340.npz
1728,radio_0105,27,14,1,44,1.4664241962422009,0.31943660974502563,0.00035038861096836627,0.0541422963142395,0.24542761221528053,samples/001728_radio_0105.npz
1729,radio_0106,27,26,1,18,1.0613203652849024,0.318094402551651,0.00023919007799122483,0.04404188692569733,0.11660930886864662,samples/001729_radio_0106.npz
1730,radio_0107,27,26,1,5,0.3200000716280112,0.31277620792388916,5.011475150240585e-05,0.051317572593688965,0.051364533603191376,samples/001730_radio_0107.npz
1731,radio_0108,27,36,1,9,0.4525493055953431,0.3194357752799988,3.8771540857851505e-05,0.03579217195510864,0.07088818028569221,samples/001731_radio_0108.npz
1732,radio_0109,27,26,1,10,0.8466408004542316,0.2995181679725647,0.00022060165065340698,0.04493703693151474,0.07660219073295593,samples/001732_radio_0109.npz
1733,radio_0110,27,29,1,51,1.5999990694222128,0.3190320134162903,0.000565829686820507,0.05282919108867645,0.27853598445653915,samples/001733_radio_0110.npz
1734,radio_0111,27,37,1,1,0.0,0.0,0.0,0.0,0.004758693277835846,samples/001734_radio_0111.npz
1735,radio_0112,27,34,1,51,1.2393265653255796,0.3192044198513031,0.00027546161436475813,0.05032539367675781,0.2791358269751072,samples/001735_radio_0112.npz
1736,radio_0113,27,36,1,7,0.45254831777961085,0.2663229703903198,5.8542966144159436e-05,0.03815227746963501,0.0611562542617321,samples/001736_radio_0113.npz
1737,radio_0114,27,26,1,27,1.3948527374268611,0.3198862373828888,0.0005026688450016081,0.04932349920272827,0.1602853760123253,samples/001737_radio_0114.npz
1738,radio_0115,27,16,1,9,0.4525487869923525,0.31163284182548523,5.1573471864685416e-05,0.050234973430633545,0.07089753821492195,samples/001738_radio_0115.npz
1739,radio_0116,27,36,1,32,0.9599999762326477,0.3039748966693878,4.17576520703733e-05,0.0157555490732193,0.1882469244301319,samples/001739_radio_0116.npz
1740,radio_0117,27,26,1,53,1.5676670850563559,0.3190217614173889,0.00034184331889264286,0.054666757583618164,0.28900492563843727,samples/001740_radio_0117.npz
1741,radio_0118,27,36,1,41,1.15377466617639,0.31997227668762207,0.00022376663400791585,0.055016934871673584,0.22896181419491768,samples/001741_radio_0118.npz
1742,radio_0119,27,38,1,10,0.4525486882107631,0.21608081459999084,3.5144505091011524e-05,0.019686341285705566,0.07608272507786751,samples/001742_radio_0119.npz
1743,radio_0120,27,36,1,16,0.6400002131051961,0.31169772148132324,3.46016458934173e-05,0.02657639980316162,0.10519891232252121,samples/001743_radio_0120.npz
1744,radio_0121,27,36,1,37,1.0613201125610856,0.31470993161201477,8.285950752906501e-05,0.029314875602722168,0.20881037041544914,samples/001744_radio_0121.npz
1745,radio_0122,27,16,1,51,1.5009309740657337,0.31999778747558594,0.0003496186691336334,0.05078864097595215,0.2780930660665035,samples/001745_radio_0122.npz
1746,radio_0123,27,36,1,51,1.2800002865120448,0.3192957937717438,0.00026379863265901804,0.048797667026519775,0.27753013744950294,samples/001746_radio_0123.npz
1747,radio_0124,27,26,1,14,0.9600000693649029,0.31935226917266846,0.00022205802088137716,0.04660050570964813,0.09578872099518776,samples/001747_radio_0124.npz
1748,range_hood_0116,28,27,1,23,1.197330230413546,0.31999748945236206,0.00025822818861342967,0.046250730752944946,0.14013013988733292,samples/001748_range_hood_0116.npz
1749,range_hood_0117,28,27,1,3,0.3200035989920319,0.2592262625694275,3.3399846870452166e-05,0.03420138359069824,0.04174787923693657,samples/001749_range_hood_0117.npz
1750,range_hood_0118,28,26,1,63,1.8101935674634622,0.3196963369846344,0.000710082589648664,0.05427229404449463,0.339743934571743,samples/001750_range_hood_0118.npz
1751,range_hood_0119,28,21,1,12,0.7838375347480971,0.31977182626724243,0.00016979161591734737,0.04604983329772949,0.08822464197874069,samples/001751_range_hood_0119.npz
1752,range_hood_0120,28,21,1,1,0.0,0.0,0.0,0.0,0.004831746220588684,samples/001752_range_hood_0120.npz
1753,range_hood_0121,28,21,1,11,0.715542030105657,0.31130629777908325,0.0001745878835208714,0.04821884632110596,0.08098097145557404,samples/001753_range_hood_0121.npz
1754,range_hood_0122,28,21,1,6,0.6400006322000779,0.31963327527046204,0.00013519579079002142,0.053058087825775146,0.05633169412612915,samples/001754_range_hood_0122.npz
1755,range_hood_0123,28,21,1,12,0.7838369359164055,0.3136453926563263,0.00010866313823498785,0.04952514171600342,0.08708298578858376,samples/001755_range_hood_0123.npz
1756,range_hood_0124,28,21,1,14,0.8466408268547327,0.30267763137817383,0.00023070357565302402,0.050765812397003174,0.09605935215950012,samples/001756_range_hood_0124.npz
1757,range_hood_0125,28,21,1,17,0.7838375632638805,0.30498868227005005,0.00016734242672100663,0.05348825454711914,0.11076344922184944,samples/001757_range_hood_0125.npz
1758,range_hood_0126,28,21,1,19,1.1085141562666463,0.3148966133594513,0.00030538527062162757,0.054129064083099365,0.12152256816625595,samples/001758_range_hood_0126.npz
1759,range_hood_0127,28,21,1,40,1.6316866301301438,0.3195352554321289,0.00053058797493577,0.05568414926528931,0.22571726888418198,samples/001759_range_hood_0127.npz
1760,range_hood_0128,28,21,1,32,1.01192893418791,0.31930992007255554,0.00026854206225834787,0.05394238233566284,0.18442009761929512,samples/001760_range_hood_0128.npz
1761,range_hood_0129,28,21,1,14,1.011929287599888,0.3112490177154541,0.0001670775527600199,0.04750543832778931,0.09670263901352882,samples/001761_range_hood_0129.npz
1762,range_hood_0130,28,21,1,7,0.6400002829543621,0.3176751732826233,0.00012113832053728402,0.04437944293022156,0.06080383434891701,samples/001762_range_hood_0130.npz
1763,range_hood_0131,28,21,1,17,1.0613199861991547,0.3069491684436798,0.0003051404491998255,0.05428111553192139,0.1107080839574337,samples/001763_range_hood_0131.npz
1764,range_hood_0132,28,21,1,19,0.9600003021955015,0.3090980052947998,0.00024037875118665397,0.05464848875999451,0.12044312059879303,samples/001764_range_hood_0132.npz
1765,range_hood_0133,28,21,1,4,0.4525489351646962,0.3192138075828552,7.363720214925706e-05,0.0396769642829895,0.04726692661643028,samples/001765_range_hood_0133.npz
1766,range_hood_0134,28,21,1,1,0.0,0.0,0.0,0.0,0.004882540553808212,samples/001766_range_hood_0134.npz
1767,range_hood_0135,28,21,1,8,0.7155423112430719,0.3183463215827942,0.00010390774696134031,0.05419623851776123,0.06836621463298798,samples/001767_range_hood_0135.npz
1768,range_hood_0136,28,21,1,46,1.5346686484286496,0.31993424892425537,0.000429514009738341,0.05154341459274292,0.2558922804892063,samples/001768_range_hood_0136.npz
1769,range_hood_0137,28,26,1,27,1.3576492009444725,0.31976449489593506,0.00039420247776433825,0.05560958385467529,0.16025058925151825,samples/001769_range_hood_0137.npz
1770,range_hood_0138,28,21,1,27,1.0613213340589753,0.31864455342292786,0.0003174181911163032,0.05400329828262329,0.16138039901852608,samples/001770_range_hood_0138.npz
1771,range_hood_0139,28,21,1,5,0.32000017640176026,0.2515496611595154,2.823640897986479e-06,0.0028914213180541992,0.05112282931804657,samples/001771_range_hood_0139.npz
1772,range_hood_0140,28,21,1,4,0.45254913272774566,0.31912118196487427,0.00010434576688567176,0.05516195297241211,0.04639123007655144,samples/001772_range_hood_0140.npz
1773,range_hood_0141,28,38,1,60,1.693282498525279,0.31651246547698975,0.0005356759647838771,0.054115116596221924,0.3233232796192169,samples/001773_range_hood_0141.npz
1774,range_hood_0142,28,21,1,31,1.3948488274566582,0.3171136975288391,0.0005284579237923026,0.054935067892074585,0.1801615133881569,samples/001774_range_hood_0142.npz
1775,range_hood_0143,28,21,1,39,1.6316860273938083,0.3197930157184601,0.0004527942219283432,0.05499136447906494,0.21970702707767487,samples/001775_range_hood_0143.npz
1776,range_hood_0144,28,34,1,1,0.0,0.0,0.0,0.0,0.004785407334566116,samples/001776_range_hood_0144.npz
1777,range_hood_0145,28,21,1,24,0.9600003487616144,0.31963518261909485,0.00017912362818606198,0.048979297280311584,0.14553990215063095,samples/001777_range_hood_0145.npz
1778,range_hood_0146,28,21,1,23,1.0119276530684553,0.3195759654045105,0.0002689143002498895,0.053726255893707275,0.14066151157021523,samples/001778_range_hood_0146.npz
1779,range_hood_0147,28,21,1,37,1.4664242572115749,0.31999942660331726,0.00042052665958181024,0.054163575172424316,0.21567869186401367,samples/001779_range_hood_0147.npz
1780,range_hood_0148,28,21,1,45,1.5346662015841022,0.3199862241744995,0.0004202112613711506,0.05049163103103638,0.2541388012468815,samples/001780_range_hood_0148.npz
1781,range_hood_0149,28,25,1,76,1.8659055450979383,0.31906658411026,0.0007072270382195711,0.054605633020401,0.4082195684313774,samples/001781_range_hood_0149.npz
1782,range_hood_0150,28,21,1,19,1.0614581750427268,0.3132762610912323,0.0002727567625697702,0.05250275135040283,0.12185264378786087,samples/001782_range_hood_0150.npz
1783,range_hood_0151,28,21,1,5,0.5541945671524914,0.3117836117744446,0.00013216250226832926,0.05363142490386963,0.05130893364548683,samples/001783_range_hood_0151.npz
1784,range_hood_0152,28,21,1,1,0.0,0.0,0.0,0.0,0.00477956235408783,samples/001784_range_hood_0152.npz
1785,range_hood_0153,28,21,1,10,0.6400007020491981,0.31969746947288513,0.00010727338667493314,0.05054372549057007,0.0766216292977333,samples/001785_range_hood_0153.npz
1786,range_hood_0154,28,21,1,25,1.0613218395059667,0.31317728757858276,0.0001833784772315994,0.04857778549194336,0.15017324686050415,samples/001786_range_hood_0154.npz
1787,range_hood_0155,28,21,1,54,1.2800004262103921,0.3198557198047638,0.000258608692092821,0.04483845829963684,0.2981170490384102,samples/001787_range_hood_0155.npz
1788,range_hood_0156,28,27,1,39,1.4664245010890458,0.3157546818256378,0.00037366803735494614,0.05527055263519287,0.22254527360200882,samples/001788_range_hood_0156.npz
1789,range_hood_0157,28,38,1,16,0.5542564127309756,0.3199911117553711,7.052713772282004e-05,0.05107307434082031,0.1059039793908596,samples/001789_range_hood_0157.npz
1790,range_hood_0158,28,36,1,3,0.32000010655259803,0.24435244500637054,5.069166945759207e-06,0.0051901936531066895,0.043439824134111404,samples/001790_range_hood_0158.npz
1791,range_hood_0159,28,31,1,46,1.7232517069657745,0.3199409246444702,0.000596900936216116,0.05477064847946167,0.25317344442009926,samples/001791_range_hood_0159.npz
1792,range_hood_0160,28,21,1,24,1.01192893418791,0.31998515129089355,0.0001971557067008689,0.05093425512313843,0.14667557552456856,samples/001792_range_hood_0160.npz
1793,range_hood_0161,28,21,1,41,1.500944615001124,0.31923842430114746,0.000462833559140563,0.05468094348907471,0.2291211299598217,samples/001793_range_hood_0161.npz
1794,range_hood_0162,28,21,1,58,1.6933014539692672,0.3178912401199341,0.00040782056748867035,0.0527624785900116,0.31251220405101776,samples/001794_range_hood_0162.npz
1795,range_hood_0163,28,27,1,44,1.6316863013648975,0.3199732303619385,0.00040958894533105195,0.050528138875961304,0.24972398579120636,samples/001795_range_hood_0163.npz
1796,range_hood_0164,28,31,1,22,1.1973200749870883,0.3192211985588074,0.00021687554544769228,0.05353361368179321,0.13600584119558334,samples/001796_range_hood_0164.npz
1797,range_hood_0165,28,21,1,1,0.0,0.0,0.0,0.0,0.0048070140182971954,samples/001797_range_hood_0165.npz
1798,range_hood_0166,28,26,1,11,0.7838367363057399,0.3199966549873352,0.0002326575922779739,0.053066909313201904,0.08247950673103333,samples/001798_range_hood_0166.npz
1799,range_hood_0167,28,21,1,7,0.6400004226526712,0.31819164752960205,0.0001280238648178056,0.04988446831703186,0.0613715760409832,samples/001799_range_hood_0167.npz
1800,range_hood_0168,28,21,1,13,0.8466408268547327,0.31999820470809937,0.0001515218464192003,0.055296897888183594,0.09118850529193878,samples/001800_range_hood_0168.npz
1801,range_hood_0169,28,21,1,23,1.061320491646788,0.31997352838516235,0.00019811945094261318,0.05445612967014313,0.1407521441578865,samples/001801_range_hood_0169.npz
1802,range_hood_0170,28,21,1,10,0.5542570781333231,0.30249735713005066,6.662662781309336e-05,0.05415850877761841,0.07859884947538376,samples/001802_range_hood_0170.npz
1803,range_hood_0171,28,21,1,10,0.7155417802056399,0.319625586271286,0.00014011638995725662,0.04597586393356323,0.07608829811215401,samples/001803_range_hood_0171.npz
1804,range_hood_0172,28,29,1,18,1.1537761385013958,0.31770187616348267,0.00032697964343242347,0.05167776346206665,0.11608893424272537,samples/001804_range_hood_0172.npz
1805,range_hood_0173,28,27,1,100,1.865903436787157,0.3198191225528717,0.0005910704494453967,0.05231630802154541,0.5206750743091106,samples/001805_range_hood_0173.npz
1806,range_hood_0174,28,37,1,26,1.011931187187155,0.3185581564903259,0.00013086610124446452,0.049828216433525085,0.15713278949260712,samples/001806_range_hood_0174.npz
1807,range_hood_0175,28,21,1,10,0.554257945171547,0.29486095905303955,6.120327452663332e-05,0.0252457857131958,0.07666479796171188,samples/001807_range_hood_0175.npz
1808,range_hood_0176,28,21,1,7,0.45254942907215806,0.310381144285202,6.255556945689023e-05,0.03341105580329895,0.06430299952626228,samples/001808_range_hood_0176.npz
1809,range_hood_0177,28,21,1,12,0.6399983970242036,0.3148207664489746,7.676883251406252e-05,0.047079265117645264,0.08642434701323509,samples/001809_range_hood_0177.npz
1810,range_hood_0178,28,21,1,25,1.061320154681726,0.31539595127105713,0.0003204183594789356,0.05451154708862305,0.15023278072476387,samples/001810_range_hood_0178.npz
1811,range_hood_0179,28,27,1,11,0.9050970306858596,0.31951114535331726,0.00012544897617772222,0.05346512794494629,0.08437568694353104,samples/001811_range_hood_0179.npz
1812,range_hood_0180,28,34,1,7,0.640007093211444,0.3167324364185333,8.586791955167428e-05,0.05228143930435181,0.06184309348464012,samples/001812_range_hood_0180.npz
1813,range_hood_0181,28,15,1,36,1.3193911435699555,0.31712132692337036,0.00034454211709089577,0.05395418405532837,0.20539969578385353,samples/001813_range_hood_0181.npz
1814,range_hood_0182,28,27,1,23,1.1537769908992248,0.31991881132125854,0.00034246398718096316,0.053070783615112305,0.14633333683013916,samples/001814_range_hood_0182.npz
1815,range_hood_0183,28,27,1,55,1.4664249278745218,0.318137526512146,0.00035327652585692704,0.05456480383872986,0.305177416652441,samples/001815_range_hood_0183.npz
1816,range_hood_0184,28,26,1,82,1.9199997662007666,0.3199997544288635,0.0004951431765221059,0.049094170331954956,0.44291988760232925,samples/001816_range_hood_0184.npz
1817,range_hood_0185,28,26,1,80,1.8101913942655306,0.31697800755500793,0.0006099676829762757,0.05532878637313843,0.423119205981493,samples/001817_range_hood_0185.npz
1818,range_hood_0186,28,27,1,38,1.1973304917652958,0.3199855387210846,0.0002539723354857415,0.05082660913467407,0.2140846699476242,samples/001818_range_hood_0186.npz
1819,range_hood_0187,28,26,1,74,1.998365091618194,0.31999292969703674,0.0006860551657155156,0.05335068702697754,0.39734864979982376,samples/001819_range_hood_0187.npz
1820,range_hood_0188,28,27,1,28,1.3576881860995498,0.3199148178100586,0.0003833455266430974,0.04978227615356445,0.16534066200256348,samples/001820_range_hood_0188.npz
1821,range_hood_0189,28,34,1,1,0.0,0.0,0.0,0.0,0.0048014260828495026,samples/001821_range_hood_0189.npz
1822,range_hood_0190,28,21,1,12,0.7155374694166071,0.3148648142814636,1.964491093531251e-05,0.005914032459259033,0.08583036810159683,samples/001822_range_hood_0190.npz
1823,range_hood_0191,28,21,1,4,0.45254839186586554,0.24344182014465332,7.657083915546536e-05,0.054694294929504395,0.04611703380942345,samples/001823_range_hood_0191.npz
1824,range_hood_0192,28,21,1,45,1.5676737007379673,0.3194724917411804,0.0004618286620825529,0.05469411611557007,0.24843011796474457,samples/001824_range_hood_0192.npz
1825,range_hood_0193,28,27,1,26,1.19733108914051,0.31951871514320374,0.00021121339523233473,0.05165046453475952,0.1564154215157032,samples/001825_range_hood_0193.npz
1826,range_hood_0194,28,29,1,13,0.9050947093143917,0.31781765818595886,0.00022785461624152958,0.05429023504257202,0.09091560542583466,samples/001826_range_hood_0194.npz
1827,range_hood_0195,28,27,1,18,1.0613210392147858,0.3199172616004944,0.0002995129325427115,0.05207604169845581,0.1164819747209549,samples/001827_range_hood_0195.npz
1828,range_hood_0196,28,26,1,44,1.3576396520449332,0.31991082429885864,0.00027856725500896573,0.0503135621547699,0.24399666488170624,samples/001828_range_hood_0196.npz
1829,range_hood_0197,28,38,1,3,0.3200000716280112,0.26406145095825195,4.578817970468663e-05,0.04688405990600586,0.04162302240729332,samples/001829_range_hood_0197.npz
1830,range_hood_0198,28,21,1,5,0.3200008748925438,0.239144966006279,8.89155035110889e-06,0.00910329818725586,0.051180582493543625,samples/001830_range_hood_0198.npz
1831,range_hood_0199,28,21,1,3,0.32000083996804085,0.3134598135948181,5.056898226030171e-05,0.051783621311187744,0.04166571795940399,samples/001831_range_hood_0199.npz
1832,range_hood_0200,28,21,1,27,1.153777610824523,0.3141085207462311,0.00029830666608177125,0.052520036697387695,0.15937786549329758,samples/001832_range_hood_0200.npz
1833,range_hood_0201,28,21,1,15,0.905096487386688,0.3015854060649872,0.00012607206008397043,0.03590892255306244,0.10060879960656166,samples/001833_range_hood_0201.npz
1834,range_hood_0202,28,21,1,15,1.011928890011404,0.3189429044723511,0.0003350212937220931,0.05488187074661255,0.10698111355304718,samples/001834_range_hood_0202.npz
1835,range_hood_0203,28,21,1,12,0.7155423424805556,0.3147144317626953,0.00017595467215869576,0.05173373222351074,0.08590946719050407,samples/001835_range_hood_0203.npz
1836,range_hood_0204,28,21,1,12,0.8466410644592063,0.31819313764572144,0.00012707014684565365,0.05004727840423584,0.08646073564887047,samples/001836_range_hood_0204.npz
1837,range_hood_0205,28,21,1,14,1.0119293317763767,0.3136277496814728,0.0002037500380538404,0.054140567779541016,0.09581469371914864,samples/001837_range_hood_0205.npz
1838,range_hood_0206,28,21,1,12,0.9599995571373872,0.31439539790153503,0.00015434573288075626,0.04851329326629639,0.09021589159965515,samples/001838_range_hood_0206.npz
1839,range_hood_0207,28,39,1,18,1.0613233137249836,0.3194447457790375,0.00013288293848745525,0.054258882999420166,0.11892008408904076,samples/001839_range_hood_0207.npz
1840,range_hood_0208,28,25,1,7,0.7155423112430719,0.31864750385284424,0.0001163727865787223,0.05462831258773804,0.06256513297557831,samples/001840_range_hood_0208.npz
1841,range_hood_0209,28,27,1,24,1.0613215446619177,0.3199999928474426,0.00022773697855882347,0.05139901861548424,0.14579978585243225,samples/001841_range_hood_0209.npz
1842,range_hood_0210,28,21,1,12,0.8466406156507004,0.31583765149116516,0.00018119561718776822,0.05242398381233215,0.08698538318276405,samples/001842_range_hood_0210.npz
1843,range_hood_0211,28,21,1,15,1.0613203231642703,0.31970298290252686,0.0002135674440069124,0.05405808985233307,0.1012139581143856,samples/001843_range_hood_0211.npz
1844,range_hood_0212,28,21,1,8,0.7155423424805556,0.30658984184265137,6.939960439922288e-05,0.03334242105484009,0.06669514998793602,samples/001844_range_hood_0212.npz
1845,range_hood_0213,28,21,1,45,1.4664242572115749,0.3199025094509125,0.0004401627229526639,0.054655879735946655,0.24890176951885223,samples/001845_range_hood_0213.npz
1846,range_hood_0214,28,21,1,29,1.4664249278745218,0.3197464048862457,0.0004345416964497417,0.055451273918151855,0.17015966400504112,samples/001846_range_hood_0214.npz
1847,range_hood_0215,28,21,1,51,1.5009319271482173,0.31783100962638855,0.0005197148420847952,0.052555620670318604,0.2781895659863949,samples/001847_range_hood_0215.npz
1848,sink_0129,29,26,1,67,1.7816846216912983,0.31994909048080444,0.0005882842815481126,0.05031418800354004,0.35661425814032555,samples/001848_sink_0129.npz
1849,sink_0130,29,26,1,39,1.4664241962422009,0.3187573552131653,0.0005201250314712524,0.055838942527770996,0.2193225808441639,samples/001849_sink_0130.npz
1850,sink_0131,29,36,1,7,0.5542583686083262,0.28793323040008545,1.788553527148906e-05,0.010169006884098053,0.0612625926733017,samples/001850_sink_0131.npz
1851,sink_0132,29,26,1,28,1.1537903967095187,0.31938445568084717,0.00035813587601296604,0.05282551050186157,0.16935862973332405,samples/001851_sink_0132.npz
1852,sink_0133,29,26,1,97,1.7816847220535774,0.31698277592658997,0.0005475986399687827,0.052383482456207275,0.5059314146637917,samples/001852_sink_0133.npz
1853,sink_0134,29,25,1,1,0.0,0.0,0.0,0.0,0.004787735641002655,samples/001853_sink_0134.npz
1854,sink_0135,29,1,1,186,2.539924029393104,0.3199014663696289,0.0007839372265152633,0.05354374647140503,0.9422783218324184,samples/001854_sink_0135.npz
1855,sink_0136,29,15,1,8,0.5542573200976151,0.3141467869281769,4.379736492410302e-05,0.027606219053268433,0.06856123358011246,samples/001855_sink_0136.npz
1856,sink_0137,29,26,1,49,1.5346659685510848,0.31926876306533813,0.0002915748336818069,0.05286422371864319,0.26952216774225235,samples/001856_sink_0137.npz
1857,sink_0138,29,26,1,39,1.5676733015165927,0.3195308446884155,0.00039206049405038357,0.05266892910003662,0.21915828064084053,samples/001857_sink_0138.npz
1858,sink_0139,29,1,1,48,1.4664251107825452,0.3195239305496216,0.00045926086022518575,0.05378848314285278,0.2670088969171047,samples/001858_sink_0139.npz
1859,sink_0140,29,15,1,33,1.10851947946945,0.3188232183456421,0.0001849066757131368,0.04723842442035675,0.18914929404854774,samples/001859_sink_0140.npz
1860,sink_0141,29,38,1,38,1.5346462771332803,0.31966233253479004,0.00041466348920948803,0.05059778690338135,0.2140175960958004,samples/001860_sink_0141.npz
1861,sink_0142,29,26,1,36,1.3948447892792057,0.31785082817077637,0.0005044823628850281,0.05237323045730591,0.2044784501194954,samples/001861_sink_0142.npz
1862,sink_0143,29,1,1,61,1.6627699439229633,0.31735366582870483,0.00044300846639089286,0.050435423851013184,0.3265373222529888,samples/001862_sink_0143.npz
1863,sink_0144,29,26,1,25,1.1085125834972895,0.31984657049179077,0.0002840081579051912,0.052322447299957275,0.1505824625492096,samples/001863_sink_0144.npz
1864,sink_0145,29,1,1,3,0.32000031610003893,0.23534446954727173,3.177285543642938e-05,0.03253531455993652,0.04121214151382446,samples/001864_sink_0145.npz
1865,sink_0146,29,26,1,36,1.5009330589328804,0.31956297159194946,0.0005768353585153818,0.05335044860839844,0.20524043962359428,samples/001865_sink_0146.npz
1866,sink_0147,29,26,1,71,1.9984022255200988,0.3199520707130432,0.0005627774517051876,0.050083935260772705,0.3784716799855232,samples/001866_sink_0147.npz
1867,sink_0148,29,35,1,1,0.0,0.0,0.0,0.0,0.0048030950129032135,samples/001867_sink_0148.npz
1868,sofa_0681,30,23,1,15,0.8466356259401089,0.3170141279697418,0.00016005206271074712,0.04971742630004883,0.10109778121113777,samples/001868_sofa_0681.npz
1869,sofa_0682,30,29,1,30,1.197331126476451,0.3194475769996643,0.00028178514912724495,0.04709804058074951,0.1781831607222557,samples/001869_sofa_0682.npz
1870,sofa_0683,30,14,1,27,1.1085125834972895,0.31702640652656555,0.0002091598289553076,0.051145851612091064,0.1603916622698307,samples/001870_sofa_0683.npz
1871,sofa_0684,30,26,1,72,2.0738376763074102,0.31985193490982056,0.0008184778271242976,0.05506175756454468,0.38213077187538147,samples/001871_sofa_0684.npz
1872,sofa_0685,30,1,1,210,2.560004484575039,0.3195001482963562,0.0007801666506566107,0.051329225301742554,1.0632990449666977,samples/001872_sofa_0685.npz
1873,sofa_0686,30,26,1,198,2.415944375149378,0.319977730512619,0.0011243777116760612,0.05572998523712158,1.0074655041098595,samples/001873_sofa_0686.npz
1874,sofa_0687,30,27,1,131,2.098379766901371,0.31989389657974243,0.0006025682669132948,0.05317187309265137,0.6717654876410961,samples/001874_sofa_0687.npz
1875,sofa_0688,30,26,1,154,2.5196849687391603,0.31998342275619507,0.0009689576691016555,0.05175060033798218,0.8023855201900005,samples/001875_sofa_0688.npz
1876,sofa_0689,30,27,1,103,1.8102052236623882,0.3199993968009949,0.000449564860900864,0.04389357566833496,0.5463700592517853,samples/001876_sofa_0689.npz
1877,sofa_0690,30,12,1,28,1.0613198598372087,0.31984424591064453,0.00020945852156728506,0.04057827591896057,0.16571525484323502,samples/001877_sofa_0690.npz
1878,sofa_0691,30,29,1,207,2.3946628503278737,0.3196408152580261,0.0006348249153234065,0.048834145069122314,1.0748916678130627,samples/001878_sofa_0691.npz
1879,sofa_0692,30,1,1,102,1.8382702555978165,0.31958404183387756,0.0005502994754351676,0.05486798286437988,0.5876638479530811,samples/001879_sofa_0692.npz
1880,sofa_0693,30,26,1,162,2.6773037553777064,0.3199974298477173,0.0010776033159345388,0.05511051416397095,0.84769706428051,samples/001880_sofa_0693.npz
1881,sofa_0694,30,37,1,139,2.0738370727415014,0.31864404678344727,0.0005882234545424581,0.03974315524101257,0.8332381956279278,samples/001881_sofa_0694.npz
1882,sofa_0695,30,29,1,134,2.1938097823384743,0.31994640827178955,0.0006970771355554461,0.05330948531627655,0.806567370891571,samples/001882_sofa_0695.npz
1883,sofa_0696,30,36,1,95,1.752712327662483,0.31884440779685974,0.0005633988766930997,0.054497718811035156,0.5755696333944798,samples/001883_sofa_0696.npz
1884,sofa_0697,30,26,1,605,3.431617037627477,0.31995630264282227,0.0015124157071113586,0.05510997772216797,3.5514461547136307,samples/001884_sofa_0697.npz
1885,sofa_0698,30,12,1,210,2.1226279258593292,0.31905078887939453,0.0007679475820623338,0.050157710909843445,1.2433218620717525,samples/001885_sofa_0698.npz
1886,sofa_0699,30,14,1,82,1.6316746849503372,0.31973931193351746,0.000544438255019486,0.05386531352996826,0.507161870598793,samples/001886_sofa_0699.npz
1887,sofa_0700,30,12,1,74,1.752712225641212,0.3176059126853943,0.0004228164325468242,0.048881590366363525,0.46658099442720413,samples/001887_sofa_0700.npz
1888,sofa_0701,30,26,1,132,2.55999987453222,0.3199944794178009,0.001061214366927743,0.05593666434288025,0.8258576281368732,samples/001888_sofa_0701.npz
1889,sofa_0702,30,26,1,156,2.3946615062339776,0.31905677914619446,0.0008388769347220659,0.06622034311294556,0.9302372224628925,samples/001889_sofa_0702.npz
1890,sofa_0703,30,27,1,78,1.6316800548126296,0.3194032907485962,0.0004545071569737047,0.05415087938308716,0.48596513643860817,samples/001890_sofa_0703.npz
1891,sofa_0704,30,25,1,155,2.240036520830529,0.31999707221984863,0.0006689912988804281,0.04954558610916138,0.9374567866325378,samples/001891_sofa_0704.npz
1892,sofa_0705,30,25,1,116,2.0238586635527533,0.3191826343536377,0.0007693487568758428,0.050344228744506836,0.7413101345300674,samples/001892_sofa_0705.npz
1893,sofa_0706,30,12,1,76,1.4664252327212146,0.3195737302303314,0.0004384176281746477,0.054402753710746765,0.48052165284752846,samples/001893_sofa_0706.npz
1894,sofa_0707,30,29,1,81,1.7816837184305319,0.31998389959335327,0.0006252823513932526,0.052115023136138916,0.5012694261968136,samples/001894_sofa_0707.npz
1895,sofa_0708,30,34,1,323,3.1189763952122163,0.3196845054626465,0.000836073188111186,0.04889869689941406,1.797585103660822,samples/001895_sofa_0708.npz
1896,sofa_0709,30,29,1,41,1.2393547002194671,0.3199998736381531,0.0003242726088501513,0.050535887479782104,0.23930959403514862,samples/001896_sofa_0709.npz
1897,sofa_0710,30,26,1,60,1.6627693524540006,0.3183894157409668,0.0006484032492153347,0.05196906626224518,0.33147768676280975,samples/001897_sofa_0710.npz
1898,sofa_0711,30,25,1,109,1.723250254249305,0.31961673498153687,0.00042381935054436326,0.04729098081588745,0.5794633813202381,samples/001898_sofa_0711.npz
1899,sofa_0712,30,27,1,48,1.5676734726114798,0.31970274448394775,0.0004285395552869886,0.05178913474082947,0.27520401403307915,samples/001899_sofa_0712.npz
1900,sofa_0713,30,25,1,459,3.3409065563284295,0.31996965408325195,0.0013264731969684362,0.054883599281311035,2.3699860759079456,samples/001900_sofa_0713.npz
1901,sofa_0714,30,27,1,281,2.47870824619971,0.31988656520843506,0.0006516973371617496,0.04890477657318115,1.4606266282498837,samples/001901_sofa_0714.npz
1902,sofa_0715,30,26,1,103,2.0983761878582614,0.3196198344230652,0.0005990411154925823,0.049060046672821045,0.5787172690033913,samples/001902_sofa_0715.npz
1903,sofa_0716,30,27,1,43,1.3948444046902673,0.31988874077796936,0.0003614547604229301,0.052703410387039185,0.24839463084936142,samples/001903_sofa_0716.npz
1904,sofa_0717,30,26,1,67,1.8931463469205068,0.3148617148399353,0.0007109345169737935,0.048092424869537354,0.36583639308810234,samples/001904_sofa_0717.npz
1905,sofa_0718,30,1,1,231,2.619312528221605,0.31927359104156494,0.0009535534773021936,0.052681922912597656,1.200053557753563,samples/001905_sofa_0718.npz
1906,sofa_0719,30,25,1,379,2.9675547151092863,0.3199412226676941,0.0009434425155632198,0.048411428928375244,1.9421391114592552,samples/001906_sofa_0719.npz
1907,sofa_0720,30,25,1,222,2.4992798721742964,0.31999996304512024,0.0006770286709070206,0.0454239696264267,1.1550618447363377,samples/001907_sofa_0720.npz
1908,sofa_0721,30,29,1,258,2.4787108432372085,0.3196500241756439,0.0008852267637848854,0.04664504528045654,1.3289349153637886,samples/001908_sofa_0721.npz
1909,sofa_0722,30,27,1,147,2.0983942534420748,0.3199930191040039,0.0005884958663955331,0.054442599415779114,0.7657386846840382,samples/001909_sofa_0722.npz
1910,sofa_0723,30,26,1,116,2.262763459056545,0.31964725255966187,0.0005984227755106986,0.0493772029876709,0.6151066869497299,samples/001910_sofa_0723.npz
1911,sofa_0724,30,27,1,97,1.599999907612798,0.31995388865470886,0.0004848175449296832,0.049884915351867676,0.5149362534284592,samples/001911_sofa_0724.npz
1912,sofa_0725,30,26,1,91,2.0738259498525866,0.3198997676372528,0.0007847750093787909,0.055587053298950195,0.4904298447072506,samples/001912_sofa_0725.npz
1913,sofa_0726,30,26,1,113,2.0738369002940664,0.31995826959609985,0.0007783884066157043,0.052253127098083496,0.6072262860834599,samples/001913_sofa_0726.npz
1914,sofa_0727,30,26,1,120,2.3075583212726225,0.3199940323829651,0.0008012024918571115,0.04983818531036377,0.6348416730761528,samples/001914_sofa_0727.npz
1915,sofa_0728,30,12,1,120,2.049000080991104,0.3199995458126068,0.000770864135120064,0.053291283547878265,0.6321342624723911,samples/001915_sofa_0728.npz
1916,sofa_0729,30,26,1,147,2.4787102661179996,0.31995174288749695,0.0009096430148929358,0.050208330154418945,0.7766570597887039,samples/001916_sofa_0729.npz
1917,sofa_0730,30,15,1,94,1.8659045867751511,0.31991899013519287,0.0005739675834774971,0.051429569721221924,0.5002007819712162,samples/001917_sofa_0730.npz
1918,sofa_0731,30,26,1,286,3.2790261498234803,0.31997591257095337,0.0014571386855095625,0.05462926626205444,1.4551923647522926,samples/001918_sofa_0731.npz
1919,sofa_0732,30,26,1,56,1.5999999634921547,0.3184688091278076,0.0005034301429986954,0.04956704378128052,0.30423159524798393,samples/001919_sofa_0732.npz
1920,sofa_0733,30,2,1,89,1.5676734726114798,0.319957435131073,0.00042703619692474604,0.053545355796813965,0.47164110094308853,samples/001920_sofa_0733.npz
1921,sofa_0734,30,12,1,179,2.5197150584751387,0.3199880123138428,0.0010070750722661614,0.05055452883243561,0.9144489765167236,samples/001921_sofa_0734.npz
1922,sofa_0735,30,26,1,128,2.262745283329909,0.31878525018692017,0.0007805655477568507,0.05470460653305054,0.6638662628829479,samples/001922_sofa_0735.npz
1923,sofa_0736,30,27,1,11,0.8466406156507004,0.317137748003006,0.00012483679165598005,0.04160173237323761,0.08115249127149582,samples/001923_sofa_0736.npz
1924,sofa_0737,30,27,1,139,1.9464869802918014,0.31995242834091187,0.00046858220594003797,0.05143022537231445,0.7137710452079773,samples/001924_sofa_0737.npz
1925,sofa_0738,30,26,1,44,1.3948471609086501,0.3176719844341278,0.00041158002568408847,0.05372682213783264,0.24473227560520172,samples/001925_sofa_0738.npz
1926,sofa_0739,30,2,1,219,2.6387897411481824,0.31997236609458923,0.0009011912625283003,0.05557537078857422,1.1082169078290462,samples/001926_sofa_0739.npz
1927,sofa_0740,30,36,1,155,2.240000838168873,0.3199419677257538,0.0006601896020583808,0.05295473337173462,0.7954715900123119,samples/001927_sofa_0740.npz
1928,sofa_0741,30,27,1,5,0.45254831777961085,0.3195525109767914,4.991085734218359e-05,0.04960586130619049,0.051621757447719574,samples/001928_sofa_0741.npz
1929,sofa_0742,30,26,1,99,2.262743386723935,0.3199947774410248,0.0009127720259130001,0.05370451509952545,0.5158101990818977,samples/001929_sofa_0742.npz
1930,sofa_0743,30,26,1,69,1.893144552306811,0.3164908289909363,0.0005453377380035818,0.0497511625289917,0.3728719800710678,samples/001930_sofa_0743.npz
1931,sofa_0744,30,27,1,228,2.519689226742493,0.31994301080703735,0.0007706829928793013,0.047116056084632874,1.151852447539568,samples/001931_sofa_0744.npz
1932,sofa_0745,30,26,1,97,2.240000039892537,0.3199882209300995,0.000775761203840375,0.045896053314208984,0.5060179308056831,samples/001932_sofa_0745.npz
1933,sofa_0746,30,26,1,53,1.631690575307934,0.3188193440437317,0.0005212603136897087,0.04734987020492554,0.28852739185094833,samples/001933_sofa_0746.npz
1934,sofa_0747,30,27,1,145,2.262749076537088,0.31994274258613586,0.000687155406922102,0.04621472954750061,0.7461073771119118,samples/001934_sofa_0747.npz
1935,sofa_0748,30,26,1,195,2.862174742764263,0.31999993324279785,0.0014726658118888736,0.05449232459068298,0.9929948523640633,samples/001935_sofa_0748.npz
1936,sofa_0749,30,12,1,162,2.3075450703526865,0.31984615325927734,0.0009814813965931535,0.05407232046127319,0.832825668156147,samples/001936_sofa_0749.npz
1937,sofa_0750,30,12,1,129,2.1226894214608962,0.3191640079021454,0.0007219533436000347,0.05260172486305237,0.6707679107785225,samples/001937_sofa_0750.npz
1938,sofa_0751,30,0,1,18,0.8466405100486645,0.31920817494392395,0.00017743617354426533,0.04486134648323059,0.11903106048703194,samples/001938_sofa_0751.npz
1939,sofa_0752,30,26,1,49,1.6932831849378172,0.3199607729911804,0.0005721822963096201,0.04811131954193115,0.2689988501369953,samples/001939_sofa_0752.npz
1940,sofa_0753,30,38,1,22,1.0613198177165568,0.3198446035385132,0.00028383248718455434,0.053198397159576416,0.13586540892720222,samples/001940_sofa_0753.npz
1941,sofa_0754,30,26,1,81,1.893146441373812,0.31991320848464966,0.0006799068651162088,0.050880175083875656,0.42643872275948524,samples/001941_sofa_0754.npz
1942,sofa_0755,30,26,1,31,1.3193938541194619,0.3134081959724426,0.0002799916546791792,0.05363193154335022,0.18594049289822578,samples/001942_sofa_0755.npz
1943,sofa_0756,30,27,1,124,2.170343613864995,0.31998640298843384,0.0005533866351470351,0.04373517632484436,0.6474722661077976,samples/001943_sofa_0756.npz
1944,sofa_0757,30,1,1,238,2.4370478430768436,0.3189122676849365,0.0007779661100357771,0.0521082878112793,1.19852090254426,samples/001944_sofa_0757.npz
1945,sofa_0758,30,26,1,146,2.5399236069853144,0.3199310302734375,0.0009407049510627985,0.047226741909980774,0.7504320591688156,samples/001945_sofa_0758.npz
1946,sofa_0759,30,29,1,150,2.1703438610340466,0.31974169611930847,0.0007614269852638245,0.049828410148620605,0.8118915520608425,samples/001946_sofa_0759.npz
1947,sofa_0760,30,23,1,114,1.7232544567471673,0.3197810649871826,0.00045867584412917495,0.05386263132095337,0.5971390418708324,samples/001947_sofa_0760.npz
1948,sofa_0761,30,27,1,95,1.8102014699794022,0.3196859359741211,0.0005131677025929093,0.046358734369277954,0.5107620023190975,samples/001948_sofa_0761.npz
1949,sofa_0762,30,27,1,118,2.023856454727168,0.31935054063796997,0.00048419873928651214,0.05213981866836548,0.6205170936882496,samples/001949_sofa_0762.npz
1950,sofa_0763,30,34,1,326,3.1189813256715238,0.31999659538269043,0.001072234008461237,0.0552903413772583,1.6392785422503948,samples/001950_sofa_0763.npz
1951,sofa_0764,30,2,1,233,2.437044174415405,0.31973665952682495,0.0007269072229973972,0.054516613483428955,1.18119553104043,samples/001951_sofa_0764.npz
1952,sofa_0765,30,26,1,85,2.098383516368558,0.3194531798362732,0.0007134297047741711,0.05485919117927551,0.4472164288163185,samples/001952_sofa_0765.npz
1953,sofa_0766,30,26,1,208,2.373184388497353,0.31997406482696533,0.000651658046990633,0.0474085807800293,1.0540409348905087,samples/001953_sofa_0766.npz
1954,sofa_0767,30,27,1,160,2.307552741947187,0.3196806013584137,0.0007028674008324742,0.04885059595108032,0.8171321749687195,samples/001954_sofa_0767.npz
1955,sofa_0768,30,26,1,111,2.170351193703103,0.31998884677886963,0.0009162718197330832,0.04966080188751221,0.5803807936608791,samples/001955_sofa_0768.npz
1956,sofa_0769,30,1,1,141,2.0983807894839956,0.31987643241882324,0.0005868580192327499,0.050879478454589844,0.7244951277971268,samples/001956_sofa_0769.npz
1957,sofa_0770,30,26,1,52,1.7816847220535774,0.319975882768631,0.0006759118987247348,0.054235100746154785,0.2843349054455757,samples/001957_sofa_0770.npz
1958,sofa_0771,30,26,1,42,1.6316867397185446,0.31938812136650085,0.0005681373295374215,0.0539434552192688,0.23669378831982613,samples/001958_sofa_0771.npz
1959,sofa_0772,30,12,1,253,2.752741920587519,0.3199999928474426,0.0009789372561499476,0.05123993754386902,1.2841313108801842,samples/001959_sofa_0772.npz
1960,sofa_0773,30,25,1,404,3.3408985279319676,0.3199966251850128,0.0012597357854247093,0.049046993255615234,2.088473953306675,samples/001960_sofa_0773.npz
1961,sofa_0774,30,26,1,159,2.559999734833823,0.3195675015449524,0.0009440095745958388,0.052714526653289795,0.8132401742041111,samples/001961_sofa_0774.npz
1962,sofa_0775,30,12,1,205,2.6193147127808936,0.3199915289878845,0.0009396959212608635,0.05455612763762474,1.0447806119918823,samples/001962_sofa_0775.npz
1963,sofa_0776,30,25,1,251,2.3515140110225454,0.31999799609184265,0.0007320588338188827,0.04494369029998779,1.2838703207671642,samples/001963_sofa_0776.npz
1964,sofa_0777,30,27,1,176,1.9726129508223695,0.3177125155925751,0.0005967126926407218,0.054267704486846924,0.9080079309642315,samples/001964_sofa_0777.npz
1965,sofa_0778,30,38,1,164,2.146637096300087,0.3198689818382263,0.0005846297717653215,0.05469885468482971,0.8420541472733021,samples/001965_sofa_0778.npz
1966,sofa_0779,30,26,1,104,2.122639045743892,0.31996655464172363,0.0007908052648417652,0.05418741703033447,0.5485601983964443,samples/001966_sofa_0779.npz
1967,sofa_0780,30,27,1,115,2.0738366416228873,0.31996265053749084,0.0006901557790115476,0.05205237865447998,0.5985388495028019,samples/001967_sofa_0780.npz
1968,stairs_0125,31,26,1,6,0.639999968633055,0.3107236325740814,7.09479209035635e-05,0.029593992978334427,0.057287976145744324,samples/001968_stairs_0125.npz
1969,stairs_0126,31,37,1,28,1.0613200283198,0.3196486234664917,0.00021221779752522707,0.052806586027145386,0.16584115847945213,samples/001969_stairs_0126.npz
1970,stairs_0127,31,26,1,52,1.4664153556561346,0.3191918134689331,0.0005983958253636956,0.051019757986068726,0.2860161289572716,samples/001970_stairs_0127.npz
1971,stairs_0128,31,34,1,11,0.639999968633055,0.3119240999221802,0.00011143288429593667,0.054990947246551514,0.0826646126806736,samples/001971_stairs_0128.npz
1972,stairs_0129,31,26,1,26,1.2799982608842957,0.31599459052085876,0.00034061825135722756,0.04868978261947632,0.16612450033426285,samples/001972_stairs_0129.npz
1973,stairs_0130,31,26,1,35,1.4310831230861067,0.31981360912323,0.00035520343226380646,0.05302540957927704,0.20397992804646492,samples/001973_stairs_0130.npz
1974,stairs_0131,31,26,1,27,1.2393622027499689,0.31992581486701965,0.0004319417930673808,0.05275246500968933,0.16264279931783676,samples/001974_stairs_0131.npz
1975,stairs_0132,31,3,1,4,0.32000005416571636,0.3199217915534973,5.0789432862075046e-05,0.05200827121734619,0.04727669432759285,samples/001975_stairs_0132.npz
1976,stairs_0133,31,26,1,8,0.7838365081792028,0.3179728090763092,0.00014650820230599493,0.05067121982574463,0.06711987033486366,samples/001976_stairs_0133.npz
1977,stairs_0134,31,26,1,21,1.2393549887791724,0.3198500871658325,0.00029336437000893056,0.054579854011535645,0.13128824159502983,samples/001977_stairs_0134.npz
1978,stairs_0135,31,37,1,49,1.3948476095948483,0.316515177488327,0.00028918837779201567,0.05276307463645935,0.2749391905963421,samples/001978_stairs_0135.npz
1979,stairs_0136,31,26,1,24,1.319393650828442,0.31872209906578064,0.00041787594091147184,0.05223016440868378,0.1477162502706051,samples/001979_stairs_0136.npz
1980,stairs_0137,31,26,1,20,1.1085879932600886,0.31796932220458984,0.00034347042674198747,0.05398291349411011,0.1288388855755329,samples/001980_stairs_0137.npz
1981,stairs_0138,31,26,1,8,0.7838366222424796,0.31778809428215027,0.00014530612679664046,0.049750179052352905,0.06654711440205574,samples/001981_stairs_0138.npz
1982,stairs_0139,31,26,1,7,0.6399998638592516,0.31546178460121155,9.118222806137055e-05,0.050860390067100525,0.06451626494526863,samples/001982_stairs_0139.npz
1983,stairs_0140,31,26,1,35,1.27999993726611,0.31890588998794556,0.00027575858985073864,0.049237221479415894,0.20525530725717545,samples/001983_stairs_0140.npz
1984,stairs_0141,31,34,1,6,0.5542565942044223,0.31436973810195923,0.0001418575702700764,0.0495089590549469,0.0569770447909832,samples/001984_stairs_0141.npz
1985,stairs_0142,31,26,1,21,1.1085124221874858,0.31992173194885254,0.00027702059014700353,0.05326956510543823,0.13457348942756653,samples/001985_stairs_0142.npz
1986,stairs_0143,31,30,1,1,0.0,0.0,0.0,0.0,0.004982825368642807,samples/001986_stairs_0143.npz
1987,stairs_0144,31,26,1,33,1.431096805053209,0.3184725046157837,0.0004955948679707944,0.05227494239807129,0.22074280679225922,samples/001987_stairs_0144.npz
1988,stool_0091,32,31,1,4,0.4525697775910051,0.3137737810611725,6.969092646613717e-05,0.03693348169326782,0.049657098948955536,samples/001988_stool_0091.npz
1989,stool_0092,32,26,1,24,1.3576457106648425,0.31968170404434204,0.0003249569854233414,0.04861539602279663,0.14527815580368042,samples/001989_stool_0092.npz
1990,stool_0093,32,37,1,1,0.0,0.0,0.0,0.0,0.004818834364414215,samples/001990_stool_0093.npz
1991,stool_0094,32,26,1,41,1.6316860273938083,0.31809717416763306,0.0004707495681941509,0.04449641704559326,0.2294485718011856,samples/001991_stool_0094.npz
1992,stool_0095,32,26,1,24,1.3193612593925126,0.31916117668151855,0.0003708099538926035,0.05380493402481079,0.14575329795479774,samples/001992_stool_0095.npz
1993,stool_0096,32,8,1,1,0.0,0.0,0.0,0.0,0.0047832392156124115,samples/001993_stool_0096.npz
1994,stool_0097,32,26,1,33,1.108464028186468,0.3175058364868164,0.00027518742717802525,0.050080835819244385,0.18985358253121376,samples/001994_stool_0097.npz
1995,stool_0098,32,26,1,10,0.7838367363057399,0.3092246949672699,0.000161274045240134,0.04975534975528717,0.07601461932063103,samples/001995_stool_0098.npz
1996,stool_0099,32,8,1,1,0.0,0.0,0.0,0.0,0.0047897472977638245,samples/001996_stool_0099.npz
1997,stool_0100,32,33,1,8,0.6400001432560224,0.27721911668777466,8.761870412854478e-05,0.04059725999832153,0.06609632074832916,samples/001997_stool_0100.npz
1998,stool_0101,32,26,1,26,1.1085120995678077,0.3191642165184021,0.0002683851053006947,0.04580634832382202,0.15541668981313705,samples/001998_stool_0101.npz
1999,stool_0102,32,4,1,23,1.0613196913545908,0.3199438452720642,0.0002240734756924212,0.04879754036664963,0.1435769498348236,samples/001999_stool_0102.npz
2000,stool_0103,32,33,1,3,0.32000010655259803,0.22259819507598877,3.139938780805096e-05,0.032151877880096436,0.041602980345487595,samples/002000_stool_0103.npz
2001,stool_0104,32,33,1,1,0.0,0.0,0.0,0.0,0.004783060401678085,samples/002001_stool_0104.npz
2002,stool_0105,32,19,1,59,1.5999990694222128,0.31866779923439026,0.00046011482481844723,0.04975882172584534,0.322602353990078,samples/002002_stool_0105.npz
2003,stool_0106,32,26,1,9,0.8466396916324391,0.31951266527175903,0.00019314746896270663,0.05088368058204651,0.07137643545866013,samples/002003_stool_0106.npz
2004,stool_0107,32,33,1,10,0.8466404308471288,0.3146807849407196,0.00017722666962072253,0.04613195359706879,0.0763222984969616,samples/002004_stool_0107.npz
2005,stool_0108,32,26,1,41,1.1085122608776585,0.3199872374534607,0.0002667399821802974,0.04392561316490173,0.22951877489686012,samples/002005_stool_0108.npz
2006,stool_0109,32,33,1,3,0.3200003335623195,0.3066713809967041,4.893133882433176e-05,0.05010421574115753,0.041323237121105194,samples/002006_stool_0109.npz
2007,stool_0110,32,33,1,11,0.8466414340660324,0.319614440202713,0.00012057608546456322,0.046915967017412186,0.08093684539198875,samples/002007_stool_0110.npz
2008,table_0393,33,12,1,18,0.905107452088663,0.31730785965919495,0.00019746029283851385,0.053471654653549194,0.11672644689679146,samples/002008_table_0393.npz
2009,table_0394,33,12,1,15,0.8466404044466153,0.31785687804222107,0.00019150061416439712,0.052682191133499146,0.10107824578881264,samples/002009_table_0394.npz
2010,table_0395,33,12,1,49,1.3948476736928648,0.3197959363460541,0.00044598631211556494,0.0521693229675293,0.2697089910507202,samples/002010_table_0395.npz
2011,table_0396,33,26,1,81,1.920000883787667,0.3192211389541626,0.0008177058771252632,0.05252569913864136,0.42881014198064804,samples/002011_table_0396.npz
2012,table_0397,33,12,1,1,0.0,0.0,0.0,0.0,0.004806172102689743,samples/002012_table_0397.npz
2013,table_0398,33,12,1,1,0.0,0.0,0.0,0.0,0.004824507981538773,samples/002013_table_0398.npz
2014,table_0399,33,12,1,51,1.5346616574338785,0.3199068307876587,0.0006278787623159587,0.052095115184783936,0.2798479124903679,samples/002014_table_0399.npz
2015,table_0400,33,12,1,50,1.567675126527761,0.31889650225639343,0.00046029852819629014,0.05217713117599487,0.27467086538672447,samples/002015_table_0400.npz
2016,table_0401,33,12,1,10,0.7155418114431468,0.3189109265804291,2.617272548377514e-05,0.016161948442459106,0.07739780843257904,samples/002016_table_0401.npz
2017,table_0402,33,3,1,57,1.3576451838294021,0.3115261495113373,0.0005620333249680698,0.05086487531661987,0.3102164678275585,samples/002017_table_0402.npz
2018,table_0403,33,12,1,46,1.357644656993757,0.3193022906780243,0.0003711953468155116,0.052053362131118774,0.254631157964468,samples/002018_table_0403.npz
2019,table_0404,33,12,1,41,1.2393611206570263,0.31928715109825134,0.0003353599167894572,0.05271059274673462,0.22987480461597443,samples/002019_table_0404.npz
2020,table_0405,33,12,1,36,1.1085133093911161,0.3198101222515106,0.00016825854254420847,0.03796173632144928,0.20507967472076416,samples/002020_table_0405.npz
2021,table_0406,33,12,1,14,0.7838368503689837,0.31700193881988525,0.00015958391304593533,0.053279101848602295,0.09570346772670746,samples/002021_table_0406.npz
2022,table_0407,33,12,1,17,0.7838393882718622,0.31712353229522705,0.0001604065764695406,0.041978538036346436,0.11073710769414902,samples/002022_table_0407.npz
2023,table_0408,33,12,1,37,1.280008808083329,0.31970253586769104,0.0003384656738489866,0.047113120555877686,0.20994587615132332,samples/002023_table_0408.npz
2024,table_0409,33,0,1,14,0.960000162497149,0.31992867588996887,0.00020660691370721906,0.049425676465034485,0.09589143097400665,samples/002024_table_0409.npz
2025,table_0410,33,12,1,21,0.846639982038287,0.319460391998291,0.00019364750187378377,0.04255601763725281,0.13083058968186378,samples/002025_table_0410.npz
2026,table_0411,33,12,1,1,0.0,0.0,0.0,0.0,0.00484272837638855,samples/002026_table_0411.npz
2027,table_0412,33,12,1,1,0.0,0.0,0.0,0.0,0.0047894492745399475,samples/002027_table_0412.npz
2028,table_0413,33,12,1,22,1.01192893418791,0.3198115825653076,0.00023208564380183816,0.050186604261398315,0.13612915202975273,samples/002028_table_0413.npz
2029,table_0414,33,12,1,20,1.011932645007523,0.31901630759239197,0.0002194397966377437,0.04986375570297241,0.1256404146552086,samples/002029_table_0414.npz
2030,table_0415,33,12,1,1,0.0,0.0,0.0,0.0,0.004819855093955994,samples/002030_table_0415.npz
2031,table_0416,33,12,1,58,1.6932792776627303,0.3199998140335083,0.000613077194429934,0.052260637283325195,0.31529081612825394,samples/002031_table_0416.npz
2032,table_0417,33,12,1,41,1.1973305291012555,0.31896287202835083,0.0003210736613254994,0.05135563015937805,0.22962748259305954,samples/002032_table_0417.npz
2033,table_0418,33,3,1,6,0.5542575822254788,0.27969878911972046,9.057519491761923e-05,0.04748040437698364,0.05634469911456108,samples/002033_table_0418.npz
2034,table_0419,33,12,1,11,0.7155402808037046,0.316606730222702,7.038562762318179e-05,0.04956365376710892,0.08343756571412086,samples/002034_table_0419.npz
2035,table_0420,33,12,1,1,0.0,0.0,0.0,0.0,0.004824791103601456,samples/002035_table_0420.npz
2036,table_0421,33,12,1,12,0.6400001083314327,0.3110352158546448,5.661659815814346e-05,0.03258413076400757,0.08664274215698242,samples/002036_table_0421.npz
2037,table_0422,33,12,1,35,1.197331051804568,0.319900780916214,0.00018113500846084207,0.041603535413742065,0.1998167373239994,samples/002037_table_0422.npz
2038,table_0423,33,12,1,25,1.01192893418791,0.3195725679397583,0.0002508070319890976,0.046145811676979065,0.15070995315909386,samples/002038_table_0423.npz
2039,table_0424,33,3,1,23,0.7838352819979281,0.31913819909095764,0.00014080628170631826,0.03845560550689697,0.1406162790954113,samples/002039_table_0424.npz
2040,table_0425,33,26,1,60,1.600023656163574,0.3193206489086151,0.000749593717046082,0.05061984062194824,0.32463662326335907,samples/002040_table_0425.npz
2041,table_0426,33,3,1,77,1.3193940574104503,0.3195776045322418,0.00039671253762207925,0.05241274833679199,0.4074612557888031,samples/002041_table_0426.npz
2042,table_0427,33,12,1,18,0.7838338562033362,0.3107750415802002,0.00014962050772737712,0.04777723550796509,0.11889244616031647,samples/002042_table_0427.npz
2043,table_0428,33,12,1,55,1.2799942794686876,0.31987690925598145,0.00033294421155005693,0.05160382017493248,0.30089179053902626,samples/002043_table_0428.npz
2044,table_0429,33,12,1,1,0.0,0.0,0.0,0.0,0.0048398785293102264,samples/002044_table_0429.npz
2045,table_0430,33,12,1,10,0.45254834247503045,0.274540513753891,2.8597785785677843e-05,0.016125397756695747,0.07673937827348709,samples/002045_table_0430.npz
2046,table_0431,33,3,1,98,1.7816867292979723,0.3198767602443695,0.00041672453517094254,0.05083487927913666,0.5107676982879639,samples/002046_table_0431.npz
2047,table_0432,33,3,1,60,1.6000181800584288,0.3199993371963501,0.00047538807848468423,0.04001116752624512,0.32638778164982796,samples/002047_table_0432.npz
2048,table_0433,33,12,1,123,2.0489997319155697,0.31992530822753906,0.0007806734647601843,0.0527651309967041,0.6357962489128113,samples/002048_table_0433.npz
2049,table_0434,33,26,1,80,1.9199999524652953,0.3197014629840851,0.000875807018019259,0.05065426230430603,0.42720795050263405,samples/002049_table_0434.npz
2050,table_0435,33,12,1,1,0.0,0.0,0.0,0.0,0.004849664866924286,samples/002050_table_0435.npz
2051,table_0436,33,12,1,13,0.7838368503689837,0.2996615171432495,0.00011058395466534421,0.03211596608161926,0.09164173901081085,samples/002051_table_0436.npz
2052,table_0437,33,12,1,24,1.3193939218831283,0.3198831379413605,0.00031390791991725564,0.0520513653755188,0.14607134461402893,samples/002052_table_0437.npz
2053,table_0438,33,12,1,10,0.6400002131051961,0.3162950575351715,8.412580064032227e-05,0.05174511671066284,0.07630180940032005,samples/002053_table_0438.npz
2054,table_0439,33,12,1,1,0.0,0.0,0.0,0.0,0.004839885979890823,samples/002054_table_0439.npz
2055,table_0440,33,12,1,24,0.9050979197201642,0.3157096803188324,0.00018798976088874042,0.04990732669830322,0.14603422582149506,samples/002055_table_0440.npz
2056,table_0441,33,26,1,85,2.0238583101408216,0.3196280598640442,0.0011979963164776564,0.05259031057357788,0.44768571853637695,samples/002056_table_0441.npz
2057,table_0442,33,12,1,100,2.0983800225470737,0.3199751675128937,0.000860846892464906,0.05230128765106201,0.5243919007480145,samples/002057_table_0442.npz
2058,table_0443,33,12,1,22,1.1085162129616688,0.31985530257225037,0.00043121373164467514,0.05167841911315918,0.13652510941028595,samples/002058_table_0443.npz
2059,table_0444,33,12,1,15,0.7838368218531743,0.3085636496543884,0.0001500403304817155,0.04962703585624695,0.10140978917479515,samples/002059_table_0444.npz
2060,table_0445,33,12,1,1,0.0,0.0,0.0,0.0,0.004790350794792175,samples/002060_table_0445.npz
2061,table_0446,33,12,1,47,1.3576455131015763,0.3197394609451294,0.000393715628888458,0.05277326703071594,0.2595002315938473,samples/002061_table_0446.npz
2062,table_0447,33,12,1,26,1.1085150031415294,0.3186904191970825,0.00028175266925245523,0.04775148630142212,0.16046244278550148,samples/002062_table_0447.npz
2063,table_0448,33,3,1,72,1.4664245010890458,0.3199211359024048,0.00032784196082502604,0.046912550926208496,0.3813443295657635,samples/002063_table_0448.npz
2064,table_0449,33,26,1,67,1.9200000455975528,0.3183644115924835,0.0009437830303795636,0.05229261517524719,0.3662337064743042,samples/002064_table_0449.npz
2065,table_0450,33,23,1,1,0.0,0.0,0.0,0.0,0.004926171153783798,samples/002065_table_0450.npz
2066,table_0451,33,12,1,4,0.3200002462509072,0.2730318307876587,3.765031578950584e-05,0.03855597972869873,0.047097098082304,samples/002066_table_0451.npz
2067,table_0452,33,3,1,47,1.1537750148851138,0.31924888491630554,0.0002609351940918714,0.040313541889190674,0.2680843137204647,samples/002067_table_0452.npz
2068,table_0453,33,12,1,21,0.9600003487616144,0.31995487213134766,0.00021043975721113384,0.049405574798583984,0.13136561587452888,samples/002068_table_0453.npz
2069,table_0454,33,12,1,27,1.3193939218831283,0.3151968717575073,0.00036114954855293036,0.045121967792510986,0.16086093336343765,samples/002069_table_0454.npz
2070,table_0455,33,12,1,23,1.0119135164702266,0.3185431957244873,0.0002438269293634221,0.03909379243850708,0.1406172402203083,samples/002070_table_0455.npz
2071,table_0456,33,12,1,6,0.3199999668542279,0.3014254570007324,2.3044904082780704e-05,0.023598432540893555,0.05780148506164551,samples/002071_table_0456.npz
2072,table_0457,33,12,1,46,1.5676737007379673,0.3184642791748047,0.0004636922967620194,0.05218231678009033,0.25826723501086235,samples/002072_table_0457.npz
2073,table_0458,33,3,1,199,2.2852611811094867,0.31999969482421875,0.000833086553029716,0.051272809505462646,1.0239436849951744,samples/002073_table_0458.npz
2074,table_0459,33,12,1,16,0.7155417802056399,0.3106088936328888,5.9703317674575374e-05,0.026034943759441376,0.10642175376415253,samples/002074_table_0459.npz
2075,table_0460,33,12,1,19,0.7155414053554506,0.3197997808456421,0.00016448268434032798,0.05130544304847717,0.12155336141586304,samples/002075_table_0460.npz
2076,table_0461,33,12,1,14,0.7838370499796201,0.3127825856208801,0.00011939863179577515,0.050673216581344604,0.09654703363776207,samples/002076_table_0461.npz
2077,table_0462,33,12,1,32,1.10851274480707,0.31993141770362854,0.00037291785702109337,0.05284819006919861,0.18602140620350838,samples/002077_table_0462.npz
2078,table_0463,33,12,1,41,1.011928227363584,0.3194430470466614,0.00016466854140162468,0.043763816356658936,0.22976023703813553,samples/002078_table_0463.npz
2079,table_0464,33,12,1,40,1.2799971432951998,0.31998953223228455,0.0002882386324927211,0.04218372702598572,0.22583234682679176,samples/002079_table_0464.npz
2080,table_0465,33,26,1,42,1.4310829356609915,0.3199900984764099,0.00047118114889599383,0.050749897956848145,0.23586395010352135,samples/002080_table_0465.npz
2081,table_0466,33,12,1,19,0.9051074026984113,0.3197984993457794,0.00024571229005232453,0.05226212739944458,0.12360034510493279,samples/002081_table_0466.npz
2082,table_0467,33,12,1,19,0.7838369644322107,0.31543415784835815,0.0001486007822677493,0.05120155215263367,0.12360500916838646,samples/002082_table_0467.npz
2083,table_0468,33,12,1,14,0.9050967837317311,0.3197175860404968,0.00022960687056183815,0.050467729568481445,0.09621161594986916,samples/002083_table_0468.npz
2084,table_0469,33,12,1,5,0.3200003859491554,0.31769686937332153,2.181592208216898e-06,0.0022334735840559006,0.052020903676748276,samples/002084_table_0469.npz
2085,table_0470,33,12,1,33,1.1085125431698408,0.3196747899055481,0.0002674123679753393,0.04254180192947388,0.19039682671427727,samples/002085_table_0470.npz
2086,table_0471,33,12,1,15,0.9600002556293863,0.31644725799560547,0.0003336819645483047,0.05219012498855591,0.10152895748615265,samples/002086_table_0471.npz
2087,table_0472,33,12,1,3,0.3200000017788261,0.23751264810562134,2.340837090741843e-05,0.02396870031952858,0.04140228033065796,samples/002087_table_0472.npz
2088,table_0473,33,12,1,11,0.715542061343153,0.3192969560623169,0.00020331873383838683,0.04821234941482544,0.08135402575135231,samples/002088_table_0473.npz
2089,table_0474,33,12,1,1,0.0,0.0,0.0,0.0,0.004809819161891937,samples/002089_table_0474.npz
2090,table_0475,33,26,1,39,1.5676735296431048,0.3199880123138428,0.00046361287240870297,0.044306688010692596,0.2256719209253788,samples/002090_table_0475.npz
2091,table_0476,33,26,1,14,0.9050965861683798,0.31738027930259705,0.00028259982354938984,0.0521540641784668,0.09704477712512016,samples/002091_table_0476.npz
2092,table_0477,33,12,1,118,1.8101941601533544,0.31996098160743713,0.0004955239710398018,0.048918694257736206,0.6164534576237202,samples/002092_table_0477.npz
2093,table_0478,33,12,1,31,1.3193943284650531,0.31999292969703674,0.00036264050868339837,0.05360919237136841,0.18434888869524002,samples/002093_table_0478.npz
2094,table_0479,33,12,1,52,1.431077687747803,0.3197134733200073,0.0004308454808779061,0.047680556774139404,0.2886689826846123,samples/002094_table_0479.npz
2095,table_0480,33,12,1,31,1.0613200283198,0.3185112178325653,0.00021476380061358213,0.046404123306274414,0.18549854680895805,samples/002095_table_0480.npz
2096,table_0481,33,12,1,44,1.1973373988980092,0.31386780738830566,0.000229720477364026,0.05273684859275818,0.24694448709487915,samples/002096_table_0481.npz
2097,table_0482,33,26,1,39,1.4311068009282166,0.319999098777771,0.00038149551255628467,0.05231153964996338,0.2244252823293209,samples/002097_table_0482.npz
2098,table_0483,33,23,1,46,0.7838367648215524,0.3189818561077118,9.404563024872914e-05,0.03337791562080383,0.2575390487909317,samples/002098_table_0483.npz
2099,table_0484,33,12,1,3,0.3200000367034206,0.27460241317749023,3.8647176552331075e-05,0.039575159549713135,0.04156597703695297,samples/002099_table_0484.npz
2100,table_0485,33,12,1,9,0.5542562715849204,0.319913387298584,7.183078560046852e-05,0.04974181950092316,0.07132959738373756,samples/002100_table_0485.npz
2101,table_0486,33,12,1,48,1.6000012487168207,0.3187327980995178,0.0004840019973926246,0.04487466812133789,0.2644083648920059,samples/002101_table_0486.npz
2102,table_0487,33,3,1,1,0.0,0.0,0.0,0.0,0.004785139113664627,samples/002102_table_0487.npz
2103,table_0488,33,12,1,20,0.7838370499796201,0.3182196021080017,0.0001290265645366162,0.05033239722251892,0.12575410306453705,samples/002103_table_0488.npz
2104,table_0489,33,26,1,114,2.023864494840716,0.3198147416114807,0.0005899180541746318,0.0515536367893219,0.5898632369935513,samples/002104_table_0489.npz
2105,table_0490,33,36,1,39,1.0613004841608136,0.31823113560676575,0.00012784491991624236,0.05165544152259827,0.2268553450703621,samples/002105_table_0490.npz
2106,table_0491,33,12,1,8,0.6400000734068412,0.31987449526786804,8.843261457514018e-05,0.05073496699333191,0.06692775711417198,samples/002106_table_0491.npz
2107,table_0492,33,32,1,14,0.6400001083314327,0.29750099778175354,0.00010441623453516513,0.048526227474212646,0.09565623477101326,samples/002107_table_0492.npz
2108,tent_0164,34,26,1,41,1.500932939797693,0.31998518109321594,0.00025713536888360977,0.03831964731216431,0.22946610674262047,samples/002108_tent_0164.npz
2109,tent_0165,34,36,1,78,1.6316896986025828,0.31993919610977173,0.00035065587144345045,0.053710997104644775,0.41907117143273354,samples/002109_tent_0165.npz
2110,tent_0166,34,31,1,43,1.3193855869260587,0.3197462558746338,0.00036026674206368625,0.055642470717430115,0.24025467410683632,samples/002110_tent_0166.npz
2111,tent_0167,34,26,1,71,1.8382643219394956,0.3199445605278015,0.00046204449608922005,0.044672876596450806,0.3775731138885021,samples/002111_tent_0167.npz
2112,tent_0168,34,26,1,47,1.5676734726114798,0.3197249472141266,0.0005331747815944254,0.049999892711639404,0.25943025574088097,samples/002112_tent_0168.npz
2113,tent_0169,34,26,1,46,1.4311116738919685,0.3197583854198456,0.0005209864466451108,0.051958441734313965,0.25609156116843224,samples/002113_tent_0169.npz
2114,tent_0170,34,17,1,1,0.0,0.0,0.0,0.0,0.004797980189323425,samples/002114_tent_0170.npz
2115,tent_0171,34,26,1,43,1.6317037258316764,0.3198532462120056,0.00045736556057818234,0.052666306495666504,0.24745353311300278,samples/002115_tent_0171.npz
2116,tent_0172,34,26,1,69,2.0983818120661217,0.3198804259300232,0.00062516238540411,0.04767012596130371,0.3698540888726711,samples/002116_tent_0172.npz
2117,tent_0173,34,38,1,42,1.2393374586551402,0.3175976276397705,0.0003091482794843614,0.05448782444000244,0.23795345053076744,samples/002117_tent_0173.npz
2118,tent_0174,34,37,1,245,2.3515103610015506,0.319847971200943,0.0003659652138594538,0.04908135533332825,1.2391023524105549,samples/002118_tent_0174.npz
2119,tent_0175,34,7,1,44,1.0613199440785077,0.3187924921512604,0.00010435734293423593,0.032966598868370056,0.24735889211297035,samples/002119_tent_0175.npz
2120,tent_0176,34,27,1,42,1.3948478659868966,0.3175010085105896,0.00022018267191015184,0.030111193656921387,0.23583102226257324,samples/002120_tent_0176.npz
2121,tent_0177,34,26,1,76,1.9464839487460024,0.319982647895813,0.0006085928180254996,0.053861379623413086,0.40500541031360626,samples/002121_tent_0177.npz
2122,tent_0178,34,26,1,69,1.8931455912938948,0.3168036937713623,0.000535453436896205,0.054740846157073975,0.370301466435194,samples/002122_tent_0178.npz
2123,tent_0179,34,26,1,55,1.6628123140612783,0.3198685646057129,0.0004965981934219599,0.05332911014556885,0.3004440441727638,samples/002123_tent_0179.npz
2124,tent_0180,34,39,1,140,1.8382596528178434,0.31944191455841064,0.00029005378019064665,0.05579635500907898,0.727034904062748,samples/002124_tent_0180.npz
2125,tent_0181,34,26,1,48,1.5009331780680586,0.3136674165725708,0.0002711061097215861,0.05528634786605835,0.2687920741736889,samples/002125_tent_0181.npz
2126,tent_0182,34,26,1,52,1.8659045867751511,0.319964200258255,0.0006702874088659883,0.05617222189903259,0.2873813211917877,samples/002126_tent_0182.npz
2127,tent_0183,34,27,1,311,2.9328416858454514,0.31999725103378296,0.0008577454136684537,0.05695521831512451,1.5753446072340012,samples/002127_tent_0183.npz
2128,toilet_0345,35,26,1,27,1.197330230413546,0.31134897470474243,0.0003353585198055953,0.051452815532684326,0.16151585057377815,samples/002128_toilet_0345.npz
2129,toilet_0346,35,15,1,31,1.35764505212051,0.3199770152568817,0.0004109245492145419,0.05415213108062744,0.1816081702709198,samples/002129_toilet_0346.npz
2130,toilet_0347,35,25,1,1,0.0,0.0,0.0,0.0,0.004848450422286987,samples/002130_toilet_0347.npz
2131,toilet_0348,35,29,1,79,1.6932801752807778,0.3199312686920166,0.0004912316217087209,0.054585158824920654,0.41878266632556915,samples/002131_toilet_0348.npz
2132,toilet_0349,35,15,1,117,2.1703424604090493,0.3199255168437958,0.0006684963591396809,0.04968059062957764,0.6090673767030239,samples/002132_toilet_0349.npz
2133,toilet_0350,35,26,1,67,1.9726153076757569,0.3176889419555664,0.0005519474507309496,0.05150750279426575,0.3604012727737427,samples/002133_toilet_0350.npz
2134,toilet_0351,35,26,1,104,1.9199999524652953,0.3198595643043518,0.0005639886949211359,0.054135143756866455,0.5471718348562717,samples/002134_toilet_0351.npz
2135,toilet_0352,35,26,1,60,1.9464837650158022,0.3199993968009949,0.0006095131975598633,0.04880654811859131,0.32683993875980377,samples/002135_toilet_0352.npz
2136,toilet_0353,35,27,1,9,0.7155418114431468,0.315784752368927,0.00012575669097714126,0.05430871248245239,0.07227339595556259,samples/002136_toilet_0353.npz
2137,toilet_0354,35,27,1,14,0.8466403252450698,0.3138667047023773,0.0001694758393568918,0.04643452167510986,0.09877617657184601,samples/002137_toilet_0354.npz
2138,toilet_0355,35,38,1,87,1.8382600419117674,0.3191581070423126,0.0004107894783373922,0.05083610117435455,0.47174476459622383,samples/002138_toilet_0355.npz
2139,toilet_0356,35,38,1,43,1.3948389563355794,0.319074809551239,0.00020753398712258786,0.05288606882095337,0.24454335495829582,samples/002139_toilet_0356.npz
2140,toilet_0357,35,26,1,20,1.1973308277888906,0.3125514090061188,0.0002853397745639086,0.05252784490585327,0.12663087993860245,samples/002140_toilet_0357.npz
2141,toilet_0358,35,26,1,37,1.3576375446925402,0.31959325075149536,0.00032458401983603835,0.05461009591817856,0.2109091691672802,samples/002141_toilet_0358.npz
2142,toilet_0359,35,15,1,128,2.437042119962587,0.31761348247528076,0.0008836250053718686,0.05114138126373291,0.6750462092459202,samples/002142_toilet_0359.npz
2143,toilet_0360,35,37,1,24,1.0613198598372087,0.31379470229148865,0.00012027379125356674,0.02683320641517639,0.14768783748149872,samples/002143_toilet_0360.npz
2144,toilet_0361,35,15,1,147,2.3515126422653365,0.31974509358406067,0.0005904132849536836,0.0476384311914444,0.7581189461052418,samples/002144_toilet_0361.npz
2145,toilet_0362,35,27,1,37,1.394847417300781,0.3199862539768219,0.00038364154170267284,0.056111305952072144,0.2116868458688259,samples/002145_toilet_0362.npz
2146,toilet_0363,35,26,1,110,2.3075614983824675,0.3199962377548218,0.0009614345617592335,0.054656803607940674,0.5739834234118462,samples/002146_toilet_0363.npz
2147,toilet_0364,35,27,1,13,0.7155418114431468,0.2801070213317871,6.321932596620172e-05,0.023066043853759766,0.09539075195789337,samples/002147_toilet_0364.npz
2148,toilet_0365,35,38,1,162,2.4787184900540424,0.319571316242218,0.0006565216463059187,0.05434310436248779,0.8346868641674519,samples/002148_toilet_0365.npz
2149,toilet_0366,35,25,1,102,1.9726193868384267,0.3194153606891632,0.0004258019616827369,0.04209145903587341,0.5427359789609909,samples/002149_toilet_0366.npz
2150,toilet_0367,35,26,1,96,2.0738429359457546,0.31857830286026,0.0006738577503710985,0.05136239528656006,0.5059894733130932,samples/002150_toilet_0367.npz
2151,toilet_0368,35,29,1,96,2.0738398318985087,0.3197528123855591,0.0004976885975338519,0.044045835733413696,0.5235412493348122,samples/002151_toilet_0368.npz
2152,toilet_0369,35,15,1,92,1.865904778439748,0.31846100091934204,0.0005567903281189501,0.051579106599092484,0.4918358772993088,samples/002152_toilet_0369.npz
2153,toilet_0370,35,15,1,119,1.9726240098792551,0.31957393884658813,0.0006033539539203048,0.05174615979194641,0.6205266453325748,samples/002153_toilet_0370.npz
2154,toilet_0371,35,27,1,23,1.197330193077577,0.3192564845085144,0.00013398761802818626,0.04561954736709595,0.1435442939400673,samples/002154_toilet_0371.npz
2155,toilet_0372,35,26,1,13,1.0119291550704108,0.3198610544204712,0.00022577312483917922,0.04401141405105591,0.09200466424226761,samples/002155_toilet_0372.npz
2156,toilet_0373,35,15,1,28,1.1973300437336898,0.3192926049232483,0.00019533542217686772,0.047497451305389404,0.16678143292665482,samples/002156_toilet_0373.npz
2157,toilet_0374,35,26,1,67,1.9464970854103654,0.31945085525512695,0.0005188094219192863,0.052330076694488525,0.3683541305363178,samples/002157_toilet_0374.npz
2158,toilet_0375,35,26,1,13,0.8466404044466153,0.3193593919277191,0.0002126822801074013,0.053472429513931274,0.09324060752987862,samples/002158_toilet_0375.npz
2159,toilet_0376,35,27,1,191,2.4159698358635886,0.31994497776031494,0.000636493437923491,0.040370941162109375,0.9663502275943756,samples/002159_toilet_0376.npz
2160,toilet_0377,35,26,1,70,1.8659116783521206,0.31994855403900146,0.000526534509845078,0.04534810781478882,0.37179695442318916,samples/002160_toilet_0377.npz
2161,toilet_0378,35,26,1,126,2.3076142687623706,0.3186938464641571,0.0008301206980831921,0.05288010835647583,0.6493781991302967,samples/002161_toilet_0378.npz
2162,toilet_0379,35,27,1,58,1.5346660268093424,0.31731945276260376,0.00036940633435733616,0.0507243275642395,0.317473940551281,samples/002162_toilet_0379.npz
2163,toilet_0380,35,25,1,80,1.7527162044663842,0.3196476697921753,0.0005795571487396955,0.05568975210189819,0.4233959950506687,samples/002163_toilet_0380.npz
2164,toilet_0381,35,27,1,50,1.5676737577695838,0.3193032145500183,0.00029807593091391027,0.04283559322357178,0.27295036241412163,samples/002164_toilet_0381.npz
2165,toilet_0382,35,25,1,150,2.4992694264097945,0.31999990344047546,0.0006616591708734632,0.038221150636672974,0.7653415612876415,samples/002165_toilet_0382.npz
2166,toilet_0383,35,8,1,32,1.3948494043381972,0.31889188289642334,0.00045641534961760044,0.05501237511634827,0.18538415059447289,samples/002166_toilet_0383.npz
2167,toilet_0384,35,37,1,125,1.9726129508223695,0.3179875612258911,0.00036466887104324996,0.04823148250579834,0.6469308659434319,samples/002167_toilet_0384.npz
2168,toilet_0385,35,8,1,120,2.049001390023828,0.3199947476387024,0.0006940800813026726,0.054184019565582275,0.6129902675747871,samples/002168_toilet_0385.npz
2169,toilet_0386,35,26,1,86,1.7816870303844365,0.3199678659439087,0.0006533677806146443,0.050050437450408936,0.44876594841480255,samples/002169_toilet_0386.npz
2170,toilet_0387,35,38,1,102,1.9983995411647852,0.31989508867263794,0.00045027470332570374,0.04973025619983673,0.5251925513148308,samples/002170_toilet_0387.npz
2171,toilet_0388,35,29,1,67,1.5999994046984995,0.31875675916671753,0.0004017683386337012,0.04393140971660614,0.3603082709014416,samples/002171_toilet_0388.npz
2172,toilet_0389,35,8,1,61,1.6932846633638772,0.31999990344047546,0.0006069541559554636,0.054586753249168396,0.3269532360136509,samples/002172_toilet_0389.npz
2173,toilet_0390,35,26,1,27,1.431096805053209,0.31994181871414185,0.0003290287568233907,0.04707423225045204,0.16012966260313988,samples/002173_toilet_0390.npz
2174,toilet_0391,35,27,1,68,1.6316958355301492,0.31917625665664673,0.0002870946773327887,0.02608165144920349,0.3622329458594322,samples/002174_toilet_0391.npz
2175,toilet_0392,35,32,1,11,0.5542562110937429,0.3101579248905182,6.463218596763909e-05,0.0324859619140625,0.08272117748856544,samples/002175_toilet_0392.npz
2176,toilet_0393,35,26,1,59,2.023868028946456,0.3198913335800171,0.0007238982943817973,0.05377089977264404,0.31915486976504326,samples/002176_toilet_0393.npz
2177,toilet_0394,35,26,1,122,2.3515010838393566,0.31999966502189636,0.0007021714700385928,0.04971083998680115,0.6363865919411182,samples/002177_toilet_0394.npz
2178,toilet_0395,35,8,1,39,1.2800018930421182,0.317737877368927,0.00040923955384641886,0.053700029850006104,0.2203947864472866,samples/002178_toilet_0395.npz
2179,toilet_0396,35,26,1,50,1.6627692449141667,0.3190405070781708,0.0006437911652028561,0.05470946431159973,0.27435197681188583,samples/002179_toilet_0396.npz
2180,toilet_0397,35,15,1,79,1.8931453079338374,0.3196290135383606,0.0006722864345647395,0.04956270754337311,0.4174695387482643,samples/002180_toilet_0397.npz
2181,toilet_0398,35,26,1,129,2.5599988966432816,0.3198906481266022,0.0009150364203378558,0.05415230989456177,0.6623435094952583,samples/002181_toilet_0398.npz
2182,toilet_0399,35,26,1,73,1.9726153076757569,0.31905537843704224,0.0004729197535198182,0.040833979845047,0.38754090294241905,samples/002182_toilet_0399.npz
2183,toilet_0400,35,15,1,51,1.752712225641212,0.3192470371723175,0.0004603358684107661,0.047807931900024414,0.28085918352007866,samples/002183_toilet_0400.npz
2184,toilet_0401,35,26,1,104,2.0983824085721317,0.31965410709381104,0.0006081166211515665,0.05382993817329407,0.5395428575575352,samples/002184_toilet_0401.npz
2185,toilet_0402,35,25,1,152,2.437045715253882,0.31998682022094727,0.000707279599737376,0.051846474409103394,0.7956230975687504,samples/002185_toilet_0402.npz
2186,toilet_0403,35,29,1,58,1.7816861271248914,0.3173738718032837,0.0005893094348721206,0.053983330726623535,0.31375764682888985,samples/002186_toilet_0403.npz
2187,toilet_0404,35,27,1,138,2.262745283329909,0.3198451101779938,0.0005054390639998019,0.04754835367202759,0.7165631242096424,samples/002187_toilet_0404.npz
2188,toilet_0405,35,15,1,7,0.7155419051556593,0.31989824771881104,0.00011664256453514099,0.05480945110321045,0.06179158389568329,samples/002188_toilet_0405.npz
2189,toilet_0406,35,1,1,324,3.3255030014926166,0.31959080696105957,0.00120747578330338,0.05586600303649902,1.7042395919561386,samples/002189_toilet_0406.npz
2190,toilet_0407,35,26,1,160,2.5799211660805272,0.31977057456970215,0.0008408833527937531,0.048417627811431885,0.8374366909265518,samples/002190_toilet_0407.npz
2191,toilet_0408,35,15,1,107,2.1466295160263735,0.3195614218711853,0.0007656635134480894,0.054724857211112976,0.571273434907198,samples/002191_toilet_0408.npz
2192,toilet_0409,35,29,1,154,2.394660311483214,0.319917231798172,0.0007120202644728124,0.05355501174926758,0.83670574426651,samples/002192_toilet_0409.npz
2193,toilet_0410,35,15,1,54,1.662768922294623,0.31927603483200073,0.0004821305046789348,0.050088703632354736,0.3003603667020798,samples/002193_toilet_0410.npz
2194,toilet_0411,35,26,1,118,2.437038304545616,0.31985828280448914,0.0007522656233049929,0.04568937420845032,0.6234544888138771,samples/002194_toilet_0411.npz
2195,toilet_0412,35,26,1,90,2.193809374796416,0.31996864080429077,0.0006941476603969932,0.05619491636753082,0.4832245334982872,samples/002195_toilet_0412.npz
2196,toilet_0413,35,27,1,237,2.7712759701721144,0.3199012279510498,0.0010178338270634413,0.053241461515426636,1.2315960712730885,samples/002196_toilet_0413.npz
2197,toilet_0414,35,26,1,193,2.7153552993630825,0.31989866495132446,0.001132515026256442,0.0550103634595871,1.0065301358699799,samples/002197_toilet_0414.npz
2198,toilet_0415,35,26,1,97,2.193804565794408,0.31963080167770386,0.0008198052528314292,0.05488613247871399,0.5190305523574352,samples/002198_toilet_0415.npz
2199,toilet_0416,35,26,1,135,2.3731785113711528,0.3194883465766907,0.0006958391750231385,0.04574711620807648,0.7065753862261772,samples/002199_toilet_0416.npz
2200,toilet_0417,35,26,1,64,1.8382601391852356,0.31999942660331726,0.0006098688463680446,0.05375713109970093,0.34980766475200653,samples/002200_toilet_0417.npz
2201,toilet_0418,35,26,1,73,1.865904970104325,0.3197888731956482,0.000686795508954674,0.05471530556678772,0.39690450578927994,samples/002201_toilet_0418.npz
2202,toilet_0419,35,26,1,150,2.7153036702236735,0.31940966844558716,0.0010322722373530269,0.0541764497756958,0.7917945571243763,samples/002202_toilet_0419.npz
2203,toilet_0420,35,29,1,79,1.8101931723367597,0.31993940472602844,0.0007098031346686184,0.05560922622680664,0.42699606344103813,samples/002203_toilet_0420.npz
2204,toilet_0421,35,26,1,88,2.0738363829516757,0.3176656663417816,0.0007322184392251074,0.05439043045043945,0.4787443056702614,samples/002204_toilet_0421.npz
2205,toilet_0422,35,8,1,117,2.1703452616581402,0.3193519711494446,0.0005786014953628182,0.04332059621810913,0.6233950480818748,samples/002205_toilet_0422.npz
2206,toilet_0423,35,26,1,55,1.8102130273468426,0.31807035207748413,0.0006096812430769205,0.053195297718048096,0.30849916487932205,samples/002206_toilet_0423.npz
2207,toilet_0424,35,26,1,54,1.5999996840953514,0.3176046907901764,0.00037747493479400873,0.043081462383270264,0.3071386590600014,samples/002207_toilet_0424.npz
2208,toilet_0425,35,12,1,89,2.023859723788178,0.31977376341819763,0.0007051164284348488,0.05534994602203369,0.4763779565691948,samples/002208_toilet_0425.npz
2209,toilet_0426,35,29,1,163,2.373181675979377,0.31919756531715393,0.0009010959765873849,0.05410146713256836,0.8809031955897808,samples/002209_toilet_0426.npz
2210,toilet_0427,35,29,1,56,1.662768922294623,0.31868457794189453,0.0004163625417277217,0.05151718854904175,0.3125893473625183,samples/002210_toilet_0427.npz
2211,toilet_0428,35,26,1,131,2.415955255196712,0.3200015127658844,0.0007595104398205876,0.049575358629226685,0.6897944808006287,samples/002211_toilet_0428.npz
2212,toilet_0429,35,26,1,72,1.946484408071427,0.31975945830345154,0.0007102061645127833,0.053435683250427246,0.38878313079476357,samples/002212_toilet_0429.npz
2213,toilet_0430,35,8,1,29,1.2393550609190882,0.31706613302230835,0.00033403196721337736,0.052831947803497314,0.172882791608572,samples/002213_toilet_0430.npz
2214,toilet_0431,35,37,1,54,1.357644854557148,0.31869423389434814,0.00023321682238020003,0.03572538495063782,0.295709278434515,samples/002214_toilet_0431.npz
2215,toilet_0432,35,26,1,45,1.6932847689656894,0.3194228708744049,0.000541175075341016,0.05353492498397827,0.25347597897052765,samples/002215_toilet_0432.npz
2216,toilet_0433,35,26,1,38,1.500932403689232,0.3199661374092102,0.00043939342140220106,0.0546722412109375,0.21775437891483307,samples/002216_toilet_0433.npz
2217,toilet_0434,35,15,1,42,1.1973927291933864,0.3199504315853119,0.0002497901732567698,0.05311580002307892,0.24434514716267586,samples/002217_toilet_0434.npz
2218,toilet_0435,35,15,1,99,1.7527307934147403,0.3187929689884186,0.00035478940117172897,0.04426908493041992,0.5271432809531689,samples/002218_toilet_0435.npz
2219,toilet_0436,35,26,1,110,2.193814917361925,0.31999799609184265,0.0006560215260833502,0.054229557514190674,0.5790085643529892,samples/002219_toilet_0436.npz
2220,toilet_0437,35,6,1,171,2.3515105130858722,0.3199484050273895,0.0007057659677229822,0.04873783886432648,0.8872221782803535,samples/002220_toilet_0437.npz
2221,toilet_0438,35,26,1,111,2.262740304735836,0.31996437907218933,0.0009011084912344813,0.049322307109832764,0.5937870144844055,samples/002221_toilet_0438.npz
2222,toilet_0439,35,8,1,53,1.6932814953064537,0.3197177052497864,0.0005254895077086985,0.05433082580566406,0.2980785444378853,samples/002222_toilet_0439.npz
2223,toilet_0440,35,26,1,82,2.0738407803578824,0.31834232807159424,0.0007855221629142761,0.053113654255867004,0.4396100975573063,samples/002223_toilet_0440.npz
2224,toilet_0441,35,26,1,67,1.8101936662451243,0.3197569251060486,0.0006381989805959165,0.0469491183757782,0.36521299183368683,samples/002224_toilet_0441.npz
2225,toilet_0442,35,29,1,98,2.240000039892537,0.31930306553840637,0.000563723617233336,0.050347328186035156,0.5402931459248066,samples/002225_toilet_0442.npz
2226,toilet_0443,35,39,1,438,2.880010468146055,0.3199472427368164,0.0008398909121751785,0.05462983250617981,2.2095822915434837,samples/002226_toilet_0443.npz
2227,toilet_0444,35,26,1,102,2.3946722589640252,0.319926917552948,0.000855135906022042,0.056053221225738525,0.5438073761761189,samples/002227_toilet_0444.npz
2228,tv_stand_0268,36,26,1,224,3.001860518506948,0.31999820470809937,0.0012528072111308575,0.055005788803100586,1.1521341502666473,samples/002228_tv_stand_0268.npz
2229,tv_stand_0269,36,4,1,1,0.0,0.0,0.0,0.0,0.0048215799033641815,samples/002229_tv_stand_0269.npz
2230,tv_stand_0270,36,4,1,65,1.66278241849207,0.3198222219944,0.0004927280824631453,0.05557742714881897,0.35365844145417213,samples/002230_tv_stand_0270.npz
2231,tv_stand_0271,36,27,1,34,1.3194031377093245,0.31999990344047546,0.00024939310969784856,0.04687368869781494,0.20044194906949997,samples/002231_tv_stand_0271.npz
2232,tv_stand_0272,36,3,1,64,1.500935441634645,0.3200151324272156,0.0004663111758418381,0.05480670928955078,0.35237494111061096,samples/002232_tv_stand_0272.npz
2233,tv_stand_0273,36,4,1,61,1.357623846822252,0.3182407021522522,0.0004034326411783695,0.05477146804332733,0.3328408747911453,samples/002233_tv_stand_0273.npz
2234,tv_stand_0274,36,4,1,29,0.7838368788847919,0.30960237979888916,0.00010957167251035571,0.046460509300231934,0.17339928820729256,samples/002234_tv_stand_0274.npz
2235,tv_stand_0275,36,4,1,31,1.0614187124018515,0.3126744031906128,0.00023548302124254405,0.04235117882490158,0.18215320259332657,samples/002235_tv_stand_0275.npz
2236,tv_stand_0276,36,3,1,32,1.239352536019536,0.31978440284729004,0.00024053212837316096,0.043615639209747314,0.18936524912714958,samples/002236_tv_stand_0276.npz
2237,tv_stand_0277,36,15,1,59,1.8382627655669292,0.3197544813156128,0.0006070655072107911,0.05509144067764282,0.3241037242114544,samples/002237_tv_stand_0277.npz
2238,tv_stand_0278,36,3,1,21,1.011927520538764,0.3168272078037262,0.00019498151959851384,0.05099271237850189,0.13298756256699562,samples/002238_tv_stand_0278.npz
2239,tv_stand_0279,36,3,1,1,0.0,0.0,0.0,0.0,0.004848156124353409,samples/002239_tv_stand_0279.npz
2240,tv_stand_0280,36,4,1,55,1.4664366339420152,0.319749116897583,0.0003075270797125995,0.05341111123561859,0.30702541396021843,samples/002240_tv_stand_0280.npz
2241,tv_stand_0281,36,29,1,54,1.6316879999846243,0.319685697555542,0.00040631945012137294,0.055143892765045166,0.2992060109972954,samples/002241_tv_stand_0281.npz
2242,tv_stand_0282,36,33,1,9,0.7838348257439408,0.31716489791870117,0.00013954441237729043,0.04429405927658081,0.07125378400087357,samples/002242_tv_stand_0282.npz
2243,tv_stand_0283,36,27,1,10,0.7155520572718345,0.3122274875640869,6.077834768802859e-05,0.04008430242538452,0.08093686774373055,samples/002243_tv_stand_0283.npz
2244,tv_stand_0284,36,4,1,42,1.1973286623018486,0.3186044692993164,0.00018418088438920677,0.05393117666244507,0.23763423040509224,samples/002244_tv_stand_0284.npz
2245,tv_stand_0285,36,4,1,43,1.3576252956419914,0.3199194371700287,0.00037742735003121197,0.05571717023849487,0.2728680223226547,samples/002245_tv_stand_0285.npz
2246,tv_stand_0286,36,27,1,10,0.8466396652319026,0.31920698285102844,6.847881013527513e-05,0.03249654918909073,0.07605522498488426,samples/002246_tv_stand_0286.npz
2247,tv_stand_0287,36,26,1,73,1.662872910085978,0.31906694173812866,0.0006364373257383704,0.05414581298828125,0.3972836509346962,samples/002247_tv_stand_0287.npz
2248,tv_stand_0288,36,27,1,36,1.0612801814421133,0.31245753169059753,0.00021214154548943043,0.04861330986022949,0.20824933052062988,samples/002248_tv_stand_0288.npz
2249,tv_stand_0289,36,33,1,13,0.8466403252450698,0.3168593645095825,0.00011942354467464611,0.05290019512176514,0.09329177066683769,samples/002249_tv_stand_0289.npz
2250,tv_stand_0290,36,26,1,37,1.3576452496838434,0.31992778182029724,0.00023574303486384451,0.05254225432872772,0.21507224068045616,samples/002250_tv_stand_0290.npz
2251,tv_stand_0291,36,23,1,45,1.1085125431698408,0.3106314539909363,0.00021095100964885205,0.054700613021850586,0.2530979998409748,samples/002251_tv_stand_0291.npz
2252,tv_stand_0292,36,23,1,84,1.6932818121124626,0.319305956363678,0.0004126261337660253,0.051122844219207764,0.45410536229610443,samples/002252_tv_stand_0292.npz
2253,tv_stand_0293,36,4,1,1,0.0,0.0,0.0,0.0,0.004977997392416,samples/002253_tv_stand_0293.npz
2254,tv_stand_0294,36,4,1,25,1.2800005659087241,0.3181692957878113,0.00022242122213356197,0.04731321334838867,0.15650158002972603,samples/002254_tv_stand_0294.npz
2255,tv_stand_0295,36,26,1,69,1.752713653938467,0.31991803646087646,0.0007674458902329206,0.05518573522567749,0.3756188526749611,samples/002255_tv_stand_0295.npz
2256,tv_stand_0296,36,6,1,1,0.0,0.0,0.0,0.0,0.004922468215227127,samples/002256_tv_stand_0296.npz
2257,tv_stand_0297,36,4,1,21,0.7838347687121737,0.31760600209236145,0.00016206566942855716,0.05596566200256348,0.13452056795358658,samples/002257_tv_stand_0297.npz
2258,tv_stand_0298,36,3,1,34,1.239347197643548,0.31965839862823486,0.0001783473853720352,0.053774476051330566,0.20008568465709686,samples/002258_tv_stand_0298.npz
2259,tv_stand_0299,36,3,1,42,1.431090807494691,0.3198651075363159,0.0003607399994507432,0.051044464111328125,0.2408417910337448,samples/002259_tv_stand_0299.npz
2260,tv_stand_0300,36,27,1,32,1.2800015437966217,0.3140707015991211,0.00027532907552085817,0.04960364103317261,0.18879656866192818,samples/002260_tv_stand_0300.npz
2261,tv_stand_0301,36,4,1,30,1.2800010548527663,0.3194982409477234,0.0004428015963640064,0.05251741409301758,0.18444940075278282,samples/002261_tv_stand_0301.npz
2262,tv_stand_0302,36,4,1,13,0.6400024482747277,0.297916442155838,7.432635175064206e-05,0.03670945763587952,0.09117744490504265,samples/002262_tv_stand_0302.npz
2263,tv_stand_0303,36,33,1,18,1.0613171219913522,0.3195652961730957,0.00016205674910452217,0.0486263632774353,0.11826102435588837,samples/002263_tv_stand_0303.npz
2264,tv_stand_0304,36,4,1,104,1.7232493203594994,0.31999471783638,0.0003258225624449551,0.050983548164367676,0.5511748418211937,samples/002264_tv_stand_0304.npz
2265,tv_stand_0305,36,33,1,96,1.752711919577363,0.3199867606163025,0.0003540039760991931,0.055161893367767334,0.5106846056878567,samples/002265_tv_stand_0305.npz
2266,tv_stand_0306,36,4,1,17,0.846642542885543,0.31862393021583557,0.000172304455190897,0.052555665373802185,0.1140800304710865,samples/002266_tv_stand_0306.npz
2267,tv_stand_0307,36,3,1,36,1.4664060882259355,0.31990450620651245,0.0004315558180678636,0.047050803899765015,0.2075766772031784,samples/002267_tv_stand_0307.npz
2268,tv_stand_0308,36,26,1,75,1.8101914930473113,0.3199538290500641,0.00037906301440671086,0.053157731890678406,0.4053897000849247,samples/002268_tv_stand_0308.npz
2269,tv_stand_0309,36,4,1,31,1.1973303050854804,0.3155730962753296,0.0003273880865890533,0.048562467098236084,0.18467871472239494,samples/002269_tv_stand_0309.npz
2270,tv_stand_0310,36,23,1,15,0.8466397708340438,0.3198588788509369,0.0001038639311445877,0.049265056848526,0.10518504679203033,samples/002270_tv_stand_0310.npz
2271,tv_stand_0311,36,33,1,104,1.9726039766240815,0.3199954330921173,0.0007048004190437496,0.062206149101257324,0.5532135181128979,samples/002271_tv_stand_0311.npz
2272,tv_stand_0312,36,27,1,118,2.1226427523591345,0.3199777603149414,0.0006572683341801167,0.055466294288635254,0.6328468173742294,samples/002272_tv_stand_0312.npz
2273,tv_stand_0313,36,4,1,81,1.431083060611071,0.31991350650787354,0.0003351988852955401,0.05392920970916748,0.4359775446355343,samples/002273_tv_stand_0313.npz
2274,tv_stand_0314,36,14,1,1,0.0,0.0,0.0,0.0,0.004821348935365677,samples/002274_tv_stand_0314.npz
2275,tv_stand_0315,36,27,1,30,1.280014256271305,0.319348007440567,0.0004215683147776872,0.053992629051208496,0.17771470919251442,samples/002275_tv_stand_0315.npz
2276,tv_stand_0316,36,4,1,82,1.8102360430810167,0.31983518600463867,0.00046671717427670956,0.05256897211074829,0.43246233090758324,samples/002276_tv_stand_0316.npz
2277,tv_stand_0317,36,29,1,25,0.9051422715453529,0.31817924976348877,0.0002318062324775383,0.05450993776321411,0.1545388326048851,samples/002277_tv_stand_0317.npz
2278,tv_stand_0318,36,27,1,5,0.45255767724710444,0.31263622641563416,8.948022150434554e-05,0.04625582695007324,0.052258752286434174,samples/002278_tv_stand_0318.npz
2279,tv_stand_0319,36,3,1,42,1.2393550609190882,0.3197484612464905,0.00034010372473858297,0.05309193208813667,0.23444430530071259,samples/002279_tv_stand_0319.npz
2280,tv_stand_0320,36,14,1,41,1.5676734726114798,0.31998148560523987,0.0003903096658177674,0.056116074323654175,0.22950173541903496,samples/002280_tv_stand_0320.npz
2281,tv_stand_0321,36,26,1,51,1.6932765320045728,0.31987690925598145,0.0006562381167896092,0.052275657653808594,0.27871112525463104,samples/002281_tv_stand_0321.npz
2282,tv_stand_0322,36,27,1,16,1.1537765259550326,0.3192903399467468,0.00022127837291918695,0.03888934850692749,0.10632390528917313,samples/002282_tv_stand_0322.npz
2283,tv_stand_0323,36,4,1,63,1.4309949680975649,0.31994831562042236,0.0004451395070645958,0.05372735857963562,0.3373826891183853,samples/002283_tv_stand_0323.npz
2284,tv_stand_0324,36,38,1,25,1.0613193543892745,0.319595068693161,0.00018330896273255348,0.05356520414352417,0.15663132444024086,samples/002284_tv_stand_0324.npz
2285,tv_stand_0325,36,33,1,27,1.1085125431698408,0.3197653591632843,0.0003161490021739155,0.04684758186340332,0.16109076514840126,samples/002285_tv_stand_0325.npz
2286,tv_stand_0326,36,27,1,67,1.319436883347023,0.319985568523407,0.0003336395602673292,0.05244731903076172,0.3571186475455761,samples/002286_tv_stand_0326.npz
2287,tv_stand_0327,36,37,1,122,1.9983978410712218,0.3199988007545471,0.00042028885218314826,0.05297204852104187,0.6321704685688019,samples/002287_tv_stand_0327.npz
2288,tv_stand_0328,36,4,1,65,1.6316870684837028,0.31989967823028564,0.0003877251874655485,0.05298454314470291,0.3499411828815937,samples/002288_tv_stand_0328.npz
2289,tv_stand_0329,36,4,1,19,0.640000667124639,0.31924116611480713,5.9867335949093103e-05,0.02594965696334839,0.1214672289788723,samples/002289_tv_stand_0329.npz
2290,tv_stand_0330,36,29,1,13,0.7838401581958301,0.31300088763237,0.0001349633384961635,0.04677698761224747,0.09115629643201828,samples/002290_tv_stand_0330.npz
2291,tv_stand_0331,36,27,1,25,1.3193832829448966,0.31999456882476807,0.00024984945775941014,0.04314239323139191,0.15108448639512062,samples/002291_tv_stand_0331.npz
2292,tv_stand_0332,36,27,1,57,1.6000080100991492,0.31980884075164795,0.0004798666341230273,0.05375617742538452,0.30783088132739067,samples/002292_tv_stand_0332.npz
2293,tv_stand_0333,36,27,1,85,1.838262376473582,0.31991684436798096,0.00039191998075693846,0.044314220547676086,0.44635963067412376,samples/002293_tv_stand_0333.npz
2294,tv_stand_0334,36,3,1,4,0.3200000367034206,0.3157036006450653,5.019534728489816e-05,0.05140089988708496,0.04626357555389404,samples/002294_tv_stand_0334.npz
2295,tv_stand_0335,36,33,1,1,0.0,0.0,0.0,0.0,0.004813797771930695,samples/002295_tv_stand_0335.npz
2296,tv_stand_0336,36,16,1,16,0.9050969812950392,0.30691248178482056,0.00011777016334235668,0.03074774146080017,0.10703717917203903,samples/002296_tv_stand_0336.npz
2297,tv_stand_0337,36,25,1,1,0.0,0.0,0.0,0.0,0.004880402237176895,samples/002297_tv_stand_0337.npz
2298,tv_stand_0338,36,4,1,20,0.8466404308471288,0.3187844753265381,6.510510866064578e-05,0.02006465196609497,0.12617477402091026,samples/002298_tv_stand_0338.npz
2299,tv_stand_0339,36,4,1,22,0.8466404044466153,0.3198384940624237,8.420919766649604e-05,0.03888702392578125,0.13583946600556374,samples/002299_tv_stand_0339.npz
2300,tv_stand_0340,36,27,1,58,1.5999999634921547,0.31976595520973206,0.0004441283526830375,0.05373811721801758,0.3129633218050003,samples/002300_tv_stand_0340.npz
2301,tv_stand_0341,36,33,1,38,1.1537761385013958,0.31992602348327637,0.00024749129079282284,0.054140836000442505,0.21487681195139885,samples/002301_tv_stand_0341.npz
2302,tv_stand_0342,36,4,1,41,1.3576449862660591,0.3175203800201416,0.0002547946642152965,0.048039376735687256,0.23012736812233925,samples/002302_tv_stand_0342.npz
2303,tv_stand_0343,36,4,1,29,1.1973341133479578,0.3190087080001831,0.000246568291913718,0.05290365219116211,0.1700500287115574,samples/002303_tv_stand_0343.npz
2304,tv_stand_0344,36,12,1,71,1.6932809672963067,0.3194447159767151,0.0005072533967904747,0.05607348680496216,0.3774220906198025,samples/002304_tv_stand_0344.npz
2305,tv_stand_0345,36,4,1,64,1.6933007147637287,0.31994718313217163,0.0005939276306889951,0.05573374032974243,0.3432312645018101,samples/002305_tv_stand_0345.npz
2306,tv_stand_0346,36,12,1,21,1.0119399340778599,0.3188932538032532,0.00021201847994234413,0.05121135711669922,0.1340252384543419,samples/002306_tv_stand_0346.npz
2307,tv_stand_0347,36,14,1,1,0.0,0.0,0.0,0.0,0.00482989102602005,samples/002307_tv_stand_0347.npz
2308,tv_stand_0348,36,12,1,93,1.9983953356675446,0.31870368123054504,0.0005782137741334736,0.0481514036655426,0.48785578459501266,samples/002308_tv_stand_0348.npz
2309,tv_stand_0349,36,26,1,80,1.8931471025468172,0.31984788179397583,0.0004526465490926057,0.05641978979110718,0.42179910838603973,samples/002309_tv_stand_0349.npz
2310,tv_stand_0350,36,4,1,24,1.0613136259625298,0.319680780172348,0.0001917348417919129,0.040929973125457764,0.14550335705280304,samples/002310_tv_stand_0350.npz
2311,tv_stand_0351,36,23,1,31,1.1537831901372182,0.3198951482772827,0.00034936488373205066,0.05748468637466431,0.18271516636013985,samples/002311_tv_stand_0351.npz
2312,tv_stand_0352,36,27,1,5,0.4525497995024007,0.3160470128059387,5.303704529069364e-05,0.05101335048675537,0.05141838639974594,samples/002312_tv_stand_0352.npz
2313,tv_stand_0353,36,4,1,25,0.6400009115965133,0.31962981820106506,9.185362432617694e-05,0.04891002178192139,0.15138260647654533,samples/002313_tv_stand_0353.npz
2314,tv_stand_0354,36,27,1,17,1.0119262394175195,0.3195650279521942,0.00017413575551472604,0.049745410680770874,0.11307325586676598,samples/002314_tv_stand_0354.npz
2315,tv_stand_0355,36,22,1,1,0.0,0.0,0.0,0.0,0.004845470190048218,samples/002315_tv_stand_0355.npz
2316,tv_stand_0356,36,4,1,35,1.1973544985470306,0.3199155628681183,0.00025526259560137987,0.04987740516662598,0.2013542465865612,samples/002316_tv_stand_0356.npz
2317,tv_stand_0357,36,14,1,1,0.0,0.0,0.0,0.0,0.004799090325832367,samples/002317_tv_stand_0357.npz
2318,tv_stand_0358,36,12,1,133,2.2170241991356154,0.3197101950645447,0.000693200621753931,0.05200374126434326,0.6877001188695431,samples/002318_tv_stand_0358.npz
2319,tv_stand_0359,36,4,1,20,0.9050568750592729,0.31961554288864136,0.00019494623120408505,0.04930537939071655,0.12688945978879929,samples/002319_tv_stand_0359.npz
2320,tv_stand_0360,36,27,1,6,0.5542585097538475,0.3140762746334076,6.507900980068371e-05,0.048883914947509766,0.05641963332891464,samples/002320_tv_stand_0360.npz
2321,tv_stand_0361,36,3,1,16,0.8466404836481534,0.3125578761100769,9.886200132314116e-05,0.04477953910827637,0.10629542917013168,samples/002321_tv_stand_0361.npz
2322,tv_stand_0362,36,4,1,1,0.0,0.0,0.0,0.0,0.004800032824277878,samples/002322_tv_stand_0362.npz
2323,tv_stand_0363,36,26,1,20,1.0119296410117427,0.31937193870544434,0.0002116052055498585,0.050924479961395264,0.12624213099479675,samples/002323_tv_stand_0363.npz
2324,tv_stand_0364,36,27,1,7,0.6400002829543621,0.31376367807388306,9.612079884391278e-05,0.04326218366622925,0.06184809282422066,samples/002324_tv_stand_0364.npz
2325,tv_stand_0365,36,15,1,34,1.197331126476451,0.3184327185153961,0.0002603305329103023,0.05220862105488777,0.19525126367807388,samples/002325_tv_stand_0365.npz
2326,tv_stand_0366,36,27,1,18,1.011928890011404,0.3192470967769623,0.00019136078481096774,0.05320638418197632,0.11600210890173912,samples/002326_tv_stand_0366.npz
2327,tv_stand_0367,36,23,1,54,1.2799466412196074,0.31957441568374634,0.000319295737426728,0.05181777477264404,0.2943042516708374,samples/002327_tv_stand_0367.npz
2328,vase_0476,37,21,1,93,1.9199994868039398,0.3190755844116211,0.0006291308091022074,0.05798715353012085,0.48830335959792137,samples/002328_vase_0476.npz
2329,vase_0477,37,15,1,5,0.5542564328946948,0.31318730115890503,6.907619535923004e-05,0.05436098575592041,0.05178622528910637,samples/002329_vase_0477.npz
2330,vase_0478,37,15,1,7,0.45254804612990646,0.3038327693939209,5.1471113692969084e-05,0.04887491464614868,0.06138769909739494,samples/002330_vase_0478.npz
2331,vase_0479,37,15,1,1,0.0,0.0,0.0,0.0,0.0047722309827804565,samples/002331_vase_0479.npz
2332,vase_0480,37,10,1,1,0.0,0.0,0.0,0.0,0.004825212061405182,samples/002332_vase_0480.npz
2333,vase_0481,37,15,1,1,0.0,0.0,0.0,0.0,0.00485634058713913,samples/002333_vase_0481.npz
2334,vase_0482,37,26,1,19,1.1085125431698408,0.3177247941493988,0.0002529587072785944,0.0392184853553772,0.12609533593058586,samples/002334_vase_0482.npz
2335,vase_0483,37,15,1,8,0.6399999337084558,0.3035765290260315,5.7316436141263694e-05,0.05241876840591431,0.06720416247844696,samples/002335_vase_0483.npz
2336,vase_0484,37,29,1,8,0.5542552432340047,0.3061211109161377,9.422059520147741e-05,0.04753965139389038,0.06626840308308601,samples/002336_vase_0484.npz
2337,vase_0485,37,15,1,24,1.0613198177165568,0.3127758204936981,0.00018674577586352825,0.03283458948135376,0.1460440829396248,samples/002337_vase_0485.npz
2338,vase_0486,37,26,1,124,1.8382605282790567,0.31697970628738403,0.0004656375967897475,0.04968684911727905,0.652497686445713,samples/002338_vase_0486.npz
2339,vase_0487,37,26,1,8,0.6400001083314327,0.3167479634284973,0.00010612019104883075,0.04333186149597168,0.0664813481271267,samples/002339_vase_0487.npz
2340,vase_0488,37,26,1,21,1.197330193077577,0.3199118673801422,0.0002102377184201032,0.04984098672866821,0.13041798025369644,samples/002340_vase_0488.npz
2341,vase_0489,37,26,1,27,1.3948474813988063,0.31491219997406006,0.00020737007434945554,0.05348774790763855,0.1596606895327568,samples/002341_vase_0489.npz
2342,vase_0490,37,10,1,1,0.0,0.0,0.0,0.0,0.004770249128341675,samples/002342_vase_0490.npz
2343,vase_0491,37,26,1,74,1.3576453155382813,0.3108927011489868,0.0002299808111274615,0.053150057792663574,0.3933050371706486,samples/002343_vase_0491.npz
2344,vase_0492,37,26,1,17,1.1537764484643156,0.31983551383018494,0.00023857742780819535,0.04320341348648071,0.11098404601216316,samples/002344_vase_0492.npz
2345,vase_0493,37,15,1,7,0.5542561707662875,0.27224186062812805,0.00012561207404360175,0.05288475751876831,0.06458908319473267,samples/002345_vase_0493.npz
2346,vase_0494,37,5,1,24,0.6399998638592516,0.31800609827041626,1.610805884411093e-05,0.00932689756155014,0.151071909815073,samples/002346_vase_0494.npz
2347,vase_0495,37,26,1,10,0.8466405364491747,0.3163188099861145,0.00015369243919849396,0.05313467979431152,0.08004756644368172,samples/002347_vase_0495.npz
2348,vase_0496,37,26,1,15,1.011928890011404,0.3162509799003601,0.0003467947244644165,0.05425548553466797,0.10278380289673805,samples/002348_vase_0496.npz
2349,vase_0497,37,15,1,18,1.1537736587950402,0.31939056515693665,0.00014641429879702628,0.041461825370788574,0.11735059320926666,samples/002349_vase_0497.npz
2350,vase_0498,37,6,1,1,0.0,0.0,0.0,0.0,0.004876676946878433,samples/002350_vase_0498.npz
2351,vase_0499,37,38,1,12,0.7838357382516498,0.31149640679359436,0.00013841866166330874,0.0490647554397583,0.08685627579689026,samples/002351_vase_0499.npz
2352,vase_0500,37,26,1,34,1.357644854557148,0.31997421383857727,0.000287524308077991,0.05374467372894287,0.19618772715330124,samples/002352_vase_0500.npz
2353,vase_0501,37,26,1,41,1.5009330589328804,0.3173010051250458,0.00031669909367337823,0.047614872455596924,0.23292748630046844,samples/002353_vase_0501.npz
2354,vase_0502,37,15,1,17,0.9599999762326477,0.31937164068222046,0.00013641109399031848,0.026833176612854004,0.11351468414068222,samples/002354_vase_0502.npz
2355,vase_0503,37,26,1,43,1.197330155741607,0.3182363510131836,0.00024561057216487825,0.05711650848388672,0.24078413471579552,samples/002355_vase_0503.npz
2356,vase_0504,37,26,1,78,1.865904682607452,0.3197636604309082,0.00040747979073785245,0.054685503244400024,0.41445036977529526,samples/002356_vase_0504.npz
2357,vase_0505,37,33,1,30,1.011929950247014,0.3066038489341736,0.00020690004748757929,0.048519790172576904,0.2045445665717125,samples/002357_vase_0505.npz
2358,vase_0506,37,15,1,35,1.4310593199000894,0.31895217299461365,0.00036783242831006646,0.052170902490615845,0.23225189745426178,samples/002358_vase_0506.npz
2359,vase_0507,37,15,1,17,0.9050968331225622,0.31374621391296387,0.00014064257265999913,0.0544658899307251,0.13548170775175095,samples/002359_vase_0507.npz
2360,vase_0508,37,5,1,12,0.5542563522398135,0.31212538480758667,6.457424024119973e-05,0.03674578666687012,0.10575640201568604,samples/002360_vase_0508.npz
2361,vase_0509,37,15,1,82,1.8382599446382941,0.31652340292930603,0.00044170412002131343,0.042262002825737,0.5271756164729595,samples/002361_vase_0509.npz
2362,vase_0510,37,15,1,54,1.7232530559156853,0.3186645805835724,0.00038011418655514717,0.0344274640083313,0.34806152805685997,samples/002362_vase_0510.npz
2363,vase_0511,37,5,1,17,0.9050966849500609,0.31387859582901,0.00015463211457245052,0.040268003940582275,0.13196787238121033,samples/002363_vase_0511.npz
2364,vase_0512,37,26,1,12,0.9050965367775352,0.3159734606742859,0.0002297114988323301,0.05151939392089844,0.10405106842517853,samples/002364_vase_0512.npz
2365,vase_0513,37,26,1,18,1.0119290667174163,0.3189392685890198,0.0002378058125032112,0.05173009634017944,0.13741425797343254,samples/002365_vase_0513.npz
2366,vase_0514,37,15,1,18,1.0613198177165568,0.30327707529067993,0.00025036244187504053,0.05661386251449585,0.1404290683567524,samples/002366_vase_0514.npz
2367,vase_0515,37,38,1,29,1.2799473397404666,0.3195822834968567,0.0002453439519740641,0.045524418354034424,0.20512743666768074,samples/002367_vase_0515.npz
2368,vase_0516,37,26,1,52,1.3948478659868966,0.31485459208488464,0.0003474724944680929,0.05490672588348389,0.30203524231910706,samples/002368_vase_0516.npz
2369,vase_0517,37,15,1,3,0.32000129398628213,0.27822428941726685,3.873297828249633e-05,0.039660751819610596,0.04316669702529907,samples/002369_vase_0517.npz
2370,vase_0518,37,26,1,54,1.752712327662483,0.31674715876579285,0.00029448457644321024,0.049677908420562744,0.3056144490838051,samples/002370_vase_0518.npz
2371,vase_0519,37,26,1,14,0.9599999762326477,0.3149220049381256,0.00017705134814605117,0.049051523208618164,0.09748028963804245,samples/002371_vase_0519.npz
2372,vase_0520,37,15,1,12,1.0119285365992874,0.31397610902786255,0.0001648559409659356,0.05110841989517212,0.08948695659637451,samples/002372_vase_0520.npz
2373,vase_0521,37,26,1,73,1.6316863013648975,0.3172622621059418,0.0003553798596840352,0.03944563865661621,0.39203212410211563,samples/002373_vase_0521.npz
2374,vase_0522,37,5,1,38,1.0613181328891064,0.3188767433166504,8.57049017213285e-05,0.025570452213287354,0.21553844213485718,samples/002374_vase_0522.npz
2375,vase_0523,37,15,1,1,0.0,0.0,0.0,0.0,0.004863068461418152,samples/002375_vase_0523.npz
2376,vase_0524,37,26,1,308,3.0526056244217568,0.31520986557006836,0.0007014668080955744,0.03879314661026001,1.5631188042461872,samples/002376_vase_0524.npz
2377,vase_0525,37,26,1,58,1.5676734726114798,0.3198379874229431,0.00037300787516869605,0.053847700357437134,0.31549298018217087,samples/002377_vase_0525.npz
2378,vase_0526,37,15,1,25,1.197330230413546,0.31584787368774414,0.00026946759317070246,0.04944533109664917,0.15186187252402306,samples/002378_vase_0526.npz
2379,vase_0527,37,15,1,22,1.0119288016583865,0.29901206493377686,0.00020802537619601935,0.054665908217430115,0.13622212037444115,samples/002379_vase_0527.npz
2380,vase_0528,37,10,1,3,0.32000014147718103,0.3155136704444885,3.2219599233940244e-05,0.032991647720336914,0.041469015181064606,samples/002380_vase_0528.npz
2381,vase_0529,37,6,1,45,1.3948478659868966,0.31871581077575684,0.00026069703744724393,0.05998438596725464,0.24991002678871155,samples/002381_vase_0529.npz
2382,vase_0530,37,11,1,8,0.7155419676306609,0.30945342779159546,0.00023925863206386566,0.05423837900161743,0.06680302694439888,samples/002382_vase_0530.npz
2383,vase_0531,37,10,1,1,0.0,0.0,0.0,0.0,0.00489463284611702,samples/002383_vase_0531.npz
2384,vase_0532,37,26,1,32,0.9600001159310271,0.3161690831184387,0.00018865542369894683,0.053812384605407715,0.1857447810471058,samples/002384_vase_0532.npz
2385,vase_0533,37,26,1,19,1.1537762547375006,0.31280964612960815,0.00034807747579179704,0.05341029167175293,0.12147950008511543,samples/002385_vase_0533.npz
2386,vase_0534,37,10,1,1,0.0,0.0,0.0,0.0,0.0048429034650325775,samples/002386_vase_0534.npz
2387,vase_0535,37,15,1,15,1.011929287599888,0.3160364031791687,0.0002754959568846971,0.05374753475189209,0.1015716902911663,samples/002387_vase_0535.npz
2388,vase_0536,37,15,1,7,0.554256372403535,0.30036765336990356,7.455243030562997e-05,0.039425432682037354,0.06146816536784172,samples/002388_vase_0536.npz
2389,vase_0537,37,10,1,1,0.0,0.0,0.0,0.0,0.004828609526157379,samples/002389_vase_0537.npz
2390,vase_0538,37,15,1,16,1.1085125028423906,0.31634509563446045,9.764445712789893e-05,0.028723061084747314,0.10836554318666458,samples/002390_vase_0538.npz
2391,vase_0539,37,15,1,14,0.7155415615430534,0.31703004240989685,0.00012054690159857273,0.054714977741241455,0.09848566725850105,samples/002391_vase_0539.npz
2392,vase_0540,37,15,1,25,1.3193938541194619,0.3115755319595337,0.000398365780711174,0.051354169845581055,0.15122207254171371,samples/002392_vase_0540.npz
2393,vase_0541,37,15,1,21,1.1085125431698408,0.3183671534061432,0.0002543256268836558,0.04546022415161133,0.1310890093445778,samples/002393_vase_0541.npz
2394,vase_0542,37,26,1,25,1.0119291550704108,0.31034696102142334,0.00016358026186935604,0.0370945930480957,0.1513591893017292,samples/002394_vase_0542.npz
2395,vase_0543,37,15,1,12,0.8466405100486645,0.3194130063056946,0.00030331878224387765,0.054690539836883545,0.08640085905790329,samples/002395_vase_0543.npz
2396,vase_0544,37,5,1,13,0.7838368218531743,0.3192974328994751,0.00013627047883346677,0.05298084020614624,0.15042847394943237,samples/002396_vase_0544.npz
2397,vase_0545,37,26,1,9,0.715541717730622,0.3172130584716797,0.00013657769886776805,0.054998576641082764,0.07270676270127296,samples/002397_vase_0545.npz
2398,vase_0546,37,26,1,16,0.9600006281582446,0.31400877237319946,0.0002504974836483598,0.05422753095626831,0.10663268342614174,samples/002398_vase_0546.npz
2399,vase_0547,37,15,1,1,0.0,0.0,0.0,0.0,0.004824373871088028,samples/002399_vase_0547.npz
2400,vase_0548,37,10,1,1,0.0,0.0,0.0,0.0,0.004839293658733368,samples/002400_vase_0548.npz
2401,vase_0549,37,26,1,30,1.1973303424214459,0.31738829612731934,0.0001603195705683902,0.02427542209625244,0.17735053598880768,samples/002401_vase_0549.npz
2402,vase_0550,37,26,1,18,1.1085124221874858,0.3186441659927368,0.00027329521253705025,0.05053448677062988,0.11690916866064072,samples/002402_vase_0550.npz
2403,vase_0551,37,6,1,3,0.31999968745730456,0.3190516233444214,8.54680547490716e-06,0.008749634027481079,0.04157211631536484,samples/002403_vase_0551.npz
2404,vase_0552,37,26,1,31,1.35764505212051,0.3120257258415222,0.0003346255689393729,0.052612245082855225,0.18561046570539474,samples/002404_vase_0552.npz
2405,vase_0553,37,6,1,1,0.0,0.0,0.0,0.0,0.0047459788620471954,samples/002405_vase_0553.npz
2406,vase_0554,37,26,1,24,1.0613201125610856,0.30083221197128296,0.00022862930200062692,0.05524861812591553,0.14670055359601974,samples/002406_vase_0554.npz
2407,vase_0555,37,26,1,8,0.7838368218531743,0.2937277555465698,0.00011184603499714285,0.05317831039428711,0.06666932627558708,samples/002407_vase_0555.npz
2408,vase_0556,37,26,1,14,0.960002025140176,0.31514620780944824,0.0002198320289608091,0.053980886936187744,0.09625028073787689,samples/002408_vase_0556.npz
2409,vase_0557,37,28,1,7,0.45254866351536244,0.30689066648483276,5.407597200246528e-05,0.046778321266174316,0.06201434135437012,samples/002409_vase_0557.npz
2410,vase_0558,37,26,1,27,1.239365809719621,0.3179360032081604,0.00022780272411182523,0.053002893924713135,0.16115626320242882,samples/002410_vase_0558.npz
2411,vase_0559,37,26,1,7,0.6400001083314327,0.30649447441101074,0.00010125606786459684,0.05398279428482056,0.06425671651959419,samples/002411_vase_0559.npz
2412,vase_0560,37,26,1,27,1.1537764097189551,0.30907824635505676,0.0003582243516575545,0.053922295570373535,0.162075936794281,samples/002412_vase_0560.npz
2413,vase_0561,37,26,1,22,1.1537765259550326,0.3190349340438843,0.0002825292758643627,0.05280566215515137,0.13803111761808395,samples/002413_vase_0561.npz
2414,vase_0562,37,26,1,13,1.0613198177165568,0.31279343366622925,0.0003048225480597466,0.054512977600097656,0.09236250445246696,samples/002414_vase_0562.npz
2415,vase_0563,37,15,1,24,1.0119296851882158,0.3156474232673645,0.00017456948990002275,0.055420517921447754,0.14628714323043823,samples/002415_vase_0563.npz
2416,vase_0564,37,5,1,1,0.0,0.0,0.0,0.0,0.004865624010562897,samples/002416_vase_0564.npz
2417,vase_0565,37,15,1,49,1.3948481223788978,0.3191191852092743,0.00017623495659790933,0.02603888511657715,0.2708464302122593,samples/002417_vase_0565.npz
2418,vase_0566,37,15,1,49,1.2393547002194671,0.31475815176963806,0.0003128500247839838,0.05513763427734375,0.2695091515779495,samples/002418_vase_0566.npz
2419,vase_0567,37,19,1,8,0.5542562110937429,0.2727232575416565,7.910168642411008e-05,0.0494539700448513,0.06660662218928337,samples/002419_vase_0567.npz
2420,vase_0568,37,5,1,1,0.0,0.0,0.0,0.0,0.0048562996089458466,samples/002420_vase_0568.npz
2421,vase_0569,37,15,1,9,0.6399999337084558,0.318613737821579,8.445026469416916e-05,0.036895573139190674,0.07180155813694,samples/002421_vase_0569.npz
2422,vase_0570,37,26,1,43,1.5346664346170844,0.3199874758720398,0.00027502077864483,0.044613033533096313,0.24012406915426254,samples/002422_vase_0570.npz
2423,vase_0571,37,26,1,18,1.1973306411091273,0.3187066912651062,0.0003229326393920928,0.052246928215026855,0.1166754774749279,samples/002423_vase_0571.npz
2424,vase_0572,37,10,1,1,0.0,0.0,0.0,0.0,0.0047677382826805115,samples/002424_vase_0572.npz
2425,vase_0573,37,26,1,22,1.1973309397967344,0.31836992502212524,0.0002692255366127938,0.050586998462677,0.1362006478011608,samples/002425_vase_0573.npz
2426,vase_0574,37,26,1,19,1.1085128254619512,0.31999725103378296,0.0002640643797349185,0.05229389667510986,0.12152858823537827,samples/002426_vase_0574.npz
2427,vase_0575,37,15,1,6,0.639998955818904,0.30652567744255066,0.00014935104991309345,0.055344998836517334,0.05635569617152214,samples/002427_vase_0575.npz
2428,wardrobe_0088,38,39,1,86,1.5676743851172301,0.31972455978393555,0.00021151924738660455,0.04220494627952576,0.46082986518740654,samples/002428_wardrobe_0088.npz
2429,wardrobe_0089,38,27,1,13,0.7155423112430719,0.31748148798942566,8.41474684420973e-05,0.04878270626068115,0.09147147834300995,samples/002429_wardrobe_0089.npz
2430,wardrobe_0090,38,27,1,26,1.1537766034457442,0.3199957609176636,0.00017979215772356838,0.053008973598480225,0.15561248362064362,samples/002430_wardrobe_0090.npz
2431,wardrobe_0091,38,26,1,9,0.5543632096646343,0.3178180456161499,0.0001332571846432984,0.05449843406677246,0.07143808156251907,samples/002431_wardrobe_0091.npz
2432,wardrobe_0092,38,26,1,12,0.9051063161121938,0.31971120834350586,0.00021051659132353961,0.05211836099624634,0.08632767200469971,samples/002432_wardrobe_0092.npz
2433,wardrobe_0093,38,27,1,44,1.3948610701136765,0.31989189982414246,0.00024832936469465494,0.05451476573944092,0.24570933729410172,samples/002433_wardrobe_0093.npz
2434,wardrobe_0094,38,14,1,4,0.32000012401489003,0.25041452050209045,1.1945259757339954e-05,0.012231141328811646,0.046589817851781845,samples/002434_wardrobe_0094.npz
2435,wardrobe_0095,38,4,1,1,0.0,0.0,0.0,0.0,0.004848424345254898,samples/002435_wardrobe_0095.npz
2436,wardrobe_0096,38,27,1,22,0.9600013732155277,0.31755775213241577,0.00021536313579417765,0.052149176597595215,0.13662955164909363,samples/002436_wardrobe_0096.npz
2437,wardrobe_0097,38,27,1,25,1.0119158136808775,0.3199819326400757,0.00010879343608394265,0.03277583420276642,0.15106462314724922,samples/002437_wardrobe_0097.npz
2438,wardrobe_0098,38,27,1,31,1.153780090522385,0.313506543636322,0.00022741765133105218,0.05382561683654785,0.1810717098414898,samples/002438_wardrobe_0098.npz
2439,wardrobe_0099,38,14,1,1,0.0,0.0,0.0,0.0,0.0048556141555309296,samples/002439_wardrobe_0099.npz
2440,wardrobe_0100,38,27,1,26,0.960000162497149,0.3170055150985718,0.00019213909399695694,0.05052453279495239,0.15697330236434937,samples/002440_wardrobe_0100.npz
2441,wardrobe_0101,38,27,1,28,1.1085137126652587,0.31676149368286133,0.00021538464352488518,0.05303144454956055,0.16599681600928307,samples/002441_wardrobe_0101.npz
2442,wardrobe_0102,38,27,1,32,1.2800004262103921,0.3199782967567444,0.00019095107563771307,0.04204446077346802,0.18600428476929665,samples/002442_wardrobe_0102.npz
2443,wardrobe_0103,38,14,1,27,0.9600005815921452,0.3198886215686798,0.00015364945284090936,0.054109275341033936,0.16382602974772453,samples/002443_wardrobe_0103.npz
2444,wardrobe_0104,38,26,1,38,1.3194336307930223,0.3199927508831024,0.00034486030926927924,0.053401291370391846,0.22065171971917152,samples/002444_wardrobe_0104.npz
2445,wardrobe_0105,38,39,1,1,0.0,0.0,0.0,0.0,0.004836428910493851,samples/002445_wardrobe_0105.npz
2446,wardrobe_0106,38,26,1,28,1.3193916856803023,0.3199957609176636,0.00043297000229358673,0.05432093143463135,0.16614271700382233,samples/002446_wardrobe_0106.npz
2447,wardrobe_0107,38,14,1,61,1.8101868502977885,0.31913304328918457,0.00039605022175237536,0.048332273960113525,0.32996702939271927,samples/002447_wardrobe_0107.npz
2448,xbox_0104,39,27,1,12,0.9600010472530375,0.3151968717575073,0.00021692758309654891,0.04936349391937256,0.08683453872799873,samples/002448_xbox_0104.npz
2449,xbox_0105,39,14,1,1,0.0,0.0,0.0,0.0,0.004827633500099182,samples/002449_xbox_0105.npz
2450,xbox_0106,39,38,1,10,0.7155425923803763,0.31969159841537476,0.00014801311772316694,0.04807865619659424,0.07757679745554924,samples/002450_xbox_0106.npz
2451,xbox_0107,39,27,1,22,1.1537810978981191,0.31818509101867676,0.00017085175204556435,0.03664553165435791,0.13695555925369263,samples/002451_xbox_0107.npz
2452,xbox_0108,39,38,1,10,0.7155405619418067,0.3150472044944763,9.691501327324659e-05,0.03658628463745117,0.07851490750908852,samples/002452_xbox_0108.npz
2453,xbox_0109,39,26,1,19,1.0613198177165568,0.3088262677192688,0.00023041591339278966,0.04821768403053284,0.12126433849334717,samples/002453_xbox_0109.npz
2454,xbox_0110,39,38,1,4,0.45252248563275005,0.31977376341819763,5.217891157371923e-06,0.002971947193145752,0.04630596935749054,samples/002454_xbox_0110.npz
2455,xbox_0111,39,14,1,8,0.6400001432560224,0.31965649127960205,0.00013624835992231965,0.04603135585784912,0.06618465855717659,samples/002455_xbox_0111.npz
2456,xbox_0112,39,38,1,6,0.5541922883932209,0.3146461844444275,7.552799070253968e-05,0.042656004428863525,0.05656769499182701,samples/002456_xbox_0112.npz
2457,xbox_0113,39,26,1,8,0.7838366507582963,0.3197627067565918,0.00016869290266186,0.053207337856292725,0.06688221916556358,samples/002457_xbox_0113.npz
2458,xbox_0114,39,14,1,25,1.2393547002194671,0.31995129585266113,0.00034119750489480793,0.05247610807418823,0.15103116631507874,samples/002458_xbox_0114.npz
2459,xbox_0115,39,4,1,18,0.90509194341721,0.31850382685661316,0.00013148318976163864,0.04261867702007294,0.11597764864563942,samples/002459_xbox_0115.npz
2460,xbox_0116,39,27,1,12,0.715541717730622,0.31988969445228577,0.00014300254406407475,0.05061757564544678,0.08606625348329544,samples/002460_xbox_0116.npz
2461,xbox_0117,39,38,1,3,0.32000265603714106,0.21843014657497406,2.7043068257626146e-05,0.02768939733505249,0.04141449183225632,samples/002461_xbox_0117.npz
2462,xbox_0118,39,27,1,4,0.4525486388199603,0.26429182291030884,6.934392149560153e-05,0.053330838680267334,0.04593268409371376,samples/002462_xbox_0118.npz
2463,xbox_0119,39,26,1,29,1.3948268416824148,0.3199138343334198,0.00031145682442002,0.050544679164886475,0.1709451973438263,samples/002463_xbox_0119.npz
2464,xbox_0120,39,27,1,11,0.7155416552555987,0.31082648038864136,0.00011295230069663376,0.04632306098937988,0.0820896290242672,samples/002464_xbox_0120.npz
2465,xbox_0121,39,25,1,3,0.32000017640176026,0.2596435248851776,2.0402349036885425e-05,0.020891621708869934,0.04258304461836815,samples/002465_xbox_0121.npz
2466,xbox_0122,39,38,1,26,1.1973477781900803,0.31999993324279785,0.00024125861818902194,0.04583853483200073,0.15596404671669006,samples/002466_xbox_0122.npz
2467,xbox_0123,39,27,1,18,1.197331537171725,0.3199843168258667,0.0002044930588454008,0.05102330446243286,0.11863483861088753,samples/002467_xbox_0123.npz
