index,sample_id,label,adv_pred,success,query_count,mse_l2,linf,chamfer,hausdorff,elapsed_seconds,file
0,airplane_0627,0,26,1,0,1.3231287833742191,0.15999993681907654,0.0006185424281284213,0.018088221549987793,1.7305541932582855,samples/000000_airplane_0627.npz
1,airplane_0628,0,26,1,0,1.542481338196425,0.1599999964237213,0.000727752922102809,0.018460333347320557,0.6287447586655617,samples/000001_airplane_0628.npz
2,airplane_0629,0,26,1,0,1.3800966133630597,0.1599993109703064,0.0006873485399410129,0.019372999668121338,0.6163963414728642,samples/000002_airplane_0629.npz
3,airplane_0630,0,26,1,0,1.5897734905342473,0.15999990701675415,0.0007436979212798178,0.033196449279785156,0.6260908357799053,samples/000003_airplane_0630.npz
4,airplane_0631,0,26,1,0,1.484048907952109,0.1599999964237213,0.0007840669713914394,0.018777310848236084,0.6287121027708054,samples/000004_airplane_0631.npz
5,airplane_0632,0,26,1,0,1.6422364086994616,0.1599995493888855,0.0008548659970983863,0.024117767810821533,0.616515725851059,samples/000005_airplane_0632.npz
6,airplane_0633,0,26,1,0,1.8423667179902172,0.1600000262260437,0.0008954121731221676,0.023542195558547974,0.6163769103586674,samples/000006_airplane_0633.npz
7,airplane_0634,0,26,1,0,1.612184609020323,0.15999995172023773,0.0007405739743262529,0.015460073947906494,0.6144982390105724,samples/000007_airplane_0634.npz
8,airplane_0635,0,26,1,0,1.3117780743577834,0.1599995195865631,0.0006536347791552544,0.027742326259613037,0.6434030793607235,samples/000008_airplane_0635.npz
9,airplane_0636,0,26,1,0,1.3552871274607154,0.15999968349933624,0.0005984717281535268,0.018316984176635742,0.674371212720871,samples/000009_airplane_0636.npz
10,airplane_0637,0,26,1,0,1.79956804894206,0.1599999964237213,0.0008617166895419359,0.023287862539291382,0.670596644282341,samples/000010_airplane_0637.npz
11,airplane_0638,0,26,1,0,1.5247982696871132,0.1599995493888855,0.0007088413112796843,0.026149585843086243,0.6539843529462814,samples/000011_airplane_0638.npz
12,airplane_0639,0,26,1,0,1.411401785061456,0.15999993681907654,0.0007110515143722296,0.02130800485610962,0.6203509867191315,samples/000012_airplane_0639.npz
13,airplane_0640,0,26,1,0,2.0194221924604254,0.1600000262260437,0.0010567631106823683,0.028429806232452393,0.6184888817369938,samples/000013_airplane_0640.npz
14,airplane_0641,0,26,1,0,1.4939354849217956,0.15999990701675415,0.0007816749275662005,0.023539304733276367,0.6893479637801647,samples/000014_airplane_0641.npz
15,airplane_0642,0,26,1,0,1.6743994931675434,0.1599999964237213,0.0007393448613584042,0.02673870325088501,0.7159024141728878,samples/000015_airplane_0642.npz
16,airplane_0643,0,26,1,0,2.425320641467479,0.1599999964237213,0.0012009842321276665,0.028584420680999756,0.6958398930728436,samples/000016_airplane_0643.npz
17,airplane_0644,0,26,1,0,1.84866347491533,0.1600000262260437,0.0008949794573709369,0.018459796905517578,0.7083864659070969,samples/000017_airplane_0644.npz
18,airplane_0645,0,26,1,0,1.82902983745308,0.15999996662139893,0.0008578120032325387,0.020308196544647217,0.7092022933065891,samples/000018_airplane_0645.npz
19,airplane_0646,0,26,1,0,1.5644466671471056,0.15769121050834656,0.000750963285099715,0.02049964666366577,0.7048043981194496,samples/000019_airplane_0646.npz
20,airplane_0647,0,26,1,0,1.4907577815386126,0.15999996662139893,0.0006729223532602191,0.025199174880981445,0.6342675238847733,samples/000020_airplane_0647.npz
21,airplane_0648,0,26,1,0,1.3096353058186947,0.1599999964237213,0.0006124625797383487,0.016727745532989502,0.6251984797418118,samples/000021_airplane_0648.npz
22,airplane_0649,0,30,1,0,1.6522799540439543,0.15999990701675415,0.0007837088778614998,0.019438475370407104,0.6472541131079197,samples/000022_airplane_0649.npz
23,airplane_0650,0,12,1,0,1.5778964226492447,0.1599999964237213,0.000738053466193378,0.0188201442360878,0.6167597733438015,samples/000023_airplane_0650.npz
24,airplane_0651,0,26,1,0,1.7365766418221693,0.15999998152256012,0.0007557997014373541,0.027774453163146973,0.6574396751821041,samples/000024_airplane_0651.npz
25,airplane_0652,0,26,1,0,1.8509669251415974,0.1599999964237213,0.0008829396683722734,0.01970958709716797,0.7038609199225903,samples/000025_airplane_0652.npz
26,airplane_0653,0,26,1,0,1.5891294819716058,0.15999989211559296,0.0007624197169207036,0.02664881944656372,0.7123164385557175,samples/000026_airplane_0653.npz
27,airplane_0654,0,26,1,0,1.76092690817517,0.1599999964237213,0.0007065593381412327,0.019900798797607422,0.6529441438615322,samples/000027_airplane_0654.npz
28,airplane_0655,0,26,1,0,1.969581882381315,0.1599999964237213,0.000888956943526864,0.025260210037231445,0.6155000329017639,samples/000028_airplane_0655.npz
29,airplane_0656,0,26,1,0,1.6366266848360924,0.1600000262260437,0.0006722602993249893,0.017152011394500732,0.61501020565629,samples/000029_airplane_0656.npz
30,airplane_0657,0,26,1,0,0.7961073150826736,0.09879152476787567,0.00028880033642053604,0.0076332688331604,0.6138956733047962,samples/000030_airplane_0657.npz
31,airplane_0658,0,26,1,0,1.4736612063150487,0.1600000262260437,0.0006442512385547161,0.016051292419433594,0.6201832927763462,samples/000031_airplane_0658.npz
32,airplane_0659,0,26,1,0,1.6384843757671375,0.15999996662139893,0.0008427266729995608,0.02588936686515808,0.6251763142645359,samples/000032_airplane_0659.npz
33,airplane_0660,0,26,1,0,1.497631587391076,0.15999974310398102,0.0007556575583294034,0.01685231924057007,0.6153146363794804,samples/000033_airplane_0660.npz
34,airplane_0661,0,26,1,0,1.1395742593272655,0.1599997878074646,0.0005957182729616761,0.012263283133506775,0.6209380365908146,samples/000034_airplane_0661.npz
35,airplane_0662,0,26,1,0,1.4461856163682296,0.15999995172023773,0.0007242418359965086,0.024982869625091553,0.6123638600111008,samples/000035_airplane_0662.npz
36,airplane_0663,0,26,1,0,1.6014326275527055,0.1550222635269165,0.0006897167768329382,0.021263718605041504,0.6596292667090893,samples/000036_airplane_0663.npz
37,airplane_0664,0,26,1,0,1.9805511818609087,0.1600000113248825,0.0009661467047408223,0.01933002471923828,0.6659729741513729,samples/000037_airplane_0664.npz
38,airplane_0665,0,26,1,0,1.461070396376219,0.15999989211559296,0.0006952337571419775,0.015584349632263184,0.6534028053283691,samples/000038_airplane_0665.npz
39,airplane_0666,0,26,1,0,1.773949166985613,0.1600000262260437,0.0007849953835830092,0.018281161785125732,0.6555784456431866,samples/000039_airplane_0666.npz
40,airplane_0667,0,26,1,0,1.8466085483802266,0.1599999964237213,0.0008855542400851846,0.01849415898323059,0.6766372621059418,samples/000040_airplane_0667.npz
41,airplane_0668,0,26,1,0,1.6494633343724425,0.1599999964237213,0.0007890996639616787,0.019687503576278687,0.6753667145967484,samples/000041_airplane_0668.npz
42,airplane_0669,0,15,1,0,1.1809936139235295,0.15999996662139893,0.0005384600954130292,0.015855252742767334,0.6585287265479565,samples/000042_airplane_0669.npz
43,airplane_0670,0,26,1,0,1.9206387335065622,0.1599999964237213,0.0008641132153570652,0.022001594305038452,0.6863109469413757,samples/000043_airplane_0670.npz
44,airplane_0671,0,26,1,0,1.7468103564044266,0.15999996662139893,0.0008741754572838545,0.02345860004425049,0.7099495753645897,samples/000044_airplane_0671.npz
45,airplane_0672,0,26,1,0,1.5671956458597904,0.1599999964237213,0.0007263174629770219,0.037790656089782715,0.633751954883337,samples/000045_airplane_0672.npz
46,airplane_0673,0,26,1,0,2.071926509855532,0.1599999964237213,0.0009646480903029442,0.026819705963134766,0.6542782038450241,samples/000046_airplane_0673.npz
47,airplane_0674,0,26,1,0,1.6879772465096632,0.15999984741210938,0.0007507330738008022,0.020798444747924805,0.6514404490590096,samples/000047_airplane_0674.npz
48,airplane_0675,0,26,1,0,1.2831774844042165,0.13756656646728516,0.00048596749547868967,0.01653766632080078,0.6471692658960819,samples/000048_airplane_0675.npz
49,airplane_0676,0,15,1,0,1.8081500042512624,0.15999817848205566,0.0008426113636232913,0.01886117458343506,0.6245700940489769,samples/000049_airplane_0676.npz
50,airplane_0677,0,26,1,0,1.2814482791344761,0.12884223461151123,0.0006147142266854644,0.015800178050994873,0.6478975676000118,samples/000050_airplane_0677.npz
51,airplane_0678,0,26,1,0,1.8266308865500296,0.15999998152256012,0.0009268185822293162,0.03375568240880966,0.6169360093772411,samples/000051_airplane_0678.npz
52,airplane_0679,0,26,1,0,1.3119442308031624,0.1599999964237213,0.0005378365749493241,0.01570657640695572,0.6360202878713608,samples/000052_airplane_0679.npz
53,airplane_0680,0,26,1,0,1.1180419721956374,0.1322389841079712,0.0005578796844929457,0.01058901846408844,0.6112961731851101,samples/000053_airplane_0680.npz
54,airplane_0681,0,26,1,0,2.008607224694082,0.15778657793998718,0.0010470645502209663,0.022216439247131348,0.6223137378692627,samples/000054_airplane_0681.npz
55,airplane_0682,0,26,1,0,1.750462743341433,0.15999959409236908,0.0009199758060276508,0.019745707511901855,0.6147381216287613,samples/000055_airplane_0682.npz
56,airplane_0683,0,26,1,0,1.4393446530759362,0.15999948978424072,0.0008579532150179148,0.02368760108947754,0.6495287716388702,samples/000056_airplane_0683.npz
57,airplane_0684,0,26,1,0,1.3744630415378793,0.15999996662139893,0.0006680903024971485,0.0216292142868042,0.6229549422860146,samples/000057_airplane_0684.npz
58,airplane_0685,0,26,1,0,1.9225539892128631,0.1599999964237213,0.0008559979032725096,0.019230782985687256,0.6133435629308224,samples/000058_airplane_0685.npz
59,airplane_0686,0,26,1,0,1.8346764961735276,0.15999996662139893,0.0006353500066325068,0.021181941032409668,0.6120012812316418,samples/000059_airplane_0686.npz
60,airplane_0687,0,26,1,0,1.7892952979934953,0.1600000262260437,0.0008838269859552383,0.029475867748260498,0.6381151005625725,samples/000060_airplane_0687.npz
61,airplane_0688,0,26,1,0,2.3996745842617,0.1599999964237213,0.0011095389490947127,0.028931915760040283,0.6244589164853096,samples/000061_airplane_0688.npz
62,airplane_0689,0,26,1,0,1.464199504324844,0.14896655082702637,0.0006802196148782969,0.019825875759124756,0.6142673045396805,samples/000062_airplane_0689.npz
63,airplane_0690,0,26,1,0,1.5725542265634707,0.1599999964237213,0.0008737991447560489,0.028856933116912842,0.6122465841472149,samples/000063_airplane_0690.npz
64,airplane_0691,0,26,1,0,1.8282761144537407,0.1599999964237213,0.0009841686114668846,0.022464632987976074,0.6432450599968433,samples/000064_airplane_0691.npz
65,airplane_0692,0,26,1,0,1.791569182235257,0.1600000262260437,0.0008184141479432583,0.025763005018234253,0.6119117587804794,samples/000065_airplane_0692.npz
66,airplane_0693,0,26,1,0,2.063276058191934,0.15999993681907654,0.0009562753839418292,0.022876620292663574,0.6130871251225471,samples/000066_airplane_0693.npz
67,airplane_0694,0,26,1,0,2.3463211452405845,0.1599999964237213,0.0010699660051614046,0.027214128524065018,0.612366583198309,samples/000067_airplane_0694.npz
68,airplane_0695,0,26,1,0,1.394186858920029,0.15999990701675415,0.0006703939870931208,0.0203363299369812,0.6438529565930367,samples/000068_airplane_0695.npz
69,airplane_0696,0,26,1,0,2.180610297326521,0.1600000262260437,0.0009884866885840893,0.02573317289352417,0.667528785765171,samples/000069_airplane_0696.npz
70,airplane_0697,0,26,1,0,1.5361103849234923,0.1599999964237213,0.0006875148974359035,0.020110607147216797,0.6706983558833599,samples/000070_airplane_0697.npz
71,airplane_0698,0,26,1,0,1.6451469772849976,0.1599999964237213,0.0006882231100462377,0.019197136163711548,0.6729500479996204,samples/000071_airplane_0698.npz
72,airplane_0699,0,26,1,0,1.7233588933094504,0.1600000113248825,0.0008628307259641588,0.027690589427947998,0.6506224647164345,samples/000072_airplane_0699.npz
73,airplane_0700,0,26,1,0,1.1753638784573495,0.14695775508880615,0.00045520957792177796,0.013829290866851807,0.6268131919205189,samples/000073_airplane_0700.npz
74,airplane_0701,0,15,1,0,1.5762878715630317,0.1600000262260437,0.0006831295904703438,0.0186193585395813,0.6415665559470654,samples/000074_airplane_0701.npz
75,airplane_0702,0,26,1,0,1.5226081351227865,0.15999969840049744,0.00058615708258003,0.015784859657287598,0.6143381260335445,samples/000075_airplane_0702.npz
76,airplane_0703,0,26,1,0,1.930042218799045,0.15999995172023773,0.0009305694256909192,0.02510058879852295,0.6136459708213806,samples/000076_airplane_0703.npz
77,airplane_0704,0,26,1,0,1.945751554280454,0.1599999964237213,0.0008579016430303454,0.027158021926879883,0.6128754243254662,samples/000077_airplane_0704.npz
78,airplane_0705,0,26,1,0,1.5628757597186058,0.1599999964237213,0.0006288541480898857,0.01643630862236023,0.6219062991440296,samples/000078_airplane_0705.npz
79,airplane_0706,0,26,1,0,1.0354244100765964,0.1537259817123413,0.0004829904646612704,0.014207839965820312,0.6164377816021442,samples/000079_airplane_0706.npz
80,airplane_0707,0,26,1,0,1.7277128780165227,0.1599999964237213,0.0007600416429340839,0.02696894109249115,0.6179130598902702,samples/000080_airplane_0707.npz
81,airplane_0708,0,26,1,0,1.6435062176906232,0.15999992191791534,0.0008691133698448539,0.025692641735076904,0.6207811385393143,samples/000081_airplane_0708.npz
82,airplane_0709,0,26,1,0,1.5092395295188603,0.1599995493888855,0.00071313651278615,0.022284457460045815,0.6187861375510693,samples/000082_airplane_0709.npz
83,airplane_0710,0,26,1,0,1.4527518500856387,0.1600000113248825,0.0007443864597007632,0.020396403968334198,0.6175128854811192,samples/000083_airplane_0710.npz
84,airplane_0711,0,26,1,0,1.7832468785812545,0.1600000262260437,0.0008673862321302295,0.025275588035583496,0.617313589900732,samples/000084_airplane_0711.npz
85,airplane_0712,0,26,1,0,1.501738970783821,0.1599999964237213,0.0007097164634615183,0.02077537775039673,0.621407475322485,samples/000085_airplane_0712.npz
86,airplane_0713,0,26,1,0,1.7790586142444775,0.1599999964237213,0.0008223195327445865,0.018080174922943115,0.6210296228528023,samples/000086_airplane_0713.npz
87,airplane_0714,0,12,1,0,1.860667957223909,0.15999993681907654,0.0008473350899294019,0.023314595222473145,0.6192039512097836,samples/000087_airplane_0714.npz
88,airplane_0715,0,26,1,0,2.317351021530516,0.15999996662139893,0.001163087086752057,0.02790042757987976,0.6355631686747074,samples/000088_airplane_0715.npz
89,airplane_0716,0,26,1,0,1.7872158331508639,0.1599999964237213,0.0009568731766194105,0.022717148065567017,0.6185798905789852,samples/000089_airplane_0716.npz
90,airplane_0717,0,26,1,0,2.0225597230371104,0.1599999964237213,0.0008161592995747924,0.019933581352233887,0.6197565644979477,samples/000090_airplane_0717.npz
91,airplane_0718,0,26,1,0,1.722627756311304,0.15999996662139893,0.0008319670450873673,0.020291060209274292,0.6293354667723179,samples/000091_airplane_0718.npz
92,airplane_0719,0,26,1,0,1.4929520011692976,0.1599999964237213,0.0006818571127951145,0.02458721399307251,0.6305824592709541,samples/000092_airplane_0719.npz
93,airplane_0720,0,26,1,0,1.7363378397924059,0.1590428650379181,0.0008688261150382459,0.025689274072647095,0.6183074936270714,samples/000093_airplane_0720.npz
94,airplane_0721,0,26,1,0,1.4605271482193964,0.1599999964237213,0.0006571004632860422,0.02648329734802246,0.6194154098629951,samples/000094_airplane_0721.npz
95,airplane_0722,0,26,1,0,1.9813562695616234,0.1599999964237213,0.0009451471269130707,0.03592795133590698,0.6239742934703827,samples/000095_airplane_0722.npz
96,airplane_0723,0,26,1,0,0.9355873146953244,0.10690692067146301,0.0004772061656694859,0.007681891322135925,0.6292850114405155,samples/000096_airplane_0723.npz
97,airplane_0724,0,15,1,0,1.6340358294675779,0.15999925136566162,0.0007187155424617231,0.017381370067596436,0.6155706383287907,samples/000097_airplane_0724.npz
98,airplane_0725,0,26,1,0,1.6143910098638865,0.15325510501861572,0.0008304798393510282,0.016861796379089355,0.6246093735098839,samples/000098_airplane_0725.npz
99,airplane_0726,0,26,1,0,1.6186094252476095,0.15999957919120789,0.0006145091610960662,0.02112935483455658,0.6279971078038216,samples/000099_airplane_0726.npz
100,bathtub_0107,1,29,1,0,0.5588962029547717,0.13560160994529724,0.00028355850372463465,0.015704363584518433,0.6245369762182236,samples/000100_bathtub_0107.npz
101,bathtub_0108,1,16,1,0,0.6929982171572422,0.12258607149124146,0.00041454925667494535,0.008798226714134216,0.655417412519455,samples/000101_bathtub_0108.npz
102,bathtub_0109,1,29,1,0,0.5654826361813465,0.11091004312038422,0.0002943943254649639,0.01084822416305542,0.6498988308012486,samples/000102_bathtub_0109.npz
103,bathtub_0110,1,29,1,0,1.2290493725992917,0.15999984741210938,0.0009273355826735497,0.021845877170562744,0.6167394332587719,samples/000103_bathtub_0110.npz
104,bathtub_0111,1,2,1,0,0.387982658347406,0.08043980598449707,0.00013409134407993406,0.003024742007255554,0.616659127175808,samples/000104_bathtub_0111.npz
105,bathtub_0112,1,29,1,0,0.7040482182076475,0.11325651407241821,0.00044534943299368024,0.010918229818344116,0.6200508214533329,samples/000105_bathtub_0112.npz
106,bathtub_0113,1,30,1,0,0.9961324347669627,0.14371457695960999,0.0007220129482448101,0.009294986724853516,0.632106103003025,samples/000106_bathtub_0113.npz
107,bathtub_0114,1,29,1,0,0.6996768644102979,0.11168861389160156,0.0004248663317412138,0.009835541248321533,0.6496700681746006,samples/000107_bathtub_0114.npz
108,bathtub_0115,1,15,1,0,0.5797974456517837,0.11509713530540466,0.0003127804375253618,0.00938481092453003,0.6441355682909489,samples/000108_bathtub_0115.npz
109,bathtub_0116,1,29,1,0,0.9321418229772284,0.12030814588069916,0.0005707809468731284,0.011043697595596313,0.6225285567343235,samples/000109_bathtub_0116.npz
110,bathtub_0117,1,6,1,0,0.6952840713518488,0.12467420101165771,0.0003821358550339937,0.011441946029663086,0.6215713024139404,samples/000110_bathtub_0117.npz
111,bathtub_0118,1,29,1,0,1.1988564481400574,0.1599999964237213,0.001040188712067902,0.018620014190673828,0.6922398619353771,samples/000111_bathtub_0118.npz
112,bathtub_0119,1,15,1,0,0.6933274812481958,0.08523121476173401,0.00035569415194913745,0.010478019714355469,0.6270036995410919,samples/000112_bathtub_0119.npz
113,bathtub_0120,1,29,1,0,0.823660666103561,0.11926579475402832,0.0005543007864616811,0.010745048522949219,0.6168940104544163,samples/000113_bathtub_0120.npz
114,bathtub_0121,1,15,1,0,0.7121801624698448,0.10127776861190796,0.00044527649879455566,0.006170094013214111,0.6175833828747272,samples/000114_bathtub_0121.npz
115,bathtub_0122,1,6,1,0,1.0533885586396627,0.13726019859313965,0.000730776519048959,0.0142117440700531,0.6134144365787506,samples/000115_bathtub_0122.npz
116,bathtub_0123,1,2,1,0,0.7194190021649166,0.09035283327102661,0.00040681305108591914,0.0058019161224365234,0.6267203241586685,samples/000116_bathtub_0123.npz
117,bathtub_0124,1,16,1,0,0.7298067020036654,0.09258666634559631,0.0004779375740326941,0.010150164365768433,0.6248264722526073,samples/000117_bathtub_0124.npz
118,bathtub_0125,1,2,1,0,0.5610595179913376,0.0576765239238739,0.00030002163839526474,0.005435943603515625,0.6350637413561344,samples/000118_bathtub_0125.npz
119,bathtub_0126,1,29,1,0,0.6935257832878032,0.09986169636249542,0.00036461278796195984,0.008259594440460205,0.6187985092401505,samples/000119_bathtub_0126.npz
120,bathtub_0127,1,6,1,0,3.9090740477458484e-05,1.395493745803833e-05,3.1632225727662444e-09,1.1920928955078125e-07,0.611806433647871,samples/000120_bathtub_0127.npz
121,bathtub_0128,1,29,1,0,1.2499078478223677,0.1600000262260437,0.0007886998355388641,0.016923069953918457,0.6159994229674339,samples/000121_bathtub_0128.npz
122,bathtub_0129,1,29,1,0,0.7168990745759021,0.08080662786960602,0.0004409806861076504,0.00823637843132019,0.6292142942547798,samples/000122_bathtub_0129.npz
123,bathtub_0130,1,29,1,0,0.5556746282394264,0.08945688605308533,0.0002755386522039771,0.007930606603622437,0.6637374721467495,samples/000123_bathtub_0130.npz
124,bathtub_0131,1,2,1,0,0.7104040387132257,0.09310682862997055,0.0004220572882331908,0.006570383906364441,0.6408401317894459,samples/000124_bathtub_0131.npz
125,bathtub_0132,1,30,1,0,0.8297210643466356,0.1030377596616745,0.0005656011635437608,0.009493887424468994,0.6385235972702503,samples/000125_bathtub_0132.npz
126,bathtub_0133,1,29,1,0,0.9266210682259497,0.1370691955089569,0.0006732490146532655,0.01400265097618103,0.6900330297648907,samples/000126_bathtub_0133.npz
127,bathtub_0134,1,6,1,0,0.38793250546436836,0.06449395418167114,0.000141651151352562,0.004375934600830078,0.6497853025794029,samples/000127_bathtub_0134.npz
128,bathtub_0135,1,15,1,0,1.05681298449013,0.13866516947746277,0.0007497742190025747,0.02064037322998047,0.6969912238419056,samples/000128_bathtub_0135.npz
129,bathtub_0136,1,7,1,0,0.8399063885417543,0.1364271342754364,0.0005799008067697287,0.012580275535583496,0.6851375587284565,samples/000129_bathtub_0136.npz
130,bathtub_0137,1,16,1,0,0.5587191674347046,0.05856877565383911,0.00029961622203700244,0.004899859428405762,0.6391419991850853,samples/000130_bathtub_0137.npz
131,bathtub_0138,1,30,1,0,0.5604322894541094,0.06971418112516403,0.0002684954088181257,0.003475785255432129,0.6710076667368412,samples/000131_bathtub_0138.npz
132,bathtub_0139,1,6,1,0,0.7093979126006885,0.07471564412117004,0.00045797345228493214,0.005759477615356445,0.6491105370223522,samples/000132_bathtub_0139.npz
133,bathtub_0140,1,6,1,0,0.9379067968891166,0.12654346227645874,0.000613383948802948,0.011207818984985352,0.6486492827534676,samples/000133_bathtub_0140.npz
134,bathtub_0141,1,36,1,0,1.3748842320691057,0.1599990725517273,0.000985264778137207,0.0196993350982666,0.6330533809959888,samples/000134_bathtub_0141.npz
135,bathtub_0142,1,6,1,0,0.8322528758854449,0.133296400308609,0.0005388925783336163,0.010958850383758545,0.6367616765201092,samples/000135_bathtub_0142.npz
136,bathtub_0143,1,29,1,0,1.2194506758489874,0.159999817609787,0.001004817895591259,0.017612218856811523,0.6316462121903896,samples/000136_bathtub_0143.npz
137,bathtub_0144,1,10,1,0,1.2151223994638198,0.1599997878074646,0.0010594390332698822,0.01819133758544922,0.6785633377730846,samples/000137_bathtub_0144.npz
138,bathtub_0145,1,6,1,0,0.38798068519451745,0.04756571352481842,0.00014372324221767485,0.0025002658367156982,0.6957233995199203,samples/000138_bathtub_0145.npz
139,bathtub_0146,1,29,1,0,0.8301474239369133,0.11805547773838043,0.0004658418183680624,0.008705809712409973,0.6932963319122791,samples/000139_bathtub_0146.npz
140,bathtub_0147,1,29,1,0,1.3315666708604494,0.1599995195865631,0.0011759211774915457,0.025272130966186523,0.6657801643013954,samples/000140_bathtub_0147.npz
141,bathtub_0148,1,6,1,0,0.5586428920763973,0.10887974500656128,0.00024420334375463426,0.006845712661743164,0.6332621909677982,samples/000141_bathtub_0148.npz
142,bathtub_0149,1,29,1,0,0.7197091606448396,0.09188681840896606,0.0003770445182453841,0.007181346416473389,0.6440919972956181,samples/000142_bathtub_0149.npz
143,bathtub_0150,1,6,1,0,0.5639821830164751,0.07780402898788452,0.00027680621133185923,0.005856961011886597,0.6235657595098019,samples/000143_bathtub_0150.npz
144,bathtub_0151,1,29,1,0,1.2455138528314578,0.15999945998191833,0.0009878408163785934,0.027415335178375244,0.6375204995274544,samples/000144_bathtub_0151.npz
145,bathtub_0152,1,33,1,0,0.8376920504783325,0.10059040784835815,0.0005316970637068152,0.0068416595458984375,0.6312136277556419,samples/000145_bathtub_0152.npz
146,bathtub_0153,1,29,1,0,0.38797820793726706,0.05980171263217926,0.00014494129572995007,0.0046874284744262695,0.6337655447423458,samples/000146_bathtub_0153.npz
147,bathtub_0154,1,29,1,0,0.5634463019484859,0.08155632019042969,0.0002615028352010995,0.005206018686294556,0.6438534036278725,samples/000147_bathtub_0154.npz
148,bathtub_0155,1,6,1,0,0.3879799506605871,0.049715667963027954,0.00013975155889056623,0.0029135942459106445,0.657730296254158,samples/000148_bathtub_0155.npz
149,bathtub_0156,1,6,1,0,1.0360595216995365,0.10140034556388855,0.0006605541566386819,0.010482653975486755,0.6379499696195126,samples/000149_bathtub_0156.npz
150,bed_0516,2,12,1,0,1.039239839607402,0.1205834448337555,0.0008509615436196327,0.013342142105102539,0.6346958428621292,samples/000150_bed_0516.npz
151,bed_0517,2,8,1,0,1.3062469847429874,0.15999850630760193,0.0009804549627006054,0.02199941873550415,0.6365283690392971,samples/000151_bed_0517.npz
152,bed_0518,2,34,1,0,1.586319431111086,0.1599999964237213,0.0012483985628932714,0.02336859703063965,0.6502176895737648,samples/000152_bed_0518.npz
153,bed_0519,2,8,1,0,1.3650750980049997,0.15999996662139893,0.0008579053683206439,0.018018007278442383,0.6601909026503563,samples/000153_bed_0519.npz
154,bed_0520,2,33,1,0,1.803118333192662,0.1600000262260437,0.0010416829027235508,0.0223810076713562,0.6374421156942844,samples/000154_bed_0520.npz
155,bed_0521,2,29,1,0,2.120481708383856,0.1600000262260437,0.0014909915626049042,0.025202691555023193,0.6408262215554714,samples/000155_bed_0521.npz
156,bed_0522,2,36,1,0,1.6927119406637243,0.1600000262260437,0.001260186079889536,0.021863222122192383,0.6546305976808071,samples/000156_bed_0522.npz
157,bed_0523,2,23,1,0,2.096333091740476,0.1600000262260437,0.0017317772144451737,0.03093963861465454,0.654691930860281,samples/000157_bed_0523.npz
158,bed_0524,2,15,1,0,1.7569500651246617,0.159999817609787,0.0014196188421919942,0.01922774314880371,0.6700634211301804,samples/000158_bed_0524.npz
159,bed_0525,2,8,1,0,1.2322491798374933,0.15103209018707275,0.0007365595083683729,0.018878698348999023,0.6866214126348495,samples/000159_bed_0525.npz
160,bed_0526,2,37,1,0,2.5334235854970752,0.1600000113248825,0.0016661589033901691,0.017409443855285645,0.7095008008182049,samples/000160_bed_0526.npz
161,bed_0527,2,16,1,0,1.5951325086182688,0.15999987721443176,0.001363286399282515,0.010715901851654053,0.6328393295407295,samples/000161_bed_0527.npz
162,bed_0528,2,23,1,0,1.8914079857573645,0.1599997878074646,0.0014418066712096334,0.027183473110198975,0.6428837031126022,samples/000162_bed_0528.npz
163,bed_0529,2,33,1,0,1.3164202861999748,0.15728843212127686,0.001180616207420826,0.02029973268508911,0.6490290984511375,samples/000163_bed_0529.npz
164,bed_0530,2,26,1,0,2.690796493753797,0.1599999964237213,0.0025721206329762936,0.029727041721343994,0.6488565690815449,samples/000164_bed_0530.npz
165,bed_0531,2,7,1,0,1.7804969400381196,0.1599999964237213,0.0014794792514294386,0.022314637899398804,0.6740544475615025,samples/000165_bed_0531.npz
166,bed_0532,2,23,1,0,1.4306439811677258,0.1385582685470581,0.001015971414744854,0.018492788076400757,0.634646512567997,samples/000166_bed_0532.npz
167,bed_0533,2,26,1,0,2.0096843914375113,0.15999996662139893,0.0015979910967871547,0.0255659818649292,0.6364281065762043,samples/000167_bed_0533.npz
168,bed_0534,2,26,1,0,0.9136150438656367,0.09534037113189697,0.0006476651760749519,0.009375423192977905,0.6593451499938965,samples/000168_bed_0534.npz
169,bed_0535,2,23,1,0,1.938180926862112,0.15999996662139893,0.0015404203440994024,0.026803672313690186,0.6653267219662666,samples/000169_bed_0535.npz
170,bed_0536,2,26,1,0,1.7828042126261527,0.15999972820281982,0.0011605520267039537,0.0358462929725647,0.6521628722548485,samples/000170_bed_0536.npz
171,bed_0537,2,36,1,0,0.7620270618623206,0.07393074035644531,0.0004568872391246259,0.005334526300430298,0.6707443483173847,samples/000171_bed_0537.npz
172,bed_0538,2,8,1,0,2.3021760608300355,0.1599999964237213,0.0018454826204106212,0.030755311250686646,0.6432124488055706,samples/000172_bed_0538.npz
173,bed_0539,2,33,1,0,1.9041157328209164,0.1599999964237213,0.0016773235984146595,0.02406466007232666,0.6495869494974613,samples/000173_bed_0539.npz
174,bed_0540,2,14,1,0,1.5477147568375003,0.1599999964237213,0.0011313450522720814,0.02489238977432251,0.6362629979848862,samples/000174_bed_0540.npz
175,bed_0541,2,7,1,0,2.257518366361914,0.1599999964237213,0.001680907211266458,0.018352866172790527,0.6368749998509884,samples/000175_bed_0541.npz
176,bed_0542,2,26,1,0,1.433215244644337,0.1600000262260437,0.0011693609412759542,0.02300971746444702,0.6290971897542477,samples/000176_bed_0542.npz
177,bed_0543,2,8,1,0,1.4908900187281138,0.15161433815956116,0.0010233799694105983,0.014890313148498535,0.6359326802194118,samples/000177_bed_0543.npz
178,bed_0544,2,27,1,0,1.4027140348994582,0.1599999964237213,0.0008577582193538547,0.027606487274169922,0.661141149699688,samples/000178_bed_0544.npz
179,bed_0545,2,8,1,0,2.457432603426078,0.1599999964237213,0.0018122917972505093,0.027232646942138672,0.6735498793423176,samples/000179_bed_0545.npz
180,bed_0546,2,23,1,0,1.6411825050252715,0.15999934077262878,0.0013494340237230062,0.027570515871047974,0.6949502602219582,samples/000180_bed_0546.npz
181,bed_0547,2,36,1,0,2.024283066746976,0.1599999964237213,0.0014351566787809134,0.01843029260635376,0.6810548305511475,samples/000181_bed_0547.npz
182,bed_0548,2,29,1,0,1.251734698161496,0.1599999964237213,0.0009880953002721071,0.038417160511016846,0.6768271550536156,samples/000182_bed_0548.npz
183,bed_0549,2,26,1,0,1.9985719589323065,0.15999995172023773,0.0015094713307917118,0.035654664039611816,0.6836596950888634,samples/000183_bed_0549.npz
184,bed_0550,2,26,1,0,2.2075912170313545,0.1600000262260437,0.0018208050169050694,0.03246977925300598,0.6597554497420788,samples/000184_bed_0550.npz
185,bed_0551,2,3,1,0,1.5442829957153945,0.1599999964237213,0.0010013836435973644,0.021010801196098328,0.6262211091816425,samples/000185_bed_0551.npz
186,bed_0552,2,26,1,0,2.2567045139686983,0.1599999964237213,0.0017757214372977614,0.02251112461090088,0.6666509434580803,samples/000186_bed_0552.npz
187,bed_0553,2,26,1,0,2.3240917523733238,0.1600000262260437,0.001617547357454896,0.03061625361442566,0.6668089106678963,samples/000187_bed_0553.npz
188,bed_0554,2,26,1,0,1.9790632689387329,0.15999996662139893,0.0017994630616158247,0.025457262992858887,0.6795782707631588,samples/000188_bed_0554.npz
189,bed_0555,2,23,1,0,1.8541925799955712,0.15999993681907654,0.0015283138491213322,0.01848006248474121,0.674621868878603,samples/000189_bed_0555.npz
190,bed_0556,2,34,1,0,1.8858482295465158,0.15999984741210938,0.0012333630584180355,0.015135228633880615,0.6759487167000771,samples/000190_bed_0556.npz
191,bed_0557,2,8,1,0,1.5094265378126153,0.1599988341331482,0.001008755061775446,0.014801889657974243,0.6792485155165195,samples/000191_bed_0557.npz
192,bed_0558,2,16,1,0,2.234387671161282,0.1599999964237213,0.0016894092550501227,0.02190461754798889,0.6748376861214638,samples/000192_bed_0558.npz
193,bed_0559,2,8,1,0,1.9849091359152087,0.1600000262260437,0.001297272858209908,0.030042260885238647,0.6772522293031216,samples/000193_bed_0559.npz
194,bed_0560,2,34,1,0,1.3191166038235134,0.13142096996307373,0.0010114272590726614,0.012955307960510254,0.674855288118124,samples/000194_bed_0560.npz
195,bed_0561,2,26,1,0,1.8897847917434725,0.1599997878074646,0.0013568215072154999,0.030404329299926758,0.6735954098403454,samples/000195_bed_0561.npz
196,bed_0562,2,33,1,0,1.6278852926973286,0.15999995172023773,0.0009759475942701101,0.021371006965637207,0.6674699895083904,samples/000196_bed_0562.npz
197,bed_0563,2,27,1,0,2.7516774350130255,0.1599999964237213,0.00191246229223907,0.03162717819213867,0.7132508829236031,samples/000197_bed_0563.npz
198,bed_0564,2,33,1,0,0.38799392096959473,0.08341199159622192,0.00013788083742838353,0.009660303592681885,0.6652888618409634,samples/000198_bed_0564.npz
199,bed_0565,2,29,1,0,0.8370085655102268,0.12390083074569702,0.0005497245583683252,0.016916990280151367,0.6704730652272701,samples/000199_bed_0565.npz
200,bed_0566,2,36,1,0,1.4063151662350386,0.14960944652557373,0.0010267720790579915,0.012476563453674316,0.6736292950809002,samples/000200_bed_0566.npz
201,bed_0567,2,33,1,0,1.819472843737998,0.15999987721443176,0.0013984332326799631,0.03349381685256958,0.6838488467037678,samples/000201_bed_0567.npz
202,bed_0568,2,2,0,0,2.138973434299324,0.1600000262260437,0.0015837950631976128,0.02308642864227295,0.6510968692600727,samples/000202_bed_0568.npz
203,bed_0569,2,8,1,0,0.944911982282284,0.15999901294708252,0.0006502253236249089,0.016531407833099365,0.6391993053257465,samples/000203_bed_0569.npz
204,bed_0570,2,26,1,0,1.6494645268527637,0.1599999964237213,0.0012625075178220868,0.027239680290222168,0.6602676473557949,samples/000204_bed_0570.npz
205,bed_0571,2,26,1,0,2.0582094648158225,0.1599999964237213,0.0016909411642700434,0.027527332305908203,0.6482530571520329,samples/000205_bed_0571.npz
206,bed_0572,2,23,1,0,2.1552442610044436,0.1600000262260437,0.0014242606703191996,0.034143924713134766,0.6154985502362251,samples/000206_bed_0572.npz
207,bed_0573,2,7,1,0,1.6729500602945846,0.15999993681907654,0.001657227287068963,0.023599684238433838,0.6236888207495213,samples/000207_bed_0573.npz
208,bed_0574,2,23,1,0,1.6644714819990984,0.15999963879585266,0.0013198356609791517,0.01936858892440796,0.6187446601688862,samples/000208_bed_0574.npz
209,bed_0575,2,33,1,0,2.5221498587763835,0.1599999964237213,0.0018288333667442203,0.03297078609466553,0.6214846782386303,samples/000209_bed_0575.npz
210,bed_0576,2,23,1,0,1.0767028800116982,0.10470926761627197,0.0007792362594045699,0.015279829502105713,0.6140076257288456,samples/000210_bed_0576.npz
211,bed_0577,2,23,1,0,1.5120387367062398,0.1599997878074646,0.0013195764040574431,0.03254014253616333,0.6298842839896679,samples/000211_bed_0577.npz
212,bed_0578,2,27,1,0,2.26060189456538,0.1600000262260437,0.0016507941763848066,0.03688126802444458,0.6355170384049416,samples/000212_bed_0578.npz
213,bed_0579,2,29,1,0,1.919465298852957,0.1600000262260437,0.001456850441172719,0.02333115041255951,0.6182034611701965,samples/000213_bed_0579.npz
214,bed_0580,2,30,1,0,1.5344924656486312,0.1560550332069397,0.0011323379585519433,0.017019271850585938,0.6271469220519066,samples/000214_bed_0580.npz
215,bed_0581,2,18,1,0,1.659189045718578,0.15999972820281982,0.0010626022703945637,0.022839784622192383,0.6191028542816639,samples/000215_bed_0581.npz
216,bed_0582,2,27,1,0,1.77431140491428,0.1599999964237213,0.0012948423391208053,0.025891661643981934,0.6578188203275204,samples/000216_bed_0582.npz
217,bed_0583,2,27,1,0,1.7493487236118384,0.15999996662139893,0.001579399686306715,0.02061563730239868,0.6554690636694431,samples/000217_bed_0583.npz
218,bed_0584,2,26,1,0,2.394065624972466,0.1599999964237213,0.0018255417235195637,0.030353426933288574,0.6338404268026352,samples/000218_bed_0584.npz
219,bed_0585,2,28,1,0,1.9192221405463956,0.1599999964237213,0.0016552231973037124,0.01699620485305786,0.6140763014554977,samples/000219_bed_0585.npz
220,bed_0586,2,26,1,0,2.3048507632602124,0.1600000262260437,0.0016142178792506456,0.02025410532951355,0.6260806582868099,samples/000220_bed_0586.npz
221,bed_0587,2,27,1,0,1.9509639228230344,0.15999984741210938,0.00144935620483011,0.0343937873840332,0.6832626946270466,samples/000221_bed_0587.npz
222,bed_0588,2,27,1,0,0.9494849408689615,0.15999998152256012,0.0006681997328996658,0.01660764217376709,0.6240830533206463,samples/000222_bed_0588.npz
223,bed_0589,2,34,1,0,2.0138030578329413,0.1600000262260437,0.0014270148240029812,0.023970067501068115,0.6190792880952358,samples/000223_bed_0589.npz
224,bed_0590,2,34,1,0,0.9465291571954976,0.1599999964237213,0.0006363311549648643,0.01654273271560669,0.6871005967259407,samples/000224_bed_0590.npz
225,bed_0591,2,23,1,0,2.5083935501204286,0.1600000262260437,0.002276455983519554,0.03960871696472168,0.6286223530769348,samples/000225_bed_0591.npz
226,bed_0592,2,8,1,0,1.8245043969993893,0.1599999964237213,0.0015106440987437963,0.031140029430389404,0.6673875339329243,samples/000226_bed_0592.npz
227,bed_0593,2,14,1,0,1.7842891264927234,0.1600000262260437,0.0013888790272176266,0.0259668231010437,0.6753811202943325,samples/000227_bed_0593.npz
228,bed_0594,2,27,1,0,1.3921884042242434,0.1599999964237213,0.0009746359428390861,0.01386687159538269,0.7044387124478817,samples/000228_bed_0594.npz
229,bed_0595,2,27,1,0,0.5782263319030428,0.08066454529762268,0.0002831332676578313,0.0051763057708740234,0.7415393777191639,samples/000229_bed_0595.npz
230,bed_0596,2,33,1,0,1.8727136023073816,0.15999990701675415,0.0013314897660166025,0.02429378032684326,0.773793488740921,samples/000230_bed_0596.npz
231,bed_0597,2,34,1,0,1.6237275937408766,0.15999996662139893,0.0011889518937096,0.030579090118408203,0.7373144552111626,samples/000231_bed_0597.npz
232,bed_0598,2,8,1,0,0.3879861725510568,0.08986896276473999,0.00014390633441507816,0.007283151149749756,0.7331868670880795,samples/000232_bed_0598.npz
233,bed_0599,2,15,1,0,2.0460115606311384,0.1599999964237213,0.0016538714990019798,0.019669324159622192,0.736547451466322,samples/000233_bed_0599.npz
234,bed_0600,2,14,1,0,2.1884035969000575,0.1599999964237213,0.0017557600513100624,0.0256192684173584,0.7420354783535004,samples/000234_bed_0600.npz
235,bed_0601,2,27,1,0,2.495446062902672,0.1599999964237213,0.001828569220378995,0.02378714084625244,0.6685232594609261,samples/000235_bed_0601.npz
236,bed_0602,2,7,1,0,2.412833410161832,0.1599999964237213,0.0016660945257171988,0.029404044151306152,0.6768627129495144,samples/000236_bed_0602.npz
237,bed_0603,2,33,1,0,1.6641882728004387,0.1599999964237213,0.0012896048137918115,0.030021965503692627,0.6766686104238033,samples/000237_bed_0603.npz
238,bed_0604,2,27,1,0,0.0020221594031345092,0.0015295743942260742,4.096364136785269e-09,2.384185791015625e-06,0.6809405274689198,samples/000238_bed_0604.npz
239,bed_0605,2,3,1,0,1.8386877036157927,0.1599999964237213,0.0013416982255876064,0.02079850435256958,0.6706090569496155,samples/000239_bed_0605.npz
240,bed_0606,2,3,1,0,0.9460670045305789,0.1328991949558258,0.0006351275951601565,0.013057470321655273,0.6723045818507671,samples/000240_bed_0606.npz
241,bed_0607,2,27,1,0,2.105257890719802,0.15999998152256012,0.0013694495428353548,0.023912668228149414,0.6729158721864223,samples/000241_bed_0607.npz
242,bed_0608,2,33,1,0,2.07331276628386,0.15999996662139893,0.0014691351680085063,0.02808356285095215,0.6780110448598862,samples/000242_bed_0608.npz
243,bed_0609,2,7,1,0,2.202002624962305,0.1599999964237213,0.0017892129253596067,0.024888575077056885,0.6979067511856556,samples/000243_bed_0609.npz
244,bed_0610,2,26,1,0,1.840806065511844,0.1599999964237213,0.0015286176931113005,0.020669400691986084,0.6880756840109825,samples/000244_bed_0610.npz
245,bed_0611,2,14,1,0,1.6102844742494664,0.15999998152256012,0.0013074346352368593,0.012935683131217957,0.6874775663018227,samples/000245_bed_0611.npz
246,bed_0612,2,1,1,0,1.2926849791420094,0.1441110074520111,0.0007883028592914343,0.017889291048049927,0.6699335500597954,samples/000246_bed_0612.npz
247,bed_0613,2,33,1,0,2.286135732591044,0.1600000262260437,0.0015074689872562885,0.032193005084991455,0.6142441034317017,samples/000247_bed_0613.npz
248,bed_0614,2,14,1,0,1.506649537340765,0.15998727083206177,0.0012965784408152103,0.02117079496383667,0.6199061088263988,samples/000248_bed_0614.npz
249,bed_0615,2,34,1,0,1.581305047535824,0.1599999964237213,0.0009992667473852634,0.01476442813873291,0.6459401547908783,samples/000249_bed_0615.npz
250,bench_0174,3,33,1,0,0.5571220524572775,0.0775873064994812,0.0002669386740308255,0.0042795538902282715,0.6185918338596821,samples/000250_bench_0174.npz
251,bench_0175,3,36,1,0,0.00022400494098170624,0.00012367963790893555,-3.157765604555607e-09,2.384185791015625e-07,0.6118432655930519,samples/000251_bench_0175.npz
252,bench_0176,3,33,1,0,1.0159566631170167,0.1599999964237213,0.00041449267882853746,0.013938188552856445,0.6124830730259418,samples/000252_bench_0176.npz
253,bench_0177,3,12,1,0,1.0450490285925569,0.13849222660064697,0.0006512246909551322,0.011240899562835693,0.656284861266613,samples/000253_bench_0177.npz
254,bench_0178,3,8,1,0,0.9563667170034157,0.1439310908317566,0.0006549791432917118,0.012959539890289307,0.6235963180661201,samples/000254_bench_0178.npz
255,bench_0179,3,8,1,0,0.9374563683847082,0.12754249572753906,0.0005696048028767109,0.009496331214904785,0.6312989220023155,samples/000255_bench_0179.npz
256,bench_0180,3,2,1,0,0.570335825351662,0.08774006366729736,0.000295999925583601,0.006956726312637329,0.6441286616027355,samples/000256_bench_0180.npz
257,bench_0181,3,33,1,0,0.6863303964454611,0.09769737720489502,0.00033928401535376906,0.007159173488616943,0.6490390822291374,samples/000257_bench_0181.npz
258,bench_0182,3,8,1,0,0.3879764796088879,0.055067598819732666,0.00014348771946970373,0.003758043050765991,0.619589626789093,samples/000258_bench_0182.npz
259,bench_0183,3,33,1,0,0.5663824207949606,0.07305815815925598,0.0002934677468147129,0.005032598972320557,0.6266831383109093,samples/000259_bench_0183.npz
260,bench_0184,3,33,1,0,0.008485239078947498,0.004913032054901123,6.95767994329799e-08,2.4139881134033203e-05,0.6437497362494469,samples/000260_bench_0184.npz
261,bench_0185,3,8,1,0,1.0353107696942472,0.1444442719221115,0.000574855599552393,0.013887226581573486,0.6677733659744263,samples/000261_bench_0185.npz
262,bench_0186,3,33,1,0,0.5537362875004835,0.08073997497558594,0.0002320175408385694,0.002404332160949707,0.6772681660950184,samples/000262_bench_0186.npz
263,bench_0187,3,36,1,0,0.689423676637242,0.08242678642272949,0.0003439471183810383,0.004599187523126602,0.6770614869892597,samples/000263_bench_0187.npz
264,bench_0188,3,33,1,0,0.001506042645785575,0.0010312199592590332,3.483364707790315e-09,1.1324882507324219e-06,0.6707701347768307,samples/000264_bench_0188.npz
265,bench_0189,3,25,1,0,1.243453981645506,0.15999937057495117,0.000785069540143013,0.020462989807128906,0.6736940145492554,samples/000265_bench_0189.npz
266,bench_0190,3,2,1,0,1.0313504343543551,0.15999984741210938,0.0006301426328718662,0.017401129007339478,0.6772577129304409,samples/000266_bench_0190.npz
267,bench_0191,3,30,1,0,0.000777935236075547,0.0004270970821380615,1.4842953532934189e-09,3.5762786865234375e-07,0.6728782765567303,samples/000267_bench_0191.npz
268,bench_0192,3,2,1,0,0.6919306366733158,0.13156580924987793,0.00039647077210247517,0.011392802000045776,0.6669984832406044,samples/000268_bench_0192.npz
269,bench_0193,3,11,1,0,0.002799946581007116,0.0015471577644348145,7.657945388928056e-09,4.172325134277344e-06,0.688207633793354,samples/000269_bench_0193.npz
270,bookshelf_0573,4,15,1,0,1.0466230430871757,0.15330147743225098,0.0007607272709719837,0.011478900909423828,0.6909972578287125,samples/000270_bookshelf_0573.npz
271,bookshelf_0574,4,36,1,0,1.446207439584368,0.15754708647727966,0.0013215432409197092,0.017146170139312744,0.6842374503612518,samples/000271_bookshelf_0574.npz
272,bookshelf_0575,4,36,1,0,1.794710099072842,0.1600000262260437,0.0018359266687184572,0.01895064115524292,0.6898967325687408,samples/000272_bookshelf_0575.npz
273,bookshelf_0576,4,36,1,0,0.8436750537647465,0.08916324377059937,0.0005696194712072611,0.007851123809814453,0.6818205155432224,samples/000273_bookshelf_0576.npz
274,bookshelf_0577,4,26,1,0,1.925066368395637,0.15999995172023773,0.001490583410486579,0.018936455249786377,0.6889906376600266,samples/000274_bookshelf_0577.npz
275,bookshelf_0578,4,14,1,0,0.388026410794549,0.04345577955245972,0.00013778488209936768,0.002270583063364029,0.6966904476284981,samples/000275_bookshelf_0578.npz
276,bookshelf_0579,4,36,1,0,0.5714590553312043,0.06693780422210693,0.0003077063011005521,0.006102085113525391,0.6810904294252396,samples/000276_bookshelf_0579.npz
277,bookshelf_0580,4,36,1,0,0.3879596136002913,0.05138830095529556,0.00014613737585023046,0.0026573985815048218,0.6203959509730339,samples/000277_bookshelf_0580.npz
278,bookshelf_0581,4,15,1,0,1.3578160653544895,0.1403939425945282,0.0010866641532629728,0.010836780071258545,0.678858682513237,samples/000278_bookshelf_0581.npz
279,bookshelf_0582,4,26,1,0,1.2272605124742324,0.15999993681907654,0.0007534549222327769,0.02502495050430298,0.62381312251091,samples/000279_bookshelf_0582.npz
280,bookshelf_0583,4,26,1,0,1.3153530174969865,0.1599999964237213,0.000874226214364171,0.02010682225227356,0.6442042253911495,samples/000280_bookshelf_0583.npz
281,bookshelf_0584,4,11,1,0,0.8203241347441506,0.1072261705994606,0.00046209228457883,0.007312476634979248,0.6265524961054325,samples/000281_bookshelf_0584.npz
282,bookshelf_0585,4,16,1,0,1.035507257798058,0.13474677503108978,0.0008018213557079434,0.011339694261550903,0.639359325170517,samples/000282_bookshelf_0585.npz
283,bookshelf_0586,4,14,1,0,1.3009563706197935,0.11704254150390625,0.0009928150102496147,0.009973466396331787,0.6285154707729816,samples/000283_bookshelf_0586.npz
284,bookshelf_0587,4,36,1,0,0.5757700149081815,0.06047415733337402,0.0003038095310330391,0.0029713064432144165,0.6294507309794426,samples/000284_bookshelf_0587.npz
285,bookshelf_0588,4,26,1,0,1.7189003618533252,0.1504097580909729,0.001452925498597324,0.012586057186126709,0.6285236217081547,samples/000285_bookshelf_0588.npz
286,bookshelf_0589,4,36,1,0,0.5692794078159047,0.0655248761177063,0.0003084651834797114,0.005770444869995117,0.6848416700959206,samples/000286_bookshelf_0589.npz
287,bookshelf_0590,4,5,1,0,1.5552715373839034,0.15999992191791534,0.001049628364853561,0.01875174045562744,0.6720162145793438,samples/000287_bookshelf_0590.npz
288,bookshelf_0591,4,38,1,0,0.6997311701740283,0.07231038808822632,0.00045749914715997875,0.005375504493713379,0.6813334189355373,samples/000288_bookshelf_0591.npz
289,bookshelf_0592,4,13,1,0,0.003928169054583038,0.002551734447479248,1.7106685845647007e-08,6.794929504394531e-06,0.6742405071854591,samples/000289_bookshelf_0592.npz
290,bookshelf_0593,4,36,1,0,1.6232663223148631,0.1599999964237213,0.0010865246877074242,0.017673850059509277,0.6771565936505795,samples/000290_bookshelf_0593.npz
291,bookshelf_0594,4,11,1,0,1.2835258879226,0.1599993109703064,0.0010247377213090658,0.016584396362304688,0.6907020770013332,samples/000291_bookshelf_0594.npz
292,bookshelf_0595,4,11,1,0,0.8227067882957708,0.1056375652551651,0.0005694200517609715,0.009511053562164307,0.7236367128789425,samples/000292_bookshelf_0595.npz
293,bookshelf_0596,4,26,1,0,1.2169432452539706,0.1600000113248825,0.0006658070487901568,0.017628192901611328,0.7124151885509491,samples/000293_bookshelf_0596.npz
294,bookshelf_0597,4,11,1,0,1.4730154757920095,0.15999996662139893,0.0011558538535609841,0.01953178644180298,0.734757237136364,samples/000294_bookshelf_0597.npz
295,bookshelf_0598,4,36,1,0,1.4220261336271127,0.1599999964237213,0.0010406504152342677,0.010871708393096924,0.7171218916773796,samples/000295_bookshelf_0598.npz
296,bookshelf_0599,4,26,1,0,1.0386079640145403,0.15999990701675415,0.0005785782122984529,0.015744328498840332,0.716096542775631,samples/000296_bookshelf_0599.npz
297,bookshelf_0600,4,26,1,0,1.4179400606642172,0.15999990701675415,0.0008396580815315247,0.021070897579193115,0.7162759527564049,samples/000297_bookshelf_0600.npz
298,bookshelf_0601,4,26,1,0,1.8392971709075807,0.15999992191791534,0.001190714305266738,0.02370493859052658,0.7311886437237263,samples/000298_bookshelf_0601.npz
299,bookshelf_0602,4,37,1,0,1.5128842969033696,0.15201735496520996,0.0013833047123625875,0.011118769645690918,0.6730248555541039,samples/000299_bookshelf_0602.npz
300,bookshelf_0603,4,36,1,0,1.33381068605543,0.1380717158317566,0.0010525310644879937,0.012253105640411377,0.6724097058176994,samples/000300_bookshelf_0603.npz
301,bookshelf_0604,4,14,1,0,1.3132706831779841,0.1599999964237213,0.0010453257709741592,0.013819277286529541,0.6759504750370979,samples/000301_bookshelf_0604.npz
302,bookshelf_0605,4,14,1,0,1.503967700049609,0.15332479774951935,0.0010421902406960726,0.016524791717529297,0.685749139636755,samples/000302_bookshelf_0605.npz
303,bookshelf_0606,4,36,1,0,1.659071785761976,0.15999990701675415,0.0010664250003173947,0.02000713348388672,0.656766552478075,samples/000303_bookshelf_0606.npz
304,bookshelf_0607,4,36,1,0,0.8404597928388458,0.110240638256073,0.0006124307401478291,0.009932130575180054,0.6550345942378044,samples/000304_bookshelf_0607.npz
305,bookshelf_0608,4,26,1,0,1.6182796273550717,0.15999984741210938,0.001059316797181964,0.01634126901626587,0.6489040069282055,samples/000305_bookshelf_0608.npz
306,bookshelf_0609,4,27,1,0,1.3218933212417445,0.15999987721443176,0.0011322402860969305,0.01849144697189331,0.6726603507995605,samples/000306_bookshelf_0609.npz
307,bookshelf_0610,4,11,1,0,0.7079069605063327,0.11414438486099243,0.00044104340486228466,0.015996158123016357,0.637543048709631,samples/000307_bookshelf_0610.npz
308,bookshelf_0611,4,36,1,0,0.8342797428575733,0.08482605218887329,0.0006368021131493151,0.0068174004554748535,0.7052820362150669,samples/000308_bookshelf_0611.npz
309,bookshelf_0612,4,21,1,0,1.661382101416757,0.1600000262260437,0.0013717077672481537,0.020233333110809326,0.7363005839288235,samples/000309_bookshelf_0612.npz
310,bookshelf_0613,4,14,1,0,1.818420081349367,0.1599999964237213,0.0016590371960774064,0.02479270100593567,0.7359456568956375,samples/000310_bookshelf_0613.npz
311,bookshelf_0614,4,26,1,0,1.2076810180437993,0.12602782249450684,0.0007393084233626723,0.010681599378585815,0.6808953620493412,samples/000311_bookshelf_0614.npz
312,bookshelf_0615,4,36,1,0,1.619636174514282,0.15999995172023773,0.001527213491499424,0.018169641494750977,0.81044777110219,samples/000312_bookshelf_0615.npz
313,bookshelf_0616,4,26,1,0,1.2458813285938641,0.15999972820281982,0.0010327135678380728,0.0161074697971344,0.6702402606606483,samples/000313_bookshelf_0616.npz
314,bookshelf_0617,4,26,1,0,1.1105169812183264,0.159999817609787,0.0007515397155657411,0.016634076833724976,0.638678889721632,samples/000314_bookshelf_0617.npz
315,bookshelf_0618,4,26,1,0,2.0174349265966582,0.1599999964237213,0.0019354736432433128,0.020593345165252686,0.6710888780653477,samples/000315_bookshelf_0618.npz
316,bookshelf_0619,4,36,1,0,0.5639201357076035,0.0644935667514801,0.00030401372350752354,0.0051460862159729,0.6474273502826691,samples/000316_bookshelf_0619.npz
317,bookshelf_0620,4,26,1,0,1.2018446736072952,0.15999990701675415,0.0009377412497997284,0.019353270530700684,0.6924414522945881,samples/000317_bookshelf_0620.npz
318,bookshelf_0621,4,14,1,0,1.8532526535144862,0.1599999964237213,0.001291763735935092,0.027911901473999023,0.6678580492734909,samples/000318_bookshelf_0621.npz
319,bookshelf_0622,4,26,1,0,1.7084236489434512,0.15999993681907654,0.0010730595095083117,0.017836114391684532,0.64841528236866,samples/000319_bookshelf_0622.npz
320,bookshelf_0623,4,11,1,0,1.6867094837409484,0.15999993681907654,0.0011981911957263947,0.019954681396484375,0.6647640727460384,samples/000320_bookshelf_0623.npz
321,bookshelf_0624,4,26,1,0,1.0083383031333792,0.1535806655883789,0.0006548540550284088,0.018258094787597656,0.6495949812233448,samples/000321_bookshelf_0624.npz
322,bookshelf_0625,4,26,1,0,1.6113807808335345,0.1600000113248825,0.001175277167931199,0.027615204453468323,0.6899180263280869,samples/000322_bookshelf_0625.npz
323,bookshelf_0626,4,37,1,0,1.266038544520063,0.1400831639766693,0.0012174509465694427,0.015181958675384521,0.6909743547439575,samples/000323_bookshelf_0626.npz
324,bookshelf_0627,4,26,1,0,1.3651185866604234,0.1600000113248825,0.0008910326287150383,0.01661774516105652,0.6888043731451035,samples/000324_bookshelf_0627.npz
325,bookshelf_0628,4,26,1,0,1.3370900452777126,0.15999968349933624,0.0011062300764024258,0.02085590362548828,0.6504052728414536,samples/000325_bookshelf_0628.npz
326,bookshelf_0629,4,31,1,0,1.124190635409134,0.1329624354839325,0.0007102605886757374,0.013380646705627441,0.649663645774126,samples/000326_bookshelf_0629.npz
327,bookshelf_0630,4,36,1,0,0.5631674938701972,0.061879873275756836,0.0003006950137205422,0.004829347133636475,0.6451596058905125,samples/000327_bookshelf_0630.npz
328,bookshelf_0631,4,38,1,0,0.009876214753367616,0.003033936023712158,9.7898009698838e-08,1.2814998626708984e-05,0.6972101889550686,samples/000328_bookshelf_0631.npz
329,bookshelf_0632,4,36,1,0,1.0422086195971971,0.10242407768964767,0.0006965413340367377,0.00828319787979126,0.6420692093670368,samples/000329_bookshelf_0632.npz
330,bookshelf_0633,4,36,1,0,0.005207634202701256,0.0036288201808929443,2.7286660042591393e-08,1.4185905456542969e-05,0.6446537673473358,samples/000330_bookshelf_0633.npz
331,bookshelf_0634,4,36,1,0,1.0757821791567976,0.12957221269607544,0.0008249662932939827,0.012440979480743408,0.699905514717102,samples/000331_bookshelf_0634.npz
332,bookshelf_0635,4,14,1,0,1.4451598009430267,0.15142996609210968,0.001078936504200101,0.021568894386291504,0.7112146466970444,samples/000332_bookshelf_0635.npz
333,bookshelf_0636,4,36,1,0,0.6976448758726352,0.10044625401496887,0.00041238265112042427,0.0069863200187683105,0.6379043497145176,samples/000333_bookshelf_0636.npz
334,bookshelf_0637,4,26,1,0,1.1257922244149232,0.1599220633506775,0.0008817844791337848,0.017804086208343506,0.6419771946966648,samples/000334_bookshelf_0637.npz
335,bookshelf_0638,4,15,1,0,1.2771909429859845,0.15999984741210938,0.000940064201131463,0.01040637493133545,0.6704871468245983,samples/000335_bookshelf_0638.npz
336,bookshelf_0639,4,36,1,0,1.655066283100144,0.15625879168510437,0.0011086557060480118,0.013110503554344177,0.6698382124304771,samples/000336_bookshelf_0639.npz
337,bookshelf_0640,4,36,1,0,0.7203707354954041,0.09548395872116089,0.0004736830887850374,0.0077506303787231445,0.652154941111803,samples/000337_bookshelf_0640.npz
338,bookshelf_0641,4,26,1,0,1.5844617470011577,0.1600000262260437,0.0011148764751851559,0.02212907373905182,0.6343183107674122,samples/000338_bookshelf_0641.npz
339,bookshelf_0642,4,26,1,0,2.226939199605166,0.1600000113248825,0.001502756029367447,0.027659356594085693,0.645007811486721,samples/000339_bookshelf_0642.npz
340,bookshelf_0643,4,26,1,0,1.8157910689602266,0.1599999964237213,0.0013545048423111439,0.021913766860961914,0.6382957957684994,samples/000340_bookshelf_0643.npz
341,bookshelf_0644,4,26,1,0,1.017118075414374,0.15230345726013184,0.0006583736394532025,0.01533440500497818,0.6367247141897678,samples/000341_bookshelf_0644.npz
342,bookshelf_0645,4,26,1,0,1.4134032467240867,0.15999972820281982,0.0008647359209135175,0.016865193843841553,0.6480558700859547,samples/000342_bookshelf_0645.npz
343,bookshelf_0646,4,26,1,0,1.2807145046384087,0.15643441677093506,0.0010069512063637376,0.017849266529083252,0.6435792334377766,samples/000343_bookshelf_0646.npz
344,bookshelf_0647,4,37,1,0,1.8769762115170157,0.1599999964237213,0.001529776956886053,0.025409162044525146,0.6407104805111885,samples/000344_bookshelf_0647.npz
345,bookshelf_0648,4,11,1,0,0.9480426236541827,0.13932472467422485,0.0007052907021716237,0.014363288879394531,0.6479453146457672,samples/000345_bookshelf_0648.npz
346,bookshelf_0649,4,15,1,0,1.2403509851137844,0.1599997580051422,0.0009597248863428831,0.014338195323944092,0.6511276103556156,samples/000346_bookshelf_0649.npz
347,bookshelf_0650,4,26,1,0,1.523478874231589,0.15999993681907654,0.001144925830885768,0.01787678897380829,0.6417974233627319,samples/000347_bookshelf_0650.npz
348,bookshelf_0651,4,36,1,0,1.2350527435885676,0.11525101959705353,0.000950166373513639,0.012347638607025146,0.6484912224113941,samples/000348_bookshelf_0651.npz
349,bookshelf_0652,4,11,1,0,1.1396926832068157,0.15999960899353027,0.00083482067566365,0.017879009246826172,0.640884455293417,samples/000349_bookshelf_0652.npz
350,bookshelf_0653,4,26,1,0,1.5054273764958468,0.15999901294708252,0.0012508257059380412,0.032702863216400146,0.6397377699613571,samples/000350_bookshelf_0653.npz
351,bookshelf_0654,4,26,1,0,2.218886465254795,0.1599999964237213,0.0018566646613180637,0.025004252791404724,0.6707429364323616,samples/000351_bookshelf_0654.npz
352,bookshelf_0655,4,26,1,0,2.1432981854647304,0.1600000262260437,0.0014069995377212763,0.023396432399749756,0.6845941431820393,samples/000352_bookshelf_0655.npz
353,bookshelf_0656,4,36,1,0,0.9565728315800531,0.1186482310295105,0.0006210453575477004,0.010704100131988525,0.7155682817101479,samples/000353_bookshelf_0656.npz
354,bookshelf_0657,4,26,1,0,0.9687429089440497,0.15999996662139893,0.0005109772901050746,0.015852540731430054,0.7079884670674801,samples/000354_bookshelf_0657.npz
355,bookshelf_0658,4,36,1,0,0.9571170223491986,0.09223511815071106,0.0007717193802818656,0.006785869598388672,0.6939614526927471,samples/000355_bookshelf_0658.npz
356,bookshelf_0659,4,38,1,0,1.6866690391151922,0.1600000262260437,0.0011797642800956964,0.019363731145858765,0.6915316581726074,samples/000356_bookshelf_0659.npz
357,bookshelf_0660,4,37,1,0,2.3818110878787135,0.1599999964237213,0.0018398946849629283,0.0253218412399292,0.704371266067028,samples/000357_bookshelf_0660.npz
358,bookshelf_0661,4,36,1,0,1.5777558943170373,0.1599999964237213,0.0012970691313967109,0.018782734870910645,0.7823527604341507,samples/000358_bookshelf_0661.npz
359,bookshelf_0662,4,14,1,0,2.4510902664763865,0.1600000113248825,0.0017615760443732142,0.019633226096630096,0.726398054510355,samples/000359_bookshelf_0662.npz
360,bookshelf_0663,4,26,1,0,2.2728456336325418,0.1599999964237213,0.002060200087726116,0.022990316152572632,0.724969245493412,samples/000360_bookshelf_0663.npz
361,bookshelf_0664,4,26,1,0,2.079750658504961,0.1600000262260437,0.002010810887441039,0.02874162793159485,0.7330516986548901,samples/000361_bookshelf_0664.npz
362,bookshelf_0665,4,36,1,0,0.9107396789424609,0.11005225032567978,0.0005855999770574272,0.006099283695220947,0.7604917101562023,samples/000362_bookshelf_0665.npz
363,bookshelf_0666,4,26,1,0,1.438599870605972,0.1599999964237213,0.0007836871664039791,0.01850283145904541,0.6991257891058922,samples/000363_bookshelf_0666.npz
364,bookshelf_0667,4,36,1,0,0.8727912272515046,0.08407910168170929,0.0006439946591854095,0.0073854923248291016,0.7188915722072124,samples/000364_bookshelf_0667.npz
365,bookshelf_0668,4,26,1,0,1.3838182444917755,0.1599999964237213,0.0007046688115224242,0.012535318732261658,0.7156406380236149,samples/000365_bookshelf_0668.npz
366,bookshelf_0669,4,26,1,0,0.5721939549792964,0.12217742204666138,0.00027668505208566785,0.00668865442276001,0.7166188396513462,samples/000366_bookshelf_0669.npz
367,bookshelf_0670,4,23,1,0,1.0599363477057215,0.15999995172023773,0.000776998174842447,0.008998572826385498,0.7162724435329437,samples/000367_bookshelf_0670.npz
368,bookshelf_0671,4,26,1,0,1.747821439559558,0.15999996662139893,0.0015989344101399183,0.0292242169380188,0.7216462679207325,samples/000368_bookshelf_0671.npz
369,bookshelf_0672,4,11,1,0,0.7168645592937762,0.1312127709388733,0.00040701465331949294,0.01204007863998413,0.7225695587694645,samples/000369_bookshelf_0672.npz
370,bottle_0336,5,37,1,0,0.9717223958353267,0.1286565661430359,0.0005815320182591677,0.009682953357696533,0.7200885191559792,samples/000370_bottle_0336.npz
371,bottle_0337,5,15,1,0,1.44287109375,0.15999996662139893,0.0005218871519900858,0.015452802181243896,0.688831701874733,samples/000371_bottle_0337.npz
372,bottle_0338,5,37,1,0,1.5973818853528265,0.1599997580051422,0.0010432832641527057,0.013470888137817383,0.6889137886464596,samples/000372_bottle_0338.npz
373,bottle_0339,5,37,1,0,1.1820589066098197,0.15999996662139893,0.0007203805726021528,0.016802489757537842,0.6963888444006443,samples/000373_bottle_0339.npz
374,bottle_0340,5,37,1,0,1.436225637224303,0.1425386518239975,0.0006301445537246764,0.006223082542419434,0.6823001876473427,samples/000374_bottle_0340.npz
375,bottle_0341,5,15,1,0,1.249335684680117,0.159986674785614,0.0005613898974843323,0.008196890354156494,0.6194696873426437,samples/000375_bottle_0341.npz
376,bottle_0342,5,37,1,0,1.017188394783435,0.15733850002288818,0.00046577316243201494,0.015613079071044922,0.6425737179815769,samples/000376_bottle_0342.npz
377,bottle_0343,5,26,1,0,1.5562228763468702,0.15999969840049744,0.000624990148935467,0.01666867733001709,0.644587617367506,samples/000377_bottle_0343.npz
378,bottle_0344,5,15,1,0,1.3310263862315903,0.1599997729063034,0.0005325502133928239,0.011217832565307617,0.6743812076747417,samples/000378_bottle_0344.npz
379,bottle_0345,5,15,1,0,1.242648273156061,0.15999770164489746,0.000488521414808929,0.016564130783081055,0.7849047519266605,samples/000379_bottle_0345.npz
380,bottle_0346,5,26,1,0,1.172992288117778,0.1599997729063034,0.0004196561349090189,0.0184900164604187,0.6714272201061249,samples/000380_bottle_0346.npz
381,bottle_0347,5,15,1,0,1.0200222192475952,0.15999889373779297,0.00040064117638394237,0.017390072345733643,0.6781474873423576,samples/000381_bottle_0347.npz
382,bottle_0348,5,9,1,0,1.1938104729039805,0.1599999964237213,0.00041890874854288995,0.018620669841766357,0.6688922196626663,samples/000382_bottle_0348.npz
383,bottle_0349,5,15,1,0,1.2693254274636654,0.15999996662139893,0.0004926777328364551,0.012143135070800781,0.6803753972053528,samples/000383_bottle_0349.npz
384,bottle_0350,5,37,1,0,1.1527977130052183,0.1460503339767456,0.0006557132583111525,0.01527896523475647,0.6713236011564732,samples/000384_bottle_0350.npz
385,bottle_0351,5,37,1,0,0.5568998034569531,0.07141996920108795,0.00022847401851322502,0.0034667253494262695,0.6818658784031868,samples/000385_bottle_0351.npz
386,bottle_0352,5,37,1,0,1.105108640538687,0.144936665892601,0.0006325801950879395,0.0068190693855285645,0.6738736592233181,samples/000386_bottle_0352.npz
387,bottle_0353,5,15,1,0,0.6825817901209045,0.09366054087877274,0.00030060671269893646,0.007071793079376221,0.6755275055766106,samples/000387_bottle_0353.npz
388,bottle_0354,5,37,1,0,1.5479160042714704,0.1599999964237213,0.0007200334803201258,0.005510926246643066,0.6694062761962414,samples/000388_bottle_0354.npz
389,bottle_0355,5,37,1,0,0.6849587354795957,0.13568103313446045,0.00031511345878243446,0.008275538682937622,0.6859696805477142,samples/000389_bottle_0355.npz
390,bottle_0356,5,37,1,0,1.229564807010709,0.11586576700210571,0.0005853945040144026,0.013392031192779541,0.6689297631382942,samples/000390_bottle_0356.npz
391,bottle_0357,5,37,1,0,0.9467854806866126,0.09488862752914429,0.0006559430039487779,0.005121991038322449,0.6727420724928379,samples/000391_bottle_0357.npz
392,bottle_0358,5,37,1,0,0.5536558133897794,0.07273516058921814,0.00026853280724026263,0.0034760236740112305,0.6728389114141464,samples/000392_bottle_0358.npz
393,bottle_0359,5,24,1,0,1.6848316819145182,0.15999996662139893,0.0006952496478334069,0.018280327320098877,0.6862627789378166,samples/000393_bottle_0359.npz
394,bottle_0360,5,15,1,0,1.0348225613544009,0.14167964458465576,0.0005278753815218806,0.011133372783660889,0.6669728085398674,samples/000394_bottle_0360.npz
395,bottle_0361,5,37,1,0,0.9318017880177584,0.12048828601837158,0.0003548941749613732,0.010357975959777832,0.6884466931223869,samples/000395_bottle_0361.npz
396,bottle_0362,5,26,1,0,1.0033589366616937,0.15999960899353027,0.0004223742289468646,0.024346530437469482,0.6723726987838745,samples/000396_bottle_0362.npz
397,bottle_0363,5,37,1,0,0.5537343701445198,0.0908229649066925,0.00023031080490909517,0.006019949913024902,0.6628618314862251,samples/000397_bottle_0363.npz
398,bottle_0364,5,26,1,0,1.482567399311763,0.15999984741210938,0.0006271499441936612,0.020421147346496582,0.7107647694647312,samples/000398_bottle_0364.npz
399,bottle_0365,5,37,1,0,0.5525504773478853,0.10304546356201172,0.00017522017878945917,0.0044487714767456055,0.8214726150035858,samples/000399_bottle_0365.npz
400,bottle_0366,5,9,1,0,0.8337148101191938,0.15999972820281982,0.000373441114788875,0.015631496906280518,0.7369852401316166,samples/000400_bottle_0366.npz
401,bottle_0367,5,37,1,0,1.0801753574636408,0.10946228355169296,0.000559428590349853,0.006262391805648804,0.7341222539544106,samples/000401_bottle_0367.npz
402,bottle_0368,5,15,1,0,1.6051272843594706,0.15999987721443176,0.0006138340104371309,0.015695810317993164,0.6787229441106319,samples/000402_bottle_0368.npz
403,bottle_0369,5,10,1,0,0.9688312742534154,0.12946093082427979,0.0005764219677075744,0.011087536811828613,0.6712854243814945,samples/000403_bottle_0369.npz
404,bottle_0370,5,15,1,0,1.524071664131463,0.15999925136566162,0.0007269402267411351,0.02923351526260376,0.670230433344841,samples/000404_bottle_0370.npz
405,bottle_0371,5,26,1,0,1.4163099943216029,0.15999996662139893,0.0006123246275819838,0.024615168571472168,0.6807743683457375,samples/000405_bottle_0371.npz
406,bottle_0372,5,37,1,0,0.7818008007089374,0.10342611372470856,0.00030061218421906233,0.005010366439819336,0.6765053123235703,samples/000406_bottle_0372.npz
407,bottle_0373,5,15,1,0,1.029354043201791,0.15999948978424072,0.0004837395390495658,0.016659855842590332,0.666848286986351,samples/000407_bottle_0373.npz
408,bottle_0374,5,29,1,0,0.5806392691329951,0.13285112380981445,0.00025665888097137213,0.005983337759971619,0.6705051213502884,samples/000408_bottle_0374.npz
409,bottle_0375,5,37,1,0,0.004379366747409356,0.0027244091033935547,1.8553691916167736e-08,7.3909759521484375e-06,0.6648527830839157,samples/000409_bottle_0375.npz
410,bottle_0376,5,37,1,0,0.38800027225302947,0.05333292484283447,0.0001277951814699918,0.002152562141418457,0.6358116716146469,samples/000410_bottle_0376.npz
411,bottle_0377,5,37,1,0,1.3410767867699842,0.15977847576141357,0.0006618981715291739,0.018169939517974854,0.6267206557095051,samples/000411_bottle_0377.npz
412,bottle_0378,5,26,1,0,1.418712641522428,0.15999971330165863,0.0006937395664863288,0.025945574045181274,0.6533580236136913,samples/000412_bottle_0378.npz
413,bottle_0379,5,26,1,0,1.9976342633782538,0.1600000262260437,0.0009865476749837399,0.016568481922149658,0.6515053994953632,samples/000413_bottle_0379.npz
414,bottle_0380,5,11,1,0,0.8055884585886545,0.11799881607294083,0.00032760854810476303,0.014617323875427246,0.684049092233181,samples/000414_bottle_0380.npz
415,bottle_0381,5,37,1,0,1.0708423611647537,0.14322251081466675,0.0005938112153671682,0.01883983612060547,0.6671175546944141,samples/000415_bottle_0381.npz
416,bottle_0382,5,37,1,0,0.9213647400094963,0.09864865243434906,0.0005425156559795141,0.004259169101715088,0.6752551980316639,samples/000416_bottle_0382.npz
417,bottle_0383,5,27,1,0,1.7668923412291082,0.1599999964237213,0.0009153884602710605,0.021479904651641846,0.6674497351050377,samples/000417_bottle_0383.npz
418,bottle_0384,5,24,1,0,1.500721102476833,0.15999996662139893,0.0006319069070741534,0.010495081543922424,0.6619672626256943,samples/000418_bottle_0384.npz
419,bottle_0385,5,15,1,0,1.4367956840987686,0.15999993681907654,0.0005949182668700814,0.014281034469604492,0.6650584749877453,samples/000419_bottle_0385.npz
420,bottle_0386,5,37,1,0,0.92042552014386,0.11348621547222137,0.0006378311081789434,0.006734609603881836,0.6561846546828747,samples/000420_bottle_0386.npz
421,bottle_0387,5,37,1,0,1.246690398009924,0.1504700779914856,0.000963888131082058,0.009745121002197266,0.666412428021431,samples/000421_bottle_0387.npz
422,bottle_0388,5,37,1,0,0.8406782129880935,0.13607266545295715,0.00038463680539280176,0.011300623416900635,0.670335229486227,samples/000422_bottle_0388.npz
423,bottle_0389,5,37,1,0,1.4001280087463457,0.15999585390090942,0.0006947828223928809,0.01819998025894165,0.6574015915393829,samples/000423_bottle_0389.npz
424,bottle_0390,5,10,1,0,1.5611587871603667,0.14937223494052887,0.0011564430315047503,0.010511219501495361,0.7030532583594322,samples/000424_bottle_0390.npz
425,bottle_0391,5,15,1,0,1.6619828351955717,0.15999966859817505,0.0011356840841472149,0.01690429449081421,0.7195625491440296,samples/000425_bottle_0391.npz
426,bottle_0392,5,37,1,0,0.9391461701654253,0.149262934923172,0.0004062065854668617,0.02062016725540161,0.6766302473843098,samples/000426_bottle_0392.npz
427,bottle_0393,5,15,1,0,1.6136775419070621,0.1600000262260437,0.0007485266542062163,0.0283241868019104,0.7108961492776871,samples/000427_bottle_0393.npz
428,bottle_0394,5,37,1,0,1.1523711508386532,0.15999987721443176,0.0007132504833862185,0.00674748420715332,0.6586118414998055,samples/000428_bottle_0394.npz
429,bottle_0395,5,37,1,0,1.0975984714274982,0.13353389501571655,0.0005573900416493416,0.018907785415649414,0.6776740476489067,samples/000429_bottle_0395.npz
430,bottle_0396,5,37,1,0,0.8238706802945975,0.10499304533004761,0.00033264781814068556,0.0038562417030334473,0.6790795549750328,samples/000430_bottle_0396.npz
431,bottle_0397,5,15,1,0,1.6463711519782138,0.1599999964237213,0.000836242048535496,0.009313821792602539,0.6645272895693779,samples/000431_bottle_0397.npz
432,bottle_0398,5,37,1,0,0.9362797425031534,0.13059285283088684,0.0004995911731384695,0.008086122572422028,0.6525037921965122,samples/000432_bottle_0398.npz
433,bottle_0399,5,37,1,0,0.8079106859638622,0.12550713121891022,0.00030432941275648773,0.010716676712036133,0.6634477637708187,samples/000433_bottle_0399.npz
434,bottle_0400,5,37,1,0,0.6901484865076242,0.11838686466217041,0.00027286846307106316,0.008359014987945557,0.6544751040637493,samples/000434_bottle_0400.npz
435,bottle_0401,5,15,1,0,1.370261763152111,0.13182634115219116,0.0005912188207730651,0.02056407928466797,0.6478018127381802,samples/000435_bottle_0401.npz
436,bottle_0402,5,15,1,0,1.1087539573220353,0.15933197736740112,0.0006052383687347174,0.017393991351127625,0.7059864588081837,samples/000436_bottle_0402.npz
437,bottle_0403,5,37,1,0,1.120226907054086,0.13737919926643372,0.0006902683526277542,0.006575942039489746,0.7033313736319542,samples/000437_bottle_0403.npz
438,bottle_0404,5,37,1,0,1.018588627865127,0.1599869281053543,0.0004557358333840966,0.0199621319770813,0.7112971469759941,samples/000438_bottle_0404.npz
439,bottle_0405,5,37,1,0,1.0272654369370613,0.1599999964237213,0.000449465645942837,0.008822441101074219,0.7073464281857014,samples/000439_bottle_0405.npz
440,bottle_0406,5,15,1,0,1.940359405181642,0.1599999964237213,0.0009697920177131891,0.011906534433364868,0.7070468217134476,samples/000440_bottle_0406.npz
441,bottle_0407,5,37,1,0,0.8241890183279537,0.1314554512500763,0.0002856446080841124,0.011115670204162598,0.7041314505040646,samples/000441_bottle_0407.npz
442,bottle_0408,5,27,1,0,1.289063609729636,0.15562404692173004,0.0009232291486114264,0.007281124591827393,0.7143769524991512,samples/000442_bottle_0408.npz
443,bottle_0409,5,37,1,0,0.9339781891391814,0.08306314051151276,0.0006203764351084828,0.006222665309906006,0.6619044281542301,samples/000443_bottle_0409.npz
444,bottle_0410,5,37,1,0,1.2270063095443526,0.15999995172023773,0.0005669021047651768,0.009285390377044678,0.6917471773922443,samples/000444_bottle_0410.npz
445,bottle_0411,5,37,1,0,0.8228643778996626,0.12702353298664093,0.0003609724226407707,0.01399761438369751,0.6985524483025074,samples/000445_bottle_0411.npz
446,bottle_0412,5,15,1,0,1.314508332089338,0.15999993681907654,0.000686163897626102,0.026361793279647827,0.6866825893521309,samples/000446_bottle_0412.npz
447,bottle_0413,5,26,1,0,1.3783372131755858,0.15999969840049744,0.0005546916509047151,0.025858044624328613,0.6696671694517136,samples/000447_bottle_0413.npz
448,bottle_0414,5,37,1,0,1.2867696310798569,0.1298626959323883,0.0006703722174279392,0.007732778787612915,0.662319228053093,samples/000448_bottle_0414.npz
449,bottle_0415,5,37,1,0,0.7003901063031022,0.13220705091953278,0.00029815040761604905,0.013625890016555786,0.6893618479371071,samples/000449_bottle_0415.npz
450,bottle_0416,5,37,1,0,0.5455489293714899,0.07868689298629761,0.00022103707306087017,0.006668448448181152,0.7148417718708515,samples/000450_bottle_0416.npz
451,bottle_0417,5,26,1,0,1.271115579165614,0.1599997878074646,0.0005139700951986015,0.023520827293395996,0.6642178781330585,samples/000451_bottle_0417.npz
452,bottle_0418,5,15,1,0,0.7164496222525986,0.09016621112823486,0.0004382421902846545,0.007464289665222168,0.6696510314941406,samples/000452_bottle_0418.npz
453,bottle_0419,5,37,1,0,1.1014716334099448,0.15407374501228333,0.0005399126093834639,0.017225444316864014,0.6774456836283207,samples/000453_bottle_0419.npz
454,bottle_0420,5,26,1,0,1.8235102386480042,0.1599999964237213,0.0006057745777070522,0.00809389352798462,0.6832513399422169,samples/000454_bottle_0420.npz
455,bottle_0421,5,37,1,0,1.6934977544190188,0.15999998152256012,0.0008784187957644463,0.012818574905395508,0.6934781037271023,samples/000455_bottle_0421.npz
456,bottle_0422,5,37,1,0,0.5760217503375002,0.09493055939674377,0.0002082877472275868,0.007755458354949951,0.6834617033600807,samples/000456_bottle_0422.npz
457,bottle_0423,5,37,1,0,2.01209651029781,0.1599999964237213,0.000895265897270292,0.0165865421295166,0.6541639044880867,samples/000457_bottle_0423.npz
458,bottle_0424,5,37,1,0,0.5661794208283272,0.13608698546886444,0.00020920479437336326,0.00869065523147583,0.6673385538160801,samples/000458_bottle_0424.npz
459,bottle_0425,5,15,1,0,0.5513132042559771,0.08681198954582214,0.0002442451077513397,0.0055487751960754395,0.6638475656509399,samples/000459_bottle_0425.npz
460,bottle_0426,5,15,1,0,1.3863572415077887,0.15837228298187256,0.0005878466181457043,0.015534460544586182,0.663460873067379,samples/000460_bottle_0426.npz
461,bottle_0427,5,9,1,0,1.2529016195767377,0.1599997878074646,0.0007068269187584519,0.013510555028915405,0.6667866036295891,samples/000461_bottle_0427.npz
462,bottle_0428,5,37,1,0,1.0099293411910222,0.15999992191791534,0.0004634915676433593,0.012870967388153076,0.6618014648556709,samples/000462_bottle_0428.npz
463,bottle_0429,5,37,1,0,1.0098066340074996,0.12480752170085907,0.00034902646439149976,0.010265111923217773,0.6578520312905312,samples/000463_bottle_0429.npz
464,bottle_0430,5,23,1,0,1.7269910910453352,0.15995153784751892,0.000896634825039655,0.009884357452392578,0.6498146317899227,samples/000464_bottle_0430.npz
465,bottle_0431,5,27,1,0,1.6064882035022676,0.15959474444389343,0.0010396467987447977,0.021662533283233643,0.6624824516475201,samples/000465_bottle_0431.npz
466,bottle_0432,5,26,1,0,1.8163667736070634,0.15999998152256012,0.0006722308462485671,0.019175946712493896,0.6662224344909191,samples/000466_bottle_0432.npz
467,bottle_0433,5,37,1,0,1.0188015924741207,0.11841601133346558,0.0006042702589184046,0.010096311569213867,0.6617548353970051,samples/000467_bottle_0433.npz
468,bottle_0434,5,37,1,0,0.5534982424142116,0.07127463817596436,0.00026676245033741,0.0039727091789245605,0.6623742505908012,samples/000468_bottle_0434.npz
469,bottle_0435,5,37,1,0,0.0003075770682470875,0.0002803802490234375,-6.984919309616089e-10,1.1920928955078125e-07,0.6505353190004826,samples/000469_bottle_0435.npz
470,bowl_0065,6,1,1,0,1.283317456312348,0.15181514620780945,0.001060658716596663,0.019353926181793213,0.6748477555811405,samples/000470_bowl_0065.npz
471,bowl_0066,6,26,1,0,1.6370782389099956,0.15999993681907654,0.0011196599807590246,0.02446657419204712,0.6578200086951256,samples/000471_bowl_0066.npz
472,bowl_0067,6,37,1,0,0.38798023871327453,0.05272132158279419,0.0001451819989597425,0.004023551940917969,0.6485028341412544,samples/000472_bowl_0067.npz
473,bowl_0068,6,10,1,0,1.0602672482252165,0.13945931196212769,0.0008982614381238818,0.012687981128692627,0.6479201577603817,samples/000473_bowl_0068.npz
474,bowl_0069,6,26,1,0,1.7873430943481619,0.1600000262260437,0.001128766918554902,0.03664785623550415,0.6544838659465313,samples/000474_bowl_0069.npz
475,bowl_0070,6,37,1,0,1.1668904918588288,0.11073145270347595,0.0010172625770792365,0.00928574800491333,0.657098051160574,samples/000475_bowl_0070.npz
476,bowl_0071,6,15,1,0,0.9674714480482324,0.15808477997779846,0.0007067980477586389,0.018624067306518555,0.6662142872810364,samples/000476_bowl_0071.npz
477,bowl_0072,6,37,1,0,1.0770405830345284,0.10331577062606812,0.000966218241956085,0.011895298957824707,0.6940941773355007,samples/000477_bowl_0072.npz
478,bowl_0073,6,1,1,0,1.1531348018694856,0.1599999964237213,0.0008007341530174017,0.02855849266052246,0.6803129687905312,samples/000478_bowl_0073.npz
479,bowl_0074,6,37,1,0,0.0002968104930534003,0.00026817619800567627,-7.566995918750763e-10,2.384185791015625e-07,0.7055753171443939,samples/000479_bowl_0074.npz
480,bowl_0075,6,1,1,0,1.3744437870022177,0.1599999964237213,0.0013316669501364231,0.029193401336669922,0.6793733015656471,samples/000480_bowl_0075.npz
481,bowl_0076,6,37,1,0,0.6851915922368927,0.1197367012500763,0.0003890547377523035,0.01294553279876709,0.6818716451525688,samples/000481_bowl_0076.npz
482,bowl_0077,6,37,1,0,0.5630547053381595,0.07651510834693909,0.000293367775157094,0.007773399353027344,0.6735511682927608,samples/000482_bowl_0077.npz
483,bowl_0078,6,26,1,0,1.1678716944554137,0.15999987721443176,0.0008290863479487598,0.018343448638916016,0.7059058807790279,samples/000483_bowl_0078.npz
484,bowl_0079,6,1,1,0,0.8722270726432164,0.1600000262260437,0.0006214374443516135,0.013110756874084473,0.6821143142879009,samples/000484_bowl_0079.npz
485,bowl_0080,6,10,1,0,1.711480093841067,0.15999996662139893,0.0011516148224473,0.021839790046215057,0.6720966175198555,samples/000485_bowl_0080.npz
486,bowl_0081,6,15,1,0,1.067053797376527,0.159999817609787,0.0007926480611786246,0.020858407020568848,0.6689058393239975,samples/000486_bowl_0081.npz
487,bowl_0082,6,37,1,0,0.38798373853634266,0.08454346656799316,0.00014610664220526814,0.006492137908935547,0.722897183150053,samples/000487_bowl_0082.npz
488,bowl_0083,6,27,1,0,0.9810509188179235,0.1454051434993744,0.0007777976570650935,0.011708199977874756,0.7156024537980556,samples/000488_bowl_0083.npz
489,bowl_0084,6,10,1,0,0.5731636591449536,0.07908428460359573,0.0003187455877196044,0.0054795145988464355,0.7164935618638992,samples/000489_bowl_0084.npz
490,car_0198,7,27,1,0,1.1626107809134225,0.15999984741210938,0.0008293938590213656,0.016658365726470947,0.7012138552963734,samples/000490_car_0198.npz
491,car_0199,7,26,1,0,1.906531047427178,0.15999998152256012,0.0015116884605959058,0.017023682594299316,0.684245377779007,samples/000491_car_0199.npz
492,car_0200,7,33,1,0,2.2416538573777145,0.1599999964237213,0.0015948712825775146,0.021469928324222565,0.6991130486130714,samples/000492_car_0200.npz
493,car_0201,7,34,1,0,1.2688714528324052,0.15421372652053833,0.0008556785178370774,0.007863938808441162,0.7167141474783421,samples/000493_car_0201.npz
494,car_0202,7,26,1,0,2.283033509884503,0.1600000113248825,0.0014381306245923042,0.02539658546447754,0.6875113174319267,samples/000494_car_0202.npz
495,car_0203,7,26,1,0,2.238710452166566,0.1599999964237213,0.0018534279661253095,0.01758703589439392,0.6798027195036411,samples/000495_car_0203.npz
496,car_0204,7,26,1,0,2.066200664367436,0.1599999964237213,0.00138339982368052,0.02067999541759491,0.7162532471120358,samples/000496_car_0204.npz
497,car_0205,7,34,1,0,1.7905597335345067,0.15999963879585266,0.0012654862366616726,0.017834432423114777,0.744653943926096,samples/000497_car_0205.npz
498,car_0206,7,16,1,0,1.5317561227904275,0.1599995195865631,0.001307019148953259,0.01976904273033142,0.6622125916182995,samples/000498_car_0206.npz
499,car_0207,7,34,1,0,1.5066454427660385,0.15161937475204468,0.000998800154775381,0.015427649021148682,0.6983598060905933,samples/000499_car_0207.npz
500,car_0208,7,34,1,0,1.8044970523369386,0.1598687320947647,0.001272388151846826,0.016838133335113525,0.7084072232246399,samples/000500_car_0208.npz
501,car_0209,7,30,1,0,1.6151842065697943,0.1381431221961975,0.0011841156519949436,0.011202216148376465,0.6678777597844601,samples/000501_car_0209.npz
502,car_0210,7,14,1,0,1.7286015376060662,0.1599999964237213,0.0011061099357903004,0.021731272339820862,0.6411975212395191,samples/000502_car_0210.npz
503,car_0211,7,34,1,0,1.7534668165906249,0.1599999964237213,0.0014366989489644766,0.025116652250289917,0.6839080266654491,samples/000503_car_0211.npz
504,car_0212,7,26,1,0,2.345889297707653,0.1599999964237213,0.0019842886831611395,0.024024710059165955,0.6890804059803486,samples/000504_car_0212.npz
505,car_0213,7,29,1,0,1.1139179617493096,0.15999996662139893,0.0009028866770677269,0.029316693544387817,0.7005224265158176,samples/000505_car_0213.npz
506,car_0214,7,2,1,0,1.323497136741628,0.1599999964237213,0.0010931777069345117,0.025645554065704346,0.7043750062584877,samples/000506_car_0214.npz
507,car_0215,7,2,1,0,2.026761186282065,0.1599999964237213,0.0013384243939071894,0.023597240447998047,0.6977065913379192,samples/000507_car_0215.npz
508,car_0216,7,26,1,0,1.9372312605509374,0.15999990701675415,0.001301244948990643,0.02017746865749359,0.7323744967579842,samples/000508_car_0216.npz
509,car_0217,7,26,1,0,1.6507381457050911,0.13934698700904846,0.0015918842982500792,0.019125789403915405,0.7437975034117699,samples/000509_car_0217.npz
510,car_0218,7,25,1,0,1.5649936042447767,0.15999996662139893,0.0012840160634368658,0.022860825061798096,0.7156740128993988,samples/000510_car_0218.npz
511,car_0219,7,26,1,0,0.9427334148098295,0.1074381023645401,0.0006837291875854135,0.012493044137954712,0.7435527369379997,samples/000511_car_0219.npz
512,car_0220,7,26,1,0,2.2491004258170557,0.1600000262260437,0.0016625744756311178,0.018088579177856445,0.6777284629642963,samples/000512_car_0220.npz
513,car_0221,7,27,1,0,1.934147795859465,0.1599999964237213,0.0013999940128996968,0.023948058485984802,0.7087403945624828,samples/000513_car_0221.npz
514,car_0222,7,27,1,0,1.2775045871092379,0.13842570781707764,0.0009611109853722155,0.009952232241630554,0.6725690923631191,samples/000514_car_0222.npz
515,car_0223,7,26,1,0,2.4953079061161336,0.1599999964237213,0.0021243607625365257,0.03103172779083252,0.6912126466631889,samples/000515_car_0223.npz
516,car_0224,7,34,1,0,1.6192715802400064,0.1599997878074646,0.0012148355599492788,0.020550072193145752,0.678928904235363,samples/000516_car_0224.npz
517,car_0225,7,23,1,0,2.3994387298173043,0.1600000262260437,0.0015454657841473818,0.017942845821380615,0.6961104907095432,samples/000517_car_0225.npz
518,car_0226,7,34,1,0,0.8657087915539915,0.15703272819519043,0.0006435998366214335,0.019231140613555908,0.6931272335350513,samples/000518_car_0226.npz
519,car_0227,7,26,1,0,1.8544504362833234,0.1599999964237213,0.0015423416625708342,0.021756984293460846,0.7396757937967777,samples/000519_car_0227.npz
520,car_0228,7,34,1,0,2.0308339499826267,0.15999998152256012,0.0016137760831043124,0.030849695205688477,0.7116163894534111,samples/000520_car_0228.npz
521,car_0229,7,23,1,0,1.279406710270382,0.15999987721443176,0.0007864609360694885,0.017754286527633667,0.714795421808958,samples/000521_car_0229.npz
522,car_0230,7,23,1,0,2.1786490807329333,0.1599999964237213,0.001492148730903864,0.01718810200691223,0.7264008074998856,samples/000522_car_0230.npz
523,car_0231,7,27,1,0,1.4573065367297435,0.15999913215637207,0.0011222277535125613,0.019831538200378418,0.6978289037942886,samples/000523_car_0231.npz
524,car_0232,7,34,1,0,1.163391265380811,0.1362728476524353,0.0009160653571598232,0.013278722763061523,0.7180615812540054,samples/000524_car_0232.npz
525,car_0233,7,26,1,0,2.1027065410610786,0.15999996662139893,0.001720628933981061,0.03137075901031494,0.6864968612790108,samples/000525_car_0233.npz
526,car_0234,7,3,1,0,2.1119014445035265,0.1599999964237213,0.0012951146345585585,0.017145514488220215,0.6936372108757496,samples/000526_car_0234.npz
527,car_0235,7,26,1,0,1.3990541728753694,0.1599997878074646,0.0011769455159083009,0.010891228914260864,0.6888721734285355,samples/000527_car_0235.npz
528,car_0236,7,27,1,0,1.1874717031420225,0.15928047895431519,0.0006438858690671623,0.015936046838760376,0.6769380643963814,samples/000528_car_0236.npz
529,car_0237,7,26,1,0,1.4772266529140823,0.15999996662139893,0.0011592907831072807,0.02080392837524414,0.7015901431441307,samples/000529_car_0237.npz
530,car_0238,7,34,1,0,1.7904896270549489,0.1599999964237213,0.0015761756803840399,0.02198144793510437,0.7103000544011593,samples/000530_car_0238.npz
531,car_0239,7,14,1,0,2.0723164774185836,0.1600000262260437,0.00191433634608984,0.022843360900878906,0.7086223587393761,samples/000531_car_0239.npz
532,car_0240,7,26,1,0,1.6696147435490083,0.1497117280960083,0.0013912366703152657,0.015078365802764893,0.6939972974359989,samples/000532_car_0240.npz
533,car_0241,7,34,1,0,2.038341087670703,0.1600000113248825,0.0012401929125189781,0.026070624589920044,0.7185226567089558,samples/000533_car_0241.npz
534,car_0242,7,26,1,0,1.9573068938611253,0.15999996662139893,0.001326650264672935,0.014838442206382751,0.6700858063995838,samples/000534_car_0242.npz
535,car_0243,7,28,1,0,1.7521225455028049,0.1599999964237213,0.0016377945430576801,0.0216829776763916,0.6418627314269543,samples/000535_car_0243.npz
536,car_0244,7,34,1,0,0.38796142842378045,0.0687347948551178,0.00013083132216706872,0.0033539384603500366,0.6357542052865028,samples/000536_car_0244.npz
537,car_0245,7,26,1,0,1.9495961467987384,0.1600000262260437,0.0014851682353764772,0.031464457511901855,0.6789538897573948,samples/000537_car_0245.npz
538,car_0246,7,27,1,0,1.236518375167643,0.1599993109703064,0.0007683710427954793,0.015794694423675537,0.6874498091638088,samples/000538_car_0246.npz
539,car_0247,7,34,1,0,1.3931347562466265,0.1599999964237213,0.0009283155668526888,0.009870171546936035,0.6899643242359161,samples/000539_car_0247.npz
540,car_0248,7,27,1,0,0.8393161624672587,0.15999998152256012,0.000459053524537012,0.015100747346878052,0.6820328123867512,samples/000540_car_0248.npz
541,car_0249,7,34,1,0,1.762680839838439,0.1599999964237213,0.0011916119838133454,0.033399999141693115,0.6740684919059277,samples/000541_car_0249.npz
542,car_0250,7,34,1,0,1.5197405634187207,0.15999996662139893,0.0011355020105838776,0.01985529065132141,0.6667722836136818,samples/000542_car_0250.npz
543,car_0251,7,23,1,0,1.3497262067780256,0.1599985808134079,0.0010301158763468266,0.012989610433578491,0.6986855119466782,samples/000543_car_0251.npz
544,car_0252,7,2,1,0,0.38797032957796335,0.04458537697792053,0.00013575066986959428,0.002165466547012329,0.7107974179089069,samples/000544_car_0252.npz
545,car_0253,7,23,1,0,2.0356257623771197,0.15999998152256012,0.0015073525719344616,0.02131330966949463,0.711877066642046,samples/000545_car_0253.npz
546,car_0254,7,33,1,0,1.9511116637141277,0.15999998152256012,0.0015085714403539896,0.020421087741851807,0.7276249080896378,samples/000546_car_0254.npz
547,car_0255,7,23,1,0,1.239210267654188,0.1599993109703064,0.001062676659785211,0.01762758195400238,0.7118680253624916,samples/000547_car_0255.npz
548,car_0256,7,27,1,0,1.432402300174265,0.159999817609787,0.0010173387126997113,0.010957568883895874,0.664580836892128,samples/000548_car_0256.npz
549,car_0257,7,34,1,0,1.7067342888329813,0.1599999964237213,0.0012438418343663216,0.010799884796142578,0.6705746687948704,samples/000549_car_0257.npz
550,car_0258,7,34,1,0,1.3042915337274112,0.13381361961364746,0.000731780135538429,0.009041812270879745,0.6656405888497829,samples/000550_car_0258.npz
551,car_0259,7,34,1,0,1.507684277236316,0.15999972820281982,0.0009678525384515524,0.022365301847457886,0.6738408803939819,samples/000551_car_0259.npz
552,car_0260,7,26,1,0,1.7558384301078895,0.1599999964237213,0.0013756828848272562,0.018304631114006042,0.7002834565937519,samples/000552_car_0260.npz
553,car_0261,7,26,1,0,1.8901085581710506,0.15999996662139893,0.0015795002691447735,0.025013208389282227,0.6840231083333492,samples/000553_car_0261.npz
554,car_0262,7,34,1,0,1.9808911657443442,0.1599999964237213,0.0012432339135557413,0.025670796632766724,0.6574563905596733,samples/000554_car_0262.npz
555,car_0263,7,34,1,0,1.145654108017961,0.13711562752723694,0.0007935269386507571,0.017447590827941895,0.6640531979501247,samples/000555_car_0263.npz
556,car_0264,7,27,1,0,1.5373404885331219,0.15999791026115417,0.0010067250113934278,0.018567673861980438,0.6546204574406147,samples/000556_car_0264.npz
557,car_0265,7,34,1,0,1.6610361976043884,0.1599999964237213,0.0011178472777828574,0.032049745321273804,0.6659470573067665,samples/000557_car_0265.npz
558,car_0266,7,34,1,0,1.6029103631785695,0.1599999964237213,0.0011155877728015184,0.026709869503974915,0.6832542456686497,samples/000558_car_0266.npz
559,car_0267,7,34,1,0,0.9608385453795524,0.13948893547058105,0.0007142713293433189,0.01251763105392456,0.6582031771540642,samples/000559_car_0267.npz
560,car_0268,7,26,1,0,1.06617080269133,0.15999996662139893,0.0007858799071982503,0.017200618982315063,0.6626136898994446,samples/000560_car_0268.npz
561,car_0269,7,2,1,0,2.080351905535497,0.15999996662139893,0.0016000117175281048,0.020730435848236084,0.6570301242172718,samples/000561_car_0269.npz
562,car_0270,7,27,1,0,1.6456692670177406,0.1599999964237213,0.0013170274905860424,0.017593026161193848,0.6697528623044491,samples/000562_car_0270.npz
563,car_0271,7,26,1,0,1.7020559893138878,0.1600000262260437,0.0016658988315612078,0.023694545030593872,0.6620152778923512,samples/000563_car_0271.npz
564,car_0272,7,26,1,0,1.610558731882961,0.1599999964237213,0.001410169992595911,0.01926720142364502,0.6664696335792542,samples/000564_car_0272.npz
565,car_0273,7,34,1,0,1.1633216369258612,0.15999990701675415,0.0008500966941937804,0.018824756145477295,0.6592667177319527,samples/000565_car_0273.npz
566,car_0274,7,26,1,0,1.1501370135868625,0.158535897731781,0.0008603404276072979,0.018833041191101074,0.653374906629324,samples/000566_car_0274.npz
567,car_0275,7,34,1,0,1.1070409048839907,0.15999998152256012,0.0008735738811083138,0.025332629680633545,0.6565422303974628,samples/000567_car_0275.npz
568,car_0276,7,26,1,0,1.7726800452123592,0.15999993681907654,0.0013916546013206244,0.02626258134841919,0.6563908196985722,samples/000568_car_0276.npz
569,car_0277,7,33,1,0,2.0458878036623256,0.1599999964237213,0.0013094072928652167,0.018499314785003662,0.6533767320215702,samples/000569_car_0277.npz
570,car_0278,7,34,1,0,1.5507951827108004,0.1599995493888855,0.0009994253050535917,0.008739709854125977,0.6530772820115089,samples/000570_car_0278.npz
571,car_0279,7,34,1,0,1.4923478085352162,0.15999992191791534,0.0010768542997539043,0.016459107398986816,0.6583934798836708,samples/000571_car_0279.npz
572,car_0280,7,34,1,0,1.9049853210184045,0.1600000262260437,0.0012237366754561663,0.008968263864517212,0.6581829935312271,samples/000572_car_0280.npz
573,car_0281,7,34,1,0,1.4590064357330634,0.1599999964237213,0.0009589506080374122,0.019481375813484192,0.6759103499352932,samples/000573_car_0281.npz
574,car_0282,7,2,1,0,1.3942311709375588,0.1593269258737564,0.001034890883602202,0.01734822988510132,0.6641771048307419,samples/000574_car_0282.npz
575,car_0283,7,34,1,0,1.2862017706456526,0.15999996662139893,0.0009676082408986986,0.016902953386306763,0.663149144500494,samples/000575_car_0283.npz
576,car_0284,7,34,1,0,2.0344072893102867,0.1599999964237213,0.0011451488826423883,0.02400057017803192,0.6747148148715496,samples/000576_car_0284.npz
577,car_0285,7,34,1,0,1.6826914517955909,0.1599999964237213,0.0010838366579264402,0.017621159553527832,0.6661350950598717,samples/000577_car_0285.npz
578,car_0286,7,34,1,0,1.0586207903684723,0.1585458517074585,0.0007618656381964684,0.017003953456878662,0.6801223382353783,samples/000578_car_0286.npz
579,car_0287,7,27,1,0,1.733969873074231,0.1599999964237213,0.0012386450543999672,0.018657270818948746,0.6976443715393543,samples/000579_car_0287.npz
580,car_0288,7,26,1,0,1.592692697654937,0.15999998152256012,0.0012913228711113334,0.02097862958908081,0.6852685324847698,samples/000580_car_0288.npz
581,car_0289,7,26,1,0,1.3457351259985995,0.15999993681907654,0.0010637394152581692,0.02610597014427185,0.7005545608699322,samples/000581_car_0289.npz
582,car_0290,7,14,1,0,2.0828642762166836,0.1599999964237213,0.0017663082107901573,0.02824220061302185,0.7351933158934116,samples/000582_car_0290.npz
583,car_0291,7,26,1,0,2.470914254195583,0.1599999964237213,0.001599449198693037,0.02010844647884369,0.701019074767828,samples/000583_car_0291.npz
584,car_0292,7,34,1,0,0.9686605812150922,0.1303693950176239,0.0006416420801542699,0.01182866096496582,0.7373263537883759,samples/000584_car_0292.npz
585,car_0293,7,34,1,0,1.5179361046359678,0.15999913215637207,0.0010015172883868217,0.020747259259223938,0.6849337182939053,samples/000585_car_0293.npz
586,car_0294,7,34,1,0,1.3971088213728313,0.1599999964237213,0.0010115185286849737,0.02167418599128723,0.6602957658469677,samples/000586_car_0294.npz
587,car_0295,7,37,1,0,1.9404330356762918,0.15999990701675415,0.0015351572073996067,0.017610013484954834,0.664624996483326,samples/000587_car_0295.npz
588,car_0296,7,23,1,0,1.8793848264923831,0.15999996662139893,0.0014575173845514655,0.016538560390472412,0.6603736765682697,samples/000588_car_0296.npz
589,car_0297,7,34,1,0,1.6082673010670103,0.1599999964237213,0.0011656684800982475,0.021332621574401855,0.6602939665317535,samples/000589_car_0297.npz
590,chair_0890,8,26,1,0,1.1987874998366932,0.1599251627922058,0.000555287639144808,0.01855829358100891,0.6802885793149471,samples/000590_chair_0890.npz
591,chair_0891,8,32,1,0,0.9210025247141624,0.1327497363090515,0.00046175747411325574,0.008914738893508911,0.7074200920760632,samples/000591_chair_0891.npz
592,chair_0892,8,14,1,0,1.3767085081296835,0.1599999964237213,0.000997857074253261,0.028733134269714355,0.6727260574698448,samples/000592_chair_0892.npz
593,chair_0893,8,26,1,0,0.7079592773638955,0.1328526735305786,0.0003295050701126456,0.012751460075378418,0.6636260934174061,samples/000593_chair_0893.npz
594,chair_0894,8,26,1,0,1.1823133208970775,0.1575794219970703,0.0006565216463059187,0.017598316073417664,0.6590330861508846,samples/000594_chair_0894.npz
595,chair_0895,8,15,1,0,1.219547780894446,0.15999984741210938,0.0010205690050497651,0.022756099700927734,0.659304317086935,samples/000595_chair_0895.npz
596,chair_0896,8,2,1,0,0.7095778322333275,0.09739112854003906,0.00042227294761687517,0.003884539008140564,0.6644621156156063,samples/000596_chair_0896.npz
597,chair_0897,8,23,1,0,1.5090857945467298,0.14906615018844604,0.0011553376680240035,0.015980243682861328,0.6644349321722984,samples/000597_chair_0897.npz
598,chair_0898,8,31,1,0,0.703554880337993,0.08312112092971802,0.00043035380076617,0.004737377166748047,0.6766587011516094,samples/000598_chair_0898.npz
599,chair_0899,8,26,1,0,1.3351874672067812,0.1599891185760498,0.0008136950200423598,0.01825237274169922,0.6665126048028469,samples/000599_chair_0899.npz
600,chair_0900,8,26,1,0,1.2284663301169296,0.1599973440170288,0.0007509727729484439,0.01868191361427307,0.6621040925383568,samples/000600_chair_0900.npz
601,chair_0901,8,4,1,0,1.5632595695582159,0.1599999964237213,0.0011137300170958042,0.01676875352859497,0.6602819338440895,samples/000601_chair_0901.npz
602,chair_0902,8,32,1,0,1.6581159912508818,0.15999972820281982,0.0010732144583016634,0.024504542350769043,0.6730378419160843,samples/000602_chair_0902.npz
603,chair_0903,8,2,1,0,0.9341597656831091,0.10993868112564087,0.0006403623265214264,0.010682404041290283,0.6671829670667648,samples/000603_chair_0903.npz
604,chair_0904,8,26,1,0,1.5386906479607647,0.1599999964237213,0.0010216444497928023,0.019065499305725098,0.6900922618806362,samples/000604_chair_0904.npz
605,chair_0905,8,27,1,0,1.2070765810852144,0.1599959135055542,0.0006521192262880504,0.01774585247039795,0.6905821524560452,samples/000605_chair_0905.npz
606,chair_0906,8,2,1,0,0.38798080041539995,0.045175373554229736,0.00014402827946469188,0.0027985572814941406,0.7127318494021893,samples/000606_chair_0906.npz
607,chair_0907,8,32,1,0,0.38796131319714466,0.06016528606414795,0.00013233651407063007,0.0030093789100646973,0.7048048712313175,samples/000607_chair_0907.npz
608,chair_0908,8,26,1,0,1.32463749029166,0.15550822019577026,0.0009692132007330656,0.02310696244239807,0.7099893875420094,samples/000608_chair_0908.npz
609,chair_0909,8,26,1,0,1.2922110512742524,0.15715909004211426,0.0007503151427954435,0.01508525013923645,0.7134237922728062,samples/000609_chair_0909.npz
610,chair_0910,8,26,1,0,1.5449509069364964,0.1599997878074646,0.0010100903455168009,0.02287447452545166,0.6575108803808689,samples/000610_chair_0910.npz
611,chair_0911,8,3,1,0,1.3800829440566402,0.15999990701675415,0.0009126861114054918,0.016740113496780396,0.6577864028513432,samples/000611_chair_0911.npz
612,chair_0912,8,26,1,0,1.0385081454459457,0.15578565001487732,0.0006668806308880448,0.016940802335739136,0.6632163561880589,samples/000612_chair_0912.npz
613,chair_0913,8,2,1,0,0.8271281882805879,0.08469274640083313,0.0005690111429430544,0.008294850587844849,0.6591428592801094,samples/000613_chair_0913.npz
614,chair_0914,8,32,1,0,0.8451257721562124,0.15175408124923706,0.0005675038555637002,0.014746427536010742,0.6648581512272358,samples/000614_chair_0914.npz
615,chair_0915,8,3,1,0,0.5501495959836452,0.055482253432273865,0.00027708132984116673,0.0038164854049682617,0.6557534448802471,samples/000615_chair_0915.npz
616,chair_0916,8,3,1,0,1.0550507237909488,0.13642120361328125,0.0006782979471608996,0.01438671350479126,0.6608883701264858,samples/000616_chair_0916.npz
617,chair_0917,8,32,1,0,1.2854438622234174,0.15999898314476013,0.0008036568760871887,0.014310002326965332,0.6511158868670464,samples/000617_chair_0917.npz
618,chair_0918,8,23,1,0,1.5908749959128459,0.15999996662139893,0.0009702335228212178,0.018336355686187744,0.6583625376224518,samples/000618_chair_0918.npz
619,chair_0919,8,4,1,0,2.3518597487847996,0.1599999964237213,0.0017518544336780906,0.02249525487422943,0.6711354926228523,samples/000619_chair_0919.npz
620,chair_0920,8,32,1,0,0.002764046422886057,0.0025444626808166504,7.563357939943671e-09,6.556510925292969e-06,0.6559237316250801,samples/000620_chair_0920.npz
621,chair_0921,8,26,1,0,1.4118394395825817,0.15999996662139893,0.0007379662129096687,0.02182704210281372,0.6515627652406693,samples/000621_chair_0921.npz
622,chair_0922,8,37,1,0,1.836613826764715,0.1599999964237213,0.001225531566888094,0.027632594108581543,0.6595645882189274,samples/000622_chair_0922.npz
623,chair_0923,8,23,1,0,1.1565594259126921,0.1599999964237213,0.0008582670707255602,0.014688730239868164,0.6556216925382614,samples/000623_chair_0923.npz
624,chair_0924,8,26,1,0,1.2847567693974027,0.1600000262260437,0.0006703957915306091,0.020901143550872803,0.6896466948091984,samples/000624_chair_0924.npz
625,chair_0925,8,26,1,0,0.9398680819360685,0.15695720911026,0.0005469215102493763,0.01589679718017578,0.6810105256736279,samples/000625_chair_0925.npz
626,chair_0926,8,29,1,0,1.1997690336160738,0.15999996662139893,0.0006832898943684995,0.028067544102668762,0.6797235049307346,samples/000626_chair_0926.npz
627,chair_0927,8,2,1,0,1.2073190956960471,0.1599997878074646,0.0007097924826666713,0.016833186149597168,0.6579245142638683,samples/000627_chair_0927.npz
628,chair_0928,8,26,1,0,1.1535884019091416,0.15999972820281982,0.0006156958406791091,0.016537711024284363,0.6898903511464596,samples/000628_chair_0928.npz
629,chair_0929,8,25,1,0,2.018249931638809,0.1600000262260437,0.0014260001480579376,0.03291448950767517,0.6617601178586483,samples/000629_chair_0929.npz
630,chair_0930,8,26,1,0,1.0995673108906063,0.14309465885162354,0.0007997732609510422,0.017821520566940308,0.6798545829951763,samples/000630_chair_0930.npz
631,chair_0931,8,37,1,0,1.6475004271707865,0.1599999964237213,0.0011326817329972982,0.022037595510482788,0.6854409649968147,samples/000631_chair_0931.npz
632,chair_0932,8,26,1,0,1.1582470221346362,0.14873673021793365,0.0008538597030565143,0.013331234455108643,0.7174062840640545,samples/000632_chair_0932.npz
633,chair_0933,8,26,1,0,1.3198903328682086,0.1599997878074646,0.0007896303432062268,0.021748125553131104,0.6764075756072998,samples/000633_chair_0933.npz
634,chair_0934,8,3,1,0,0.7281215000477772,0.10942390561103821,0.00042911930358968675,0.00999295711517334,0.6757258027791977,samples/000634_chair_0934.npz
635,chair_0935,8,3,1,0,0.5648488238411472,0.06088298559188843,0.00028589103021658957,0.003539741039276123,0.6715066023170948,samples/000635_chair_0935.npz
636,chair_0936,8,26,1,0,1.630900088961292,0.1600000262260437,0.001330194529145956,0.030392587184906006,0.6621304079890251,samples/000636_chair_0936.npz
637,chair_0937,8,26,1,0,1.2042225500798953,0.15999972820281982,0.0006525060161948204,0.020972996950149536,0.6559090651571751,samples/000637_chair_0937.npz
638,chair_0938,8,3,1,0,1.1281259737512501,0.11783740669488907,0.0008021442918106914,0.009560823440551758,0.6584755256772041,samples/000638_chair_0938.npz
639,chair_0939,8,26,1,0,1.532051907973463,0.15857574343681335,0.0009338504751212895,0.016596853733062744,0.6886209882795811,samples/000639_chair_0939.npz
640,chair_0940,8,32,1,0,1.3657893415856595,0.15999996662139893,0.0008333250880241394,0.0232541561126709,0.6600704304873943,samples/000640_chair_0940.npz
641,chair_0941,8,3,1,0,1.7996169358184284,0.1599999964237213,0.0012239330681040883,0.02199941873550415,0.6656878590583801,samples/000641_chair_0941.npz
642,chair_0942,8,26,1,0,1.2908587338776645,0.15999935567378998,0.0008397115161642432,0.02491438388824463,0.6601424366235733,samples/000642_chair_0942.npz
643,chair_0943,8,26,1,0,1.1552052675257534,0.144552543759346,0.0007558636134490371,0.016121745109558105,0.6690356060862541,samples/000643_chair_0943.npz
644,chair_0944,8,26,1,0,0.8693967463271215,0.1026381254196167,0.0005777095211669803,0.00903022289276123,0.6734268292784691,samples/000644_chair_0944.npz
645,chair_0945,8,26,1,0,1.3897122377184417,0.15999992191791534,0.0009824377484619617,0.019223064184188843,0.6707385517656803,samples/000645_chair_0945.npz
646,chair_0946,8,26,1,0,0.8457447156304092,0.15999990701675415,0.0003841607831418514,0.013785839080810547,0.6720628924667835,samples/000646_chair_0946.npz
647,chair_0947,8,26,1,0,0.9519461548948831,0.13033166527748108,0.0006874523242004216,0.01556888222694397,0.6742556430399418,samples/000647_chair_0947.npz
648,chair_0948,8,32,1,0,0.8240262841869225,0.10058924555778503,0.0005023301928304136,0.007740885019302368,0.7240374907851219,samples/000648_chair_0948.npz
649,chair_0949,8,26,1,0,1.4687714067887616,0.15999460220336914,0.0008789751445874572,0.016108572483062744,0.7184504270553589,samples/000649_chair_0949.npz
650,chair_0950,8,20,1,0,0.7017270814838054,0.07595062255859375,0.0004028493131045252,0.004909992218017578,0.7654921188950539,samples/000650_chair_0950.npz
651,chair_0951,8,26,1,0,1.1750037578766164,0.1599997729063034,0.0007035434828139842,0.01823347806930542,0.7167635932564735,samples/000651_chair_0951.npz
652,chair_0952,8,26,1,0,1.4119687465431918,0.15988492965698242,0.0009995342697948217,0.016591668128967285,0.721577201038599,samples/000652_chair_0952.npz
653,chair_0953,8,26,1,0,1.5511076269050683,0.15999993681907654,0.0010342670138925314,0.01624298095703125,0.6766034625470638,samples/000653_chair_0953.npz
654,chair_0954,8,26,1,0,1.829306685172736,0.1600000262260437,0.001450928277336061,0.025483429431915283,0.6842762753367424,samples/000654_chair_0954.npz
655,chair_0955,8,3,1,0,0.6900448731675259,0.08580642938613892,0.0003730632015503943,0.005884766578674316,0.725643340498209,samples/000655_chair_0955.npz
656,chair_0956,8,3,1,0,1.5238932588059313,0.15999996662139893,0.0008531698840670288,0.016143590211868286,0.8603808358311653,samples/000656_chair_0956.npz
657,chair_0957,8,3,1,0,1.0630050328432517,0.13055381178855896,0.0006644889363087714,0.011803597211837769,0.7560215070843697,samples/000657_chair_0957.npz
658,chair_0958,8,3,1,0,0.9181352991833952,0.12023234367370605,0.0006020315340720117,0.016053497791290283,0.798027116805315,samples/000658_chair_0958.npz
659,chair_0959,8,26,1,0,1.441385222490964,0.15999925136566162,0.0009439821005798876,0.01808258891105652,0.7242726162075996,samples/000659_chair_0959.npz
660,chair_0960,8,15,1,0,1.5204262537021074,0.1599995493888855,0.001274328795261681,0.02321779727935791,0.6952701434493065,samples/000660_chair_0960.npz
661,chair_0961,8,26,1,0,1.2533496084619193,0.15999996662139893,0.0007741761510260403,0.019953787326812744,0.6818160563707352,samples/000661_chair_0961.npz
662,chair_0962,8,26,1,0,1.176575047399479,0.15999969840049744,0.0007402243791148067,0.02920091152191162,0.7059080377221107,samples/000662_chair_0962.npz
663,chair_0963,8,26,1,0,1.6502776519210869,0.1599999964237213,0.0010893001453951001,0.01601240038871765,0.727317538112402,samples/000663_chair_0963.npz
664,chair_0964,8,26,1,0,1.0777580631939345,0.15477770566940308,0.0007578713120892644,0.016249656677246094,0.6801949813961983,samples/000664_chair_0964.npz
665,chair_0965,8,26,1,0,0.8412006063116966,0.15999573469161987,0.0003220221260562539,0.0140913724899292,0.7321265563368797,samples/000665_chair_0965.npz
666,chair_0966,8,23,1,0,1.555619521140983,0.15999945998191833,0.0008843013201840222,0.01665729284286499,0.7122696414589882,samples/000666_chair_0966.npz
667,chair_0967,8,26,1,0,1.1195393595964132,0.15999376773834229,0.0006218738853931427,0.016039550304412842,0.6941956914961338,samples/000667_chair_0967.npz
668,chair_0968,8,26,1,0,1.2855237765745124,0.15525567531585693,0.0008029661839827895,0.015292584896087646,0.6859617829322815,samples/000668_chair_0968.npz
669,chair_0969,8,3,1,0,1.7188276966913345,0.1599999964237213,0.0012983984779566526,0.03999972343444824,0.6965505257248878,samples/000669_chair_0969.npz
670,chair_0970,8,26,1,0,1.0420614003269633,0.15999943017959595,0.000602617219556123,0.01662956178188324,0.6823534518480301,samples/000670_chair_0970.npz
671,chair_0971,8,26,1,0,1.808537327852359,0.159997820854187,0.0015007591573521495,0.032471299171447754,0.6920805908739567,samples/000671_chair_0971.npz
672,chair_0972,8,23,1,0,1.3455522782111442,0.15999996662139893,0.0007608330342918634,0.016751527786254883,0.7422416694462299,samples/000672_chair_0972.npz
673,chair_0973,8,32,1,0,0.6937662032529135,0.09036090970039368,0.00033556940616108477,0.006098806858062744,0.7366863712668419,samples/000673_chair_0973.npz
674,chair_0974,8,36,1,0,1.1322424144730827,0.12326580286026001,0.0008395862532779574,0.013173490762710571,0.7099724784493446,samples/000674_chair_0974.npz
675,chair_0975,8,29,1,0,1.8661524884758884,0.1599999964237213,0.0014925387222319841,0.021748721599578857,0.6855679228901863,samples/000675_chair_0975.npz
676,chair_0976,8,26,1,0,1.1188871486073744,0.15420791506767273,0.0006037498824298382,0.018165305256843567,0.7142156772315502,samples/000676_chair_0976.npz
677,chair_0977,8,23,1,0,1.3854597582126806,0.1599999964237213,0.0008632004610262811,0.014607101678848267,0.6969018019735813,samples/000677_chair_0977.npz
678,chair_0978,8,26,1,0,0.9325392605644683,0.14073088765144348,0.00042494319495745003,0.010579466819763184,0.7209330312907696,samples/000678_chair_0978.npz
679,chair_0979,8,2,1,0,1.8459012364225122,0.15999996662139893,0.001314488472416997,0.02209651470184326,0.6942388564348221,samples/000679_chair_0979.npz
680,chair_0980,8,26,1,0,1.4943948566835816,0.1599999964237213,0.0010124562541022897,0.02086910605430603,0.6898782178759575,samples/000680_chair_0980.npz
681,chair_0981,8,23,1,0,1.1906827011544323,0.1575736403465271,0.0007680504349991679,0.015122413635253906,0.692836981266737,samples/000681_chair_0981.npz
682,chair_0982,8,2,1,0,1.1218042680762539,0.1598801612854004,0.0007639704854227602,0.015359282493591309,0.7679589837789536,samples/000682_chair_0982.npz
683,chair_0983,8,26,1,0,1.426413053809119,0.15999945998191833,0.0009982448536902666,0.019549965858459473,0.7427203059196472,samples/000683_chair_0983.npz
684,chair_0984,8,26,1,0,1.4060978489262963,0.1599999964237213,0.0008406430715695024,0.016752183437347412,0.7130714505910873,samples/000684_chair_0984.npz
685,chair_0985,8,26,1,0,1.059188436436522,0.149998277425766,0.0007518077618442476,0.013703376054763794,0.6761422716081142,samples/000685_chair_0985.npz
686,chair_0986,8,2,1,0,1.064014477423359,0.12314695119857788,0.0007384362979792058,0.008571594953536987,0.697762705385685,samples/000686_chair_0986.npz
687,chair_0987,8,33,1,0,1.4072151686599592,0.1459728479385376,0.0008873252663761377,0.014791607856750488,0.6995562389492989,samples/000687_chair_0987.npz
688,chair_0988,8,26,1,0,1.3426982400819134,0.159999817609787,0.0007572289323434234,0.021217703819274902,0.7093894481658936,samples/000688_chair_0988.npz
689,chair_0989,8,26,1,0,1.4322768979322622,0.15999314188957214,0.0008874112972989678,0.020339906215667725,0.6821265183389187,samples/000689_chair_0989.npz
690,cone_0168,9,34,1,0,0.9484420707127447,0.1526890993118286,0.0006575762527063489,0.016944408416748047,0.6871229745447636,samples/000690_cone_0168.npz
691,cone_0169,9,34,1,0,1.0840718414484778,0.15999841690063477,0.0007932259468361735,0.02326434850692749,0.6939174197614193,samples/000691_cone_0169.npz
692,cone_0170,9,26,1,0,1.8743997566748056,0.1599999964237213,0.001092266757041216,0.02478058636188507,0.7006643190979958,samples/000692_cone_0170.npz
693,cone_0171,9,11,1,0,1.009436120110795,0.15999986231327057,0.0004500863142311573,0.02629953622817993,0.7658891417086124,samples/000693_cone_0171.npz
694,cone_0172,9,37,1,0,1.0635034647079438,0.15999987721443176,0.0004806581127922982,0.01710718870162964,0.6895572021603584,samples/000694_cone_0172.npz
695,cone_0173,9,37,1,0,0.5641760294462268,0.15246570110321045,0.00022107880795374513,0.005505979061126709,0.6862403526902199,samples/000695_cone_0173.npz
696,cone_0174,9,34,1,0,0.5768710791556876,0.13240927457809448,0.00027822350966744125,0.013892054557800293,0.6832916848361492,samples/000696_cone_0174.npz
697,cone_0175,9,37,1,0,1.247568746327635,0.1599997878074646,0.0006909699877724051,0.01893019676208496,0.7212174497544765,samples/000697_cone_0175.npz
698,cone_0176,9,34,1,0,0.5620598064036956,0.06946247816085815,0.0002915046061389148,0.004345536231994629,0.6743444688618183,samples/000698_cone_0176.npz
699,cone_0177,9,26,1,0,1.5488054194475755,0.1600000262260437,0.0008652099058963358,0.023900866508483887,0.6866788566112518,samples/000699_cone_0177.npz
700,cone_0178,9,37,1,0,1.6181286270967323,0.15999996662139893,0.000848685042001307,0.017686069011688232,0.6825120151042938,samples/000700_cone_0178.npz
701,cone_0179,9,26,1,0,1.6046808913112454,0.1600000262260437,0.0008858784567564726,0.021722793579101562,0.6834287270903587,samples/000701_cone_0179.npz
702,cone_0180,9,34,1,0,1.0615517508091974,0.15999847650527954,0.0006331313634291291,0.028353020548820496,0.6921158619225025,samples/000702_cone_0180.npz
703,cone_0181,9,34,1,0,1.3996506016563273,0.15462630987167358,0.0008807119447737932,0.023938223719596863,0.7132826410233974,samples/000703_cone_0181.npz
704,cone_0182,9,5,1,0,0.9317396099359778,0.12698136270046234,0.00048764352686703205,0.008978843688964844,0.699967335909605,samples/000704_cone_0182.npz
705,cone_0183,9,34,1,0,1.9193093456888464,0.1599999964237213,0.0013251082273200154,0.033931732177734375,0.6697247661650181,samples/000705_cone_0183.npz
706,cone_0184,9,37,1,0,0.7928754629500335,0.12720105051994324,0.0003457595594227314,0.009307682514190674,0.6638265363872051,samples/000706_cone_0184.npz
707,cone_0185,9,28,1,0,1.1856087255290995,0.15999937057495117,0.0008022248512133956,0.02497774362564087,0.6646224744617939,samples/000707_cone_0185.npz
708,cone_0186,9,26,1,0,1.9846584988629832,0.1600000262260437,0.0010189516469836235,0.038789331912994385,0.6734221428632736,samples/000708_cone_0186.npz
709,cone_0187,9,26,1,0,1.1503277617346037,0.159999817609787,0.0005448204465210438,0.029926061630249023,0.6635815650224686,samples/000709_cone_0187.npz
710,cup_0080,10,37,1,0,0.8180494700392393,0.1255331039428711,0.000527896685525775,0.013048291206359863,0.6601452380418777,samples/000710_cup_0080.npz
711,cup_0081,10,37,1,0,0.001429487577218863,0.0013761520385742188,3.4924596548080444e-10,1.7881393432617188e-06,0.6587276831269264,samples/000711_cup_0081.npz
712,cup_0082,10,15,1,0,0.001023233726749703,0.0007280409336090088,1.2223608791828156e-09,5.960464477539062e-07,0.6742201969027519,samples/000712_cup_0082.npz
713,cup_0083,10,6,1,0,3.725045911402177e-05,6.288290023803711e-06,-7.421476766467094e-10,2.384185791015625e-07,0.6719384267926216,samples/000713_cup_0083.npz
714,cup_0084,10,15,1,0,0.0002603136321086295,9.542703628540039e-05,8.149072527885437e-10,2.384185791015625e-07,0.6740856021642685,samples/000714_cup_0084.npz
715,cup_0085,10,15,1,0,0.0006675924464064383,0.0006345510482788086,-2.091837814077735e-09,4.172325134277344e-07,0.6719004139304161,samples/000715_cup_0085.npz
716,cup_0086,10,37,1,0,0.5635714855930946,0.07756984233856201,0.00028599167126230896,0.005485594272613525,0.6657486259937286,samples/000716_cup_0086.npz
717,cup_0087,10,37,1,0,0.6983558402231788,0.12146550416946411,0.0004090723523404449,0.012398481369018555,0.6641123630106449,samples/000717_cup_0087.npz
718,cup_0088,10,37,1,0,0.0008207656458779557,0.0004776120185852051,2.5393092073500156e-09,2.384185791015625e-07,0.6627766862511635,samples/000718_cup_0088.npz
719,cup_0089,10,15,1,0,0.7251534796910302,0.1542593240737915,0.00045968207996338606,0.015749752521514893,0.6629921644926071,samples/000719_cup_0089.npz
720,cup_0090,10,37,1,0,0.38795994487822827,0.11524975299835205,0.00013593645417131484,0.004749596118927002,0.6836388297379017,samples/000720_cup_0090.npz
721,cup_0091,10,15,1,0,0.8704499915119535,0.13936781883239746,0.000653159455396235,0.01456761360168457,0.6800733022391796,samples/000721_cup_0091.npz
722,cup_0092,10,15,1,0,0.5562046351311164,0.07730937004089355,0.0002852498146239668,0.008128583431243896,0.6653814911842346,samples/000722_cup_0092.npz
723,cup_0093,10,37,1,0,0.0034088220997481873,0.0033712387084960938,9.124050848186016e-09,1.1444091796875e-05,0.6797976158559322,samples/000723_cup_0093.npz
724,cup_0094,10,37,1,0,1.0123834966813328,0.12195992469787598,0.0008457110961899161,0.019030988216400146,0.7026004418730736,samples/000724_cup_0094.npz
725,cup_0095,10,37,1,0,0.38798150614255866,0.04924529790878296,0.00014488614397123456,0.003165900707244873,0.7364113219082355,samples/000725_cup_0095.npz
726,cup_0096,10,19,1,0,0.3880089276895998,0.08781936764717102,0.00014497210213448852,0.00687021017074585,0.6868488900363445,samples/000726_cup_0096.npz
727,cup_0097,10,37,1,0,0.005397507909190485,0.0035155415534973145,2.6222551241517067e-08,1.5020370483398438e-05,0.6609617248177528,samples/000727_cup_0097.npz
728,cup_0098,10,15,1,0,0.7261654168673373,0.15999835729599,0.0004643614811357111,0.015559792518615723,0.6311398595571518,samples/000728_cup_0098.npz
729,cup_0099,10,15,1,0,0.3880814759872005,0.09758830070495605,0.00014134708908386528,0.008495509624481201,0.6548410952091217,samples/000729_cup_0099.npz
730,curtain_0139,11,26,1,0,0.6990625963650101,0.14637023210525513,0.0003802765568252653,0.013245999813079834,0.6591877415776253,samples/000730_curtain_0139.npz
731,curtain_0140,11,26,1,0,0.9175766127611661,0.11729574203491211,0.0004882102075498551,0.00746077299118042,0.6604479029774666,samples/000731_curtain_0140.npz
732,curtain_0141,11,22,1,0,0.55891765860116,0.09437131881713867,0.00025722020654939115,0.0047689080238342285,0.6525741294026375,samples/000732_curtain_0141.npz
733,curtain_0142,11,26,1,0,0.8280995113120994,0.12352018058300018,0.00046613236190751195,0.009380936622619629,0.6666822917759418,samples/000733_curtain_0142.npz
734,curtain_0143,11,22,1,0,0.38779788738235244,0.06457522511482239,0.0001323887991020456,0.0023966580629348755,0.6699291616678238,samples/000734_curtain_0143.npz
735,curtain_0144,11,26,1,0,0.6944589304737675,0.10786658525466919,0.00030996373970992863,0.008230119943618774,0.6664935424923897,samples/000735_curtain_0144.npz
736,curtain_0145,11,26,1,0,0.5393401757620333,0.09682422876358032,0.0001875495072454214,0.00590062141418457,0.6593515239655972,samples/000736_curtain_0145.npz
737,curtain_0146,11,26,1,0,0.5602456855403531,0.11460191011428833,0.0001915714528877288,0.008343786001205444,0.6431128308176994,samples/000737_curtain_0146.npz
738,curtain_0147,11,26,1,0,0.8327110361124256,0.15998327732086182,0.00033174961572512984,0.015974998474121094,0.6452703699469566,samples/000738_curtain_0147.npz
739,curtain_0148,11,26,1,0,0.7123539511420213,0.1599999964237213,0.00029404304223135114,0.017029225826263428,0.6415068432688713,samples/000739_curtain_0148.npz
740,curtain_0149,11,22,1,0,0.00035225039484548115,0.0003333091735839844,-2.8653630579356104e-09,2.384185791015625e-07,0.6970932446420193,samples/000740_curtain_0149.npz
741,curtain_0150,11,26,1,0,0.7075357060133527,0.14336097240447998,0.00033888727193698287,0.014132261276245117,0.665881372988224,samples/000741_curtain_0150.npz
742,curtain_0151,11,26,1,0,0.7310306305612606,0.15999561548233032,0.0003054243861697614,0.013596296310424805,0.6573524475097656,samples/000742_curtain_0151.npz
743,curtain_0152,11,26,1,0,0.7047214504107486,0.1536502242088318,0.00028830644441768527,0.015420198440551758,0.6517966836690903,samples/000743_curtain_0152.npz
744,curtain_0153,11,26,1,0,0.9651687785035326,0.14360100030899048,0.0004651125054806471,0.013351917266845703,0.6703305467963219,samples/000744_curtain_0153.npz
745,curtain_0154,11,26,1,0,0.90858717150943,0.1476333737373352,0.000446412741439417,0.01464986801147461,0.6418823339045048,samples/000745_curtain_0154.npz
746,curtain_0155,11,4,1,0,0.6868602854199977,0.12145742774009705,0.0003546783118508756,0.008061885833740234,0.6618718467652798,samples/000746_curtain_0155.npz
747,curtain_0156,11,26,1,0,0.83090953702383,0.14340323209762573,0.00045029621105641127,0.016209781169891357,0.6751246601343155,samples/000747_curtain_0156.npz
748,curtain_0157,11,26,1,0,0.727188578933945,0.15997564792633057,0.00029398102196864784,0.01697719097137451,0.6595864742994308,samples/000748_curtain_0157.npz
749,curtain_0158,11,26,1,0,0.8689976435290258,0.1453162431716919,0.000499723304528743,0.013866186141967773,0.6825541630387306,samples/000749_curtain_0158.npz
750,desk_0201,12,36,1,0,0.5603052276356394,0.07825577259063721,0.00027557657449506223,0.005072250962257385,0.6690345518290997,samples/000750_desk_0201.npz
751,desk_0202,12,33,1,0,0.00031340329104067536,0.00013461709022521973,-2.673914423212409e-10,1.1920928955078125e-07,0.7240017913281918,samples/000751_desk_0202.npz
752,desk_0203,12,23,1,0,1.1955388546711847,0.1598568558692932,0.000905057298950851,0.022117257118225098,0.6923450641334057,samples/000752_desk_0203.npz
753,desk_0204,12,21,1,0,0.5650319692019438,0.05946050584316254,0.0002542679139878601,0.003403022885322571,0.7036376632750034,samples/000753_desk_0204.npz
754,desk_0205,12,23,1,0,1.1702796758268172,0.13940638303756714,0.0009824703447520733,0.012356340885162354,0.679357998073101,samples/000754_desk_0205.npz
755,desk_0206,12,15,1,0,0.7168441050090532,0.09389811754226685,0.0004676327807828784,0.007851511240005493,0.6749618090689182,samples/000755_desk_0206.npz
756,desk_0207,12,33,1,0,0.0019480634845511697,0.0017266273498535156,3.737568476935849e-09,2.9802322387695312e-06,0.6825976446270943,samples/000756_desk_0207.npz
757,desk_0208,12,23,1,0,0.7040113584431185,0.09321987628936768,0.0004140336823184043,0.0048806071281433105,0.6684590764343739,samples/000757_desk_0208.npz
758,desk_0209,12,15,1,0,1.0408647295464728,0.15999764204025269,0.0007847890956327319,0.01693260669708252,0.6695915050804615,samples/000758_desk_0209.npz
759,desk_0210,12,30,1,0,0.7041787516574541,0.08923488855361938,0.0004024975060019642,0.005668774247169495,0.6781825087964535,samples/000759_desk_0210.npz
760,desk_0211,12,33,1,0,0.7034987727746244,0.09274981915950775,0.00030164519557729363,0.006327241659164429,0.6558014042675495,samples/000760_desk_0211.npz
761,desk_0212,12,38,1,0,1.412949687977249,0.1371670812368393,0.0012144125066697598,0.012400597333908081,0.6627148017287254,samples/000761_desk_0212.npz
762,desk_0213,12,23,1,0,1.1097292804506815,0.11387741565704346,0.0009308315347880125,0.010405659675598145,0.6682864911854267,samples/000762_desk_0213.npz
763,desk_0214,12,23,1,0,1.2046052199589612,0.14481478929519653,0.0009404919110238552,0.013016939163208008,0.6705533415079117,samples/000763_desk_0214.npz
764,desk_0215,12,16,1,0,0.8545448592164763,0.12036213278770447,0.0005827817367389798,0.008756041526794434,0.6715263687074184,samples/000764_desk_0215.npz
765,desk_0216,12,30,1,0,1.2166639595241129,0.15999996662139893,0.0010427716188132763,0.0135689377784729,0.6682064943015575,samples/000765_desk_0216.npz
766,desk_0217,12,23,1,0,1.041023927122295,0.10553990304470062,0.0007493646116927266,0.01139211654663086,0.7472503297030926,samples/000766_desk_0217.npz
767,desk_0218,12,33,1,0,0.9407250721822323,0.11712512373924255,0.0006220758077688515,0.009881675243377686,0.7508275248110294,samples/000767_desk_0218.npz
768,desk_0219,12,29,1,0,0.7284181647269132,0.12886518239974976,0.0004600228858180344,0.011964738368988037,0.6593188792467117,samples/000768_desk_0219.npz
769,desk_0220,12,16,1,0,0.5835465860267284,0.0823240727186203,0.00030483026057481766,0.006512388586997986,0.6650215201079845,samples/000769_desk_0220.npz
770,desk_0221,12,33,1,0,0.3880252875215355,0.05051089823246002,0.00014228251529857516,0.002819955348968506,0.6461310014128685,samples/000770_desk_0221.npz
771,desk_0222,12,3,1,0,1.1843718435602728,0.12977205216884613,0.0006663061212748289,0.015727639198303223,0.6502422913908958,samples/000771_desk_0222.npz
772,desk_0223,12,23,1,0,0.38799864483656876,0.06975382566452026,0.00014187197666615248,0.006466329097747803,0.6525955982506275,samples/000772_desk_0223.npz
773,desk_0224,12,33,1,0,0.00026644487281451387,0.00018152594566345215,7.621565600857139e-10,1.1920928955078125e-07,0.7000625655055046,samples/000773_desk_0224.npz
774,desk_0225,12,14,1,0,1.1674669903942803,0.1599999964237213,0.000765057688113302,0.02140699326992035,0.6772254593670368,samples/000774_desk_0225.npz
775,desk_0226,12,2,1,0,0.8271241617975345,0.1243438795208931,0.0005151116638444364,0.006767868995666504,0.669911939650774,samples/000775_desk_0226.npz
776,desk_0227,12,36,1,0,0.8290079286360672,0.10529425740242004,0.0005766826216131449,0.008664518594741821,0.6706042923033237,samples/000776_desk_0227.npz
777,desk_0228,12,23,1,0,0.7171200951210179,0.11967366933822632,0.000437564158346504,0.00908079743385315,0.6701732613146305,samples/000777_desk_0228.npz
778,desk_0229,12,33,1,0,1.4260936029124214,0.15997743606567383,0.0008047199808061123,0.01752912998199463,0.6953485049307346,samples/000778_desk_0229.npz
779,desk_0230,12,36,1,0,1.0849877327563926,0.135764479637146,0.0008114009979180992,0.014504492282867432,0.6868379004299641,samples/000779_desk_0230.npz
780,desk_0231,12,36,1,0,0.8083175795697917,0.08170965313911438,0.0005090326303616166,0.00662645697593689,0.7092931866645813,samples/000780_desk_0231.npz
781,desk_0232,12,33,1,0,0.8584191902438202,0.15006685256958008,0.0005344523233361542,0.014336168766021729,0.6692020818591118,samples/000781_desk_0232.npz
782,desk_0233,12,33,1,0,0.9265145886081186,0.11008352041244507,0.0005465514259412885,0.007654845714569092,0.6644524820148945,samples/000782_desk_0233.npz
783,desk_0234,12,33,1,0,0.006881636684686941,0.0021144747734069824,4.77319872516091e-08,9.298324584960938e-06,0.6649868823587894,samples/000783_desk_0234.npz
784,desk_0235,12,29,1,0,0.6897118706971309,0.08994367718696594,0.00038474114262498915,0.005067571997642517,0.6797947585582733,samples/000784_desk_0235.npz
785,desk_0236,12,26,1,0,1.0699634957548434,0.1570143848657608,0.0005774405435658991,0.02001810073852539,0.6743075139820576,samples/000785_desk_0236.npz
786,desk_0237,12,16,1,0,0.9990487193379327,0.13517695665359497,0.0007173736812546849,0.010071784257888794,0.6677435263991356,samples/000786_desk_0237.npz
787,desk_0238,12,2,1,0,0.9430978068835796,0.1411801278591156,0.0006822363939136267,0.009227573871612549,0.7104777246713638,samples/000787_desk_0238.npz
788,desk_0239,12,30,1,0,0.8285594016761973,0.10132208466529846,0.00048518390394747257,0.009175717830657959,0.6662641428411007,samples/000788_desk_0239.npz
789,desk_0240,12,23,1,0,1.3195203628226413,0.15999925136566162,0.0011765817180275917,0.01807713508605957,0.6593794971704483,samples/000789_desk_0240.npz
790,desk_0241,12,23,1,0,1.5491797299455883,0.1599999964237213,0.0013682914432138205,0.013024836778640747,0.6585065610706806,samples/000790_desk_0241.npz
791,desk_0242,12,33,1,0,0.0008085599141860224,0.000567704439163208,2.1420873963506892e-09,2.980232238769531e-07,0.6647979058325291,samples/000791_desk_0242.npz
792,desk_0243,12,30,1,0,0.0002983801849729653,0.00018453598022460938,1.0290932550560683e-09,2.384185791015625e-07,0.6608628369867802,samples/000792_desk_0243.npz
793,desk_0244,12,16,1,0,1.2697353727125702,0.14925405383110046,0.000809672346804291,0.010688722133636475,0.6669564694166183,samples/000793_desk_0244.npz
794,desk_0245,12,23,1,0,0.388252799145003,0.11494222283363342,0.00011761081987060606,0.00825616717338562,0.6636103019118309,samples/000794_desk_0245.npz
795,desk_0246,12,3,1,0,1.0160289107953302,0.11863912642002106,0.0007180320098996162,0.009925782680511475,0.6979341022670269,samples/000795_desk_0246.npz
796,desk_0247,12,30,1,0,0.5664387726490078,0.08728528022766113,0.000288811803329736,0.004786461591720581,0.6929488182067871,samples/000796_desk_0247.npz
797,desk_0248,12,36,1,0,0.8033584340828336,0.11775436997413635,0.00044586171861737967,0.010197974741458893,0.6911967806518078,samples/000797_desk_0248.npz
798,desk_0249,12,33,1,0,1.1081083884502878,0.13796313107013702,0.0005513920914381742,0.013261735439300537,0.6890265084803104,samples/000798_desk_0249.npz
799,desk_0250,12,14,1,0,0.9629576777697951,0.11961594223976135,0.0006510307430289686,0.01006704568862915,0.6924320869147778,samples/000799_desk_0250.npz
800,desk_0251,12,33,1,0,0.009203322507098967,0.00466763973236084,8.192500899895094e-08,2.5153160095214844e-05,0.7132250219583511,samples/000800_desk_0251.npz
801,desk_0252,12,23,1,0,0.3879500496283159,0.052219241857528687,0.00014313294377643615,0.0037174224853515625,0.6951168291270733,samples/000801_desk_0252.npz
802,desk_0253,12,30,1,0,0.9472330776010837,0.10004442930221558,0.0006400459678843617,0.00633665919303894,0.6637105196714401,samples/000802_desk_0253.npz
803,desk_0254,12,3,1,0,1.1575313504754203,0.15607154369354248,0.0008649886003695428,0.016859591007232666,0.6651931926608086,samples/000803_desk_0254.npz
804,desk_0255,12,33,1,0,0.8268071160596421,0.09414612501859665,0.00048239799798466265,0.00791117548942566,0.6677485667169094,samples/000804_desk_0255.npz
805,desk_0256,12,30,1,0,1.0767889036674956,0.15999871492385864,0.0006873261299915612,0.01789364218711853,0.6559041179716587,samples/000805_desk_0256.npz
806,desk_0257,12,3,1,0,0.7237075890581852,0.12375479936599731,0.0004203977296128869,0.01028558611869812,0.6475133709609509,samples/000806_desk_0257.npz
807,desk_0258,12,23,1,0,0.3878629547806535,0.06965792179107666,0.000144572724821046,0.00437241792678833,0.7400271445512772,samples/000807_desk_0258.npz
808,desk_0259,12,23,1,0,0.3881033616553264,0.12743675708770752,0.0001377746812067926,0.010149538516998291,0.7223612107336521,samples/000808_desk_0259.npz
809,desk_0260,12,23,1,0,0.38799331608003573,0.06967893242835999,0.00013718343689106405,0.003970921039581299,0.6606387309730053,samples/000809_desk_0260.npz
810,desk_0261,12,23,1,0,1.1548714538975609,0.15999984741210938,0.0009426182368770242,0.017925351858139038,0.6920350901782513,samples/000810_desk_0261.npz
811,desk_0262,12,14,1,0,0.9654755782283965,0.14694514870643616,0.0007092506857588887,0.012317538261413574,0.6629346683621407,samples/000811_desk_0262.npz
812,desk_0263,12,36,1,0,0.9205776719865724,0.1176794171333313,0.0004586390859913081,0.00940251350402832,0.6754499822854996,samples/000812_desk_0263.npz
813,desk_0264,12,16,1,0,0.9691944794642464,0.11265397071838379,0.0006922755856066942,0.009462863206863403,0.6619962826371193,samples/000813_desk_0264.npz
814,desk_0265,12,23,1,0,0.009527628548466343,0.003115355968475342,8.832284947857261e-08,1.1444091796875e-05,0.7056579440832138,samples/000814_desk_0265.npz
815,desk_0266,12,38,1,0,0.38802367461100873,0.04895123839378357,0.000146217891597189,0.003088146448135376,0.6762813851237297,samples/000815_desk_0266.npz
816,desk_0267,12,3,1,0,0.9422877604721064,0.13131356239318848,0.00047473012818954885,0.010911017656326294,0.6724090278148651,samples/000816_desk_0267.npz
817,desk_0268,12,23,1,0,0.3881196023270856,0.04854890704154968,0.00014069292228668928,0.0022341907024383545,0.6668575182557106,samples/000817_desk_0268.npz
818,desk_0269,12,23,1,0,0.7289754117186329,0.09678632020950317,0.00045643968041986227,0.007090926170349121,0.6646070629358292,samples/000818_desk_0269.npz
819,desk_0270,12,36,1,0,0.8148792441986547,0.11607182025909424,0.000538479071110487,0.009409487247467041,0.6534775570034981,samples/000819_desk_0270.npz
820,desk_0271,12,26,1,0,1.4400270888641635,0.1410645693540573,0.0008926307782530785,0.015213072299957275,0.6626353971660137,samples/000820_desk_0271.npz
821,desk_0272,12,26,1,0,1.2950830143570846,0.15132442116737366,0.001002187724225223,0.014742851257324219,0.6556047350168228,samples/000821_desk_0272.npz
822,desk_0273,12,23,1,0,0.8311584623028888,0.11138323694467545,0.0005960542475804687,0.008234620094299316,0.6626268029212952,samples/000822_desk_0273.npz
823,desk_0274,12,30,1,0,0.7080586908409552,0.11957679688930511,0.00042450285400263965,0.00653761625289917,0.6652456074953079,samples/000823_desk_0274.npz
824,desk_0275,12,33,1,0,0.9611077506742243,0.13393168151378632,0.0006279319641180336,0.012473784387111664,0.6497164107859135,samples/000824_desk_0275.npz
825,desk_0276,12,23,1,0,0.7058213034212294,0.08360850811004639,0.00044810905819758773,0.007787793874740601,0.6462977975606918,samples/000825_desk_0276.npz
826,desk_0277,12,27,1,0,1.6696768597665954,0.1599999964237213,0.0011027606669813395,0.014149010181427002,0.6600281223654747,samples/000826_desk_0277.npz
827,desk_0278,12,36,1,0,0.38797699810821007,0.07797271013259888,0.00014199050201568753,0.005323320627212524,0.6943888701498508,samples/000827_desk_0278.npz
828,desk_0279,12,30,1,0,0.38802579155470013,0.05054587125778198,0.00014360711793415248,0.0021144598722457886,0.6653165593743324,samples/000828_desk_0279.npz
829,desk_0280,12,33,1,0,0.7172063027204686,0.1110219955444336,0.0003983943024650216,0.009148210287094116,0.6491108238697052,samples/000829_desk_0280.npz
830,desk_0281,12,23,1,0,1.2560709156666128,0.15885841846466064,0.0010176586220040917,0.020888149738311768,0.665570143610239,samples/000830_desk_0281.npz
831,desk_0282,12,23,1,0,1.5202328354290424,0.1599999964237213,0.0010892346035689116,0.012929067015647888,0.6889518424868584,samples/000831_desk_0282.npz
832,desk_0283,12,2,1,0,0.9085164667851062,0.10365061461925507,0.0006244595861062407,0.007532835006713867,0.6668985597789288,samples/000832_desk_0283.npz
833,desk_0284,12,23,1,0,0.5720764016569397,0.07599705457687378,0.00028578360797837377,0.005124077200889587,0.6693043112754822,samples/000833_desk_0284.npz
834,desk_0285,12,36,1,0,1.1066091875700104,0.14392118155956268,0.0007293738890439272,0.015429317951202393,0.6814084313809872,samples/000834_desk_0285.npz
835,desk_0286,12,33,1,0,0.954132735525004,0.11520832777023315,0.0006140269106253982,0.010225445032119751,0.6466458141803741,samples/000835_desk_0286.npz
836,door_0110,13,11,1,0,0.6943489105686617,0.11936228722333908,0.0003619413764681667,0.009386837482452393,0.650016289204359,samples/000836_door_0110.npz
837,door_0111,13,11,1,0,0.6821235214162847,0.09483557939529419,0.00035166507586836815,0.0065885186195373535,0.6589215248823166,samples/000837_door_0111.npz
838,door_0112,13,11,1,0,0.7876826392416293,0.13349930942058563,0.0004517186025623232,0.012368619441986084,0.6823819205164909,samples/000838_door_0112.npz
839,door_0113,13,11,1,0,0.5619701234221295,0.0777786374092102,0.00023448135470971465,0.007055222988128662,0.6818002723157406,samples/000839_door_0113.npz
840,door_0114,13,11,1,0,0.691393932944033,0.12615251541137695,0.00027931539807468653,0.013478875160217285,0.6772690117359161,samples/000840_door_0114.npz
841,door_0115,13,26,1,0,0.587975296310489,0.12835562229156494,0.0001816633448470384,0.009510934352874756,0.6636432595551014,samples/000841_door_0115.npz
842,door_0116,13,11,1,0,0.6978706171491559,0.13818606734275818,0.000365924381185323,0.012587308883666992,0.6892592199146748,samples/000842_door_0116.npz
843,door_0117,13,11,1,0,0.5596619176529183,0.11497721076011658,0.0002372794842813164,0.012939348816871643,0.6902923248708248,samples/000843_door_0117.npz
844,door_0118,13,11,1,0,0.6787997071100602,0.1599988043308258,0.0003407328331377357,0.020345747470855713,0.672691848129034,samples/000844_door_0118.npz
845,door_0119,13,11,1,0,0.5527784579325836,0.10536876320838928,0.00025613175239413977,0.006387531757354736,0.7018673345446587,samples/000845_door_0119.npz
846,door_0120,13,11,1,0,0.7033859086744068,0.12543201446533203,0.00036933354567736387,0.009410858154296875,0.69766890630126,samples/000846_door_0120.npz
847,door_0121,13,20,1,0,0.5578646202741515,0.08579966425895691,0.00024371244944632053,0.005690723657608032,0.7194721810519695,samples/000847_door_0121.npz
848,door_0122,13,11,1,0,0.5713944753571208,0.09941038489341736,0.00023568907636217773,0.0072130560874938965,0.7245434075593948,samples/000848_door_0122.npz
849,door_0123,13,11,1,0,0.5507422900116934,0.12397140264511108,0.000240618028328754,0.00933164358139038,0.7212429456412792,samples/000849_door_0123.npz
850,door_0124,13,21,1,0,0.5514807013678281,0.10234201699495316,0.0002599193248897791,0.006544709205627441,0.7080672085285187,samples/000850_door_0124.npz
851,door_0125,13,11,1,0,0.38797606192837447,0.05382075160741806,0.00013726073666475713,0.003532908856868744,0.6903930976986885,samples/000851_door_0125.npz
852,door_0126,13,11,1,0,0.562769884691524,0.1397254467010498,0.00023691580281592906,0.015316903591156006,0.6755297258496284,samples/000852_door_0126.npz
853,door_0127,13,11,1,0,0.81066493817594,0.10676348209381104,0.00046817708062008023,0.011417984962463379,0.6648896373808384,samples/000853_door_0127.npz
854,door_0128,13,11,1,0,0.38798069959712966,0.09064668416976929,0.00011980182898696512,0.005822539329528809,0.6636669598519802,samples/000854_door_0128.npz
855,door_0129,13,11,1,0,0.013628660123594058,0.002929091453552246,1.8312721294933e-07,8.702278137207031e-06,0.7254621237516403,samples/000855_door_0129.npz
856,dresser_0201,14,23,1,0,0.38813407150208407,0.04751862585544586,0.00014629613724537194,0.0034324824810028076,0.7072334885597229,samples/000856_dresser_0201.npz
857,dresser_0202,14,23,1,0,0.006335997419950027,0.0042459964752197266,3.7834979593753815e-08,1.800060272216797e-05,0.6983071342110634,samples/000857_dresser_0202.npz
858,dresser_0203,14,23,1,0,0.5786639034483879,0.09766089916229248,0.00028981512878090143,0.005450189113616943,0.7001448310911655,samples/000858_dresser_0203.npz
859,dresser_0204,14,39,1,0,0.831623461014496,0.10485392808914185,0.0005668692756444216,0.009021647274494171,0.710182424634695,samples/000859_dresser_0204.npz
860,dresser_0205,14,38,1,0,1.122501499604071,0.15865552425384521,0.0008895943174138665,0.007651954889297485,0.7654607929289341,samples/000860_dresser_0205.npz
861,dresser_0206,14,23,1,0,0.570824928523465,0.06615275144577026,0.00030522391898557544,0.005594372749328613,0.7106878720223904,samples/000861_dresser_0206.npz
862,dresser_0207,14,5,1,0,0.5566504226625401,0.07841777801513672,0.0002625003398861736,0.0038494765758514404,0.7218166217207909,samples/000862_dresser_0207.npz
863,dresser_0208,14,23,1,0,0.0023109016663775232,0.001070648431777954,6.475602276623249e-09,1.1324882507324219e-06,0.7377530373632908,samples/000863_dresser_0208.npz
864,dresser_0209,14,38,1,0,0.8268153342953136,0.11195254325866699,0.0005822341190651059,0.00870448350906372,0.7382432669401169,samples/000864_dresser_0209.npz
865,dresser_0210,14,23,1,0,0.7358732158988526,0.0786849856376648,0.00047082503442652524,0.007960140705108643,0.715445376932621,samples/000865_dresser_0210.npz
866,dresser_0211,14,38,1,0,0.8292845399418061,0.08532875776290894,0.0005975289968773723,0.005721092224121094,0.7168091349303722,samples/000866_dresser_0211.npz
867,dresser_0212,14,23,1,0,0.00974967611584017,0.0033943653106689453,9.319046512246132e-08,1.2636184692382812e-05,0.6891664303839207,samples/000867_dresser_0212.npz
868,dresser_0213,14,23,1,0,0.7381254970409972,0.08323913812637329,0.00046566539094783366,0.0075528621673583984,0.7184590250253677,samples/000868_dresser_0213.npz
869,dresser_0214,14,38,1,0,1.007596147956807,0.11380338668823242,0.0007466559181921184,0.01387012004852295,0.7268774136900902,samples/000869_dresser_0214.npz
870,dresser_0215,14,23,1,0,0.7363175510284731,0.1479049026966095,0.0004667804460041225,0.008330583572387695,0.7116564325988293,samples/000870_dresser_0215.npz
871,dresser_0216,14,23,1,0,0.3880423810808854,0.05304837226867676,0.00014642850146628916,0.004394054412841797,0.6725122816860676,samples/000871_dresser_0216.npz
872,dresser_0217,14,23,1,0,0.388120235814695,0.14336532354354858,0.00013199570821598172,0.014627516269683838,0.6702396720647812,samples/000872_dresser_0217.npz
873,dresser_0218,14,39,1,0,0.7275965623087305,0.09810405969619751,0.00046344404108822346,0.00814366340637207,0.662263173609972,samples/000873_dresser_0218.npz
874,dresser_0219,14,23,1,0,0.7193330908166684,0.10286828875541687,0.0004214409564156085,0.00818401575088501,0.685346283018589,samples/000874_dresser_0219.npz
875,dresser_0220,14,27,1,0,0.5311055477882387,0.1599999964237213,0.00023073729244060814,0.012991376221179962,0.7407088316977024,samples/000875_dresser_0220.npz
876,dresser_0221,14,23,1,0,0.5611008687790723,0.12312078475952148,0.0002762305084615946,0.01555025577545166,0.6921299248933792,samples/000876_dresser_0221.npz
877,dresser_0222,14,38,1,0,0.9597422912518603,0.113863006234169,0.0006603113142773509,0.008365511894226074,0.7027766220271587,samples/000877_dresser_0222.npz
878,dresser_0223,14,38,1,0,0.7111590428008151,0.09832586348056793,0.0004481600481085479,0.007253915071487427,0.7178157418966293,samples/000878_dresser_0223.npz
879,dresser_0224,14,23,1,0,0.5661536804598243,0.05940049886703491,0.00030140142189338803,0.007185101509094238,0.6925329715013504,samples/000879_dresser_0224.npz
880,dresser_0225,14,23,1,0,0.3879881888830429,0.06633472442626953,0.00014626962365582585,0.0055671632289886475,0.6910902559757233,samples/000880_dresser_0225.npz
881,dresser_0226,14,38,1,0,0.9688590972750867,0.11741727590560913,0.0007119539077393711,0.010019898414611816,0.6881704106926918,samples/000881_dresser_0226.npz
882,dresser_0227,14,23,1,0,0.002325354887497592,0.001991093158721924,4.321918822824955e-09,3.993511199951172e-06,0.6637369431555271,samples/000882_dresser_0227.npz
883,dresser_0228,14,39,1,0,0.5845685034155773,0.11072510480880737,0.00030612648697569966,0.005716383457183838,0.6559399403631687,samples/000883_dresser_0228.npz
884,dresser_0229,14,23,1,0,1.2711114292521364,0.15999892354011536,0.0010517870541661978,0.014630492776632309,0.6536243818700314,samples/000884_dresser_0229.npz
885,dresser_0230,14,38,1,0,0.7203208095377411,0.1595154106616974,0.00043412932427600026,0.006334543228149414,0.6610882095992565,samples/000885_dresser_0230.npz
886,dresser_0231,14,38,1,0,0.7328212107158979,0.1599999964237213,0.00041257264092564583,0.012023508548736572,0.6709848716855049,samples/000886_dresser_0231.npz
887,dresser_0232,14,23,1,0,0.5495273032655446,0.08153632283210754,0.0002695123548619449,0.006562650203704834,0.7246239632368088,samples/000887_dresser_0232.npz
888,dresser_0233,14,12,1,0,0.38796916293346173,0.06734272837638855,0.00014280647155828774,0.005250517278909683,0.7039412334561348,samples/000888_dresser_0233.npz
889,dresser_0234,14,23,1,0,0.5573316601339501,0.07849982380867004,0.00027385499561205506,0.007848799228668213,0.6791425049304962,samples/000889_dresser_0234.npz
890,dresser_0235,14,23,1,0,0.3880524035759427,0.05914679169654846,0.00014595614629797637,0.004593193531036377,0.6693119592964649,samples/000890_dresser_0235.npz
891,dresser_0236,14,23,1,0,0.3880394434039669,0.08948379755020142,0.0001396684965584427,0.007272183895111084,0.6706834957003593,samples/000891_dresser_0236.npz
892,dresser_0237,14,23,1,0,0.570115767474234,0.0965186059474945,0.0002981067809741944,0.008662253618240356,0.7184013426303864,samples/000892_dresser_0237.npz
893,dresser_0238,14,38,1,0,0.5768354893872064,0.09587275981903076,0.0002937827375717461,0.0065885186195373535,0.6545485444366932,samples/000893_dresser_0238.npz
894,dresser_0239,14,38,1,0,0.6859251429633043,0.15980270504951477,0.0003905477933585644,0.015543267130851746,0.6597059145569801,samples/000894_dresser_0239.npz
895,dresser_0240,14,23,1,0,0.38792570652742203,0.13258811831474304,0.00013453980500344187,0.011053159832954407,0.6722230464220047,samples/000895_dresser_0240.npz
896,dresser_0241,14,23,1,0,0.7194110484168057,0.10887563228607178,0.00045276113087311387,0.006906628608703613,0.6557194292545319,samples/000896_dresser_0241.npz
897,dresser_0242,14,23,1,0,0.38798977313653804,0.09006896615028381,0.00013572030002251267,0.007260739803314209,0.6524245850741863,samples/000897_dresser_0242.npz
898,dresser_0243,14,23,1,0,1.3503489917431717,0.1600000262260437,0.000961682409979403,0.017442286014556885,0.6572813615202904,samples/000898_dresser_0243.npz
899,dresser_0244,14,23,1,0,0.9340748205868772,0.15698355436325073,0.0006366267334669828,0.01148897409439087,0.6920348629355431,samples/000899_dresser_0244.npz
900,dresser_0245,14,23,1,0,0.7354797008469854,0.08721905946731567,0.0004794441629201174,0.007982373237609863,0.6653405763208866,samples/000900_dresser_0245.npz
901,dresser_0246,14,23,1,0,0.8260157282021127,0.12035101652145386,0.0005765206879004836,0.007279336452484131,0.665122002363205,samples/000901_dresser_0246.npz
902,dresser_0247,14,38,1,0,0.8366137558913725,0.10140497982501984,0.0005577025003731251,0.009175777435302734,0.6649181507527828,samples/000902_dresser_0247.npz
903,dresser_0248,14,23,1,0,0.5500252384658969,0.1127350926399231,0.00027096120174974203,0.004831850528717041,0.6617959626019001,samples/000903_dresser_0248.npz
904,dresser_0249,14,38,1,0,0.8411228021277507,0.1520259976387024,0.0005594385438598692,0.012184500694274902,0.7003803662955761,samples/000904_dresser_0249.npz
905,dresser_0250,14,23,1,0,0.3880176549393026,0.14381515979766846,0.0001194241049233824,0.016393184661865234,0.6834744215011597,samples/000905_dresser_0250.npz
906,dresser_0251,14,38,1,0,0.9443248759966085,0.10471993684768677,0.0007272365037351847,0.009304523468017578,0.6791905947029591,samples/000906_dresser_0251.npz
907,dresser_0252,14,23,1,0,0.5726360580298444,0.12345218658447266,0.00028089710394851863,0.005300283432006836,0.6976657398045063,samples/000907_dresser_0252.npz
908,dresser_0253,14,23,1,0,0.5756712273975436,0.09807473421096802,0.00030199706088751554,0.005466461181640625,0.7244350351393223,samples/000908_dresser_0253.npz
909,dresser_0254,14,16,1,0,0.6934896857079776,0.08101999759674072,0.00041692517697811127,0.007398396730422974,0.671051811426878,samples/000909_dresser_0254.npz
910,dresser_0255,14,38,1,0,1.1808931871444914,0.15999770164489746,0.0009025320177897811,0.011315703392028809,0.6686582714319229,samples/000910_dresser_0255.npz
911,dresser_0256,14,23,1,0,0.38800768915310957,0.06111688166856766,0.0001440221385564655,0.004288330674171448,0.6589910164475441,samples/000911_dresser_0256.npz
912,dresser_0257,14,23,1,0,0.7314306341717869,0.08204388618469238,0.0005022777477279305,0.008415400981903076,0.6643857471644878,samples/000912_dresser_0257.npz
913,dresser_0258,14,23,1,0,0.64869727251186,0.15929774940013885,0.00035417499020695686,0.01443558931350708,0.6567050106823444,samples/000913_dresser_0258.npz
914,dresser_0259,14,23,1,0,0.00722724637556406,0.0064740777015686035,5.090259946882725e-08,4.3272972106933594e-05,0.6626585498452187,samples/000914_dresser_0259.npz
915,dresser_0260,14,23,1,0,0.00961462359733954,0.004553258419036865,9.094947017729282e-08,2.1457672119140625e-05,0.6553025618195534,samples/000915_dresser_0260.npz
916,dresser_0261,14,38,1,0,1.0788098937919672,0.1447729468345642,0.0008462012046948075,0.009136319160461426,0.6573032326996326,samples/000916_dresser_0261.npz
917,dresser_0262,14,38,1,0,0.5447359280552204,0.09343242645263672,0.00027511827647686005,0.0080718994140625,0.6659779027104378,samples/000917_dresser_0262.npz
918,dresser_0263,14,23,1,0,0.5837566799398344,0.13792552053928375,0.0002939883852377534,0.009102627635002136,0.6577263846993446,samples/000918_dresser_0263.npz
919,dresser_0264,14,23,1,0,0.9625786049439687,0.1600000262260437,0.0007558499346487224,0.008428812026977539,0.6547489240765572,samples/000919_dresser_0264.npz
920,dresser_0265,14,38,1,0,0.697294475054739,0.0957271009683609,0.0004219714901410043,0.004295766353607178,0.6606152467429638,samples/000920_dresser_0265.npz
921,dresser_0266,14,38,1,0,0.8049545493089711,0.10152649879455566,0.0005231825052760541,0.006589710712432861,0.6617932543158531,samples/000921_dresser_0266.npz
922,dresser_0267,14,23,1,0,1.164525330463342,0.12996268272399902,0.0009288865840062499,0.012642741203308105,0.6619695276021957,samples/000922_dresser_0267.npz
923,dresser_0268,14,23,1,0,1.0390937484975706,0.1301594376564026,0.0007683406001888216,0.01212000846862793,0.6596981659531593,samples/000923_dresser_0268.npz
924,dresser_0269,14,23,1,0,0.7254659930934115,0.1599999964237213,0.0004420615150593221,0.010259866714477539,0.6718157269060612,samples/000924_dresser_0269.npz
925,dresser_0270,14,30,1,0,0.7150868799704524,0.13873744010925293,0.00043806666508316994,0.011196017265319824,0.6559226922690868,samples/000925_dresser_0270.npz
926,dresser_0271,14,23,1,0,0.38819860753229,0.1489165723323822,0.00013041721831541508,0.015501320362091064,0.670092549175024,samples/000926_dresser_0271.npz
927,dresser_0272,14,23,1,0,0.0045599009733686925,0.0037747621536254883,2.1187588572502136e-08,1.4424324035644531e-05,0.6800421625375748,samples/000927_dresser_0272.npz
928,dresser_0273,14,23,1,0,0.5713598745426665,0.11222463846206665,0.00028639365336857736,0.006397604942321777,0.6659980453550816,samples/000928_dresser_0273.npz
929,dresser_0274,14,23,1,0,0.9759817609177146,0.10911914706230164,0.0007280291756615043,0.00853005051612854,0.6802787818014622,samples/000929_dresser_0274.npz
930,dresser_0275,14,38,1,0,0.9633817522845062,0.1471017748117447,0.0006962021579965949,0.011619895696640015,0.6698364987969398,samples/000930_dresser_0275.npz
931,dresser_0276,14,23,1,0,0.38793959236502623,0.10644227266311646,0.00013386772479861975,0.013295471668243408,0.6598733849823475,samples/000931_dresser_0276.npz
932,dresser_0277,14,23,1,0,0.5671724333220075,0.1164236068725586,0.00029224890749901533,0.011756062507629395,0.6718651205301285,samples/000932_dresser_0277.npz
933,dresser_0278,14,23,1,0,0.5714763041074337,0.07759177684783936,0.0003085398639086634,0.006573975086212158,0.6833755448460579,samples/000933_dresser_0278.npz
934,dresser_0279,14,23,1,0,0.724070397401036,0.111275315284729,0.0004437806492205709,0.008074164390563965,0.6768858544528484,samples/000934_dresser_0279.npz
935,dresser_0280,14,23,1,0,0.3879231280858481,0.05906552076339722,0.00014424766413867474,0.006440699100494385,0.7328978851437569,samples/000935_dresser_0280.npz
936,dresser_0281,14,23,1,0,0.7389754104917426,0.07255101203918457,0.0004888229304924607,0.0062430500984191895,0.6798955462872982,samples/000936_dresser_0281.npz
937,dresser_0282,14,23,1,0,0.38798022431064527,0.07812952995300293,0.00014226773055270314,0.010320782661437988,0.7231642827391624,samples/000937_dresser_0282.npz
938,dresser_0283,14,38,1,0,0.005245727513408077,0.0022227466106414795,2.5116605684161186e-08,4.947185516357422e-06,0.7292910926043987,samples/000938_dresser_0283.npz
939,dresser_0284,14,23,1,0,0.006025697418815452,0.004360496997833252,3.4095137380063534e-08,1.9669532775878906e-05,0.7338273450732231,samples/000939_dresser_0284.npz
940,dresser_0285,14,23,1,0,0.38806759522647716,0.07525193691253662,0.00013945018872618675,0.007460474967956543,0.7392897270619869,samples/000940_dresser_0285.npz
941,dresser_0286,14,27,1,0,0.8600180127647197,0.13675454258918762,0.0005617729621008039,0.008503556251525879,0.7410330511629581,samples/000941_dresser_0286.npz
942,flower_pot_0150,15,26,1,0,0.00076791736567141,0.0006373375654220581,3.8392045098589733e-10,4.3213367462158203e-07,0.7391803599894047,samples/000942_flower_pot_0150.npz
943,flower_pot_0151,15,26,1,0,0.0008519539062666777,0.0007736384868621826,3.2523530535399914e-09,6.556510925292969e-07,0.6601333804428577,samples/000943_flower_pot_0151.npz
944,flower_pot_0152,15,26,1,0,0.3879721731571842,0.07897806167602539,0.00013957073679193854,0.004131913185119629,0.6526714451611042,samples/000944_flower_pot_0152.npz
945,flower_pot_0153,15,37,1,0,0.00016753253794351406,0.0001328587532043457,1.7462298274040222e-10,1.1920928955078125e-07,0.6812460646033287,samples/000945_flower_pot_0153.npz
946,flower_pot_0154,15,26,1,0,0.0007094621562178979,0.0005443692207336426,-2.1373125491663814e-10,2.980232238769531e-07,0.669305756688118,samples/000946_flower_pot_0154.npz
947,flower_pot_0155,15,37,1,0,0.00017947601888344776,0.0001099705696105957,-2.2118911147117615e-09,1.1920928955078125e-07,0.6779998354613781,samples/000947_flower_pot_0155.npz
948,flower_pot_0156,15,26,1,0,0.0001663040167966915,8.19861888885498e-05,-2.191882231272757e-09,1.1920928955078125e-07,0.6688504591584206,samples/000948_flower_pot_0156.npz
949,flower_pot_0157,15,26,1,0,8.27646215550977e-05,5.418062210083008e-05,9.570157999405637e-10,2.384185791015625e-07,0.6554220765829086,samples/000949_flower_pot_0157.npz
950,flower_pot_0158,15,26,1,0,0.38798041154478435,0.09177893400192261,0.00013707649486605078,0.0047474205493927,0.6632586941123009,samples/000950_flower_pot_0158.npz
951,flower_pot_0159,15,37,1,0,0.00014138930972975276,5.2869319915771484e-05,-1.382431946694851e-09,1.1920928955078125e-07,0.6530169509351254,samples/000951_flower_pot_0159.npz
952,flower_pot_0160,15,37,1,0,0.0008173562314071673,0.0006095170974731445,1.57160684466362e-09,4.76837158203125e-07,0.6705490760505199,samples/000952_flower_pot_0160.npz
953,flower_pot_0161,15,26,1,0,0.000151627802347664,0.0001322925090789795,-2.3383108782581985e-09,1.1920928955078125e-07,0.6872643977403641,samples/000953_flower_pot_0161.npz
954,flower_pot_0162,15,10,1,0,5.984131663536681e-05,1.958012580871582e-05,-2.3283064365386963e-10,2.384185791015625e-07,0.6531584933400154,samples/000954_flower_pot_0162.npz
955,flower_pot_0163,15,37,1,0,0.0003361595594721902,0.00028754398226737976,-1.1932570487260818e-09,1.1920928955078125e-07,0.6732694953680038,samples/000955_flower_pot_0163.npz
956,flower_pot_0164,15,26,1,0,6.742162735905422e-05,4.3332576751708984e-05,7.950120561872609e-10,1.1920928955078125e-07,0.6287677809596062,samples/000956_flower_pot_0164.npz
957,flower_pot_0165,15,26,1,0,0.00227802316188721,0.002126038074493408,4.27371560363099e-09,5.125999450683594e-06,0.6650300547480583,samples/000957_flower_pot_0165.npz
958,flower_pot_0166,15,26,1,0,0.002906117772379316,0.002109050750732422,7.029541393421823e-09,4.410743713378906e-06,0.6718201488256454,samples/000958_flower_pot_0166.npz
959,flower_pot_0167,15,4,1,0,0.5626806922610095,0.08978134393692017,0.00026002939557656646,0.005819201469421387,0.6791074015200138,samples/000959_flower_pot_0167.npz
960,flower_pot_0168,15,26,1,0,0.0011705112974373124,0.0006404221057891846,3.2230786928266753e-09,9.238719940185547e-07,0.6922540441155434,samples/000960_flower_pot_0168.npz
961,flower_pot_0169,15,26,1,0,0.00021120747339152358,0.0001805424690246582,5.766196409240365e-10,1.1920928955078125e-07,0.6628634370863438,samples/000961_flower_pot_0169.npz
962,glass_box_0172,16,14,1,0,0.3880389249880844,0.052393510937690735,0.0001427057577529922,0.0029980093240737915,0.6589111834764481,samples/000962_glass_box_0172.npz
963,glass_box_0173,16,14,1,0,0.3881201494300819,0.07765582203865051,0.0001385531504638493,0.004431784152984619,0.6638957560062408,samples/000963_glass_box_0173.npz
964,glass_box_0174,16,27,1,0,0.5676967848615164,0.07600763440132141,0.0002964226878248155,0.005139023065567017,0.6644222438335419,samples/000964_glass_box_0174.npz
965,glass_box_0175,16,14,1,0,0.5591432029874693,0.08189728856086731,0.00028184856637381017,0.004028797149658203,0.6592335812747478,samples/000965_glass_box_0175.npz
966,glass_box_0176,16,14,1,0,0.5717969935010904,0.1141272485256195,0.00030342472018674016,0.006116926670074463,0.6581318154931068,samples/000966_glass_box_0176.npz
967,glass_box_0177,16,27,1,0,0.5872832294041631,0.09037676453590393,0.00031422986648976803,0.005239367485046387,0.660260520875454,samples/000967_glass_box_0177.npz
968,glass_box_0178,16,14,1,0,0.3880244810671102,0.05128385126590729,0.0001444171357434243,0.003090202808380127,0.6721848025918007,samples/000968_glass_box_0178.npz
969,glass_box_0179,16,27,1,0,0.5793767214258787,0.1030031144618988,0.0002998292329721153,0.005967915058135986,0.6607458144426346,samples/000969_glass_box_0179.npz
970,glass_box_0180,16,27,1,0,0.5806661958010506,0.07103557884693146,0.00030875031370669603,0.005006194114685059,0.6596690826117992,samples/000970_glass_box_0180.npz
971,glass_box_0181,16,14,1,0,0.38802381862114976,0.051512300968170166,0.00014226368512026966,0.003710627555847168,0.6750060245394707,samples/000971_glass_box_0181.npz
972,glass_box_0182,16,13,1,0,0.01870419553137492,0.0041391849517822266,3.4142533422709676e-07,2.5570392608642578e-05,0.6766421534121037,samples/000972_glass_box_0182.npz
973,glass_box_0183,16,23,1,0,0.011215714521152033,0.0048828125,1.2468080967664719e-07,2.384185791015625e-05,0.6747492663562298,samples/000973_glass_box_0183.npz
974,glass_box_0184,16,23,1,0,0.8141595325007731,0.09725451469421387,0.0006002355366945267,0.007698476314544678,0.6973495669662952,samples/000974_glass_box_0184.npz
975,glass_box_0185,16,14,1,0,0.5427278423341735,0.1161186695098877,0.00027723205857910216,0.009183049201965332,0.7142202518880367,samples/000975_glass_box_0185.npz
976,glass_box_0186,16,38,1,0,0.38808320384797834,0.0984833836555481,0.00014081745757721364,0.005847811698913574,0.6718708127737045,samples/000976_glass_box_0186.npz
977,glass_box_0187,16,38,1,0,0.5612712791504063,0.15701347589492798,0.0002831443853210658,0.01405268907546997,0.6702282950282097,samples/000977_glass_box_0187.npz
978,glass_box_0188,16,27,1,0,0.38794158013098606,0.08709844946861267,0.0001331537787336856,0.004142165184020996,0.6646224148571491,samples/000978_glass_box_0188.npz
979,glass_box_0189,16,14,1,0,0.5657883529406855,0.09761679172515869,0.0002851440804079175,0.0047664642333984375,0.6648557633161545,samples/000979_glass_box_0189.npz
980,glass_box_0190,16,23,1,0,0.5764196800493532,0.12350937724113464,0.0003017685085069388,0.006957948207855225,0.7032882124185562,samples/000980_glass_box_0190.npz
981,glass_box_0191,16,27,1,0,0.3881643758371184,0.07220450043678284,0.0001418992324033752,0.005348622798919678,0.687713336199522,samples/000981_glass_box_0191.npz
982,glass_box_0192,16,27,1,0,0.5662235359929878,0.07058346271514893,0.00029062136309221387,0.005787909030914307,0.6786479987204075,samples/000982_glass_box_0192.npz
983,glass_box_0193,16,27,1,0,0.5792266298946104,0.08907991647720337,0.00030099108698777854,0.007011353969573975,0.6673078760504723,samples/000983_glass_box_0193.npz
984,glass_box_0194,16,27,1,0,0.5671843347382302,0.0867496132850647,0.0002931518538389355,0.005382180213928223,0.6724984496831894,samples/000984_glass_box_0194.npz
985,glass_box_0195,16,27,1,0,0.3879362649948647,0.051412686705589294,0.00014564977027475834,0.0034422874450683594,0.6724165789783001,samples/000985_glass_box_0195.npz
986,glass_box_0196,16,27,1,0,0.569298450158407,0.08130520582199097,0.0002909109171014279,0.007898479700088501,0.677935604006052,samples/000986_glass_box_0196.npz
987,glass_box_0197,16,27,1,0,0.5671561768449936,0.08174759149551392,0.00028739351546391845,0.0074405670166015625,0.6870740205049515,samples/000987_glass_box_0197.npz
988,glass_box_0198,16,27,1,0,0.5617519809193947,0.08228543400764465,0.0002931558119598776,0.006408393383026123,0.6599180027842522,samples/000988_glass_box_0198.npz
989,glass_box_0199,16,38,1,0,0.3881972544443672,0.079623281955719,0.00013869190297555178,0.00618135929107666,0.6574077568948269,samples/000989_glass_box_0199.npz
990,glass_box_0200,16,27,1,0,0.5742439731585551,0.08604207634925842,0.00029910498415119946,0.006851375102996826,0.6707850098609924,samples/000990_glass_box_0200.npz
991,glass_box_0201,16,23,1,0,0.5685691839510666,0.09084725379943848,0.0003020458098035306,0.007057368755340576,0.656159408390522,samples/000991_glass_box_0201.npz
992,glass_box_0202,16,14,1,0,0.572552521172595,0.06739562749862671,0.000303272478049621,0.006246089935302734,0.6624687165021896,samples/000992_glass_box_0202.npz
993,glass_box_0203,16,23,1,0,0.8284781710563979,0.15504090487957,0.0005633792607113719,0.006649404764175415,0.6639372184872627,samples/000993_glass_box_0203.npz
994,glass_box_0204,16,27,1,0,0.5748628390544466,0.09122702479362488,0.00029421699582599103,0.00484776496887207,0.6590633243322372,samples/000994_glass_box_0204.npz
995,glass_box_0205,16,27,1,0,0.5752033433855481,0.07664430141448975,0.0003021672018803656,0.004285961389541626,0.6689687259495258,samples/000995_glass_box_0205.npz
996,glass_box_0206,16,23,1,0,1.0611737753651618,0.15496161580085754,0.0008767067920416594,0.007471144199371338,0.6716207824647427,samples/000996_glass_box_0206.npz
997,glass_box_0207,16,23,1,0,0.9369230402360672,0.10455198585987091,0.0007107824785634875,0.009643763303756714,0.6769489794969559,samples/000997_glass_box_0207.npz
998,glass_box_0208,16,27,1,0,0.5858991991876539,0.11226031184196472,0.00029021146474406123,0.009492933750152588,0.6711316518485546,samples/000998_glass_box_0208.npz
999,glass_box_0209,16,27,1,0,0.5695421947793365,0.0861121118068695,0.00030671729473397136,0.00944209098815918,0.6637133024632931,samples/000999_glass_box_0209.npz
1000,glass_box_0210,16,27,1,0,0.5849529959978618,0.09648847579956055,0.00029320482281036675,0.005164682865142822,0.6657551899552345,samples/001000_glass_box_0210.npz
1001,glass_box_0211,16,14,1,0,0.5826784094711348,0.08650815486907959,0.00030546411289833486,0.0057045817375183105,0.6693443134427071,samples/001001_glass_box_0211.npz
1002,glass_box_0212,16,27,1,0,0.5928789575916402,0.07666921615600586,0.0003055778506677598,0.005376935005187988,0.6830281019210815,samples/001002_glass_box_0212.npz
1003,glass_box_0213,16,27,1,0,0.5564598994754911,0.08184698224067688,0.00028420009766705334,0.007969498634338379,0.6724920496344566,samples/001003_glass_box_0213.npz
1004,glass_box_0214,16,14,1,0,0.38799848641513274,0.0607161819934845,0.00014139320410322398,0.003794938325881958,0.6745263636112213,samples/001004_glass_box_0214.npz
1005,glass_box_0215,16,38,1,0,0.563912584930377,0.09672856330871582,0.00029732869006693363,0.007032990455627441,0.6747774854302406,samples/001005_glass_box_0215.npz
1006,glass_box_0216,16,27,1,0,0.5778284085334088,0.08058378100395203,0.00029357237508520484,0.005363643169403076,0.677042618393898,samples/001006_glass_box_0216.npz
1007,glass_box_0217,16,27,1,0,0.5714013991803252,0.09648162126541138,0.0002942100982181728,0.007147371768951416,0.6909039542078972,samples/001007_glass_box_0217.npz
1008,glass_box_0218,16,27,1,0,0.5688736741824407,0.09582191705703735,0.00027720449725165963,0.006368815898895264,0.7054781205952168,samples/001008_glass_box_0218.npz
1009,glass_box_0219,16,27,1,0,0.5805852388065786,0.09631311893463135,0.00030059556593187153,0.009084165096282959,0.6719455309212208,samples/001009_glass_box_0219.npz
1010,glass_box_0220,16,34,1,0,1.1671117106883584,0.14859968423843384,0.0010406365618109703,0.01342916488647461,0.7121724970638752,samples/001010_glass_box_0220.npz
1011,glass_box_0221,16,27,1,0,0.3880299534035232,0.07812392711639404,0.00014052870392333716,0.004310131072998047,0.7501916810870171,samples/001011_glass_box_0221.npz
1012,glass_box_0222,16,38,1,0,0.38823053328100676,0.061712443828582764,0.00014527651364915073,0.004552245140075684,0.7429076507687569,samples/001012_glass_box_0222.npz
1013,glass_box_0223,16,27,1,0,0.3881104166405532,0.050368532538414,0.0001447575632482767,0.0022701025009155273,0.7236323654651642,samples/001013_glass_box_0223.npz
1014,glass_box_0224,16,14,1,0,0.3880494227747169,0.06882178783416748,0.0001448645198252052,0.0045011043548583984,0.7110691368579865,samples/001014_glass_box_0224.npz
1015,glass_box_0225,16,27,1,0,0.5692621317376128,0.07471127808094025,0.00028586623375304043,0.0049849748611450195,0.7679861001670361,samples/001015_glass_box_0225.npz
1016,glass_box_0226,16,27,1,0,0.5861624667309873,0.09397521615028381,0.00029245138284750283,0.009884238243103027,0.7130574695765972,samples/001016_glass_box_0226.npz
1017,glass_box_0227,16,27,1,0,0.5552177513986577,0.10369609296321869,0.0002669126552063972,0.005407392978668213,0.7054807022213936,samples/001017_glass_box_0227.npz
1018,glass_box_0228,16,23,1,0,0.3881513474224447,0.10254430770874023,0.00013609265442937613,0.006836652755737305,0.7176601625978947,samples/001018_glass_box_0228.npz
1019,glass_box_0229,16,27,1,0,0.5864883884929318,0.11153995990753174,0.0003002574376296252,0.008775115013122559,0.6917474530637264,samples/001019_glass_box_0229.npz
1020,glass_box_0230,16,23,1,0,1.2151680541081387,0.15887492895126343,0.001017445232719183,0.01263958215713501,0.6900740563869476,samples/001020_glass_box_0230.npz
1021,glass_box_0231,16,27,1,0,0.5668410638242616,0.071173757314682,0.0002929411130025983,0.007633596658706665,0.6936667859554291,samples/001021_glass_box_0231.npz
1022,glass_box_0232,16,27,1,0,0.388109840728199,0.05203533172607422,0.00014375540195032954,0.0028136372566223145,0.6831428818404675,samples/001022_glass_box_0232.npz
1023,glass_box_0233,16,14,1,0,0.38806111544827315,0.08036968111991882,0.0001355775457341224,0.004057765007019043,0.7314398474991322,samples/001023_glass_box_0233.npz
1024,glass_box_0234,16,27,1,0,0.38817190476578545,0.10447105765342712,0.00013758623390458524,0.005132317543029785,0.7027049474418163,samples/001024_glass_box_0234.npz
1025,glass_box_0235,16,14,1,0,0.5643543236135524,0.09239387512207031,0.00029530157917179167,0.005359351634979248,0.684911135584116,samples/001025_glass_box_0235.npz
1026,glass_box_0236,16,14,1,0,0.3880797769166005,0.07287156581878662,0.0001331512030446902,0.0023196786642074585,0.739183321595192,samples/001026_glass_box_0236.npz
1027,glass_box_0237,16,23,1,0,0.8179880451451531,0.10423421859741211,0.0005863552796654403,0.008861720561981201,0.6806482151150703,samples/001027_glass_box_0237.npz
1028,glass_box_0238,16,14,1,0,0.3879921495046517,0.07163751125335693,0.00013780128210783005,0.00628352165222168,0.7323343940079212,samples/001028_glass_box_0238.npz
1029,glass_box_0239,16,23,1,0,0.5838278940354253,0.06891494989395142,0.00031362962909042835,0.007053732872009277,0.7186141610145569,samples/001029_glass_box_0239.npz
1030,glass_box_0240,16,14,1,0,0.5681635135714862,0.09021639823913574,0.00029955225181765854,0.007886499166488647,0.6831465288996696,samples/001030_glass_box_0240.npz
1031,glass_box_0241,16,27,1,0,0.5680303309348655,0.09180024266242981,0.0002877156366594136,0.008506298065185547,0.6886378079652786,samples/001031_glass_box_0241.npz
1032,glass_box_0242,16,14,1,0,0.3879416809594228,0.06127810478210449,0.00014473761257249862,0.004186153411865234,0.6656939499080181,samples/001032_glass_box_0242.npz
1033,glass_box_0243,16,27,1,0,0.003565631466642146,0.0015264153480529785,1.3475073501467705e-08,2.384185791015625e-06,0.686444777995348,samples/001033_glass_box_0243.npz
1034,glass_box_0244,16,14,1,0,0.38803397120138877,0.09279090166091919,0.00014506210573017597,0.006976962089538574,0.6729273498058319,samples/001034_glass_box_0244.npz
1035,glass_box_0245,16,12,1,0,1.167715396003338,0.11794024705886841,0.0010589519515633583,0.010543227195739746,0.6841188967227936,samples/001035_glass_box_0245.npz
1036,glass_box_0246,16,27,1,0,0.5793913233719813,0.0885280966758728,0.00029575510416179895,0.0070323944091796875,0.6863242499530315,samples/001036_glass_box_0246.npz
1037,glass_box_0247,16,14,1,0,0.3881679891652768,0.0578899085521698,0.00014210598601493984,0.003622889518737793,0.6897418685257435,samples/001037_glass_box_0247.npz
1038,glass_box_0248,16,36,1,0,0.6805096619457551,0.0838618278503418,0.00043329736217856407,0.006142139434814453,0.679228600114584,samples/001038_glass_box_0248.npz
1039,glass_box_0249,16,27,1,0,0.5830271540361581,0.10858938097953796,0.00029365785303525627,0.005681097507476807,0.6834801025688648,samples/001039_glass_box_0249.npz
1040,glass_box_0250,16,27,1,0,0.8028190178344858,0.1198161393404007,0.000539507600478828,0.012364864349365234,0.684988483786583,samples/001040_glass_box_0250.npz
1041,glass_box_0251,16,27,1,0,0.3880291325579812,0.05454587936401367,0.00014589897182304412,0.0043302178382873535,0.6724489852786064,samples/001041_glass_box_0251.npz
1042,glass_box_0252,16,27,1,0,0.5872376893739686,0.08339056372642517,0.00029997987439855933,0.004643499851226807,0.6842786185443401,samples/001042_glass_box_0252.npz
1043,glass_box_0253,16,14,1,0,0.560594330749347,0.07706177234649658,0.0002938234247267246,0.004069626331329346,0.7433119378983974,samples/001043_glass_box_0253.npz
1044,glass_box_0254,16,14,1,0,0.38796894688779865,0.0480307936668396,0.00014319548790808767,0.0029662251472473145,0.7008196339011192,samples/001044_glass_box_0254.npz
1045,glass_box_0255,16,27,1,0,0.38803980341458894,0.1161189079284668,0.00013114554167259485,0.0029214024543762207,0.6821451112627983,samples/001045_glass_box_0255.npz
1046,glass_box_0256,16,27,1,0,0.38819929846898477,0.07308247685432434,0.00014097944949753582,0.0045441389083862305,0.7085899189114571,samples/001046_glass_box_0256.npz
1047,glass_box_0257,16,26,1,0,1.0706877642270411,0.12412744760513306,0.000894831377081573,0.011441826820373535,0.6711116172373295,samples/001047_glass_box_0257.npz
1048,glass_box_0258,16,27,1,0,0.574293696125248,0.11249838769435883,0.0002851150347851217,0.005338609218597412,0.6915236636996269,samples/001048_glass_box_0258.npz
1049,glass_box_0259,16,14,1,0,0.3880795897304015,0.10019195079803467,0.00014155928511172533,0.006665706634521484,0.6923119425773621,samples/001049_glass_box_0259.npz
1050,glass_box_0260,16,14,1,0,0.38815067079669885,0.08939817547798157,0.00014213979011401534,0.007956743240356445,0.6924705840647221,samples/001050_glass_box_0260.npz
1051,glass_box_0261,16,27,1,0,0.010240702238138923,0.005763649940490723,1.0227086022496223e-07,3.361701965332031e-05,0.728158675134182,samples/001051_glass_box_0261.npz
1052,glass_box_0262,16,14,1,0,0.38810529099055713,0.04771542549133301,0.0001469259150326252,0.004408359527587891,0.738362267613411,samples/001052_glass_box_0262.npz
1053,glass_box_0263,16,14,1,0,0.38801749652562817,0.06273794174194336,0.0001421836786903441,0.003107011318206787,0.6878796741366386,samples/001053_glass_box_0263.npz
1054,glass_box_0264,16,38,1,0,0.6952333726756754,0.09280925989151001,0.0004355099517852068,0.008300423622131348,0.6930727548897266,samples/001054_glass_box_0264.npz
1055,glass_box_0265,16,34,1,0,0.3880722174021458,0.05307847261428833,0.00014603766612708569,0.0032782554626464844,0.7592866457998753,samples/001055_glass_box_0265.npz
1056,glass_box_0266,16,14,1,0,0.5671670145481088,0.10133558511734009,0.000285860791336745,0.007888615131378174,0.690404873341322,samples/001056_glass_box_0266.npz
1057,glass_box_0267,16,14,1,0,0.5605417178245723,0.1431090533733368,0.0002903325657825917,0.01964130997657776,0.6968695484101772,samples/001057_glass_box_0267.npz
1058,glass_box_0268,16,27,1,0,0.5715635960517832,0.07428765296936035,0.0003084577328991145,0.0060929059982299805,0.697095163166523,samples/001058_glass_box_0268.npz
1059,glass_box_0269,16,14,1,0,0.5582431613346932,0.05254155397415161,0.00030097062699496746,0.0039577484130859375,0.6807786300778389,samples/001059_glass_box_0269.npz
1060,glass_box_0270,16,14,1,0,0.5523339765728079,0.09381270408630371,0.00027401838451623917,0.007888972759246826,0.7209841348230839,samples/001060_glass_box_0270.npz
1061,glass_box_0271,16,36,1,0,0.5638218289647889,0.07213741540908813,0.0002902826527133584,0.004502788186073303,0.6783589832484722,samples/001061_glass_box_0271.npz
1062,guitar_0156,17,0,1,0,0.8525760550846548,0.15999948978424072,0.000266076298430562,0.019001994282007217,0.6594926714897156,samples/001062_guitar_0156.npz
1063,guitar_0157,17,18,1,0,0.905885952143881,0.15196290612220764,0.0002608465147204697,0.015122992917895317,0.7075738348066807,samples/001063_guitar_0157.npz
1064,guitar_0158,17,26,1,0,1.29655822653904,0.1599999964237213,0.0004294101381674409,0.014298796653747559,0.687972579151392,samples/001064_guitar_0158.npz
1065,guitar_0159,17,26,1,0,0.567335661933166,0.12222996354103088,0.0001502660452388227,0.008494168519973755,0.6822394542396069,samples/001065_guitar_0159.npz
1066,guitar_0160,17,26,1,0,0.7092735079283831,0.1292761117219925,0.0002024429413722828,0.009482204914093018,0.7029004096984863,samples/001066_guitar_0160.npz
1067,guitar_0161,17,26,1,0,1.0460443047710115,0.15999989211559296,0.0003577020252123475,0.01929652690887451,0.6511019431054592,samples/001067_guitar_0161.npz
1068,guitar_0162,17,26,1,0,0.7001617615135294,0.14317454397678375,0.0002340154314879328,0.014007329940795898,0.7368475161492825,samples/001068_guitar_0162.npz
1069,guitar_0163,17,26,1,0,1.0197561169520593,0.11752182245254517,0.00038458313792943954,0.009090643376111984,0.6906586401164532,samples/001069_guitar_0163.npz
1070,guitar_0164,17,0,1,0,0.7062407758836207,0.1546870321035385,0.00019732184591703117,0.010336179286241531,0.6491129212081432,samples/001070_guitar_0164.npz
1071,guitar_0165,17,0,1,0,0.9237319864005928,0.15778648853302002,0.0002886608708649874,0.025702886283397675,0.6480016745626926,samples/001071_guitar_0165.npz
1072,guitar_0166,17,26,1,0,0.8337207618774037,0.15999901294708252,0.0002550337230786681,0.015017390251159668,0.6521936506032944,samples/001072_guitar_0166.npz
1073,guitar_0167,17,0,1,0,1.0380629557580365,0.1599999964237213,0.00032498210202902555,0.01797664165496826,0.650158952921629,samples/001073_guitar_0167.npz
1074,guitar_0168,17,0,1,0,0.7221967215549709,0.15999974310398102,0.00023317252635024488,0.013201147317886353,0.6541309282183647,samples/001074_guitar_0168.npz
1075,guitar_0169,17,26,1,0,0.8222211975273486,0.15625202655792236,0.0002710341941565275,0.019487902522087097,0.649669274687767,samples/001075_guitar_0169.npz
1076,guitar_0170,17,26,1,0,0.9413959138548156,0.1330932080745697,0.0003035103145521134,0.01086878776550293,0.6514102853834629,samples/001076_guitar_0170.npz
1077,guitar_0171,17,0,1,0,0.5742014084357743,0.10347552597522736,0.00013143647811375558,0.01294061541557312,0.654546458274126,samples/001077_guitar_0171.npz
1078,guitar_0172,17,0,1,0,0.8060864537724644,0.11617603898048401,0.00027249843697063625,0.014012843370437622,0.6543047055602074,samples/001078_guitar_0172.npz
1079,guitar_0173,17,0,1,0,0.9103658213846068,0.1599995493888855,0.0002868252922780812,0.019228719174861908,0.6698332019150257,samples/001079_guitar_0173.npz
1080,guitar_0174,17,26,1,0,0.9343790079751698,0.14045272767543793,0.00032171665225178003,0.009866952896118164,0.6476050801575184,samples/001080_guitar_0174.npz
1081,guitar_0175,17,0,1,0,0.9474983637299915,0.1599999964237213,0.00026804686058312654,0.013326320797204971,0.65533097833395,samples/001081_guitar_0175.npz
1082,guitar_0176,17,0,1,0,1.2989967408833134,0.1599999964237213,0.00039968130295164883,0.015277862548828125,0.6437531970441341,samples/001082_guitar_0176.npz
1083,guitar_0177,17,26,1,0,1.1732804453622616,0.1599999964237213,0.00044933849130757153,0.01868361234664917,0.6488728523254395,samples/001083_guitar_0177.npz
1084,guitar_0178,17,0,1,0,0.5839004392490443,0.11490708589553833,0.00015443918528035283,0.007594231516122818,0.66830700263381,samples/001084_guitar_0178.npz
1085,guitar_0179,17,26,1,0,0.895829653547551,0.13559187948703766,0.00028200060478411615,0.013357989490032196,0.660893339663744,samples/001085_guitar_0179.npz
1086,guitar_0180,17,0,1,0,1.0286121877970325,0.15999984741210938,0.0003213917661923915,0.02130727469921112,0.6779722198843956,samples/001086_guitar_0180.npz
1087,guitar_0181,17,26,1,0,0.9262448852027183,0.15999983251094818,0.00026691643870435655,0.013281971216201782,0.6720010749995708,samples/001087_guitar_0181.npz
1088,guitar_0182,17,26,1,0,1.1956442204359765,0.1599999964237213,0.0003732504846993834,0.016320105642080307,0.6666767746210098,samples/001088_guitar_0182.npz
1089,guitar_0183,17,26,1,0,0.9278998458261544,0.14361804723739624,0.00032416381873190403,0.01966961659491062,0.6730416268110275,samples/001089_guitar_0183.npz
1090,guitar_0184,17,0,1,0,0.8147287245527548,0.14548367261886597,0.00024149526143446565,0.00924333930015564,0.6743171662092209,samples/001090_guitar_0184.npz
1091,guitar_0185,17,26,1,0,0.9532603652384563,0.15349999070167542,0.00029608223121613264,0.021855533123016357,0.6698700711131096,samples/001091_guitar_0185.npz
1092,guitar_0186,17,26,1,0,0.9313358312133909,0.1498529613018036,0.00029685162007808685,0.015872955322265625,0.6661502197384834,samples/001092_guitar_0186.npz
1093,guitar_0187,17,0,1,0,1.026364240270098,0.15999996662139893,0.0003492790856398642,0.0246402807533741,0.6754096113145351,samples/001093_guitar_0187.npz
1094,guitar_0188,17,26,1,0,0.8885343508104311,0.13102012872695923,0.0002752007858362049,0.016667410731315613,0.6552152931690216,samples/001094_guitar_0188.npz
1095,guitar_0189,17,0,1,0,0.8363448335990988,0.13667529821395874,0.00028777882107533514,0.015960583463311195,0.6394380442798138,samples/001095_guitar_0189.npz
1096,guitar_0190,17,26,1,0,0.8131530044975851,0.15999993681907654,0.0002219522139057517,0.011195451021194458,0.638492651283741,samples/001096_guitar_0190.npz
1097,guitar_0191,17,0,1,0,0.8286436993619214,0.1119246780872345,0.00031419467995874584,0.014547586441040039,0.647625058889389,samples/001097_guitar_0191.npz
1098,guitar_0192,17,0,1,0,1.0141934062005076,0.1600000262260437,0.00033207819797098637,0.01924532651901245,0.6393627338111401,samples/001098_guitar_0192.npz
1099,guitar_0193,17,26,1,0,0.9101175619260736,0.1599999964237213,0.00029153708601370454,0.015533491969108582,0.6407024189829826,samples/001099_guitar_0193.npz
1100,guitar_0194,17,0,1,0,1.089021105643218,0.1600000262260437,0.0003866163606289774,0.021845579147338867,0.6501520276069641,samples/001100_guitar_0194.npz
1101,guitar_0195,17,0,1,0,0.6781379201862388,0.10454428195953369,0.00018589221872389317,0.006067872047424316,0.6419346891343594,samples/001101_guitar_0195.npz
1102,guitar_0196,17,26,1,0,0.8234894133531786,0.13904231786727905,0.00024870011839084327,0.009937465190887451,0.6465887613594532,samples/001102_guitar_0196.npz
1103,guitar_0197,17,0,1,0,0.9890475864099588,0.15999984741210938,0.00033740344224497676,0.016367048025131226,0.6437923945486546,samples/001103_guitar_0197.npz
1104,guitar_0198,17,0,1,0,0.7040790760613501,0.13248640298843384,0.00020521593978628516,0.017836004495620728,0.6475929915904999,samples/001104_guitar_0198.npz
1105,guitar_0199,17,0,1,0,0.9178572404377935,0.15587815642356873,0.0002658483281265944,0.015545167028903961,0.6487802639603615,samples/001105_guitar_0199.npz
1106,guitar_0200,17,0,1,0,1.0035462234839203,0.15999996662139893,0.0003693319740705192,0.023289866745471954,0.648027665913105,samples/001106_guitar_0200.npz
1107,guitar_0201,17,0,1,0,1.0067514112124938,0.15999847650527954,0.0003352730127517134,0.014910697937011719,0.6659611836075783,samples/001107_guitar_0201.npz
1108,guitar_0202,17,26,1,0,1.0362410277609777,0.1406499147415161,0.0003084695781581104,0.015420511364936829,0.6540109440684319,samples/001108_guitar_0202.npz
1109,guitar_0203,17,26,1,0,1.0351313893913656,0.15999996662139893,0.00034754135413095355,0.02709263563156128,0.645424772053957,samples/001109_guitar_0203.npz
1110,guitar_0204,17,26,1,0,1.2552412537917939,0.1599999964237213,0.0004035217862110585,0.014048941433429718,0.6494805365800858,samples/001110_guitar_0204.npz
1111,guitar_0205,17,26,1,0,1.2361057316499922,0.15999996662139893,0.00040517092566005886,0.01620664820075035,0.6471282169222832,samples/001111_guitar_0205.npz
1112,guitar_0206,17,0,1,0,0.6907399409863304,0.13927626609802246,0.0001872045686468482,0.01258203387260437,0.6487479172646999,samples/001112_guitar_0206.npz
1113,guitar_0207,17,0,1,0,1.0133822253289504,0.1600000262260437,0.0003253133036196232,0.021484218537807465,0.664605975151062,samples/001113_guitar_0207.npz
1114,guitar_0208,17,27,1,0,1.1680862597291672,0.15999799966812134,0.0004615190264303237,0.024496495723724365,0.6795371398329735,samples/001114_guitar_0208.npz
1115,guitar_0209,17,0,1,0,1.1618067627886783,0.159999817609787,0.00039768946589902043,0.02337212860584259,0.6502794288098812,samples/001115_guitar_0209.npz
1116,guitar_0210,17,0,1,0,0.8867538546028602,0.1599999964237213,0.00029457989148795605,0.014479916542768478,0.6516698449850082,samples/001116_guitar_0210.npz
1117,guitar_0211,17,26,1,0,1.0306615451003447,0.1599999964237213,0.00034608907299116254,0.018510736525058746,0.6583167351782322,samples/001117_guitar_0211.npz
1118,guitar_0212,17,26,1,0,1.1804534875778079,0.1599999964237213,0.0004158539231866598,0.017431192100048065,0.6464683264493942,samples/001118_guitar_0212.npz
1119,guitar_0213,17,26,1,0,1.1155782994345083,0.1599999964237213,0.00035814614966511726,0.016814500093460083,0.6432565152645111,samples/001119_guitar_0213.npz
1120,guitar_0214,17,26,1,0,1.075846918964863,0.1599999964237213,0.00033297791378572583,0.015632063150405884,0.6554942689836025,samples/001120_guitar_0214.npz
1121,guitar_0215,17,0,1,0,0.8113716892526912,0.15381371974945068,0.000247100368142128,0.016064275056123734,0.6506130993366241,samples/001121_guitar_0215.npz
1122,guitar_0216,17,0,1,0,0.9899185399295918,0.15999989211559296,0.00029256008565425873,0.013624107465147972,0.638222474604845,samples/001122_guitar_0216.npz
1123,guitar_0217,17,26,1,0,0.8193778844560007,0.15999925136566162,0.0002843979746103287,0.017465412616729736,0.6512821950018406,samples/001123_guitar_0217.npz
1124,guitar_0218,17,26,1,0,0.9214912197607533,0.13624081015586853,0.00030336601776070893,0.01104990765452385,0.6659104488790035,samples/001124_guitar_0218.npz
1125,guitar_0219,17,0,1,0,0.5782223696805414,0.13122743368148804,0.0001630305196158588,0.01212957501411438,0.6543485932052135,samples/001125_guitar_0219.npz
1126,guitar_0220,17,26,1,0,0.93183709718004,0.15999996662139893,0.00028780504362657666,0.015315812081098557,0.6675298474729061,samples/001126_guitar_0220.npz
1127,guitar_0221,17,0,1,0,1.090533786664807,0.1599993109703064,0.0003307777806185186,0.01631881669163704,0.6554053835570812,samples/001127_guitar_0221.npz
1128,guitar_0222,17,26,1,0,0.9307916960002806,0.15999998152256012,0.0003366683376953006,0.024429619312286377,0.6550855934619904,samples/001128_guitar_0222.npz
1129,guitar_0223,17,0,1,0,1.0107331206426435,0.159999817609787,0.00037893065018579364,0.016112327575683594,0.65882733091712,samples/001129_guitar_0223.npz
1130,guitar_0224,17,0,1,0,1.1140675227625807,0.14485745131969452,0.00040207113488577306,0.018900036811828613,0.6708497703075409,samples/001130_guitar_0224.npz
1131,guitar_0225,17,0,1,0,0.9295150693099739,0.15999996662139893,0.00027724727988243103,0.02080559730529785,0.6419064551591873,samples/001131_guitar_0225.npz
1132,guitar_0226,17,0,1,0,0.6944308638569328,0.13753199577331543,0.00020161663996987045,0.016400737687945366,0.6388978138566017,samples/001132_guitar_0226.npz
1133,guitar_0227,17,0,1,0,0.7265633921463934,0.15223228931427002,0.00021113906404934824,0.013180166482925415,0.651771042495966,samples/001133_guitar_0227.npz
1134,guitar_0228,17,26,1,0,0.807673414272679,0.15999966859817505,0.0002345037937629968,0.013776803389191628,0.653293639421463,samples/001134_guitar_0228.npz
1135,guitar_0229,17,26,1,0,0.9630164012047032,0.1593126654624939,0.0002793318417388946,0.01415950059890747,0.6591169200837612,samples/001135_guitar_0229.npz
1136,guitar_0230,17,7,1,0,1.2109695553382298,0.11371970176696777,0.00045021186815574765,0.00828602910041809,0.6623244434595108,samples/001136_guitar_0230.npz
1137,guitar_0231,17,0,1,0,1.0992647921877174,0.15999998152256012,0.00039250319241546094,0.018882274627685547,0.6461684182286263,samples/001137_guitar_0231.npz
1138,guitar_0232,17,26,1,0,0.802740083103351,0.15599580109119415,0.00022615875059273094,0.017102301120758057,0.6461923271417618,samples/001138_guitar_0232.npz
1139,guitar_0233,17,26,1,0,1.0054739500680472,0.1529667228460312,0.00030433625215664506,0.017471909523010254,0.6575541719794273,samples/001139_guitar_0233.npz
1140,guitar_0234,17,26,1,0,0.9992776139065509,0.1600000262260437,0.00032114138593897223,0.014977633953094482,0.6663658507168293,samples/001140_guitar_0234.npz
1141,guitar_0235,17,0,1,0,1.1359925063928744,0.15999996662139893,0.0004097027122043073,0.02164483070373535,0.6779004260897636,samples/001141_guitar_0235.npz
1142,guitar_0236,17,26,1,0,1.1729798258731978,0.14475233852863312,0.000410460343118757,0.022731538861989975,0.668092492967844,samples/001142_guitar_0236.npz
1143,guitar_0237,17,26,1,0,0.9334329123395446,0.15920490026474,0.0003037288843188435,0.013805150985717773,0.6571515277028084,samples/001143_guitar_0237.npz
1144,guitar_0238,17,0,1,0,1.2577952745099252,0.1599999964237213,0.00041058880742639303,0.022517383098602295,0.6420877240598202,samples/001144_guitar_0238.npz
1145,guitar_0239,17,26,1,0,0.8294196984378019,0.1534225344657898,0.0002728380204644054,0.012819170951843262,0.6495485156774521,samples/001145_guitar_0239.npz
1146,guitar_0240,17,0,1,0,1.17998793862531,0.1599999964237213,0.0003984140057582408,0.032235145568847656,0.6823844201862812,samples/001146_guitar_0240.npz
1147,guitar_0241,17,26,1,0,0.6934536507140946,0.13106079399585724,0.00019961866200901568,0.008299678564071655,0.6826369054615498,samples/001147_guitar_0241.npz
1148,guitar_0242,17,26,1,0,0.802860361501206,0.15999996662139893,0.0002440543903503567,0.015730082988739014,0.7021118625998497,samples/001148_guitar_0242.npz
1149,guitar_0243,17,26,1,0,1.2101634966717654,0.15999993681907654,0.00043873238610103726,0.013640835881233215,0.6472894139587879,samples/001149_guitar_0243.npz
1150,guitar_0244,17,0,1,0,0.9259835999902715,0.1599999964237213,0.00026240688748657703,0.017157286405563354,0.6389012634754181,samples/001150_guitar_0244.npz
1151,guitar_0245,17,0,1,0,0.9309937252494959,0.1599999964237213,0.0002818340726662427,0.017656952142715454,0.6375596970319748,samples/001151_guitar_0245.npz
1152,guitar_0246,17,0,1,0,0.5709398033458932,0.07162860035896301,0.00014580553397536278,0.006545841693878174,0.643223699182272,samples/001152_guitar_0246.npz
1153,guitar_0247,17,26,1,0,1.191801899737153,0.158580020070076,0.0003878680581692606,0.017375793308019638,0.6482782810926437,samples/001153_guitar_0247.npz
1154,guitar_0248,17,0,1,0,1.009903844821598,0.1599999964237213,0.00031027389923110604,0.020945489406585693,0.6445302069187164,samples/001154_guitar_0248.npz
1155,guitar_0249,17,26,1,0,0.7140344196866784,0.10588770359754562,0.00018478382844477892,0.01042705774307251,0.6384630613029003,samples/001155_guitar_0249.npz
1156,guitar_0250,17,26,1,0,0.8954542137754026,0.15648822486400604,0.00027069138013757765,0.018106818199157715,0.6751537024974823,samples/001156_guitar_0250.npz
1157,guitar_0251,17,26,1,0,0.6904578088539652,0.15999791026115417,0.0002047793532256037,0.01470402255654335,0.6529689989984035,samples/001157_guitar_0251.npz
1158,guitar_0252,17,0,1,0,0.9648559044446905,0.1599999964237213,0.00028590342844836414,0.014733850955963135,0.6432053782045841,samples/001158_guitar_0252.npz
1159,guitar_0253,17,0,1,0,0.7012762879222907,0.10377240180969238,0.00020694958220701665,0.006933491677045822,0.6591673716902733,samples/001159_guitar_0253.npz
1160,guitar_0254,17,26,1,0,0.8193456128609673,0.1283082365989685,0.00025449099484831095,0.01164981722831726,0.6534505188465118,samples/001160_guitar_0254.npz
1161,guitar_0255,17,0,1,0,1.0479108326157351,0.15999770164489746,0.0003651902370620519,0.012147963047027588,0.6446205340325832,samples/001161_guitar_0255.npz
1162,keyboard_0146,18,17,1,0,0.38798023871327453,0.08375993371009827,0.00011545127199497074,0.005087792873382568,0.6809144914150238,samples/001162_keyboard_0146.npz
1163,keyboard_0147,18,3,1,0,0.7162870002097372,0.0997559130191803,0.0003363221185281873,0.005470678210258484,0.6652926243841648,samples/001163_keyboard_0147.npz
1164,keyboard_0148,18,34,1,0,1.2866080064487972,0.15999996662139893,0.000616232049651444,0.029007434844970703,0.6526186130940914,samples/001164_keyboard_0148.npz
1165,keyboard_0149,18,3,1,0,0.8431994443339665,0.1250562071800232,0.0004341757157817483,0.00560373067855835,0.6478319689631462,samples/001165_keyboard_0149.npz
1166,keyboard_0150,18,34,1,0,0.6949471145858164,0.12402641773223877,0.0003486908972263336,0.00999540090560913,0.6563087925314903,samples/001166_keyboard_0150.npz
1167,keyboard_0151,18,17,1,0,1.15489038225903,0.1600000262260437,0.0005646449862979352,0.014697849750518799,0.6717413812875748,samples/001167_keyboard_0151.npz
1168,keyboard_0152,18,17,1,0,1.2297768963863778,0.1600000262260437,0.0007180405082181096,0.01865166425704956,0.6976819820702076,samples/001168_keyboard_0152.npz
1169,keyboard_0153,18,17,1,0,1.1319096486113867,0.15999943017959595,0.0006671542068943381,0.027131259441375732,0.6952872090041637,samples/001169_keyboard_0153.npz
1170,keyboard_0154,18,17,1,0,1.0883147886959015,0.15999996662139893,0.0006126906955614686,0.0182151198387146,0.6713049113750458,samples/001170_keyboard_0154.npz
1171,keyboard_0155,18,33,1,0,0.7966293910133141,0.12393029034137726,0.0004120637313462794,0.008010536432266235,0.6452091261744499,samples/001171_keyboard_0155.npz
1172,keyboard_0156,18,17,1,0,0.9133947819089007,0.13648194074630737,0.00048475194489583373,0.01188427209854126,0.6398447789251804,samples/001172_keyboard_0156.npz
1173,keyboard_0157,18,7,1,0,1.0310885129547886,0.12647294998168945,0.0006522872718051076,0.009342491626739502,0.6506885997951031,samples/001173_keyboard_0157.npz
1174,keyboard_0158,18,2,1,0,1.0916203610352126,0.14825159311294556,0.0006290491437539458,0.010910093784332275,0.6395008005201817,samples/001174_keyboard_0158.npz
1175,keyboard_0159,18,3,1,0,0.7227772276370309,0.126004159450531,0.0003160142805427313,0.006410419940948486,0.6468203440308571,samples/001175_keyboard_0159.npz
1176,keyboard_0160,18,34,1,0,1.2054981754689469,0.15999990701675415,0.0007190339965745807,0.01608876883983612,0.643309686332941,samples/001176_keyboard_0160.npz
1177,keyboard_0161,18,33,1,0,1.1093430984638293,0.14910843968391418,0.0006130494293756783,0.013649478554725647,0.6412184424698353,samples/001177_keyboard_0161.npz
1178,keyboard_0162,18,26,1,0,1.292147534085639,0.1599999964237213,0.0007037710747681558,0.020184814929962158,0.6454676017165184,samples/001178_keyboard_0162.npz
1179,keyboard_0163,18,17,1,0,1.2148985896351423,0.1600000262260437,0.0005617353599518538,0.015184223651885986,0.6657333448529243,samples/001179_keyboard_0163.npz
1180,keyboard_0164,18,17,1,0,0.9512302137966326,0.15999996662139893,0.000510851969011128,0.02619248628616333,0.6447822563350201,samples/001180_keyboard_0164.npz
1181,keyboard_0165,18,17,1,0,1.0191678243496907,0.1469934731721878,0.0004799189337063581,0.008641362190246582,0.6406479440629482,samples/001181_keyboard_0165.npz
1182,lamp_0125,19,26,1,0,0.5667652702327277,0.09140068292617798,0.0001277950796065852,0.005716681480407715,0.6554389856755733,samples/001182_lamp_0125.npz
1183,lamp_0126,19,26,1,0,1.5282585155924389,0.1599999964237213,0.0007770550437271595,0.01993381977081299,0.6515929326415062,samples/001183_lamp_0126.npz
1184,lamp_0127,19,26,1,0,0.6983825969238467,0.1097819060087204,0.00039053807267919183,0.008102089166641235,0.6875459142029285,samples/001184_lamp_0127.npz
1185,lamp_0128,19,15,1,0,1.6301973015490154,0.15999996662139893,0.0012498523574322462,0.018419325351715088,0.6547848917543888,samples/001185_lamp_0128.npz
1186,lamp_0129,19,1,1,0,0.00395187332527143,0.0035712122917175293,1.521027570561273e-08,1.2755393981933594e-05,0.6471249721944332,samples/001186_lamp_0129.npz
1187,lamp_0130,19,38,1,0,0.0039101528529952466,0.001978367567062378,1.7316779121756554e-08,4.708766937255859e-06,0.6445459239184856,samples/001187_lamp_0130.npz
1188,lamp_0131,19,9,1,0,8.769151305721002e-05,6.350874900817871e-05,6.257323548197746e-10,1.1920928955078125e-07,0.6731073036789894,samples/001188_lamp_0131.npz
1189,lamp_0132,19,37,1,0,0.38801288809951834,0.05494207888841629,9.709970618132502e-05,0.003557741641998291,0.6554701440036297,samples/001189_lamp_0132.npz
1190,lamp_0133,19,26,1,0,0.8434495125926043,0.14231979846954346,0.00026260234881192446,0.012342169880867004,0.6689920499920845,samples/001190_lamp_0133.npz
1191,lamp_0134,19,26,1,0,0.9256520241469978,0.13239316642284393,0.00026734801940619946,0.009287774562835693,0.6667198352515697,samples/001191_lamp_0134.npz
1192,lamp_0135,19,26,1,0,1.0527663217201952,0.1599999964237213,0.0004620427789632231,0.015956342220306396,0.6732237748801708,samples/001192_lamp_0135.npz
1193,lamp_0136,19,26,1,0,1.22132088860546,0.14380919933319092,0.0003451925585977733,0.012687385082244873,0.6562451049685478,samples/001193_lamp_0136.npz
1194,lamp_0137,19,26,1,0,1.3143273983551382,0.1599999964237213,0.000523668946698308,0.01821189932525158,0.6574483402073383,samples/001194_lamp_0137.npz
1195,lamp_0138,19,26,1,0,0.001365401096474779,0.0011652112007141113,2.622982719913125e-09,1.3709068298339844e-06,0.7061031088232994,samples/001195_lamp_0138.npz
1196,lamp_0139,19,26,1,0,1.264217936763424,0.15999998152256012,0.0005823185201734304,0.01610492914915085,0.6965194530785084,samples/001196_lamp_0139.npz
1197,lamp_0140,19,31,1,0,1.8519012527587648,0.15999972820281982,0.0013255778467282653,0.022168219089508057,0.6933478824794292,samples/001197_lamp_0140.npz
1198,lamp_0141,19,26,1,0,0.5564403976914283,0.08108586072921753,0.00014210439985617995,0.0038324743509292603,0.689109556376934,samples/001198_lamp_0141.npz
1199,lamp_0142,19,26,1,0,1.2749678186955382,0.15999996662139893,0.0007853179122321308,0.017117977142333984,0.6716868430376053,samples/001199_lamp_0142.npz
1200,lamp_0143,19,9,1,0,1.244801128888844,0.15999728441238403,0.0007091247825883329,0.01585489511489868,0.6766545474529266,samples/001200_lamp_0143.npz
1201,lamp_0144,19,26,1,0,0.5594219190750251,0.0781015157699585,0.00015896680997684598,0.0033954977989196777,0.6605603285133839,samples/001201_lamp_0144.npz
1202,laptop_0150,20,2,1,0,1.199224130326419,0.15677815675735474,0.0007781113963574171,0.02066713571548462,0.6706705428659916,samples/001202_laptop_0150.npz
1203,laptop_0151,20,11,1,0,1.4040062488229375,0.15999996662139893,0.0008374211611226201,0.018715739250183105,0.6695899590849876,samples/001203_laptop_0151.npz
1204,laptop_0152,20,2,1,0,1.4305299246857073,0.15999984741210938,0.0009172477293759584,0.021306753158569336,0.6677062921226025,samples/001204_laptop_0152.npz
1205,laptop_0153,20,2,1,0,1.2750218137109224,0.15999358892440796,0.000862366403453052,0.017129838466644287,0.6691255457699299,samples/001205_laptop_0153.npz
1206,laptop_0154,20,8,1,0,0.5644876806116066,0.09312993288040161,0.00027202803175896406,0.006622791290283203,0.6585912778973579,samples/001206_laptop_0154.npz
1207,laptop_0155,20,8,1,0,1.328942978231982,0.15999960899353027,0.0009131329716183245,0.016906052827835083,0.6561801098287106,samples/001207_laptop_0155.npz
1208,laptop_0156,20,2,1,0,1.0256704765991256,0.15850120782852173,0.0007131866877898574,0.01768571138381958,0.6884063296020031,samples/001208_laptop_0156.npz
1209,laptop_0157,20,26,1,0,1.2963106467131364,0.15999996662139893,0.0007787126814946532,0.02816641330718994,0.6588384844362736,samples/001209_laptop_0157.npz
1210,laptop_0158,20,30,1,0,0.8970823599855416,0.13273167610168457,0.0005555948591791093,0.01183617115020752,0.6570745296776295,samples/001210_laptop_0158.npz
1211,laptop_0159,20,8,1,0,0.9214363509305998,0.12220901250839233,0.0006210256833583117,0.011418312788009644,0.6546361669898033,samples/001211_laptop_0159.npz
1212,laptop_0160,20,26,1,0,1.1067708438050512,0.1600000262260437,0.0006339625688269734,0.019914686679840088,0.6795757077634335,samples/001212_laptop_0160.npz
1213,laptop_0161,20,26,1,0,1.5635408177416905,0.1600000262260437,0.0009724287083372474,0.019052207469940186,0.6595510952174664,samples/001213_laptop_0161.npz
1214,laptop_0162,20,26,1,0,1.0742965392644215,0.15999948978424072,0.0007523771491833031,0.018597155809402466,0.6761811971664429,samples/001214_laptop_0162.npz
1215,laptop_0163,20,26,1,0,1.3148928356018121,0.1600000262260437,0.0009592720307409763,0.01838672161102295,0.6971135288476944,samples/001215_laptop_0163.npz
1216,laptop_0164,20,8,1,0,1.3808079430742317,0.1599999964237213,0.0008178690331988037,0.020020663738250732,0.7136353626847267,samples/001216_laptop_0164.npz
1217,laptop_0165,20,26,1,0,1.5196057181265061,0.15999966859817505,0.0009505810448899865,0.01739099621772766,0.6954931244254112,samples/001217_laptop_0165.npz
1218,laptop_0166,20,26,1,0,1.1525322064970085,0.1600000262260437,0.0007909998530521989,0.019719243049621582,0.6671707481145859,samples/001218_laptop_0166.npz
1219,laptop_0167,20,8,1,0,1.0051151818843302,0.12463164329528809,0.0006618419429287314,0.013613909482955933,0.659412294626236,samples/001219_laptop_0167.npz
1220,laptop_0168,20,26,1,0,1.032364329922065,0.1600000262260437,0.0005453210906125605,0.01604783535003662,0.6816609762609005,samples/001220_laptop_0168.npz
1221,laptop_0169,20,22,1,0,1.110043606288207,0.15999990701675415,0.0008279741741716862,0.016589581966400146,0.6838144361972809,samples/001221_laptop_0169.npz
1222,mantel_0285,21,23,1,0,0.8364680825675194,0.11483687162399292,0.0005960209527984262,0.01209789514541626,0.6786266826093197,samples/001222_mantel_0285.npz
1223,mantel_0286,21,27,1,0,0.9547234092989031,0.1489506959915161,0.0007320469012483954,0.011953473091125488,0.6765647865831852,samples/001223_mantel_0286.npz
1224,mantel_0287,21,27,1,0,1.078564429914564,0.11960887908935547,0.0008326577371917665,0.011546134948730469,0.7193926870822906,samples/001224_mantel_0287.npz
1225,mantel_0288,21,4,1,0,1.2348784132422879,0.14606055617332458,0.000984744168817997,0.011154621839523315,0.6698329746723175,samples/001225_mantel_0288.npz
1226,mantel_0289,21,27,1,0,1.2872751502571167,0.14954330027103424,0.0011687851510941982,0.015965819358825684,0.7262559905648232,samples/001226_mantel_0289.npz
1227,mantel_0290,21,3,1,0,1.3275071894995192,0.15999996662139893,0.0008742354693822563,0.023838281631469727,0.7161224782466888,samples/001227_mantel_0290.npz
1228,mantel_0291,21,7,1,0,1.2600255653648769,0.15999993681907654,0.0008785571553744376,0.009075956419110298,0.6970686838030815,samples/001228_mantel_0291.npz
1229,mantel_0292,21,11,1,0,0.9186737437618105,0.11438481509685516,0.0004182832781225443,0.0060051679611206055,0.6914754398167133,samples/001229_mantel_0292.npz
1230,mantel_0293,21,11,1,0,0.8162609591631941,0.09684067964553833,0.00037450488889589906,0.009722471237182617,0.7121740132570267,samples/001230_mantel_0293.npz
1231,mantel_0294,21,28,1,0,1.0853349262559957,0.1599999964237213,0.0008331947028636932,0.019711673259735107,0.7093954347074032,samples/001231_mantel_0294.npz
1232,mantel_0295,21,28,1,0,1.0555961932898223,0.1599999964237213,0.0008011345635168254,0.014862656593322754,0.7178583815693855,samples/001232_mantel_0295.npz
1233,mantel_0296,21,27,1,0,1.083260330466994,0.12189851701259613,0.0007842188933864236,0.011117324233055115,0.7153318747878075,samples/001233_mantel_0296.npz
1234,mantel_0297,21,28,1,0,0.8427706173598755,0.0967208743095398,0.0005603539175353944,0.011606574058532715,0.7041887529194355,samples/001234_mantel_0297.npz
1235,mantel_0298,21,38,1,0,1.2917887901696818,0.1383795589208603,0.0009858817793428898,0.013560160994529724,0.7068877816200256,samples/001235_mantel_0298.npz
1236,mantel_0299,21,27,1,0,1.165713783953262,0.13817070424556732,0.0009887173073366284,0.01226353645324707,0.7141968905925751,samples/001236_mantel_0299.npz
1237,mantel_0300,21,23,1,0,1.2885654531558741,0.1599999964237213,0.0009392894571647048,0.011271893978118896,0.6717973127961159,samples/001237_mantel_0300.npz
1238,mantel_0301,21,27,1,0,1.0928418340064874,0.1599999964237213,0.0007954544271342456,0.008981607854366302,0.6738484464585781,samples/001238_mantel_0301.npz
1239,mantel_0302,21,28,1,0,1.1548553509981785,0.14065924286842346,0.00087909703142941,0.01631772518157959,0.6687371768057346,samples/001239_mantel_0302.npz
1240,mantel_0303,21,4,1,0,0.00674713835613869,0.002697169780731201,4.270896170055494e-08,7.748603820800781e-06,0.6579839549958706,samples/001240_mantel_0303.npz
1241,mantel_0304,21,23,1,0,0.7027497879891091,0.07381117343902588,0.00044420151971280575,0.006167352199554443,0.6620995402336121,samples/001241_mantel_0304.npz
1242,mantel_0305,21,14,1,0,0.9264246479433065,0.10133031010627747,0.0005792633164674044,0.007124394178390503,0.680585402995348,samples/001242_mantel_0305.npz
1243,mantel_0306,21,36,1,0,0.9392662100318373,0.09518788754940033,0.0006377483368851244,0.005796641111373901,0.6709642969071865,samples/001243_mantel_0306.npz
1244,mantel_0307,21,27,1,0,0.571041053344618,0.07935675978660583,0.0002769675338640809,0.005482912063598633,0.6715857796370983,samples/001244_mantel_0307.npz
1245,mantel_0308,21,16,1,0,1.1880773847210337,0.14606446027755737,0.0009964241180568933,0.012477278709411621,0.6822729110717773,samples/001245_mantel_0308.npz
1246,mantel_0309,21,36,1,0,0.9719936457885453,0.10817348957061768,0.0007855594158172607,0.011801302433013916,0.6411084793508053,samples/001246_mantel_0309.npz
1247,mantel_0310,21,4,1,0,0.9323231338362007,0.10306185483932495,0.0006820571143180132,0.008019983768463135,0.6402460411190987,samples/001247_mantel_0310.npz
1248,mantel_0311,21,36,1,0,1.0904983277524487,0.1599988341331482,0.0009050160297192633,0.011476755142211914,0.6428111083805561,samples/001248_mantel_0311.npz
1249,mantel_0312,21,37,1,0,0.713093005155521,0.10437905788421631,0.00043377900146879256,0.008617520332336426,0.6808729097247124,samples/001249_mantel_0312.npz
1250,mantel_0313,21,36,1,0,0.8291374980565983,0.13952705264091492,0.0005586978513747454,0.00825732946395874,0.6463275104761124,samples/001250_mantel_0313.npz
1251,mantel_0314,21,19,1,0,0.8343378519511069,0.10900774598121643,0.000560265383683145,0.006834924221038818,0.6518217474222183,samples/001251_mantel_0314.npz
1252,mantel_0315,21,36,1,0,0.9418342060805569,0.10996589809656143,0.0006789016770198941,0.00788050889968872,0.658968098461628,samples/001252_mantel_0315.npz
1253,mantel_0316,21,4,1,0,0.8467072743076206,0.12139016389846802,0.0006169085390865803,0.011628299951553345,0.6581583917140961,samples/001253_mantel_0316.npz
1254,mantel_0317,21,39,1,0,0.8448503789400031,0.09325961768627167,0.0006005775649100542,0.00760158896446228,0.649936143308878,samples/001254_mantel_0317.npz
1255,mantel_0318,21,4,1,0,0.9598302742559967,0.12984584271907806,0.0005837777862325311,0.006447233259677887,0.6560421995818615,samples/001255_mantel_0318.npz
1256,mantel_0319,21,27,1,0,0.8485633461706288,0.11394953727722168,0.0005848468281328678,0.009759843349456787,0.6509592272341251,samples/001256_mantel_0319.npz
1257,mantel_0320,21,25,1,0,0.3879696094274508,0.061228036880493164,0.00014349464618135244,0.003841400146484375,0.6472702100872993,samples/001257_mantel_0320.npz
1258,mantel_0321,21,27,1,0,1.2555746939395163,0.15433180332183838,0.000868805858772248,0.010987460613250732,0.6734698005020618,samples/001258_mantel_0321.npz
1259,mantel_0322,21,23,1,0,1.1246811494385645,0.15999972820281982,0.0007365866913460195,0.010952625423669815,0.6720760390162468,samples/001259_mantel_0322.npz
1260,mantel_0323,21,4,1,0,1.1197533652682365,0.12993137538433075,0.0007435663719661534,0.009652167558670044,0.6701662391424179,samples/001260_mantel_0323.npz
1261,mantel_0324,21,25,1,0,1.2182198251619147,0.13376140594482422,0.0008370016585104167,0.009766876697540283,0.6682015359401703,samples/001261_mantel_0324.npz
1262,mantel_0325,21,38,1,0,1.4102768146404825,0.15999996662139893,0.0009594539878889918,0.018830597400665283,0.6784150786697865,samples/001262_mantel_0325.npz
1263,mantel_0326,21,36,1,0,0.8384571427736166,0.08978672325611115,0.0005941074341535568,0.0070841312408447266,0.65414934232831,samples/001263_mantel_0326.npz
1264,mantel_0327,21,23,1,0,0.7127610180236339,0.14345085620880127,0.0004283697344362736,0.018450677394866943,0.6746077984571457,samples/001264_mantel_0327.npz
1265,mantel_0328,21,28,1,0,1.2816401329609288,0.15999996662139893,0.0011614770628511906,0.018016695976257324,0.6618703380227089,samples/001265_mantel_0328.npz
1266,mantel_0329,21,16,1,0,0.8532683147322432,0.10649925470352173,0.0006139625329524279,0.008872076869010925,0.6419085040688515,samples/001266_mantel_0329.npz
1267,mantel_0330,21,23,1,0,0.9655671130115907,0.1599999964237213,0.00067280197981745,0.010108709335327148,0.6447995267808437,samples/001267_mantel_0330.npz
1268,mantel_0331,21,25,1,0,0.9676332959311167,0.15999865531921387,0.000692891189828515,0.01680368185043335,0.6842813231050968,samples/001268_mantel_0331.npz
1269,mantel_0332,21,28,1,0,1.1636348553288436,0.15999969840049744,0.0009406511671841145,0.01147964596748352,0.6534651443362236,samples/001269_mantel_0332.npz
1270,mantel_0333,21,4,1,0,0.00891245218203291,0.0031110644340515137,8.10732672107406e-08,1.0132789611816406e-05,0.6701753847301006,samples/001270_mantel_0333.npz
1271,mantel_0334,21,4,1,0,1.2557076322443441,0.15994244813919067,0.0010629838798195124,0.009898543357849121,0.7084876410663128,samples/001271_mantel_0334.npz
1272,mantel_0335,21,23,1,0,0.7214243621733726,0.10180908441543579,0.00043649727012962103,0.007214188575744629,0.6527090147137642,samples/001272_mantel_0335.npz
1273,mantel_0336,21,27,1,0,0.9589176348985795,0.0977315604686737,0.0007020835764706135,0.007741212844848633,0.6608883440494537,samples/001273_mantel_0336.npz
1274,mantel_0337,21,4,1,0,1.1811688955408075,0.15999840199947357,0.0009940066374838352,0.017449021339416504,0.6476684361696243,samples/001274_mantel_0337.npz
1275,mantel_0338,21,28,1,0,0.847515155985862,0.12030592560768127,0.0005725251394324005,0.010453104972839355,0.6488753631711006,samples/001275_mantel_0338.npz
1276,mantel_0339,21,36,1,0,0.9585287561744538,0.09039086103439331,0.0007673036307096481,0.007569670677185059,0.6499342732131481,samples/001276_mantel_0339.npz
1277,mantel_0340,21,28,1,0,1.2829494138409683,0.15999998152256012,0.0010946262627840042,0.015446245670318604,0.6431489437818527,samples/001277_mantel_0340.npz
1278,mantel_0341,21,23,1,0,1.642466356464174,0.1599999964237213,0.0012888864148408175,0.01653188467025757,0.6520499400794506,samples/001278_mantel_0341.npz
1279,mantel_0342,21,28,1,0,0.8624487872053765,0.15999984741210938,0.0005725154187530279,0.012312889099121094,0.6451401337981224,samples/001279_mantel_0342.npz
1280,mantel_0343,21,28,1,0,0.9314737710346784,0.10868555307388306,0.0007137031061574817,0.01276397705078125,0.6571643017232418,samples/001280_mantel_0343.npz
1281,mantel_0344,21,28,1,0,0.9461851742055237,0.1274864375591278,0.000653321563731879,0.00709456205368042,0.6545451618731022,samples/001281_mantel_0344.npz
1282,mantel_0345,21,36,1,0,0.8459695392004807,0.11684782803058624,0.0005861849640496075,0.006957948207855225,0.6518329009413719,samples/001282_mantel_0345.npz
1283,mantel_0346,21,26,1,0,1.296609253829951,0.150095134973526,0.0008971266215667129,0.010478973388671875,0.6454778127372265,samples/001283_mantel_0346.npz
1284,mantel_0347,21,29,1,0,1.1369394697644413,0.159995436668396,0.0007513202144764364,0.019835680723190308,0.6670283488929272,samples/001284_mantel_0347.npz
1285,mantel_0348,21,25,1,0,0.9961406472329838,0.13353034853935242,0.0007667288300581276,0.013351619243621826,0.6538566686213017,samples/001285_mantel_0348.npz
1286,mantel_0349,21,14,1,0,0.9223853977473925,0.14374125003814697,0.0005951501661911607,0.009180516004562378,0.6480873376131058,samples/001286_mantel_0349.npz
1287,mantel_0350,21,24,1,0,1.3308749060008687,0.15999993681907654,0.0009239795617759228,0.011171579360961914,0.6564709097146988,samples/001287_mantel_0350.npz
1288,mantel_0351,21,23,1,0,0.8337188315820991,0.08624118566513062,0.0005780498031526804,0.0072029829025268555,0.660409726202488,samples/001288_mantel_0351.npz
1289,mantel_0352,21,27,1,0,0.7052725737784841,0.11683249473571777,0.000408274499932304,0.011178731918334961,0.6469194144010544,samples/001289_mantel_0352.npz
1290,mantel_0353,21,25,1,0,1.088802414408739,0.1600000262260437,0.0008844041731208563,0.018112316727638245,0.643331877887249,samples/001290_mantel_0353.npz
1291,mantel_0354,21,28,1,0,1.0727977995472302,0.14344453811645508,0.0008522303542122245,0.011281073093414307,0.6828499138355255,samples/001291_mantel_0354.npz
1292,mantel_0355,21,36,1,0,1.072834260177054,0.13107071816921234,0.0007318982388824224,0.00911802053451538,0.6615660823881626,samples/001292_mantel_0355.npz
1293,mantel_0356,21,25,1,0,1.2470246906344602,0.15999934077262878,0.000807178090326488,0.00839996337890625,0.6500899530947208,samples/001293_mantel_0356.npz
1294,mantel_0357,21,27,1,0,1.387372209489262,0.14601945877075195,0.0009552635019645095,0.011433038860559464,0.6587286852300167,samples/001294_mantel_0357.npz
1295,mantel_0358,21,23,1,0,1.0332803246658222,0.14859122037887573,0.0007034259615465999,0.014398694038391113,0.6535118408501148,samples/001295_mantel_0358.npz
1296,mantel_0359,21,38,1,0,0.38807083507500584,0.059246063232421875,0.00014528290193993598,0.004378080368041992,0.688965305685997,samples/001296_mantel_0359.npz
1297,mantel_0360,21,37,1,0,1.2393980555618986,0.15999943017959595,0.0010166543070226908,0.019572913646697998,0.660609059035778,samples/001297_mantel_0360.npz
1298,mantel_0361,21,23,1,0,0.9556115655846652,0.15508414804935455,0.0007085204124450684,0.015296757221221924,0.6868521235883236,samples/001298_mantel_0361.npz
1299,mantel_0362,21,25,1,0,0.3876957689181699,0.05551046133041382,0.00013588233559858054,0.0028429031372070312,0.6633148714900017,samples/001299_mantel_0362.npz
1300,mantel_0363,21,11,1,0,0.9512726027401234,0.13377246260643005,0.00047161540715023875,0.015939712524414062,0.6371786147356033,samples/001300_mantel_0363.npz
1301,mantel_0364,21,15,1,0,1.097457827081463,0.15515345335006714,0.0004622616688720882,0.005864948034286499,0.6434775404632092,samples/001301_mantel_0364.npz
1302,mantel_0365,21,12,1,0,0.3879681835254923,0.08091729879379272,0.00013169567682780325,0.005563199520111084,0.6387731730937958,samples/001302_mantel_0365.npz
1303,mantel_0366,21,39,1,0,0.0019315351072762038,0.0017532706260681152,3.3742253435775638e-09,3.0994415283203125e-06,0.6435053795576096,samples/001303_mantel_0366.npz
1304,mantel_0367,21,14,1,0,0.833893022737889,0.10805714130401611,0.0005894951755180955,0.012008517980575562,0.6501466371119022,samples/001304_mantel_0367.npz
1305,mantel_0368,21,3,1,0,1.1724941906652928,0.14060860872268677,0.0009582903003320098,0.014385521411895752,0.6423174254596233,samples/001305_mantel_0368.npz
1306,mantel_0369,21,16,1,0,1.2007758255229826,0.15999998152256012,0.0010654067154973745,0.021708786487579346,0.6825076825916767,samples/001306_mantel_0369.npz
1307,mantel_0370,21,27,1,0,0.735084515597636,0.09705719351768494,0.0004408261156640947,0.00558239221572876,0.656316738575697,samples/001307_mantel_0370.npz
1308,mantel_0371,21,25,1,0,1.074525712977892,0.15999984741210938,0.000906840548850596,0.02020663022994995,0.657562043517828,samples/001308_mantel_0371.npz
1309,mantel_0372,21,4,1,0,1.3200917031122126,0.1557900309562683,0.001193957170471549,0.010869532823562622,0.6815786957740784,samples/001309_mantel_0372.npz
1310,mantel_0373,21,4,1,0,0.8103247924266577,0.11586129665374756,0.0005023551639169455,0.00923919677734375,0.6671660654246807,samples/001310_mantel_0373.npz
1311,mantel_0374,21,36,1,0,0.5778290854735634,0.07009816914796829,0.00030409853206947446,0.005002140998840332,0.6531368978321552,samples/001311_mantel_0374.npz
1312,mantel_0375,21,4,1,0,0.3880512947781612,0.04642152786254883,0.00014209345681592822,0.0022420883178710938,0.645190991461277,samples/001312_mantel_0375.npz
1313,mantel_0376,21,36,1,0,1.0617622871819699,0.10793879628181458,0.0009412951767444611,0.008931517601013184,0.6493732668459415,samples/001313_mantel_0376.npz
1314,mantel_0377,21,3,1,0,1.0551785491525763,0.1502683460712433,0.0008043296402320266,0.015403449535369873,0.6466618590056896,samples/001314_mantel_0377.npz
1315,mantel_0378,21,36,1,0,0.9548469216804845,0.1269618272781372,0.0007685484597459435,0.008685886859893799,0.6419928930699825,samples/001315_mantel_0378.npz
1316,mantel_0379,21,27,1,0,1.0528979484007341,0.15999844670295715,0.0007595912320539355,0.015910029411315918,0.6566205471754074,samples/001316_mantel_0379.npz
1317,mantel_0380,21,14,1,0,0.9863279588151547,0.15999986231327057,0.0007607500301674008,0.012507200241088867,0.6508202143013477,samples/001317_mantel_0380.npz
1318,mantel_0381,21,36,1,0,0.8234868347908314,0.09547966718673706,0.0006066658534109592,0.009505748748779297,0.6720622256398201,samples/001318_mantel_0381.npz
1319,mantel_0382,21,25,1,0,1.1521923806294305,0.14655403792858124,0.0007538620266132057,0.007748126983642578,0.6985539048910141,samples/001319_mantel_0382.npz
1320,mantel_0383,21,15,1,0,1.486126819668199,0.15856707096099854,0.0010374258272349834,0.017453551292419434,0.7095336355268955,samples/001320_mantel_0383.npz
1321,mantel_0384,21,36,1,0,0.7050880685036438,0.08729439973831177,0.0004106289125047624,0.006923556327819824,0.6926389969885349,samples/001321_mantel_0384.npz
1322,monitor_0466,22,32,1,0,0.7966101711251183,0.1026875376701355,0.0004199791292194277,0.005875647068023682,0.6758268103003502,samples/001322_monitor_0466.npz
1323,monitor_0467,22,26,1,0,1.0593715076895345,0.1600000262260437,0.0006286853458732367,0.017534911632537842,0.6563408002257347,samples/001323_monitor_0467.npz
1324,monitor_0468,22,15,1,0,0.9305980775063122,0.15999895334243774,0.0006133380811661482,0.01687413454055786,0.7060286477208138,samples/001324_monitor_0468.npz
1325,monitor_0469,22,26,1,0,0.7410503409482767,0.1465861201286316,0.00045345479156821966,0.015105605125427246,0.6472452878952026,samples/001325_monitor_0469.npz
1326,monitor_0470,22,26,1,0,0.9463225556578727,0.14401310682296753,0.0006730505847372115,0.014583826065063477,0.6482174098491669,samples/001326_monitor_0470.npz
1327,monitor_0471,22,26,1,0,1.2671785356649028,0.1599999964237213,0.0010131977032870054,0.0188027024269104,0.6648316532373428,samples/001327_monitor_0471.npz
1328,monitor_0472,22,23,1,0,2.0568544977604213,0.1599999964237213,0.0018518625292927027,0.023936212062835693,0.6391699649393559,samples/001328_monitor_0472.npz
1329,monitor_0473,22,26,1,0,1.254966857708111,0.15624725818634033,0.0009003981249406934,0.016735613346099854,0.6375300213694572,samples/001329_monitor_0473.npz
1330,monitor_0474,22,26,1,0,1.0326428110959895,0.14993351697921753,0.0007579930243082345,0.016572952270507812,0.6505285650491714,samples/001330_monitor_0474.npz
1331,monitor_0475,22,26,1,0,1.1939810649074885,0.15999996662139893,0.0008670032257214189,0.02392512559890747,0.6428764350712299,samples/001331_monitor_0475.npz
1332,monitor_0476,22,26,1,0,0.959215249047273,0.15999853610992432,0.0006207783007994294,0.01889440417289734,0.6481784470379353,samples/001332_monitor_0476.npz
1333,monitor_0477,22,26,1,0,0.9372701840052532,0.15050101280212402,0.0005347609985619783,0.014867722988128662,0.6471177600324154,samples/001333_monitor_0477.npz
1334,monitor_0478,22,26,1,0,1.150558070899387,0.15999960899353027,0.0008284092764370143,0.016555368900299072,0.6366610191762447,samples/001334_monitor_0478.npz
1335,monitor_0479,22,15,1,0,1.099409352839865,0.14470291137695312,0.0007837353041395545,0.014732718467712402,0.6415976025164127,samples/001335_monitor_0479.npz
1336,monitor_0480,22,26,1,0,1.2116344415195863,0.15999996662139893,0.0008473559282720089,0.016231268644332886,0.6557738184928894,samples/001336_monitor_0480.npz
1337,monitor_0481,22,38,1,0,1.2897983184891038,0.1599999964237213,0.0010197716765105724,0.013765811920166016,0.7051494978368282,samples/001337_monitor_0481.npz
1338,monitor_0482,22,26,1,0,0.9264358427507331,0.1600000262260437,0.0006358554819598794,0.01661062240600586,0.698033332824707,samples/001338_monitor_0482.npz
1339,monitor_0483,22,26,1,0,0.9887961150940251,0.1600000262260437,0.0007168663432821631,0.020871341228485107,0.6981990747153759,samples/001339_monitor_0483.npz
1340,monitor_0484,22,26,1,0,1.141881290099009,0.15999901294708252,0.0008482730481773615,0.017187416553497314,0.7112567499279976,samples/001340_monitor_0484.npz
1341,monitor_0485,22,26,1,0,1.3636631253174052,0.15999990701675415,0.0009356971131637692,0.017699122428894043,0.6995802149176598,samples/001341_monitor_0485.npz
1342,monitor_0486,22,26,1,0,1.0592425845951032,0.1574101448059082,0.0007800558232702315,0.01875513792037964,0.7026684954762459,samples/001342_monitor_0486.npz
1343,monitor_0487,22,26,1,0,0.8378150479037149,0.11967578530311584,0.0005483635468408465,0.012268483638763428,0.6842900663614273,samples/001343_monitor_0487.npz
1344,monitor_0488,22,23,1,0,1.1883831755434242,0.12153157591819763,0.0009976188885048032,0.01180112361907959,0.6493434943258762,samples/001344_monitor_0488.npz
1345,monitor_0489,22,26,1,0,1.4772531014585968,0.15999966859817505,0.0010488268453627825,0.013610899448394775,0.645503968000412,samples/001345_monitor_0489.npz
1346,monitor_0490,22,15,1,0,1.2279665983127586,0.12530004978179932,0.0009484030306339264,0.011328458786010742,0.6588863395154476,samples/001346_monitor_0490.npz
1347,monitor_0491,22,26,1,0,1.7100608879258263,0.1600000262260437,0.0014560224954038858,0.024790644645690918,0.6526650041341782,samples/001347_monitor_0491.npz
1348,monitor_0492,22,15,1,0,0.911685739032365,0.11624401807785034,0.0005740895867347717,0.00993850827217102,0.6503792516887188,samples/001348_monitor_0492.npz
1349,monitor_0493,22,26,1,0,1.0830656127365441,0.15999996662139893,0.0006677427445538342,0.017627716064453125,0.6487610787153244,samples/001349_monitor_0493.npz
1350,monitor_0494,22,19,1,0,0.8418244271073168,0.12372403591871262,0.0005352183943614364,0.008205294609069824,0.6408652849495411,samples/001350_monitor_0494.npz
1351,monitor_0495,22,14,1,0,0.991487646706939,0.13569462299346924,0.0006684340187348425,0.011134803295135498,0.6810233294963837,samples/001351_monitor_0495.npz
1352,monitor_0496,22,26,1,0,1.210809663977492,0.15999996662139893,0.0008604176691733301,0.019583284854888916,0.6517221219837666,samples/001352_monitor_0496.npz
1353,monitor_0497,22,14,1,0,1.261861857987734,0.1599980592727661,0.001022237236611545,0.011242896318435669,0.6717568337917328,samples/001353_monitor_0497.npz
1354,monitor_0498,22,26,1,0,1.7323760808248663,0.1600000262260437,0.0013564209220930934,0.023008406162261963,0.6635869406163692,samples/001354_monitor_0498.npz
1355,monitor_0499,22,38,1,0,1.157638322030025,0.15999996662139893,0.000822235771920532,0.014984577894210815,0.6418021507561207,samples/001355_monitor_0499.npz
1356,monitor_0500,22,20,1,0,0.5750754252493356,0.09250456094741821,0.0003007217892445624,0.007339566946029663,0.6383730284869671,samples/001356_monitor_0500.npz
1357,monitor_0501,22,15,1,0,1.2675931956096234,0.15999996662139893,0.0010187787702307105,0.01729363203048706,0.6372166834771633,samples/001357_monitor_0501.npz
1358,monitor_0502,22,26,1,0,0.9855391113120605,0.15999996662139893,0.000631359638646245,0.016667962074279785,0.6435367800295353,samples/001358_monitor_0502.npz
1359,monitor_0503,22,26,1,0,1.290617680932968,0.1600000262260437,0.0009861660655587912,0.017615199089050293,0.6834259405732155,samples/001359_monitor_0503.npz
1360,monitor_0504,22,26,1,0,1.155630203326133,0.1599997878074646,0.0007848956156522036,0.02145838737487793,0.6960555203258991,samples/001360_monitor_0504.npz
1361,monitor_0505,22,26,1,0,1.3116716086736027,0.1600000262260437,0.0009841094724833965,0.020030200481414795,0.7059400156140327,samples/001361_monitor_0505.npz
1362,monitor_0506,22,14,1,0,0.38799441064140416,0.08821806311607361,0.00014200904115568846,0.00639013946056366,0.7106491886079311,samples/001362_monitor_0506.npz
1363,monitor_0507,22,20,1,0,0.7045276638201154,0.10534924268722534,0.0004159043892286718,0.007247895002365112,0.6992612518370152,samples/001363_monitor_0507.npz
1364,monitor_0508,22,26,1,0,1.2909538265794316,0.15999996662139893,0.0009340883698314428,0.020184725522994995,0.6920019648969173,samples/001364_monitor_0508.npz
1365,monitor_0509,22,26,1,0,0.9641510333890461,0.15999853610992432,0.0005144926253706217,0.01573348045349121,0.6915463842451572,samples/001365_monitor_0509.npz
1366,monitor_0510,22,26,1,0,1.281449814079063,0.15999996662139893,0.0009774010395631194,0.017558395862579346,0.6840755380690098,samples/001366_monitor_0510.npz
1367,monitor_0511,22,20,1,0,0.38800178444804734,0.05401073396205902,0.0001281608419958502,0.0026769042015075684,0.6401798315346241,samples/001367_monitor_0511.npz
1368,monitor_0512,22,26,1,0,0.9519148319949926,0.1600000262260437,0.000625012384261936,0.016952097415924072,0.6414007805287838,samples/001368_monitor_0512.npz
1369,monitor_0513,22,26,1,0,0.9652231528395133,0.1599995493888855,0.0006757931550964713,0.01742231845855713,0.6513262279331684,samples/001369_monitor_0513.npz
1370,monitor_0514,22,15,1,0,1.3921740829900155,0.15999992191791534,0.0010772146051749587,0.02455240488052368,0.6509709022939205,samples/001370_monitor_0514.npz
1371,monitor_0515,22,26,1,0,1.0417892129657078,0.1599988341331482,0.0006864435272291303,0.012484073638916016,0.6930285096168518,samples/001371_monitor_0515.npz
1372,monitor_0516,22,26,1,0,1.04400120755926,0.15999984741210938,0.0007465261733159423,0.017211079597473145,0.7005015909671783,samples/001372_monitor_0516.npz
1373,monitor_0517,22,26,1,0,1.2976288270665133,0.1600000262260437,0.0009936681017279625,0.01777726411819458,0.7066084071993828,samples/001373_monitor_0517.npz
1374,monitor_0518,22,26,1,0,1.1037370037726422,0.1599995493888855,0.0007166920695453882,0.020284652709960938,0.6904185563325882,samples/001374_monitor_0518.npz
1375,monitor_0519,22,34,1,0,1.6797806292598674,0.15999963879585266,0.0015486939810216427,0.015111684799194336,0.6695018634200096,samples/001375_monitor_0519.npz
1376,monitor_0520,22,26,1,0,1.3753710809568773,0.15999996662139893,0.001035546069033444,0.02244710922241211,0.6630483120679855,samples/001376_monitor_0520.npz
1377,monitor_0521,22,14,1,0,0.3879863453799233,0.10508545488119125,0.00013541290536522865,0.004676699638366699,0.6705929562449455,samples/001377_monitor_0521.npz
1378,monitor_0522,22,36,1,0,1.1977731024365916,0.15999992191791534,0.0009027241612784564,0.010322630405426025,0.7012548819184303,samples/001378_monitor_0522.npz
1379,monitor_0523,22,26,1,0,0.8544632476265628,0.1395367681980133,0.0005438041407614946,0.01298290491104126,0.7085803300142288,samples/001379_monitor_0523.npz
1380,monitor_0524,22,26,1,0,1.0328295921261823,0.15999919176101685,0.0006874334067106247,0.016687124967575073,0.6672560758888721,samples/001380_monitor_0524.npz
1381,monitor_0525,22,26,1,0,1.365801321034275,0.1477581262588501,0.0010026005329564214,0.01599442958831787,0.6992419548332691,samples/001381_monitor_0525.npz
1382,monitor_0526,22,14,1,0,1.4620043892944554,0.15999996662139893,0.001001774100586772,0.018202126026153564,0.6853515207767487,samples/001382_monitor_0526.npz
1383,monitor_0527,22,15,1,0,0.8947016124831473,0.15651053190231323,0.0005211770767346025,0.01569730043411255,0.6775615215301514,samples/001383_monitor_0527.npz
1384,monitor_0528,22,26,1,0,1.449033144352628,0.15999996662139893,0.001067974022589624,0.023390769958496094,0.703038427978754,samples/001384_monitor_0528.npz
1385,monitor_0529,22,26,1,0,0.9310803438064279,0.1599995493888855,0.0005896706716157496,0.016018688678741455,0.6838126368820667,samples/001385_monitor_0529.npz
1386,monitor_0530,22,26,1,0,0.9969157249478974,0.15999966859817505,0.000679228687658906,0.01749187707901001,0.660823542624712,samples/001386_monitor_0530.npz
1387,monitor_0531,22,27,1,0,1.5857538013523949,0.15999945998191833,0.0015597662422806025,0.014482498168945312,0.6857211515307426,samples/001387_monitor_0531.npz
1388,monitor_0532,22,26,1,0,1.0427897010302327,0.1600000262260437,0.0007397927111014724,0.017740845680236816,0.65357680991292,samples/001388_monitor_0532.npz
1389,monitor_0533,22,39,1,0,1.2669387639112661,0.15963178873062134,0.0008379962528124452,0.022780805826187134,0.6758068986237049,samples/001389_monitor_0533.npz
1390,monitor_0534,22,26,1,0,0.9418920632622215,0.15866243839263916,0.0005391938611865044,0.01554638147354126,0.6757430993020535,samples/001390_monitor_0534.npz
1391,monitor_0535,22,14,1,0,1.0325305530793623,0.12492293119430542,0.0006313207559287548,0.011440873146057129,0.7340627424418926,samples/001391_monitor_0535.npz
1392,monitor_0536,22,26,1,0,1.188083292105152,0.15096119046211243,0.000900048587936908,0.016801536083221436,0.6958496309816837,samples/001392_monitor_0536.npz
1393,monitor_0537,22,26,1,0,0.8506548795560457,0.14067697525024414,0.0005075364606454968,0.009432468563318253,0.6928980387747288,samples/001393_monitor_0537.npz
1394,monitor_0538,22,26,1,0,1.1245295415104446,0.1600000262260437,0.0008344759116880596,0.01790440082550049,0.6908384226262569,samples/001394_monitor_0538.npz
1395,monitor_0539,22,26,1,0,1.4475766361288003,0.1599999964237213,0.0011128534097224474,0.02549050748348236,0.6980289183557034,samples/001395_monitor_0539.npz
1396,monitor_0540,22,11,1,0,0.9243631245312605,0.15999960899353027,0.0005919360555708408,0.021292507648468018,0.7101272791624069,samples/001396_monitor_0540.npz
1397,monitor_0541,22,27,1,0,1.360524119368373,0.15999990701675415,0.0009625668171793222,0.023449361324310303,0.6822022646665573,samples/001397_monitor_0541.npz
1398,monitor_0542,22,26,1,0,1.4496306582024083,0.15999996662139893,0.0010494021698832512,0.020775675773620605,0.6654494367539883,samples/001398_monitor_0542.npz
1399,monitor_0543,22,26,1,0,1.1406129810274839,0.15999984741210938,0.000855549646075815,0.027882754802703857,0.6936718188226223,samples/001399_monitor_0543.npz
1400,monitor_0544,22,26,1,0,0.947715982565734,0.1600000262260437,0.000522036396432668,0.01823320984840393,0.7308972626924515,samples/001400_monitor_0544.npz
1401,monitor_0545,22,26,1,0,0.7106014757112598,0.12652313709259033,0.0004050632123835385,0.011619031429290771,0.6923476159572601,samples/001401_monitor_0545.npz
1402,monitor_0546,22,15,1,0,0.9572612408246748,0.15999996662139893,0.0006161024793982506,0.017099976539611816,0.6771812103688717,samples/001402_monitor_0546.npz
1403,monitor_0547,22,26,1,0,1.4705598313028814,0.1600000262260437,0.0011513691861182451,0.01737678050994873,0.6709415055811405,samples/001403_monitor_0547.npz
1404,monitor_0548,22,39,1,0,1.3133632001207887,0.15999966859817505,0.0009698893409222364,0.01177912950515747,0.666844092309475,samples/001404_monitor_0548.npz
1405,monitor_0549,22,39,1,0,0.6897955738322964,0.09043616056442261,0.0003866201441269368,0.005407810211181641,0.7062622345983982,samples/001405_monitor_0549.npz
1406,monitor_0550,22,26,1,0,1.2040848185542208,0.15999895334243774,0.0008419572259299457,0.021737992763519287,0.6689545400440693,samples/001406_monitor_0550.npz
1407,monitor_0551,22,26,1,0,1.2866020997471326,0.1599997580051422,0.0009379846742376685,0.02527889609336853,0.6701921559870243,samples/001407_monitor_0551.npz
1408,monitor_0552,22,26,1,0,0.9291061859946038,0.11687082052230835,0.0006146151572465897,0.011282384395599365,0.6644143052399158,samples/001408_monitor_0552.npz
1409,monitor_0553,22,26,1,0,1.1883667743912187,0.15999972820281982,0.0008592896047048271,0.020295560359954834,0.6900070458650589,samples/001409_monitor_0553.npz
1410,monitor_0554,22,26,1,0,0.9592270398438077,0.1599999964237213,0.000603388762101531,0.018018871545791626,0.6631043553352356,samples/001410_monitor_0554.npz
1411,monitor_0555,22,27,1,0,1.2655190317508112,0.1331978738307953,0.0009309350280091166,0.011520564556121826,0.7010777853429317,samples/001411_monitor_0555.npz
1412,monitor_0556,22,14,1,0,1.6606311612486906,0.1599999964237213,0.001066494034603238,0.02071744203567505,0.6922182217240334,samples/001412_monitor_0556.npz
1413,monitor_0557,22,26,1,0,1.2130707316811402,0.121145099401474,0.0009130837861448526,0.011452555656433105,0.6630777940154076,samples/001413_monitor_0557.npz
1414,monitor_0558,22,26,1,0,1.1296445418931462,0.15999966859817505,0.0006621893844567239,0.016252219676971436,0.6687816828489304,samples/001414_monitor_0558.npz
1415,monitor_0559,22,26,1,0,1.192556270195446,0.15999984741210938,0.000892713840585202,0.0153578519821167,0.6695293597877026,samples/001415_monitor_0559.npz
1416,monitor_0560,22,15,1,0,1.2762822631509114,0.1600000262260437,0.0008330772398039699,0.012194275856018066,0.7191538736224174,samples/001416_monitor_0560.npz
1417,monitor_0561,22,15,1,0,1.1297667368725175,0.15999996662139893,0.0008100687991827726,0.018231213092803955,0.663707185536623,samples/001417_monitor_0561.npz
1418,monitor_0562,22,14,1,0,1.2875627983851745,0.1599997878074646,0.001109922886826098,0.01871877908706665,0.7017979472875595,samples/001418_monitor_0562.npz
1419,monitor_0563,22,26,1,0,1.3083929790377842,0.15999937057495117,0.0009459464345127344,0.016863226890563965,0.6615715622901917,samples/001419_monitor_0563.npz
1420,monitor_0564,22,11,1,0,1.0363594835514158,0.15999996662139893,0.0006513725966215134,0.015050530433654785,0.7115537859499454,samples/001420_monitor_0564.npz
1421,monitor_0565,22,26,1,0,0.8294703064599844,0.1504494547843933,0.000518759828992188,0.014661312103271484,0.6956602968275547,samples/001421_monitor_0565.npz
1422,night_stand_0201,23,36,1,0,0.9533201549415012,0.12451747059822083,0.0007618992822244763,0.012552604079246521,0.6897233240306377,samples/001422_night_stand_0201.npz
1423,night_stand_0202,23,14,1,0,0.005681237855536344,0.0029168128967285156,3.13448254019022e-08,8.52346420288086e-06,0.7023027502000332,samples/001423_night_stand_0202.npz
1424,night_stand_0203,23,36,1,0,0.0012632602282802775,0.0010991990566253662,1.0913936421275139e-09,1.3709068298339844e-06,0.685523834079504,samples/001424_night_stand_0203.npz
1425,night_stand_0204,23,15,1,0,1.0629215946753696,0.13568830490112305,0.0008831622544676065,0.014187633991241455,0.7339999973773956,samples/001425_night_stand_0204.npz
1426,night_stand_0205,23,33,1,0,0.5620723728092064,0.08699989318847656,0.0002776893670670688,0.003699392080307007,0.7013453356921673,samples/001426_night_stand_0205.npz
1427,night_stand_0206,23,12,1,0,1.0694262322750814,0.1525203287601471,0.0008787005208432674,0.016057252883911133,0.678893618285656,samples/001427_night_stand_0206.npz
1428,night_stand_0207,23,12,1,0,0.0005610417249585425,0.00019378960132598877,1.1629026630544104e-09,1.1920928955078125e-07,0.6639901995658875,samples/001428_night_stand_0207.npz
1429,night_stand_0208,23,14,1,0,0.3879370572284441,0.08931076526641846,0.00013189611490815878,0.006470799446105957,0.6524651385843754,samples/001429_night_stand_0208.npz
1430,night_stand_0209,23,12,1,0,0.012172145615746366,0.0036365091800689697,1.444458916921576e-07,1.5974044799804688e-05,0.6987062357366085,samples/001430_night_stand_0209.npz
1431,night_stand_0210,23,14,1,0,0.007298229719025208,0.0038553178310394287,5.3405528888106346e-08,1.710653305053711e-05,0.7044962868094444,samples/001431_night_stand_0210.npz
1432,night_stand_0211,23,14,1,0,0.9968919585169675,0.11837738752365112,0.0007950120489113033,0.008791416883468628,0.700475487858057,samples/001432_night_stand_0211.npz
1433,night_stand_0212,23,33,1,0,0.0026015072073617006,0.0023064017295837402,6.511982064694166e-09,6.318092346191406e-06,0.6509387753903866,samples/001433_night_stand_0212.npz
1434,night_stand_0213,23,33,1,0,1.7745080145157495,0.1600000262260437,0.0016649323515594006,0.029200226068496704,0.650227103382349,samples/001434_night_stand_0213.npz
1435,night_stand_0214,23,14,1,0,0.5680841782511235,0.0829760804772377,0.00030243181390687823,0.005658268928527832,0.6343452073633671,samples/001435_night_stand_0214.npz
1436,night_stand_0215,23,14,1,0,0.5731560936504275,0.08577162027359009,0.00031142443185672164,0.007109999656677246,0.6396833062171936,samples/001436_night_stand_0215.npz
1437,night_stand_0216,23,33,1,0,0.3879964845386869,0.07015049457550049,0.00014045348507352173,0.004133015871047974,0.636252898722887,samples/001437_night_stand_0216.npz
1438,night_stand_0217,23,32,1,0,0.8152652780317263,0.10413618385791779,0.0004687301116064191,0.007697775959968567,0.6446463540196419,samples/001438_night_stand_0217.npz
1439,night_stand_0218,23,14,1,0,1.0584358576178161,0.15601587295532227,0.0008776203030720353,0.017179787158966064,0.6436829194426537,samples/001439_night_stand_0218.npz
1440,night_stand_0219,23,14,1,0,1.1689735734243338,0.1328655481338501,0.0010270732454955578,0.014215350151062012,0.6410793662071228,samples/001440_night_stand_0219.npz
1441,night_stand_0220,23,14,1,0,0.0016941909819178265,0.0010108351707458496,4.401954356580973e-09,1.1324882507324219e-06,0.6436911933124065,samples/001441_night_stand_0220.npz
1442,night_stand_0221,23,14,1,0,0.38797388710188296,0.05521838366985321,0.00014339164772536606,0.003101259469985962,0.6356258653104305,samples/001442_night_stand_0221.npz
1443,night_stand_0222,23,14,1,0,0.5539975307668648,0.07947877049446106,0.00029273846303112805,0.006692409515380859,0.6463680490851402,samples/001443_night_stand_0222.npz
1444,night_stand_0223,23,14,1,0,0.007804247965545879,0.004089951515197754,5.8586010709404945e-08,1.6689300537109375e-05,0.6568634510040283,samples/001444_night_stand_0223.npz
1445,night_stand_0224,23,27,1,0,0.3879196709305864,0.14078429341316223,0.00012311525642871857,0.009640276432037354,0.6407980434596539,samples/001445_night_stand_0224.npz
1446,night_stand_0225,23,33,1,0,1.1921694327969012,0.12494516372680664,0.0010532441083341837,0.011549323797225952,0.6475222185254097,samples/001446_night_stand_0225.npz
1447,night_stand_0226,23,14,1,0,0.00506648875878677,0.003255516290664673,2.5494955480098724e-08,1.2993812561035156e-05,0.6590027622878551,samples/001447_night_stand_0226.npz
1448,night_stand_0227,23,14,1,0,0.7223260176534914,0.0797606110572815,0.0004848370735999197,0.007549673318862915,0.6419696696102619,samples/001448_night_stand_0227.npz
1449,night_stand_0228,23,14,1,0,0.006290815673308843,0.005912601947784424,3.867899067699909e-08,3.4928321838378906e-05,0.6741847544908524,samples/001449_night_stand_0228.npz
1450,night_stand_0229,23,33,1,0,0.8068413196126573,0.10416042804718018,0.0005727930110879242,0.0054878294467926025,0.6843850500881672,samples/001450_night_stand_0229.npz
1451,night_stand_0230,23,14,1,0,0.3880948667070163,0.09049320220947266,0.0001414882717654109,0.007416784763336182,0.6910333223640919,samples/001451_night_stand_0230.npz
1452,night_stand_0231,23,14,1,0,0.5685219286461313,0.07613791525363922,0.00030253417207859457,0.0052957236766815186,0.7004168219864368,samples/001452_night_stand_0231.npz
1453,night_stand_0232,23,14,1,0,0.555856192144743,0.05824562907218933,0.0002868543961085379,0.0037232041358947754,0.6896595470607281,samples/001453_night_stand_0232.npz
1454,night_stand_0233,23,36,1,0,0.38801215362655034,0.05950814485549927,0.00014695327263325453,0.0038199424743652344,0.7158183865249157,samples/001454_night_stand_0233.npz
1455,night_stand_0234,23,36,1,0,0.01366610889733847,0.005537807941436768,1.8150603864341974e-07,3.3020973205566406e-05,0.7116029858589172,samples/001455_night_stand_0234.npz
1456,night_stand_0235,23,36,1,0,1.343244146899789,0.13208530843257904,0.0013816154096275568,0.01565498113632202,0.6931136287748814,samples/001456_night_stand_0235.npz
1457,night_stand_0236,23,14,1,0,0.3878693514288759,0.04959738254547119,0.00014641653979197145,0.00574648380279541,0.6687089689075947,samples/001457_night_stand_0236.npz
1458,night_stand_0237,23,14,1,0,0.5680977917441445,0.10579365491867065,0.0002971958019770682,0.008838355541229248,0.6784219704568386,samples/001458_night_stand_0237.npz
1459,night_stand_0238,23,33,1,0,0.3879882320900422,0.07167202234268188,0.00013497890904545784,0.003360658884048462,0.6442667655646801,samples/001459_night_stand_0238.npz
1460,night_stand_0239,23,33,1,0,1.4110136093954047,0.1599999964237213,0.001337363850325346,0.019781649112701416,0.650826420634985,samples/001460_night_stand_0239.npz
1461,night_stand_0240,23,33,1,0,1.1020771609940538,0.15999995172023773,0.000973256304860115,0.011211991310119629,0.6475632600486279,samples/001461_night_stand_0240.npz
1462,night_stand_0241,23,14,1,0,0.004990494230050953,0.00357133150100708,2.034357748925686e-08,1.800060272216797e-05,0.6441960595548153,samples/001462_night_stand_0241.npz
1463,night_stand_0242,23,33,1,0,0.7041893850043824,0.10568439960479736,0.00044565933058038354,0.01055040955543518,0.6462920419871807,samples/001463_night_stand_0242.npz
1464,night_stand_0243,23,14,1,0,0.38806634247779465,0.06790497899055481,0.0001465237291995436,0.004845619201660156,0.6537603586912155,samples/001464_night_stand_0243.npz
1465,night_stand_0244,23,14,1,0,0.5706663209926741,0.08513408899307251,0.0003026193880941719,0.006109714508056641,0.6461235247552395,samples/001465_night_stand_0244.npz
1466,night_stand_0245,23,14,1,0,0.9051464695453936,0.11232570558786392,0.0007024534279480577,0.007524266839027405,0.646898053586483,samples/001466_night_stand_0245.npz
1467,night_stand_0246,23,12,1,0,0.8185772662642951,0.11186832189559937,0.0005869996966794133,0.009754478931427002,0.6448684893548489,samples/001467_night_stand_0246.npz
1468,night_stand_0247,23,14,1,0,0.007817688188755003,0.0041345953941345215,5.727633833885193e-08,1.71661376953125e-05,0.6450026333332062,samples/001468_night_stand_0247.npz
1469,night_stand_0248,23,27,1,0,1.2061656700067083,0.1600000262260437,0.001121568027883768,0.012842893600463867,0.6429914049804211,samples/001469_night_stand_0248.npz
1470,night_stand_0249,23,14,1,0,1.1755943783509166,0.15999916195869446,0.0009116672445088625,0.016693338751792908,0.6480726338922977,samples/001470_night_stand_0249.npz
1471,night_stand_0250,23,33,1,0,0.38797528417725463,0.0883161723613739,0.0001354169799014926,0.006172060966491699,0.6385900937020779,samples/001471_night_stand_0250.npz
1472,night_stand_0251,23,14,1,0,0.7159465350642858,0.0735519528388977,0.0004646648303605616,0.007337212562561035,0.6463423892855644,samples/001472_night_stand_0251.npz
1473,night_stand_0252,23,14,1,0,0.005746274436507428,0.0037032365798950195,3.553577698767185e-08,1.5079975128173828e-05,0.6434640064835548,samples/001473_night_stand_0252.npz
1474,night_stand_0253,23,14,1,0,0.5617989900602489,0.06866759061813354,0.0002817055210471153,0.0034308433532714844,0.6539776958525181,samples/001474_night_stand_0253.npz
1475,night_stand_0254,23,16,1,0,0.00844184112248545,0.0029765963554382324,7.648486644029617e-08,8.821487426757812e-06,0.6863096989691257,samples/001475_night_stand_0254.npz
1476,night_stand_0255,23,27,1,0,0.7195042508803629,0.09213981032371521,0.0004687487380579114,0.0083693265914917,0.656316414475441,samples/001476_night_stand_0255.npz
1477,night_stand_0256,23,14,1,0,0.8270124123159606,0.09109807014465332,0.0006047283532097936,0.009346306324005127,0.6490803919732571,samples/001477_night_stand_0256.npz
1478,night_stand_0257,23,14,1,0,0.006927415137367051,0.004501700401306152,4.580942913889885e-08,2.378225326538086e-05,0.6461142227053642,samples/001478_night_stand_0257.npz
1479,night_stand_0258,23,14,1,0,0.5669297988527512,0.07082980871200562,0.00029849985730834305,0.005428194999694824,0.6509438380599022,samples/001479_night_stand_0258.npz
1480,night_stand_0259,23,32,1,0,0.3879742903818882,0.11568853259086609,0.00013069499982520938,0.004375189542770386,0.6604514867067337,samples/001480_night_stand_0259.npz
1481,night_stand_0260,23,14,1,0,0.7256012063967708,0.0916549563407898,0.00046368641778826714,0.009562253952026367,0.6666113883256912,samples/001481_night_stand_0260.npz
1482,night_stand_0261,23,14,1,0,0.008697269147756937,0.003656059503555298,7.447670213878155e-08,1.3887882232666016e-05,0.6730629503726959,samples/001482_night_stand_0261.npz
1483,night_stand_0262,23,14,1,0,1.0602688082353728,0.15999990701675415,0.0009055199334397912,0.019201219081878662,0.6461240611970425,samples/001483_night_stand_0262.npz
1484,night_stand_0263,23,12,1,0,0.5544891540078887,0.07653191685676575,0.0002937789249699563,0.00544188916683197,0.6467966511845589,samples/001484_night_stand_0263.npz
1485,night_stand_0264,23,32,1,0,0.7022852651582883,0.1129264235496521,0.00039241224294528365,0.00552031397819519,0.6463396698236465,samples/001485_night_stand_0264.npz
1486,night_stand_0265,23,14,1,0,0.7291134996558503,0.10357153415679932,0.0004512402811087668,0.007011234760284424,0.645830076187849,samples/001486_night_stand_0265.npz
1487,night_stand_0266,23,14,1,0,0.38806278580144976,0.04773366451263428,0.0001463635708205402,0.0024417638778686523,0.6483900733292103,samples/001487_night_stand_0266.npz
1488,night_stand_0267,23,14,1,0,0.8275847562158547,0.10982482880353928,0.0005696678999811411,0.009480297565460205,0.6469741389155388,samples/001488_night_stand_0267.npz
1489,night_stand_0268,23,14,1,0,0.842760432950818,0.1338406354188919,0.0005839185905642807,0.006881088018417358,0.6475916355848312,samples/001489_night_stand_0268.npz
1490,night_stand_0269,23,14,1,0,0.5698199039089928,0.09965887665748596,0.0002992533554788679,0.005828171968460083,0.6440013386309147,samples/001490_night_stand_0269.npz
1491,night_stand_0270,23,14,1,0,0.5628458191870302,0.10701948404312134,0.00029818565235473216,0.011784255504608154,0.6334639713168144,samples/001491_night_stand_0270.npz
1492,night_stand_0271,23,14,1,0,0.7209207159799594,0.1200265884399414,0.0004740390577353537,0.0134086012840271,0.6426018811762333,samples/001492_night_stand_0271.npz
1493,night_stand_0272,23,14,1,0,0.6932378850532436,0.11617672443389893,0.0004187698650639504,0.006685316562652588,0.6498509831726551,samples/001493_night_stand_0272.npz
1494,night_stand_0273,23,36,1,0,0.9360072172051728,0.10003295540809631,0.0007031222921796143,0.01030188798904419,0.6512616947293282,samples/001494_night_stand_0273.npz
1495,night_stand_0274,23,14,1,0,0.005463424535969361,0.002938985824584961,2.962769940495491e-08,1.1861324310302734e-05,0.6396718621253967,samples/001495_night_stand_0274.npz
1496,night_stand_0275,23,14,1,0,0.38797492410676376,0.07292792201042175,0.0001413052377756685,0.004744887351989746,0.6373513452708721,samples/001496_night_stand_0275.npz
1497,night_stand_0276,23,14,1,0,0.5741591909232863,0.07424530386924744,0.0003133119607809931,0.004945904016494751,0.6464952975511551,samples/001497_night_stand_0276.npz
1498,night_stand_0277,23,14,1,0,0.004652915173491533,0.0033745169639587402,2.264278009533882e-08,1.2278556823730469e-05,0.6560482867062092,samples/001498_night_stand_0277.npz
1499,night_stand_0278,23,12,1,0,0.002874756632906512,0.002558887004852295,8.523784345015883e-09,6.735324859619141e-06,0.6445742808282375,samples/001499_night_stand_0278.npz
1500,night_stand_0279,23,14,1,0,0.3880621810192334,0.08003005385398865,0.00013824898633174598,0.004941374063491821,0.6400428637862206,samples/001500_night_stand_0279.npz
1501,night_stand_0280,23,14,1,0,0.5615729998401419,0.07441487908363342,0.0003004960890393704,0.007351934909820557,0.6484072469174862,samples/001501_night_stand_0280.npz
1502,night_stand_0281,23,14,1,0,0.5744610294777178,0.057082414627075195,0.00030750513542443514,0.004015207290649414,0.6462838053703308,samples/001502_night_stand_0281.npz
1503,night_stand_0282,23,33,1,0,0.000948666597496742,0.0005937814712524414,1.178705133497715e-09,4.76837158203125e-07,0.6646093279123306,samples/001503_night_stand_0282.npz
1504,night_stand_0283,23,33,1,0,0.003476912997930687,0.002891719341278076,9.669747669249773e-09,1.1086463928222656e-05,0.6716670580208302,samples/001504_night_stand_0283.npz
1505,night_stand_0284,23,14,1,0,0.9763357128023364,0.12507516145706177,0.0007971099112182856,0.011528968811035156,0.6948844231665134,samples/001505_night_stand_0284.npz
1506,night_stand_0285,23,27,1,0,0.38805119397820576,0.05317696928977966,0.00014582829317077994,0.0035538673400878906,0.6679084710776806,samples/001506_night_stand_0285.npz
1507,night_stand_0286,23,14,1,0,0.9179096446387024,0.12721475958824158,0.0007238283869810402,0.008394449949264526,0.6497453302145004,samples/001507_night_stand_0286.npz
1508,person_0089,24,37,1,0,0.8946663866872914,0.11042686551809311,0.00043040362652391195,0.0055870115756988525,0.6513371542096138,samples/001508_person_0089.npz
1509,person_0090,24,37,1,0,0.679996255923931,0.13192850351333618,0.0003354226937517524,0.008442461490631104,0.6574682220816612,samples/001509_person_0090.npz
1510,person_0091,24,37,1,0,0.9989440975958246,0.1419801414012909,0.0005683363415300846,0.010189354419708252,0.6545530632138252,samples/001510_person_0091.npz
1511,person_0092,24,26,1,0,0.5538268598686552,0.1253768801689148,0.000139564712299034,0.01121068000793457,0.6436901167035103,samples/001511_person_0092.npz
1512,person_0093,24,26,1,0,0.02431473194815536,0.006858527660369873,5.760985004599206e-07,4.750490188598633e-05,0.6410033106803894,samples/001512_person_0093.npz
1513,person_0094,24,26,1,0,0.3879734406128168,0.11091989278793335,7.777177961543202e-05,0.003044724464416504,0.640562891960144,samples/001513_person_0094.npz
1514,person_0095,24,26,1,0,0.913950204064556,0.1353675127029419,0.0004384465282782912,0.011724486947059631,0.639435451477766,samples/001514_person_0095.npz
1515,person_0096,24,26,1,0,0.697343132776068,0.09192314743995667,0.0003292541950941086,0.005980345420539379,0.6383383944630623,samples/001515_person_0096.npz
1516,person_0097,24,15,1,0,0.9682515153909964,0.11088980734348297,0.0004653200157918036,0.010125517845153809,0.6408402472734451,samples/001516_person_0097.npz
1517,person_0098,24,26,1,0,0.3879718274867475,0.053100474178791046,0.00012023921590298414,0.005150437355041504,0.6518766023218632,samples/001517_person_0098.npz
1518,person_0099,24,26,1,0,1.0568222905104299,0.1599999964237213,0.0005663660704158247,0.014341890811920166,0.6517013497650623,samples/001518_person_0099.npz
1519,person_0100,24,37,1,0,1.130724053859646,0.12078191339969635,0.0005391027661971748,0.009006500244140625,0.63890041410923,samples/001519_person_0100.npz
1520,person_0101,24,26,1,0,0.38834524567523937,0.09512077271938324,7.638164970558137e-05,0.005496233701705933,0.7116619609296322,samples/001520_person_0101.npz
1521,person_0102,24,26,1,0,0.8412383366239627,0.10703349113464355,0.0004234500811435282,0.00692516565322876,0.6368680447340012,samples/001521_person_0102.npz
1522,person_0103,24,37,1,0,1.1757717575754634,0.15999987721443176,0.0005242996267043054,0.010812163352966309,0.6309764757752419,samples/001522_person_0103.npz
1523,person_0104,24,26,1,0,0.9216449903200624,0.09431106597185135,0.0004843415808863938,0.0068008676171302795,0.6352673731744289,samples/001523_person_0104.npz
1524,person_0105,24,26,1,0,0.8986172206083998,0.10842591524124146,0.00044015032472088933,0.0083237886428833,0.641492422670126,samples/001524_person_0105.npz
1525,person_0106,24,26,1,0,1.0099671419152652,0.1232980489730835,0.00041425012750551105,0.010413065552711487,0.6391800120472908,samples/001525_person_0106.npz
1526,person_0107,24,26,1,0,0.3879897299297103,0.10263104736804962,7.173937046900392e-05,0.00676119327545166,0.6353129781782627,samples/001526_person_0107.npz
1527,person_0108,24,5,1,0,0.8038815564069275,0.09367047250270844,0.00037545018130913377,0.0062064528465271,0.6929324753582478,samples/001527_person_0108.npz
1528,piano_0232,25,26,1,0,1.3786829046211455,0.152940034866333,0.000975423026829958,0.01861792802810669,0.6934281475841999,samples/001528_piano_0232.npz
1529,piano_0233,25,3,1,0,0.9630744247970723,0.12225344777107239,0.0007124969270080328,0.008967757225036621,0.6854482516646385,samples/001529_piano_0233.npz
1530,piano_0234,25,26,1,0,2.082954931862172,0.1600000113248825,0.0017595120007172227,0.03546881675720215,0.654914066195488,samples/001530_piano_0234.npz
1531,piano_0235,25,4,1,0,1.1374987256388809,0.11550500988960266,0.0010163746774196625,0.011639535427093506,0.6692765280604362,samples/001531_piano_0235.npz
1532,piano_0236,25,33,1,0,0.000681784023666575,0.00040477514266967773,-1.0936673788819462e-09,2.384185791015625e-07,0.6463284827768803,samples/001532_piano_0236.npz
1533,piano_0237,25,33,1,0,0.5527884857866102,0.06046835333108902,0.0002306615497218445,0.0037211626768112183,0.6557991281151772,samples/001533_piano_0237.npz
1534,piano_0238,25,26,1,0,1.239127222129009,0.1523265838623047,0.0010361694730818272,0.012209713459014893,0.6424316428601742,samples/001534_piano_0238.npz
1535,piano_0239,25,33,1,0,0.7029962739730405,0.10064160823822021,0.00040969369001686573,0.00744706392288208,0.650131095200777,samples/001535_piano_0239.npz
1536,piano_0240,25,21,1,0,1.3282038048196712,0.15999966859817505,0.0011009072186425328,0.022630274295806885,0.6598743684589863,samples/001536_piano_0240.npz
1537,piano_0241,25,8,1,0,1.8475081079947784,0.1599999964237213,0.0014853760367259383,0.021197378635406494,0.6712773442268372,samples/001537_piano_0241.npz
1538,piano_0242,25,3,1,0,1.6232057349066575,0.15999989211559296,0.0013028435641899705,0.033747583627700806,0.6633026152849197,samples/001538_piano_0242.npz
1539,piano_0243,25,26,1,0,1.51874370809123,0.15999996662139893,0.0011072789784520864,0.016354084014892578,0.6376354098320007,samples/001539_piano_0243.npz
1540,piano_0244,25,33,1,0,1.1167947438911208,0.1425762176513672,0.0007521393708884716,0.014210104942321777,0.6531887874007225,samples/001540_piano_0244.npz
1541,piano_0245,25,21,1,0,0.388267824643177,0.07435968518257141,0.0001419310865458101,0.006525158882141113,0.6511524543166161,samples/001541_piano_0245.npz
1542,piano_0246,25,36,1,0,1.1228575969911445,0.13244390487670898,0.0007617280352860689,0.010015204548835754,0.6343695633113384,samples/001542_piano_0246.npz
1543,piano_0247,25,27,1,0,1.2241105154133516,0.1599999964237213,0.0009957633446902037,0.023130863904953003,0.6370318569242954,samples/001543_piano_0247.npz
1544,piano_0248,25,12,1,0,0.5611944346013801,0.0769186019897461,0.0002728460531216115,0.005970656871795654,0.6434469893574715,samples/001544_piano_0248.npz
1545,piano_0249,25,5,1,0,1.2383313334351755,0.13249728083610535,0.0009744572453200817,0.013169318437576294,0.6730816476047039,samples/001545_piano_0249.npz
1546,piano_0250,25,12,1,0,1.039242334506882,0.12645122408866882,0.0008295358275063336,0.008206307888031006,0.6995806731283665,samples/001546_piano_0250.npz
1547,piano_0251,25,4,1,0,0.8508520312329909,0.09024703502655029,0.0006603503716178238,0.009658753871917725,0.6395556293427944,samples/001547_piano_0251.npz
1548,piano_0252,25,12,1,0,1.2086153468623269,0.1599997878074646,0.0009929677471518517,0.019170403480529785,0.6623166315257549,samples/001548_piano_0252.npz
1549,piano_0253,25,26,1,0,1.3719924850383174,0.14074507355690002,0.0011004575062543154,0.01919931173324585,0.6754917800426483,samples/001549_piano_0253.npz
1550,piano_0254,25,3,1,0,0.801961596444673,0.09067338705062866,0.00044296320993453264,0.0057978034019470215,0.6311098225414753,samples/001550_piano_0254.npz
1551,piano_0255,25,27,1,0,1.2509764910302599,0.1599997580051422,0.0009307021973654628,0.012015625834465027,0.6470763869583607,samples/001551_piano_0255.npz
1552,piano_0256,25,4,1,0,0.38793875692411917,0.059694141149520874,0.00014420459046959877,0.0029225945472717285,0.6482172608375549,samples/001552_piano_0256.npz
1553,piano_0257,25,23,1,0,0.7125815257060414,0.15999990701675415,0.00039999850559979677,0.007151991128921509,0.6672491915524006,samples/001553_piano_0257.npz
1554,piano_0258,25,26,1,0,1.4946973174975244,0.1599993109703064,0.0012889935169368982,0.024385511875152588,0.6761352121829987,samples/001554_piano_0258.npz
1555,piano_0259,25,22,1,0,0.9593011367893313,0.12054547667503357,0.0007334552938118577,0.00930514931678772,0.6707197017967701,samples/001555_piano_0259.npz
1556,piano_0260,25,15,1,0,1.8854651225345889,0.1600000262260437,0.0014714288990944624,0.022872447967529297,0.6536157689988613,samples/001556_piano_0260.npz
1557,piano_0261,25,26,1,0,1.0310216130600682,0.09244263917207718,0.0005542108556255698,0.005560055375099182,0.7006092742085457,samples/001557_piano_0261.npz
1558,piano_0262,25,3,1,0,1.065983111933042,0.12080135941505432,0.0007851411937735975,0.007516801357269287,0.6517559327185154,samples/001558_piano_0262.npz
1559,piano_0263,25,3,1,0,1.1011875813187164,0.1421070694923401,0.0007197801605798304,0.016856074333190918,0.6487666517496109,samples/001559_piano_0263.npz
1560,piano_0264,25,22,1,0,0.7085458960140993,0.06251320242881775,0.0004730678629130125,0.006154000759124756,0.6715250350534916,samples/001560_piano_0264.npz
1561,piano_0265,25,38,1,0,0.8274227709761299,0.07791715115308762,0.0005881830584257841,0.008386209607124329,0.6540824733674526,samples/001561_piano_0265.npz
1562,piano_0266,25,26,1,0,1.0783085459499202,0.12617504596710205,0.000870344927534461,0.012156009674072266,0.6762762367725372,samples/001562_piano_0266.npz
1563,piano_0267,25,14,1,0,1.3880778784656829,0.15999990701675415,0.0011591254733502865,0.01943063735961914,0.6547721549868584,samples/001563_piano_0267.npz
1564,piano_0268,25,33,1,0,0.9352388770903517,0.11780215799808502,0.0005907471058890224,0.009591460227966309,0.6741676554083824,samples/001564_piano_0268.npz
1565,piano_0269,25,21,1,0,1.1347837988338683,0.15811952948570251,0.0009270771988667548,0.0160817950963974,0.6845049075782299,samples/001565_piano_0269.npz
1566,piano_0270,25,26,1,0,1.217405127387062,0.15776658058166504,0.000931998249143362,0.016435444355010986,0.6720369830727577,samples/001566_piano_0270.npz
1567,piano_0271,25,36,1,0,1.2203307171193283,0.15999972820281982,0.0009131999686360359,0.01022118330001831,0.6882649585604668,samples/001567_piano_0271.npz
1568,piano_0272,25,2,1,0,0.3879743335904353,0.05600786209106445,0.00014563940931111574,0.00476384162902832,0.6609368734061718,samples/001568_piano_0272.npz
1569,piano_0273,25,5,1,0,1.5429952691611983,0.1599997878074646,0.0013432095292955637,0.017417967319488525,0.7138847224414349,samples/001569_piano_0273.npz
1570,piano_0274,25,14,1,0,0.9177628468845965,0.14835184812545776,0.0007097469642758369,0.010370194911956787,0.6978913061320782,samples/001570_piano_0274.npz
1571,piano_0275,25,26,1,0,1.6910433655259118,0.1599999964237213,0.0013310604263097048,0.028843939304351807,0.6834201253950596,samples/001571_piano_0275.npz
1572,piano_0276,25,22,1,0,1.2139680288078327,0.13920244574546814,0.0009782114066183567,0.015401303768157959,0.6698285676538944,samples/001572_piano_0276.npz
1573,piano_0277,25,26,1,0,1.3812341896291498,0.13977733254432678,0.0011557710822671652,0.014815032482147217,0.6648954153060913,samples/001573_piano_0277.npz
1574,piano_0278,25,26,1,0,1.1104448425244309,0.14803862571716309,0.0007426750380545855,0.016735345125198364,0.7114841639995575,samples/001574_piano_0278.npz
1575,piano_0279,25,26,1,0,1.2604620849160781,0.1600000262260437,0.001013919711112976,0.019030272960662842,0.7332996875047684,samples/001575_piano_0279.npz
1576,piano_0280,25,26,1,0,1.4621077965318423,0.1599999964237213,0.0013320003636181355,0.026318132877349854,0.719781007617712,samples/001576_piano_0280.npz
1577,piano_0281,25,21,1,0,1.1997934387166567,0.1598707139492035,0.0009155865991488099,0.014623820781707764,0.6745994985103607,samples/001577_piano_0281.npz
1578,piano_0282,25,38,1,0,1.6646306317245527,0.159999817609787,0.0013656998053193092,0.020934313535690308,0.6670549251139164,samples/001578_piano_0282.npz
1579,piano_0283,25,38,1,0,0.5664858466158065,0.06256452202796936,0.00030452266219072044,0.00433291494846344,0.652749951928854,samples/001579_piano_0283.npz
1580,piano_0284,25,33,1,0,1.1441002903448376,0.12406891584396362,0.0007311312947422266,0.012894898653030396,0.6652097478508949,samples/001580_piano_0284.npz
1581,piano_0285,25,27,1,0,1.306098996793173,0.15999996662139893,0.0011166062904521823,0.016829252243041992,0.6800651773810387,samples/001581_piano_0285.npz
1582,piano_0286,25,12,1,0,0.9336543362802137,0.12925326824188232,0.0006863840972073376,0.01485055685043335,0.7168963514268398,samples/001582_piano_0286.npz
1583,piano_0287,25,21,1,0,0.010054271853667055,0.004708468914031982,1.0063013178296387e-07,2.8133392333984375e-05,0.6962746977806091,samples/001583_piano_0287.npz
1584,piano_0288,25,36,1,0,0.9464021975320454,0.12502175569534302,0.0006440873257815838,0.012628614902496338,0.7592470832169056,samples/001584_piano_0288.npz
1585,piano_0289,25,22,1,0,0.8475230943014462,0.09793710708618164,0.0005874827038496733,0.00798022747039795,0.7144402973353863,samples/001585_piano_0289.npz
1586,piano_0290,25,15,1,0,0.9218351549492536,0.13162443041801453,0.0006508195074275136,0.009339004755020142,0.7119629122316837,samples/001586_piano_0290.npz
1587,piano_0291,25,38,1,0,1.1590678957322191,0.1599997580051422,0.0009914590045809746,0.0174562931060791,0.7235025838017464,samples/001587_piano_0291.npz
1588,piano_0292,25,8,1,0,0.9158243170691548,0.09998002648353577,0.0006900053704157472,0.005943179130554199,0.7101175896823406,samples/001588_piano_0292.npz
1589,piano_0293,25,4,1,0,1.2699506096359672,0.15083301067352295,0.0011416822671890259,0.016553819179534912,0.7513697110116482,samples/001589_piano_0293.npz
1590,piano_0294,25,21,1,0,0.7068587350871322,0.07553088665008545,0.00042620330350473523,0.006251662969589233,0.704343318939209,samples/001590_piano_0294.npz
1591,piano_0295,25,39,1,0,1.0578506507924543,0.1414145827293396,0.0008507075253874063,0.01063317060470581,0.6824699863791466,samples/001591_piano_0295.npz
1592,piano_0296,25,33,1,0,0.00029411318418406685,0.00013458728790283203,-9.968061931431293e-10,1.1920928955078125e-07,0.656123049557209,samples/001592_piano_0296.npz
1593,piano_0297,25,36,1,0,0.8341002997919095,0.09375622868537903,0.000578715349547565,0.007992863655090332,0.6668988429009914,samples/001593_piano_0297.npz
1594,piano_0298,25,20,1,0,0.011574178907968028,0.003002941608428955,1.3028693501837552e-07,1.0251998901367188e-05,0.6851856708526611,samples/001594_piano_0298.npz
1595,piano_0299,25,22,1,0,1.2571960502407717,0.15999996662139893,0.0010186913423240185,0.01300579309463501,0.6716226525604725,samples/001595_piano_0299.npz
1596,piano_0300,25,26,1,0,1.4290603137505293,0.1511577069759369,0.0009243079693987966,0.014083802700042725,0.6750371977686882,samples/001596_piano_0300.npz
1597,piano_0301,25,4,1,0,0.005515938724046122,0.0029237568378448486,3.1694071367383e-08,1.3768672943115234e-05,0.7131252400577068,samples/001597_piano_0301.npz
1598,piano_0302,25,23,1,0,1.5604756975234146,0.159999817609787,0.0011137421242892742,0.012515127658843994,0.6818229891359806,samples/001598_piano_0302.npz
1599,piano_0303,25,3,1,0,0.5671214948032546,0.08598458766937256,0.0002949628105852753,0.006200671195983887,0.662757471203804,samples/001599_piano_0303.npz
1600,piano_0304,25,4,1,0,0.3878865238906401,0.058936893939971924,0.00014678522711619735,0.003529787063598633,0.6598233692348003,samples/001600_piano_0304.npz
1601,piano_0305,25,26,1,0,1.7789615185260086,0.1599999964237213,0.0012913276441395283,0.020682841539382935,0.6574462465941906,samples/001601_piano_0305.npz
1602,piano_0306,25,3,1,0,1.3072229977793801,0.1600000113248825,0.000813752063550055,0.025798708200454712,0.6651199460029602,samples/001602_piano_0306.npz
1603,piano_0307,25,22,1,0,0.7109137835057556,0.07276034355163574,0.00045743861119262874,0.005421370267868042,0.6990545615553856,samples/001603_piano_0307.npz
1604,piano_0308,25,26,1,0,0.7065227112835157,0.11349141597747803,0.0004479840281419456,0.009315311908721924,0.6659371666610241,samples/001604_piano_0308.npz
1605,piano_0309,25,34,1,0,0.38797597551166035,0.06569567322731018,0.00013985656551085413,0.005147438496351242,0.7092524915933609,samples/001605_piano_0309.npz
1606,piano_0310,25,4,1,0,0.5620499439646192,0.0541854202747345,0.00030232215067371726,0.003574192523956299,0.7276171520352364,samples/001606_piano_0310.npz
1607,piano_0311,25,7,1,0,1.1089729467046991,0.14082413911819458,0.0008667740039527416,0.016111433506011963,0.7113483473658562,samples/001607_piano_0311.npz
1608,piano_0312,25,15,1,0,1.9770064929571893,0.1599999964237213,0.001654735067859292,0.027156352996826172,0.6880823746323586,samples/001608_piano_0312.npz
1609,piano_0313,25,36,1,0,0.7032097129653037,0.0827670693397522,0.0004545653355307877,0.007218092679977417,0.699341282248497,samples/001609_piano_0313.npz
1610,piano_0314,25,3,1,0,1.353684253839674,0.14792758226394653,0.0008773914305493236,0.009737759828567505,0.6554697714745998,samples/001610_piano_0314.npz
1611,piano_0315,25,36,1,0,0.3880541891657109,0.04686561971902847,0.00014689129602629691,0.0023702383041381836,0.6707641892135143,samples/001611_piano_0315.npz
1612,piano_0316,25,34,1,0,1.216643824373792,0.1570609211921692,0.0009741553803905845,0.041491806507110596,0.707262460142374,samples/001612_piano_0316.npz
1613,piano_0317,25,34,1,0,1.7528160802213273,0.15999996662139893,0.0015260402578860521,0.02957022190093994,0.7007882483303547,samples/001613_piano_0317.npz
1614,piano_0318,25,12,1,0,1.5478967702142232,0.15999913215637207,0.0014094385551288724,0.019107580184936523,0.6478712968528271,samples/001614_piano_0318.npz
1615,piano_0319,25,12,1,0,0.3880039015111712,0.07054793834686279,0.00012780558608938009,0.003134697675704956,0.6507649123668671,samples/001615_piano_0319.npz
1616,piano_0320,25,3,1,0,1.4740769189190441,0.15999898314476013,0.0009731045574881136,0.026722192764282227,0.6382106803357601,samples/001616_piano_0320.npz
1617,piano_0321,25,21,1,0,1.2514931105905298,0.15926387906074524,0.0010138570796698332,0.015062987804412842,0.6473407112061977,samples/001617_piano_0321.npz
1618,piano_0322,25,12,1,0,0.5688939480916965,0.0664825290441513,0.0002657639852259308,0.0032885223627090454,0.6436459682881832,samples/001618_piano_0322.npz
1619,piano_0323,25,3,1,0,0.5638790709429562,0.07453104853630066,0.0002950693015009165,0.005234718322753906,0.6760622896254063,samples/001619_piano_0323.npz
1620,piano_0324,25,34,1,0,0.9722272087529382,0.10310980677604675,0.0007520414073951542,0.009875714778900146,0.6991638317704201,samples/001620_piano_0324.npz
1621,piano_0325,25,21,1,0,0.5615664722703347,0.0686207264661789,0.00029563900898210704,0.005713820457458496,0.6981496289372444,samples/001621_piano_0325.npz
1622,piano_0326,25,34,1,0,0.5637833935030966,0.11048376560211182,0.00028954079607501626,0.005812644958496094,0.6835631728172302,samples/001622_piano_0326.npz
1623,piano_0327,25,36,1,0,0.9265366864267339,0.09251442551612854,0.0007212868658825755,0.007460832595825195,0.6556464731693268,samples/001623_piano_0327.npz
1624,piano_0328,25,3,1,0,0.5717609706133898,0.07427960634231567,0.0002936644305009395,0.005374908447265625,0.6507005952298641,samples/001624_piano_0328.npz
1625,piano_0329,25,4,1,0,1.0699623676839347,0.10362845659255981,0.0008667872752994299,0.011283069849014282,0.6489912010729313,samples/001625_piano_0329.npz
1626,piano_0330,25,27,1,0,0.929038775128597,0.09590217471122742,0.0007086559198796749,0.009481191635131836,0.6461838819086552,samples/001626_piano_0330.npz
1627,piano_0331,25,14,1,0,1.4888023005026028,0.15999990701675415,0.0013137420173734426,0.02070438861846924,0.651846494525671,samples/001627_piano_0331.npz
1628,plant_0241,26,15,1,0,1.025216224008008,0.12451989948749542,0.0008702505147084594,0.012425243854522705,0.6547542698681355,samples/001628_plant_0241.npz
1629,plant_0242,26,15,1,0,0.5759484261890557,0.06773293018341064,0.00031796505209058523,0.004358038306236267,0.6431000381708145,samples/001629_plant_0242.npz
1630,plant_0243,26,15,1,0,0.6942875519323249,0.09791815280914307,0.0002626219065859914,0.007488429546356201,0.6497991196811199,samples/001630_plant_0243.npz
1631,plant_0244,26,15,1,0,1.0692250651533042,0.15999948978424072,0.0010186289437115192,0.02626746892929077,0.6492789164185524,samples/001631_plant_0244.npz
1632,plant_0245,26,15,1,0,1.1158916587462118,0.15999937057495117,0.0008224573684856296,0.017051413655281067,0.672523245215416,samples/001632_plant_0245.npz
1633,plant_0246,26,15,1,0,0.0006745440874376344,0.0004161447286605835,7.821654435247183e-10,3.2782554626464844e-07,0.6448344253003597,samples/001633_plant_0246.npz
1634,plant_0247,26,15,1,0,0.8366593337133454,0.0997236967086792,0.000512821483425796,0.006270557641983032,0.6413152292370796,samples/001634_plant_0247.npz
1635,plant_0248,26,0,1,0,1.050592058018197,0.159999817609787,0.0005854014307260513,0.019171476364135742,0.6497707813978195,samples/001635_plant_0248.npz
1636,plant_0249,26,15,1,0,1.5754967700812554,0.15999945998191833,0.0015977250877767801,0.01855340600013733,0.6466341018676758,samples/001636_plant_0249.npz
1637,plant_0250,26,19,1,0,1.6494360154962533,0.15999996662139893,0.0004549577133730054,0.01519976556301117,0.6670282483100891,samples/001637_plant_0250.npz
1638,plant_0251,26,15,1,0,0.3881207829167983,0.08890436589717865,0.0001306117046624422,0.006572723388671875,0.666967049241066,samples/001638_plant_0251.npz
1639,plant_0252,26,18,1,0,4.6108103881873806e-05,5.900859832763672e-06,2.4590462999185547e-10,1.1920928955078125e-07,0.6582006700336933,samples/001639_plant_0252.npz
1640,plant_0253,26,4,1,0,1.7908678898673192,0.1599997580051422,0.0015995341818779707,0.03139901161193848,0.6919227875769138,samples/001640_plant_0253.npz
1641,plant_0254,26,15,1,0,0.6977529986237482,0.11360114812850952,0.0004059496277477592,0.00912564992904663,0.6931370683014393,samples/001641_plant_0254.npz
1642,plant_0255,26,15,1,0,1.4151601798782292,0.15999984741210938,0.0007727888878434896,0.021271273493766785,0.6905852779746056,samples/001642_plant_0255.npz
1643,plant_0256,26,15,1,0,1.1388316623077757,0.13142529129981995,0.0011102792341262102,0.0164528489112854,0.7009289637207985,samples/001643_plant_0256.npz
1644,plant_0257,26,15,1,0,1.4666187366146048,0.15999996662139893,0.0007629514439031482,0.02918839454650879,0.6931263618171215,samples/001644_plant_0257.npz
1645,plant_0258,26,15,1,0,0.00022823340375770551,0.00020766258239746094,8.185452315956354e-12,1.1920928955078125e-07,0.6479414142668247,samples/001645_plant_0258.npz
1646,plant_0259,26,15,1,0,0.5623676422483176,0.07026273012161255,0.00026866706321015954,0.005119204521179199,0.6508068069815636,samples/001646_plant_0259.npz
1647,plant_0260,26,15,1,0,0.38802878693828613,0.06560289859771729,0.00014646555064246058,0.005239546298980713,0.6456034928560257,samples/001647_plant_0260.npz
1648,plant_0261,26,15,1,0,0.0015202441147097868,0.0015127062797546387,1.7316779121756554e-09,2.294778823852539e-06,0.6453057862818241,samples/001648_plant_0261.npz
1649,plant_0262,26,0,1,0,2.997381975333589,0.1600000262260437,0.0019057667814195156,0.038648009300231934,0.6380693800747395,samples/001649_plant_0262.npz
1650,plant_0263,26,4,1,0,1.4551431730951159,0.15999984741210938,0.0006579707842320204,0.01147472858428955,0.6409511305391788,samples/001650_plant_0263.npz
1651,plant_0264,26,15,1,0,2.5397973333360007e-05,8.404254913330078e-06,-7.839844329282641e-10,1.1920928955078125e-07,0.6376724019646645,samples/001651_plant_0264.npz
1652,plant_0265,26,24,1,0,2.012519484478948,0.1600000262260437,0.0006571194389835,0.020497143268585205,0.6440805234014988,samples/001652_plant_0265.npz
1653,plant_0266,26,15,1,0,1.1440963830335387,0.14244312047958374,0.0008757500909268856,0.012723982334136963,0.6420932859182358,samples/001653_plant_0266.npz
1654,plant_0267,26,4,1,0,0.3876957112653781,0.07053646445274353,0.00013198130181990564,0.002649962902069092,0.6476267352700233,samples/001654_plant_0267.npz
1655,plant_0268,26,15,1,0,0.0003050853771828957,0.0002479851245880127,1.623448042664677e-09,1.1920928955078125e-07,0.6377580389380455,samples/001655_plant_0268.npz
1656,plant_0269,26,19,1,0,0.8270087366230766,0.10377973318099976,0.0005028090672567487,0.007393777370452881,0.634951438754797,samples/001656_plant_0269.npz
1657,plant_0270,26,15,1,0,0.705745360175761,0.10851621627807617,0.00037830660585314035,0.006933450698852539,0.735877800732851,samples/001657_plant_0270.npz
1658,plant_0271,26,15,1,0,1.2661242030357123,0.15999983251094818,0.0010603873524814844,0.014531999826431274,0.6455938778817654,samples/001658_plant_0271.npz
1659,plant_0272,26,15,1,0,0.6801729441828002,0.0763404369354248,0.0004136101924814284,0.005744516849517822,0.6561756022274494,samples/001659_plant_0272.npz
1660,plant_0273,26,15,1,0,0.729775339349227,0.1224457323551178,0.00040123495273292065,0.012411355972290039,0.6526114530861378,samples/001660_plant_0273.npz
1661,plant_0274,26,15,1,0,1.2686542005028365,0.15658916532993317,0.0009175593731924891,0.01541098952293396,0.6641299463808537,samples/001661_plant_0274.npz
1662,plant_0275,26,4,1,0,1.4155270700497213,0.1591513305902481,0.0010337420972064137,0.03150229901075363,0.6485356651246548,samples/001662_plant_0275.npz
1663,plant_0276,26,24,1,0,2.008833243515193,0.1599999964237213,0.0006166065577417612,0.013280510902404785,0.6452006846666336,samples/001663_plant_0276.npz
1664,plant_0277,26,15,1,0,0.9584726028556482,0.15207302570343018,0.0006010839715600014,0.015617311000823975,0.651586938649416,samples/001664_plant_0277.npz
1665,plant_0278,26,7,1,0,2.154176544398,0.1600000262260437,0.0012509197695180774,0.019551202654838562,0.6546613462269306,samples/001665_plant_0278.npz
1666,plant_0279,26,15,1,0,0.7314686179427209,0.08823035657405853,0.0004578718508128077,0.005484282970428467,0.6696396470069885,samples/001666_plant_0279.npz
1667,plant_0280,26,15,1,0,0.9639811346999898,0.1519475281238556,0.0007589615997858346,0.014524012804031372,0.6581558659672737,samples/001667_plant_0280.npz
1668,plant_0281,26,15,1,0,0.7014661612346289,0.10308419167995453,0.000355701835360378,0.009055942296981812,0.6754026226699352,samples/001668_plant_0281.npz
1669,plant_0282,26,15,1,0,0.9438466300504881,0.12993450462818146,0.0006209174171090126,0.007629752159118652,0.6458068303763866,samples/001669_plant_0282.npz
1670,plant_0283,26,15,1,0,1.2236708553699394,0.13033966720104218,0.00040903157787397504,0.009825490415096283,0.6133912615478039,samples/001670_plant_0283.npz
1671,plant_0284,26,15,1,0,1.1610329138257427,0.11342990398406982,0.0005154288373887539,0.011825084686279297,0.6905219964683056,samples/001671_plant_0284.npz
1672,plant_0285,26,15,1,0,0.38796808270394334,0.059361279010772705,0.0001394869468640536,0.0033897757530212402,0.6893232725560665,samples/001672_plant_0285.npz
1673,plant_0286,26,15,1,0,0.984375,0.15652483701705933,0.0003247250569984317,0.01499977707862854,0.6913507841527462,samples/001673_plant_0286.npz
1674,plant_0287,26,15,1,0,0.6915258853664105,0.06724458932876587,0.0003201408253517002,0.005170702934265137,0.6917978972196579,samples/001674_plant_0287.npz
1675,plant_0288,26,15,1,0,1.2101262605422352,0.13496151566505432,0.0008401079685427248,0.014234423637390137,0.7310997545719147,samples/001675_plant_0288.npz
1676,plant_0289,26,15,1,0,0.9960664633211116,0.1572275161743164,0.0008157581323757768,0.020038306713104248,0.7408017851412296,samples/001676_plant_0289.npz
1677,plant_0290,26,15,1,0,0.0015619710946111055,0.0014884769916534424,2.0561401470331475e-09,2.205371856689453e-06,0.7395439185202122,samples/001677_plant_0290.npz
1678,plant_0291,26,15,1,0,0.387974477618891,0.05785456299781799,0.00014618379645980895,0.003286391496658325,0.6790702752768993,samples/001678_plant_0291.npz
1679,plant_0292,26,15,1,0,0.38800371428836733,0.04830661416053772,0.00014086079318076372,0.0032649338245391846,0.661417655646801,samples/001679_plant_0292.npz
1680,plant_0293,26,15,1,0,0.7080883638007153,0.10323792695999146,0.00040099004399962723,0.0064553022384643555,0.6440077796578407,samples/001680_plant_0293.npz
1681,plant_0294,26,15,1,0,1.3324321467960694,0.15999996662139893,0.0006622807122766972,0.01803678274154663,0.6402016393840313,samples/001681_plant_0294.npz
1682,plant_0295,26,15,1,0,0.3879765228171912,0.06666639447212219,0.00013486898387782276,0.0037428587675094604,0.6446617171168327,samples/001682_plant_0295.npz
1683,plant_0296,26,15,1,0,1.2641991955153953,0.13611316680908203,0.0011464161798357964,0.018941044807434082,0.64413757994771,samples/001683_plant_0296.npz
1684,plant_0297,26,15,1,0,1.6058322467150308,0.15999995172023773,0.0018525519408285618,0.031100451946258545,0.6465981416404247,samples/001684_plant_0297.npz
1685,plant_0298,26,15,1,0,0.3879762491645223,0.06236708164215088,0.00013433193089440465,0.004884563386440277,0.6444527097046375,samples/001685_plant_0298.npz
1686,plant_0299,26,15,1,0,0.7401261363749582,0.0896901935338974,0.000520009605679661,0.009385824203491211,0.6488264016807079,samples/001686_plant_0299.npz
1687,plant_0300,26,15,1,0,0.38799173184100716,0.05638740956783295,0.00013047050742898136,0.003384232521057129,0.6848594956099987,samples/001687_plant_0300.npz
1688,plant_0301,26,15,1,0,1.0653906796707058,0.137592613697052,0.0003642570518422872,0.013014644384384155,0.6566433310508728,samples/001688_plant_0301.npz
1689,plant_0302,26,15,1,0,1.4038117569597515,0.1599999964237213,0.0007621949771419168,0.020858287811279297,0.6401542760431767,samples/001689_plant_0302.npz
1690,plant_0303,26,15,1,0,0.5759305351548214,0.07821720838546753,0.0003103608905803412,0.007584750652313232,0.671754714101553,samples/001690_plant_0303.npz
1691,plant_0304,26,15,1,0,0.9572620814127157,0.15054291486740112,0.0007838879246264696,0.018088102340698242,0.680616918951273,samples/001691_plant_0304.npz
1692,plant_0305,26,15,1,0,1.3993217826493456,0.11770612001419067,0.001080105546861887,0.013474613428115845,0.6514869555830956,samples/001692_plant_0305.npz
1693,plant_0306,26,15,1,0,0.5709946093630494,0.06453651189804077,0.00030894417432136834,0.004638314247131348,0.6470000259578228,samples/001693_plant_0306.npz
1694,plant_0307,26,15,1,0,1.0328253504289844,0.11809706687927246,0.0007220188854262233,0.01808258891105652,0.6507786996662617,samples/001694_plant_0307.npz
1695,plant_0308,26,15,1,0,1.423281655013667,0.15999983251094818,0.0006339980755001307,0.030239731073379517,0.6457406207919121,samples/001695_plant_0308.npz
1696,plant_0309,26,15,1,0,0.3879791297092545,0.06707131862640381,0.000142110584420152,0.004989326000213623,0.6392558142542839,samples/001696_plant_0309.npz
1697,plant_0310,26,15,1,0,0.693775578620122,0.08721701800823212,0.00046045397175475955,0.01052325963973999,0.6476337090134621,samples/001697_plant_0310.npz
1698,plant_0311,26,15,1,0,0.0005138110461004804,0.0004891157150268555,-2.529986886656843e-09,2.384185791015625e-07,0.640704769641161,samples/001698_plant_0311.npz
1699,plant_0312,26,15,1,0,2.4458606093497965,0.1600000262260437,0.001531021436676383,0.04070049524307251,0.6432615853846073,samples/001699_plant_0312.npz
1700,plant_0313,26,15,1,0,1.4223700699020538,0.15999965369701385,0.0009536899160593748,0.03245466947555542,0.6511140093207359,samples/001700_plant_0313.npz
1701,plant_0314,26,15,1,0,1.962124074174189,0.1600000113248825,0.0014286864316090941,0.03193792700767517,0.6522841975092888,samples/001701_plant_0314.npz
1702,plant_0315,26,15,1,0,0.3879974350712368,0.07208573818206787,0.00014192966045811772,0.0035807788372039795,0.6429025717079639,samples/001702_plant_0315.npz
1703,plant_0316,26,26,0,0,2.930954682006647,0.1600000113248825,0.0016069933772087097,0.03015303611755371,0.6497707068920135,samples/001703_plant_0316.npz
1704,plant_0317,26,37,1,0,0.00012003073755220436,6.0170888900756836e-05,-2.202796167694032e-09,2.384185791015625e-07,0.6693492718040943,samples/001704_plant_0317.npz
1705,plant_0318,26,15,1,0,0.5416786524167937,0.07417187094688416,0.00022853937116451561,0.00443461537361145,0.6503711640834808,samples/001705_plant_0318.npz
1706,plant_0319,26,15,1,0,0.38798028192115924,0.05092275142669678,0.00014664052287116647,0.003452673554420471,0.6776047609746456,samples/001706_plant_0319.npz
1707,plant_0320,26,4,1,0,0.8258400920449566,0.10862256586551666,0.0005877496441826224,0.014023452997207642,0.6613266840577126,samples/001707_plant_0320.npz
1708,plant_0321,26,15,1,0,1.9295683603921507,0.15999987721443176,0.0023465168196707964,0.03513538837432861,0.6357360146939754,samples/001708_plant_0321.npz
1709,plant_0322,26,15,1,0,1.3361738564731351,0.15999986231327057,0.0005028600571677089,0.016250193119049072,0.6416393779218197,samples/001709_plant_0322.npz
1710,plant_0323,26,15,1,0,0.9466382023288509,0.11565408110618591,0.0005391036393120885,0.010275065898895264,0.6373708620667458,samples/001710_plant_0323.npz
1711,plant_0324,26,37,1,0,0.0008195391998047165,0.0008025467395782471,1.1024212653865106e-09,6.556510925292969e-07,0.639092206954956,samples/001711_plant_0324.npz
1712,plant_0325,26,15,1,0,0.00015781943843838853,8.726119995117188e-05,1.0319354259991087e-09,1.1920928955078125e-07,0.6379073895514011,samples/001712_plant_0325.npz
1713,plant_0326,26,15,1,0,1.3988989383059471,0.1599999964237213,0.0008799194474704564,0.024781599640846252,0.6385131739079952,samples/001713_plant_0326.npz
1714,plant_0327,26,15,1,0,1.0281826264020864,0.11337482929229736,0.0005737451137974858,0.013579457998275757,0.6345466114580631,samples/001714_plant_0327.npz
1715,plant_0328,26,4,1,0,1.7655649765749712,0.15999986231327057,0.0012875731335952878,0.020543456077575684,0.656994454562664,samples/001715_plant_0328.npz
1716,plant_0329,26,15,1,0,0.3879824711143511,0.07206889986991882,0.00014302358613349497,0.0047158896923065186,0.6351018622517586,samples/001716_plant_0329.npz
1717,plant_0330,26,15,1,0,1.0335644845430794,0.1067996621131897,0.0006067170761525631,0.009852558374404907,0.6349417865276337,samples/001717_plant_0330.npz
1718,plant_0331,26,26,0,0,3.0035452160696656,0.1600000262260437,0.0017874522600322962,0.035903289914131165,0.6301413848996162,samples/001718_plant_0331.npz
1719,plant_0332,26,15,1,0,1.6636798579894851,0.1600000262260437,0.0012777725933119655,0.02524542808532715,0.6313590295612812,samples/001719_plant_0332.npz
1720,plant_0333,26,15,1,0,0.5796977057676764,0.07503893226385117,0.0003060681337956339,0.0065653324127197266,0.6548122689127922,samples/001720_plant_0333.npz
1721,plant_0334,26,15,1,0,1.1427805012204444,0.15999990701675415,0.0005080808186903596,0.017421230673789978,0.6525659337639809,samples/001721_plant_0334.npz
1722,plant_0335,26,15,1,0,0.6811939513921857,0.08190202713012695,0.00024264812236651778,0.004577517509460449,0.6588303185999393,samples/001722_plant_0335.npz
1723,plant_0336,26,15,1,0,1.7617428390987495,0.1600000113248825,0.0016556172631680965,0.04646790027618408,0.6605182662606239,samples/001723_plant_0336.npz
1724,plant_0337,26,15,1,0,1.3964821768790066,0.15999996662139893,0.001214618911035359,0.023395240306854248,0.6467822194099426,samples/001724_plant_0337.npz
1725,plant_0338,26,24,1,0,1.606461211244702,0.1600000262260437,0.00032601458951830864,0.025343626737594604,0.643586777150631,samples/001725_plant_0338.npz
1726,plant_0339,26,15,1,0,0.686188422082486,0.11670446395874023,0.0002977246476802975,0.00667235255241394,0.6476932987570763,samples/001726_plant_0339.npz
1727,plant_0340,26,15,1,0,2.4032460820880313,0.1599999964237213,0.0012667925329878926,0.035204023122787476,0.6482526063919067,samples/001727_plant_0340.npz
1728,radio_0105,27,14,1,0,0.5550734090906732,0.08837617933750153,0.0002507545577827841,0.0033048465847969055,0.6503435336053371,samples/001728_radio_0105.npz
1729,radio_0106,27,26,1,0,1.0145469372439946,0.1416827291250229,0.00023611579672433436,0.012239970266819,0.6536083146929741,samples/001729_radio_0106.npz
1730,radio_0107,27,9,1,0,0.002213480964602895,0.0011449307203292847,5.2532413974404335e-09,2.384185791015625e-06,0.6627429127693176,samples/001730_radio_0107.npz
1731,radio_0108,27,36,1,0,0.3881927633102212,0.08736863732337952,0.0001311050436925143,0.005144715309143066,0.6496938653290272,samples/001731_radio_0108.npz
1732,radio_0109,27,26,1,0,0.710963489770052,0.1599999964237213,0.00021787182777188718,0.013918772339820862,0.6495453752577305,samples/001732_radio_0109.npz
1733,radio_0110,27,23,1,0,0.8191182571435147,0.1599990725517273,0.0004319138824939728,0.01818692684173584,0.6495059356093407,samples/001733_radio_0110.npz
1734,radio_0111,27,4,1,0,0.3879849915517416,0.06240963935852051,0.0001462566142436117,0.004788696765899658,0.6412131786346436,samples/001734_radio_0111.npz
1735,radio_0112,27,34,1,0,0.8256038309165739,0.12117691338062286,0.0005319874035194516,0.014679968357086182,0.6542847752571106,samples/001735_radio_0112.npz
1736,radio_0113,27,36,1,0,0.00036980953843220976,0.0001831650733947754,-1.873559085652232e-09,1.1920928955078125e-07,0.6428750604391098,samples/001736_radio_0113.npz
1737,radio_0114,27,29,1,0,0.874940188952236,0.15628314018249512,0.0003469289804343134,0.014040946960449219,0.649271797388792,samples/001737_radio_0114.npz
1738,radio_0115,27,16,1,0,0.010948311077237533,0.003363966941833496,1.1302472557872534e-07,1.2934207916259766e-05,0.6491476409137249,samples/001738_radio_0115.npz
1739,radio_0116,27,39,1,0,0.5552197240182278,0.10130828619003296,0.0002842241374310106,0.012659788131713867,0.6401416659355164,samples/001739_radio_0116.npz
1740,radio_0117,27,38,1,0,1.49126855405407,0.13886886835098267,0.0012497288407757878,0.015242576599121094,0.6473900191485882,samples/001740_radio_0117.npz
1741,radio_0118,27,23,1,0,0.7156215251188578,0.15999990701675415,0.00043886032653972507,0.010931789875030518,0.6444812081754208,samples/001741_radio_0118.npz
1742,radio_0119,27,29,1,0,1.4239971547205499,0.15922269225120544,0.0010542299132794142,0.008309930562973022,0.6514022760093212,samples/001742_radio_0119.npz
1743,radio_0120,27,36,1,0,0.005776550107882794,0.003373384475708008,3.291643224656582e-08,1.2159347534179688e-05,0.6781468242406845,samples/001743_radio_0120.npz
1744,radio_0121,27,16,1,0,0.6888581861833161,0.08992205560207367,0.00038988678716123104,0.007087200880050659,0.6650035828351974,samples/001744_radio_0121.npz
1745,radio_0122,27,16,1,0,0.38803813296248213,0.0985320508480072,0.0001357952132821083,0.004118204116821289,0.6629837825894356,samples/001745_radio_0122.npz
1746,radio_0123,27,16,1,0,0.38822106234541903,0.05034106969833374,0.00014598369307350367,0.004054367542266846,0.6730007007718086,samples/001746_radio_0123.npz
1747,radio_0124,27,36,1,0,0.882115164617753,0.11120609939098358,0.00029087913571856916,0.008443355560302734,0.6666475906968117,samples/001747_radio_0124.npz
1748,range_hood_0116,28,27,1,0,1.1200716230575312,0.1457313746213913,0.0007328356732614338,0.015439093112945557,0.6552911810576916,samples/001748_range_hood_0116.npz
1749,range_hood_0117,28,34,1,0,0.011896386632385087,0.0027389228343963623,1.391563273500651e-07,1.043081283569336e-05,0.6671832725405693,samples/001749_range_hood_0117.npz
1750,range_hood_0118,28,29,1,0,1.1548524090980723,0.1600000262260437,0.0007939401548355818,0.018453523516654968,0.6579218506813049,samples/001750_range_hood_0118.npz
1751,range_hood_0119,28,21,1,0,0.7463753852747413,0.14854562282562256,0.00045711619895882905,0.009099602699279785,0.6675874777138233,samples/001751_range_hood_0119.npz
1752,range_hood_0120,28,21,1,0,0.3878405656810642,0.09443389624357224,0.00013894624134991318,0.009782552719116211,0.6783702075481415,samples/001752_range_hood_0120.npz
1753,range_hood_0121,28,21,1,0,0.8524814599361973,0.11821459233760834,0.0005771740688942373,0.011429846286773682,0.676994077861309,samples/001753_range_hood_0121.npz
1754,range_hood_0122,28,21,1,0,0.8391921864881094,0.15999963879585266,0.0005404981784522533,0.008573353290557861,0.6740633733570576,samples/001754_range_hood_0122.npz
1755,range_hood_0123,28,21,1,0,0.38800279257478504,0.07997296750545502,0.00012889654317405075,0.005648672580718994,0.7768404819071293,samples/001755_range_hood_0123.npz
1756,range_hood_0124,28,21,1,0,0.8163141353787358,0.10967874526977539,0.0005214516422711313,0.011273443698883057,0.7810806147754192,samples/001756_range_hood_0124.npz
1757,range_hood_0125,28,21,1,0,0.5622702168972435,0.09068331122398376,0.00027359137311577797,0.007855832576751709,0.7741157598793507,samples/001757_range_hood_0125.npz
1758,range_hood_0126,28,21,1,0,0.9929076457337525,0.14920499920845032,0.0007036261959001422,0.008790761232376099,0.7856166064739227,samples/001758_range_hood_0126.npz
1759,range_hood_0127,28,21,1,0,1.1766500083326812,0.12363976240158081,0.0009468384087085724,0.013731122016906738,0.7693231552839279,samples/001759_range_hood_0127.npz
1760,range_hood_0128,28,21,1,0,0.8604600385505806,0.14314991235733032,0.0005832059541717172,0.009946167469024658,0.7820829972624779,samples/001760_range_hood_0128.npz
1761,range_hood_0129,28,21,1,0,0.5704005447776996,0.06940478086471558,0.0002963283332064748,0.004820644855499268,0.7608244270086288,samples/001761_range_hood_0129.npz
1762,range_hood_0130,28,21,1,0,0.7130146075567417,0.11225417256355286,0.0004167117294855416,0.008405476808547974,0.6892456524074078,samples/001762_range_hood_0130.npz
1763,range_hood_0131,28,21,1,0,0.9784632229050843,0.1599990874528885,0.0007100156508386135,0.009032607078552246,0.6918887719511986,samples/001763_range_hood_0131.npz
1764,range_hood_0132,28,21,1,0,0.8603544635702144,0.1599999964237213,0.0006106128566898406,0.014493614435195923,0.7390470206737518,samples/001764_range_hood_0132.npz
1765,range_hood_0133,28,21,1,0,1.1674209254072763,0.14225633442401886,0.0009205961832776666,0.011831343173980713,0.6908594518899918,samples/001765_range_hood_0133.npz
1766,range_hood_0134,28,21,1,0,1.0785529489770191,0.14219048619270325,0.0007969773141667247,0.010376155376434326,0.6941840760409832,samples/001766_range_hood_0134.npz
1767,range_hood_0135,28,21,1,0,0.38800862525663565,0.09491181373596191,0.00013246454182080925,0.007372558116912842,0.6667141951620579,samples/001767_range_hood_0135.npz
1768,range_hood_0136,28,5,1,0,1.5129706942927836,0.1599999964237213,0.0010593209881335497,0.013428568840026855,0.6717540994286537,samples/001768_range_hood_0136.npz
1769,range_hood_0137,28,31,1,0,1.4129488021014507,0.15999910235404968,0.0008226546924561262,0.02028810977935791,0.67815350741148,samples/001769_range_hood_0137.npz
1770,range_hood_0138,28,21,1,0,0.9511216011312504,0.12438666820526123,0.0007085618562996387,0.011407405138015747,0.662556067109108,samples/001770_range_hood_0138.npz
1771,range_hood_0139,28,21,1,0,0.3879194980720145,0.06038200855255127,0.00014536778326146305,0.005441069602966309,0.6948827542364597,samples/001771_range_hood_0139.npz
1772,range_hood_0140,28,21,1,0,0.38797283569132684,0.10600399971008301,0.00014216288400348276,0.007467031478881836,0.6716223731637001,samples/001772_range_hood_0140.npz
1773,range_hood_0141,28,7,1,0,1.6014563548571816,0.15999996662139893,0.0011668945662677288,0.018632233142852783,0.6731831766664982,samples/001773_range_hood_0141.npz
1774,range_hood_0142,28,21,1,0,0.72531303520791,0.11098036170005798,0.00044248788617551327,0.009870409965515137,0.6830986700952053,samples/001774_range_hood_0142.npz
1775,range_hood_0143,28,5,1,0,1.2866307991139523,0.1599997878074646,0.0010031885467469692,0.017537176609039307,0.6673428900539875,samples/001775_range_hood_0143.npz
1776,range_hood_0144,28,34,1,0,0.01837747560905059,0.0032323896884918213,3.275854396633804e-07,1.099705696105957e-05,0.6708826310932636,samples/001776_range_hood_0144.npz
1777,range_hood_0145,28,21,1,0,1.2790957693195082,0.15413306653499603,0.0010626227594912052,0.01789325475692749,0.6971384398639202,samples/001777_range_hood_0145.npz
1778,range_hood_0146,28,21,1,0,0.9493188687494583,0.1422916203737259,0.0006633949233219028,0.013498097658157349,0.6828589960932732,samples/001778_range_hood_0146.npz
1779,range_hood_0147,28,21,1,0,0.7372048417752541,0.08910581469535828,0.000464950455352664,0.007929623126983643,0.6649566404521465,samples/001779_range_hood_0147.npz
1780,range_hood_0148,28,21,1,0,0.8515744602168398,0.12765522301197052,0.0005870314198546112,0.011666789650917053,0.6750422529876232,samples/001780_range_hood_0148.npz
1781,range_hood_0149,28,21,1,0,0.9902906683997851,0.13409081101417542,0.0007430039113387465,0.013413548469543457,0.7270425707101822,samples/001781_range_hood_0149.npz
1782,range_hood_0150,28,21,1,0,1.2421453216877383,0.13538892567157745,0.001020134543068707,0.010161399841308594,0.666285902261734,samples/001782_range_hood_0150.npz
1783,range_hood_0151,28,21,1,0,1.171219184474182,0.15999996662139893,0.0009575539734214544,0.017747163772583008,0.6673014163970947,samples/001783_range_hood_0151.npz
1784,range_hood_0152,28,21,1,0,0.8496804043248031,0.11169520020484924,0.0005814055912196636,0.009319603443145752,0.6870079822838306,samples/001784_range_hood_0152.npz
1785,range_hood_0153,28,21,1,0,0.7238661972713506,0.14119763672351837,0.0004380968166515231,0.007837355136871338,0.7321499958634377,samples/001785_range_hood_0153.npz
1786,range_hood_0154,28,21,1,0,0.7210584245420939,0.11910820007324219,0.00043275378993712366,0.00797659158706665,0.6772353984415531,samples/001786_range_hood_0154.npz
1787,range_hood_0155,28,21,1,0,1.3599194061367337,0.1599997878074646,0.0011908571468666196,0.019766122102737427,0.696344505995512,samples/001787_range_hood_0155.npz
1788,range_hood_0156,28,21,1,0,1.222967735807701,0.1599997878074646,0.0009742699912749231,0.015713989734649658,0.662910956889391,samples/001788_range_hood_0156.npz
1789,range_hood_0157,28,21,1,0,0.3880129313037673,0.08836567401885986,0.00013702538853976876,0.00414198637008667,0.6626721285283566,samples/001789_range_hood_0157.npz
1790,range_hood_0158,28,27,1,0,0.005799437720110769,0.003877103328704834,2.943852450698614e-08,1.5556812286376953e-05,0.6921281963586807,samples/001790_range_hood_0158.npz
1791,range_hood_0159,28,34,1,0,1.1318299471916342,0.1600000262260437,0.0009186408715322614,0.021647214889526367,0.6677902899682522,samples/001791_range_hood_0159.npz
1792,range_hood_0160,28,21,1,0,0.8423911649916535,0.12419667840003967,0.0005568393389694393,0.009645015001296997,0.6811130493879318,samples/001792_range_hood_0160.npz
1793,range_hood_0161,28,21,1,0,1.1575477637205709,0.1540113389492035,0.0008469574386253953,0.011498600244522095,0.7208152525126934,samples/001793_range_hood_0161.npz
1794,range_hood_0162,28,21,1,0,1.1011824662483063,0.15999916195869446,0.0009124515345320106,0.014094173908233643,0.7114662379026413,samples/001794_range_hood_0162.npz
1795,range_hood_0163,28,27,1,0,1.1149683967524981,0.1322004199028015,0.0006775239598937333,0.012657850980758667,0.7145111709833145,samples/001795_range_hood_0163.npz
1796,range_hood_0164,28,34,1,0,1.6808454913240376,0.1599999964237213,0.0010992144234478474,0.025135815143585205,0.7069608122110367,samples/001796_range_hood_0164.npz
1797,range_hood_0165,28,21,1,0,0.38803904019167373,0.05699710547924042,0.0001393172424286604,0.003688812255859375,0.6582672484219074,samples/001797_range_hood_0165.npz
1798,range_hood_0166,28,5,1,0,0.5661247408873238,0.06202661991119385,0.0002875297795981169,0.004668056964874268,0.6392672434449196,samples/001798_range_hood_0166.npz
1799,range_hood_0167,28,21,1,0,0.5598169552147803,0.09262710809707642,0.0002777307527139783,0.008722066879272461,0.6500411815941334,samples/001799_range_hood_0167.npz
1800,range_hood_0168,28,21,1,0,0.38810861691160875,0.05843073129653931,0.0001458277110941708,0.003954410552978516,0.6471209451556206,samples/001800_range_hood_0168.npz
1801,range_hood_0169,28,21,1,0,1.1673556348430276,0.1311812400817871,0.0009501923341304064,0.011662900447845459,0.6446639932692051,samples/001801_range_hood_0169.npz
1802,range_hood_0170,28,21,1,0,0.8290723114784714,0.11069464683532715,0.0005868064472451806,0.009642302989959717,0.6888048462569714,samples/001802_range_hood_0170.npz
1803,range_hood_0171,28,21,1,0,0.5633839972509509,0.09546476602554321,0.00027546630008146167,0.006162405014038086,0.6503029577434063,samples/001803_range_hood_0171.npz
1804,range_hood_0172,28,29,1,0,0.7102502603278644,0.15495291352272034,0.00038178771501407027,0.016061753034591675,0.6474917382001877,samples/001804_range_hood_0172.npz
1805,range_hood_0173,28,16,1,0,1.3201430398210343,0.1437431275844574,0.001045140903443098,0.014768362045288086,0.6397271379828453,samples/001805_range_hood_0173.npz
1806,range_hood_0174,28,37,1,0,1.1175668645862817,0.14131420850753784,0.0006205118261277676,0.010595202445983887,0.6411964595317841,samples/001806_range_hood_0174.npz
1807,range_hood_0175,28,21,1,0,0.9468355756049411,0.13577339053153992,0.0006653169402852654,0.00980234146118164,0.6392839178442955,samples/001807_range_hood_0175.npz
1808,range_hood_0176,28,21,1,0,0.8396726212143371,0.14790494740009308,0.0005652746185660362,0.007658541202545166,0.6401455625891685,samples/001808_range_hood_0176.npz
1809,range_hood_0177,28,21,1,0,0.5805050598535153,0.07241219282150269,0.00030952002271078527,0.007148027420043945,0.6564458198845387,samples/001809_range_hood_0177.npz
1810,range_hood_0178,28,34,1,0,0.5704551087365103,0.07738840579986572,0.00030364980921149254,0.007901310920715332,0.6396730691194534,samples/001810_range_hood_0178.npz
1811,range_hood_0179,28,34,1,0,0.7385632718041778,0.1001022607088089,0.00045544831664301455,0.007329344749450684,0.6444044820964336,samples/001811_range_hood_0179.npz
1812,range_hood_0180,28,31,1,0,0.5688181529764403,0.07055831700563431,0.0002766730613075197,0.0036255717277526855,0.6498680338263512,samples/001812_range_hood_0180.npz
1813,range_hood_0181,28,34,1,0,1.2207794897988837,0.15169239044189453,0.0009163053473457694,0.015492260456085205,0.6531541012227535,samples/001813_range_hood_0181.npz
1814,range_hood_0182,28,9,1,0,0.9295790793405474,0.1223335862159729,0.0006028509233146906,0.00923532247543335,0.6462043039500713,samples/001814_range_hood_0182.npz
1815,range_hood_0183,28,2,1,0,0.8442931810998718,0.10056355595588684,0.0005376361077651381,0.00993165373802185,0.6606835313141346,samples/001815_range_hood_0183.npz
1816,range_hood_0184,28,20,1,0,1.3256476465904954,0.15999990701675415,0.0009757883381098509,0.018847346305847168,0.6642891690135002,samples/001816_range_hood_0184.npz
1817,range_hood_0185,28,27,1,0,1.7953870832523586,0.15999996662139893,0.0014760633930563927,0.028923869132995605,0.6466889902949333,samples/001817_range_hood_0185.npz
1818,range_hood_0186,28,26,1,0,1.2923259693205211,0.15688195824623108,0.0008852390456013381,0.013458967208862305,0.6526038534939289,samples/001818_range_hood_0186.npz
1819,range_hood_0187,28,9,1,0,0.8273537211046934,0.15275372564792633,0.00043793016811832786,0.004921093583106995,0.6499616652727127,samples/001819_range_hood_0187.npz
1820,range_hood_0188,28,27,1,0,1.039922272478139,0.13854950666427612,0.0006433767266571522,0.013244330883026123,0.6483874320983887,samples/001820_range_hood_0188.npz
1821,range_hood_0189,28,36,1,0,0.003950161383386469,0.0029584169387817383,1.4068064047023654e-08,8.940696716308594e-06,0.6551175937056541,samples/001821_range_hood_0189.npz
1822,range_hood_0190,28,21,1,0,0.5724977471690433,0.07245051860809326,0.0003022606251761317,0.00428164005279541,0.7026009261608124,samples/001822_range_hood_0190.npz
1823,range_hood_0191,28,21,1,0,0.5668529721977845,0.07837599515914917,0.00029091257601976395,0.007472395896911621,0.6724359877407551,samples/001823_range_hood_0191.npz
1824,range_hood_0192,28,21,1,0,1.2368745003304573,0.15999814867973328,0.0009282892569899559,0.014079451560974121,0.6474540121853352,samples/001824_range_hood_0192.npz
1825,range_hood_0193,28,34,1,0,0.5662764104469299,0.07775098085403442,0.00028205738635733724,0.005080997943878174,0.6817840225994587,samples/001825_range_hood_0193.npz
1826,range_hood_0194,28,37,1,0,0.7200327911459796,0.08915114402770996,0.00044227484613657,0.008198142051696777,0.6426220089197159,samples/001826_range_hood_0194.npz
1827,range_hood_0195,28,37,1,0,0.9190844958441517,0.12234081327915192,0.00048455307842232287,0.011061787605285645,0.6509220749139786,samples/001827_range_hood_0195.npz
1828,range_hood_0196,28,9,1,0,1.0699673813233144,0.12900406122207642,0.0007168214651755989,0.014215409755706787,0.6641925647854805,samples/001828_range_hood_0196.npz
1829,range_hood_0197,28,39,1,0,0.008469650812492329,0.004986882209777832,6.986942935327534e-08,2.9772520065307617e-05,0.658823985606432,samples/001829_range_hood_0197.npz
1830,range_hood_0198,28,21,1,0,0.38801817338360317,0.05660805106163025,0.00014107130118645728,0.0037490129470825195,0.652145266532898,samples/001830_range_hood_0198.npz
1831,range_hood_0199,28,21,1,0,0.0031332460967366726,0.0015218853950500488,1.0226358426734805e-08,3.3974647521972656e-06,0.6543064638972282,samples/001831_range_hood_0199.npz
1832,range_hood_0200,28,21,1,0,1.6499467602723568,0.1600000262260437,0.0013477233005687594,0.020816147327423096,0.6638670451939106,samples/001832_range_hood_0200.npz
1833,range_hood_0201,28,21,1,0,0.5686682618795856,0.15053850412368774,0.00027996621793136,0.005180805921554565,0.674793753772974,samples/001833_range_hood_0201.npz
1834,range_hood_0202,28,21,1,0,0.5808640367619732,0.08328092843294144,0.0003123557835351676,0.00962364673614502,0.6530887819826603,samples/001834_range_hood_0202.npz
1835,range_hood_0203,28,21,1,0,0.5462336389701492,0.07044536620378494,0.00027935742400586605,0.0055915117263793945,0.6620209068059921,samples/001835_range_hood_0203.npz
1836,range_hood_0204,28,21,1,0,0.9461858356495713,0.12209665775299072,0.0006672938470728695,0.009552001953125,0.6588693149387836,samples/001836_range_hood_0204.npz
1837,range_hood_0205,28,21,1,0,0.9918899240074109,0.15999990701675415,0.0006902351742610335,0.014896392822265625,0.6579928658902645,samples/001837_range_hood_0205.npz
1838,range_hood_0206,28,21,1,0,0.8445371294125726,0.15607023239135742,0.0005670944810844958,0.01440274715423584,0.6601809971034527,samples/001838_range_hood_0206.npz
1839,range_hood_0207,28,34,1,0,0.736152941761825,0.08502276241779327,0.00044087605783715844,0.007814034819602966,0.6587813571095467,samples/001839_range_hood_0207.npz
1840,range_hood_0208,28,14,1,0,0.5610635814985654,0.07989346981048584,0.00029360782355070114,0.004935950040817261,0.6468324884772301,samples/001840_range_hood_0208.npz
1841,range_hood_0209,28,36,1,0,0.57371748239957,0.10873881727457047,0.00028975814348086715,0.008815526962280273,0.6542648412287235,samples/001841_range_hood_0209.npz
1842,range_hood_0210,28,21,1,0,0.9594124112616476,0.1599995195865631,0.0006951445247977972,0.009898573160171509,0.6551908738911152,samples/001842_range_hood_0210.npz
1843,range_hood_0211,28,21,1,0,0.9706197814162468,0.13701774179935455,0.000685995735693723,0.010354042053222656,0.6797207333147526,samples/001843_range_hood_0211.npz
1844,range_hood_0212,28,21,1,0,0.388045189133621,0.08158120512962341,0.0001425713999196887,0.007828295230865479,0.6727843880653381,samples/001844_range_hood_0212.npz
1845,range_hood_0213,28,21,1,0,0.9825198539882745,0.1444128453731537,0.0007255743839778006,0.016551971435546875,0.7052499875426292,samples/001845_range_hood_0213.npz
1846,range_hood_0214,28,21,1,0,1.0731875932464727,0.14242827892303467,0.0008628693758510053,0.01767110824584961,0.657045740634203,samples/001846_range_hood_0214.npz
1847,range_hood_0215,28,21,1,0,0.6960842157603615,0.129717618227005,0.0004359483427833766,0.009860754013061523,0.6483230218291283,samples/001847_range_hood_0215.npz
1848,sink_0129,29,23,1,0,1.582989607276225,0.1599999964237213,0.0007607461884617805,0.016259878873825073,0.6749097406864166,samples/001848_sink_0129.npz
1849,sink_0130,29,2,1,0,1.1106878088567034,0.15999960899353027,0.0008619852596893907,0.023368746042251587,0.657791506499052,samples/001849_sink_0130.npz
1850,sink_0131,29,23,1,0,0.6933877321274016,0.08380642533302307,0.00043170666322112083,0.007119238376617432,0.6804913841187954,samples/001850_sink_0131.npz
1851,sink_0132,29,12,1,0,1.065482903120943,0.12932197749614716,0.0006777868256904185,0.011425942182540894,0.670832272619009,samples/001851_sink_0132.npz
1852,sink_0133,29,26,1,0,1.0657757582534886,0.1401500701904297,0.0005494042998179793,0.013511955738067627,0.647362407296896,samples/001852_sink_0133.npz
1853,sink_0134,29,4,1,0,0.0025814780872980133,0.0017229169607162476,7.009930413914844e-09,3.606081008911133e-06,0.6588996723294258,samples/001853_sink_0134.npz
1854,sink_0135,29,23,1,0,1.7786781416081525,0.1599999964237213,0.001115730730816722,0.02837282419204712,0.6778873354196548,samples/001854_sink_0135.npz
1855,sink_0136,29,14,1,0,0.3881321855008904,0.11677923798561096,0.00013420618779491633,0.004654824733734131,0.6421808935701847,samples/001855_sink_0136.npz
1856,sink_0137,29,26,1,0,1.1385861817662382,0.13966107368469238,0.0006055153207853436,0.012519732117652893,0.643160704523325,samples/001856_sink_0137.npz
1857,sink_0138,29,26,1,0,1.2306106485563586,0.14562678337097168,0.0007061603246256709,0.019903898239135742,0.6476147249341011,samples/001857_sink_0138.npz
1858,sink_0139,29,1,1,0,0.6898518238912793,0.07871708273887634,0.00038472749292850494,0.004437923431396484,0.6765319146215916,samples/001858_sink_0139.npz
1859,sink_0140,29,38,1,0,0.38823426113909215,0.07322728633880615,0.00014460382226388901,0.004189059138298035,0.6596672758460045,samples/001859_sink_0140.npz
1860,sink_0141,29,39,1,0,1.1797550384185935,0.1599997878074646,0.0009681920055299997,0.03538757562637329,0.6469890438020229,samples/001860_sink_0141.npz
1861,sink_0142,29,26,1,0,0.8122710217091788,0.12104042619466782,0.0003895559348165989,0.009791210293769836,0.655300248414278,samples/001861_sink_0142.npz
1862,sink_0143,29,1,1,0,0.9241095793634679,0.1059752106666565,0.0005895833019167185,0.00915023684501648,0.6446728557348251,samples/001862_sink_0143.npz
1863,sink_0144,29,15,1,0,0.700038780687879,0.1246805191040039,0.0003006867482326925,0.012597441673278809,0.6610245890915394,samples/001863_sink_0144.npz
1864,sink_0145,29,1,1,0,0.38797763182866285,0.06884130835533142,0.00012887065531685948,0.003905683755874634,0.6619668640196323,samples/001864_sink_0145.npz
1865,sink_0146,29,15,1,0,1.3928793732472542,0.1600000262260437,0.0010177013464272022,0.01897341012954712,0.6480737812817097,samples/001865_sink_0146.npz
1866,sink_0147,29,1,1,0,0.8138231269658782,0.1161544919013977,0.0005150456563569605,0.010617733001708984,0.6445267759263515,samples/001866_sink_0147.npz
1867,sink_0148,29,35,1,0,0.007414642221512171,0.005927860736846924,5.6127191783161834e-08,3.88026237487793e-05,0.6533760987222195,samples/001867_sink_0148.npz
1868,sofa_0681,30,23,1,0,0.5719449899400006,0.14219647645950317,0.0002782359952107072,0.015256404876708984,0.6498722732067108,samples/001868_sofa_0681.npz
1869,sofa_0682,30,23,1,0,0.7110842039892068,0.11214804649353027,0.00042418099474161863,0.005492478609085083,0.6540921740233898,samples/001869_sofa_0682.npz
1870,sofa_0683,30,7,1,0,0.7273479031322335,0.10283118486404419,0.00046688487054780126,0.01015383005142212,0.6495271660387516,samples/001870_sofa_0683.npz
1871,sofa_0684,30,15,1,0,1.4337819363097772,0.15999960899353027,0.0012222646037116647,0.02262061834335327,0.6945642717182636,samples/001871_sofa_0684.npz
1872,sofa_0685,30,34,1,0,1.843436165948344,0.159999817609787,0.00132741779088974,0.018122166395187378,0.6427929364144802,samples/001872_sofa_0685.npz
1873,sofa_0686,30,33,1,0,1.5544276379736433,0.1600000262260437,0.0010589414741843939,0.0320742130279541,0.6707807034254074,samples/001873_sofa_0686.npz
1874,sofa_0687,30,12,1,0,1.6246581084712521,0.1599995493888855,0.0011399886570870876,0.0145035982131958,0.6904173195362091,samples/001874_sofa_0687.npz
1875,sofa_0688,30,26,1,0,2.0256775640807945,0.1599999964237213,0.0016162588726729155,0.020035579800605774,0.6888388656079769,samples/001875_sofa_0688.npz
1876,sofa_0689,30,2,1,0,1.9620038662793624,0.1599999964237213,0.0014833984896540642,0.022104114294052124,0.7045845650136471,samples/001876_sofa_0689.npz
1877,sofa_0690,30,12,1,0,1.1230628899800703,0.10469438135623932,0.0007234720978885889,0.00987178087234497,0.6870708540081978,samples/001877_sofa_0690.npz
1878,sofa_0691,30,2,1,0,1.6881044682733932,0.1599999964237213,0.0011976428795605898,0.021149158477783203,0.6925675347447395,samples/001878_sofa_0691.npz
1879,sofa_0692,30,1,1,0,1.454604042191372,0.1600000113248825,0.0009891592198982835,0.02091173827648163,0.6450482718646526,samples/001879_sofa_0692.npz
1880,sofa_0693,30,2,1,0,1.85742120111014,0.1599999964237213,0.0014021745882928371,0.018490731716156006,0.6465125307440758,samples/001880_sofa_0693.npz
1881,sofa_0694,30,23,1,0,1.892495829679664,0.1599999964237213,0.0015858320984989405,0.018090367317199707,0.6374093778431416,samples/001881_sofa_0694.npz
1882,sofa_0695,30,2,1,0,1.0975380287446583,0.1275530904531479,0.0006361543200910091,0.010883569717407227,0.6402423307299614,samples/001882_sofa_0695.npz
1883,sofa_0696,30,26,1,0,1.6787805992172495,0.15999996662139893,0.0016150895971804857,0.020069167017936707,0.6390492804348469,samples/001883_sofa_0696.npz
1884,sofa_0697,30,12,1,0,1.4519552013761068,0.15999989211559296,0.0011340209748595953,0.022895634174346924,0.6442477777600288,samples/001884_sofa_0697.npz
1885,sofa_0698,30,29,1,0,1.5460288883769722,0.15999948978424072,0.0010021310299634933,0.017508812248706818,0.6599998399615288,samples/001885_sofa_0698.npz
1886,sofa_0699,30,14,1,0,1.2124021348096565,0.15999993681907654,0.000956187373958528,0.01403731107711792,0.6535133980214596,samples/001886_sofa_0699.npz
1887,sofa_0700,30,12,1,0,1.3517324748680204,0.14748892188072205,0.0009640390053391457,0.021403253078460693,0.6760976873338223,samples/001887_sofa_0700.npz
1888,sofa_0701,30,2,1,0,1.9009716874572269,0.1599999964237213,0.0017187069170176983,0.027105629444122314,0.6605400964617729,samples/001888_sofa_0701.npz
1889,sofa_0702,30,2,1,0,1.9439269497415268,0.1599999964237213,0.0014363471418619156,0.01750880479812622,0.6446526981890202,samples/001889_sofa_0702.npz
1890,sofa_0703,30,14,1,0,0.8019166665910836,0.0888548493385315,0.000508977915160358,0.0062528252601623535,0.6746218204498291,samples/001890_sofa_0703.npz
1891,sofa_0704,30,26,1,0,1.6562431803149047,0.15999910235404968,0.0011723809875547886,0.027398884296417236,0.649033609777689,samples/001891_sofa_0704.npz
1892,sofa_0705,30,34,1,0,1.7305095486965785,0.15999960899353027,0.0013196254149079323,0.015373945236206055,0.6220734231173992,samples/001892_sofa_0705.npz
1893,sofa_0706,30,36,1,0,1.199423098471875,0.1575811803340912,0.0010159553494304419,0.013635694980621338,0.6930517815053463,samples/001893_sofa_0706.npz
1894,sofa_0707,30,2,1,0,2.076789857288347,0.15999993681907654,0.001427292125299573,0.030130326747894287,0.6839780583977699,samples/001894_sofa_0707.npz
1895,sofa_0708,30,7,1,0,1.635601089996624,0.15298065543174744,0.0009891021763905883,0.015034064650535583,0.6981490291655064,samples/001895_sofa_0708.npz
1896,sofa_0709,30,29,1,0,0.7927391490301922,0.15999972820281982,0.0004522482631728053,0.018089234828948975,0.6965066753327847,samples/001896_sofa_0709.npz
1897,sofa_0710,30,14,1,0,1.14544853193647,0.15999963879585266,0.0007953395834192634,0.014145523309707642,0.6960180886089802,samples/001897_sofa_0710.npz
1898,sofa_0711,30,7,1,0,1.8259377722190746,0.1599999964237213,0.0013614280615001917,0.01049661636352539,0.7343029379844666,samples/001898_sofa_0711.npz
1899,sofa_0712,30,26,1,0,1.363524778634039,0.1599999964237213,0.0010715046664699912,0.022119730710983276,0.6972751542925835,samples/001899_sofa_0712.npz
1900,sofa_0713,30,36,1,0,1.8988409673260045,0.15999992191791534,0.001587130594998598,0.027813494205474854,0.6568780839443207,samples/001900_sofa_0713.npz
1901,sofa_0714,30,14,1,0,1.9595810959765556,0.1599999964237213,0.0014920312678441405,0.024636805057525635,0.6560450531542301,samples/001901_sofa_0714.npz
1902,sofa_0715,30,15,1,0,1.7652055022581172,0.15999990701675415,0.0013250309275463223,0.015467911958694458,0.6695900745689869,samples/001902_sofa_0715.npz
1903,sofa_0716,30,26,1,0,1.504670501327755,0.15999996662139893,0.0011670197127386928,0.013402372598648071,0.6646872498095036,samples/001903_sofa_0716.npz
1904,sofa_0717,30,26,1,0,1.4103386251175545,0.1600000113248825,0.0009230614523403347,0.017626680433750153,0.6704294607043266,samples/001904_sofa_0717.npz
1905,sofa_0718,30,26,1,0,2.4952596067628336,0.1600000262260437,0.0019339413847774267,0.03368562459945679,0.677132111042738,samples/001905_sofa_0718.npz
1906,sofa_0719,30,14,1,0,1.8129273601378217,0.1599999964237213,0.0011908361921086907,0.024848058819770813,0.6568495072424412,samples/001906_sofa_0719.npz
1907,sofa_0720,30,23,1,0,1.6105539577568024,0.15999996662139893,0.001344822347164154,0.013688445091247559,0.6541409976780415,samples/001907_sofa_0720.npz
1908,sofa_0721,30,2,1,0,2.1040816966611264,0.15999993681907654,0.0013950348366051912,0.031021997332572937,0.6471051201224327,samples/001908_sofa_0721.npz
1909,sofa_0722,30,26,1,0,2.0262039596814883,0.1599999964237213,0.0015975520946085453,0.03164657950401306,0.6445954814553261,samples/001909_sofa_0722.npz
1910,sofa_0723,30,12,1,0,1.3973665665405222,0.12768656015396118,0.00106214196421206,0.010180354118347168,0.6445234529674053,samples/001910_sofa_0723.npz
1911,sofa_0724,30,26,1,0,2.1290619119553487,0.1599999964237213,0.0014718803577125072,0.02157232165336609,0.6416348963975906,samples/001911_sofa_0724.npz
1912,sofa_0725,30,14,1,0,1.942402052748081,0.1600000262260437,0.0017040104139596224,0.028418004512786865,0.6371649727225304,samples/001912_sofa_0725.npz
1913,sofa_0726,30,15,1,0,1.4390025993082456,0.1599999964237213,0.0010794959962368011,0.016827315092086792,0.6632981710135937,samples/001913_sofa_0726.npz
1914,sofa_0727,30,23,1,0,2.4946032448309476,0.1599999964237213,0.0018238737247884274,0.019688308238983154,0.6418928019702435,samples/001914_sofa_0727.npz
1915,sofa_0728,30,26,1,0,1.530002884114109,0.1600000262260437,0.0008432285394519567,0.02431243658065796,0.6390227563679218,samples/001915_sofa_0728.npz
1916,sofa_0729,30,14,1,0,1.9293036754833546,0.15999993681907654,0.0013946136459708214,0.021276116371154785,0.644407857209444,samples/001916_sofa_0729.npz
1917,sofa_0730,30,15,1,0,1.761581550888983,0.15999990701675415,0.0014453418552875519,0.023199737071990967,0.6425507850944996,samples/001917_sofa_0730.npz
1918,sofa_0731,30,2,1,0,1.843753620726053,0.1599999964237213,0.001228982349857688,0.021524548530578613,0.6388447731733322,samples/001918_sofa_0731.npz
1919,sofa_0732,30,2,1,0,1.0204537263254083,0.15016525983810425,0.0006611695280298591,0.011686831712722778,0.6433404684066772,samples/001919_sofa_0732.npz
1920,sofa_0733,30,2,1,0,0.8025481293408185,0.13180291652679443,0.0004820202011615038,0.012093529105186462,0.6357119679450989,samples/001920_sofa_0733.npz
1921,sofa_0734,30,14,1,0,1.6782070289041824,0.15999984741210938,0.001068062148988247,0.019619345664978027,0.6348023377358913,samples/001921_sofa_0734.npz
1922,sofa_0735,30,14,1,0,1.399018129825709,0.15999947488307953,0.0011286514345556498,0.029430687427520752,0.633593425154686,samples/001922_sofa_0735.npz
1923,sofa_0736,30,23,1,0,0.568974918651973,0.07511484622955322,0.0002986200270242989,0.004860579967498779,0.6451242454349995,samples/001923_sofa_0736.npz
1924,sofa_0737,30,14,1,0,1.9720492193819241,0.1600000262260437,0.0013904481893405318,0.01718616485595703,0.6425390318036079,samples/001924_sofa_0737.npz
1925,sofa_0738,30,14,1,0,1.4823572800626885,0.15999996662139893,0.0013236793456599116,0.01877516508102417,0.6399558819830418,samples/001925_sofa_0738.npz
1926,sofa_0739,30,2,1,0,1.4197935232634054,0.1599997580051422,0.0010242495918646455,0.020150303840637207,0.6463625133037567,samples/001926_sofa_0739.npz
1927,sofa_0740,30,14,1,0,1.297767515884033,0.15999940037727356,0.000930240610614419,0.016360223293304443,0.6529175154864788,samples/001927_sofa_0740.npz
1928,sofa_0741,30,23,1,0,0.8542772120762583,0.12199099361896515,0.0005072550848126411,0.0113200843334198,0.6963489428162575,samples/001928_sofa_0741.npz
1929,sofa_0742,30,23,1,0,1.7229248667855876,0.15999998152256012,0.0013099112547934055,0.01175948977470398,0.6859326623380184,samples/001929_sofa_0742.npz
1930,sofa_0743,30,26,1,0,1.9497760900910606,0.1599999964237213,0.001660580513998866,0.024554163217544556,0.7636426649987698,samples/001930_sofa_0743.npz
1931,sofa_0744,30,14,1,0,1.8715626680530442,0.1600000262260437,0.0013118456117808819,0.01548139750957489,0.6958262585103512,samples/001931_sofa_0744.npz
1932,sofa_0745,30,15,1,0,1.2068915054757225,0.14030468463897705,0.0009323675185441971,0.016683384776115417,0.7074612155556679,samples/001932_sofa_0745.npz
1933,sofa_0746,30,12,1,0,2.23812721880835,0.15999998152256012,0.001437455415725708,0.027096807956695557,0.6887709125876427,samples/001933_sofa_0746.npz
1934,sofa_0747,30,23,1,0,2.0936220044540463,0.1599999964237213,0.0015874262899160385,0.01725238561630249,0.6741746999323368,samples/001934_sofa_0747.npz
1935,sofa_0748,30,36,1,0,1.826401901037603,0.1599999964237213,0.0012587246019393206,0.031805455684661865,0.6782403029501438,samples/001935_sofa_0748.npz
1936,sofa_0749,30,26,1,0,1.801476036306251,0.1599999964237213,0.0012485896004363894,0.012682199478149414,0.7057931087911129,samples/001936_sofa_0749.npz
1937,sofa_0750,30,12,1,0,1.534920186536824,0.1599999964237213,0.0011268758680671453,0.017634540796279907,0.7080120742321014,samples/001937_sofa_0750.npz
1938,sofa_0751,30,3,1,0,1.6523537601681768,0.1599999964237213,0.0010848247911781073,0.029277950525283813,0.6785600520670414,samples/001938_sofa_0751.npz
1939,sofa_0752,30,26,1,0,2.1314730787570375,0.15999992191791534,0.0014581400901079178,0.017748981714248657,0.6700113229453564,samples/001939_sofa_0752.npz
1940,sofa_0753,30,14,1,0,1.3214742526513257,0.15999984741210938,0.0011159686837345362,0.01746821403503418,0.7352200262248516,samples/001940_sofa_0753.npz
1941,sofa_0754,30,12,1,0,1.647210174995027,0.1599999964237213,0.0012264710385352373,0.029410526156425476,0.7050886563956738,samples/001941_sofa_0754.npz
1942,sofa_0755,30,2,1,0,1.0453691184957088,0.1599999964237213,0.0006806995952501893,0.008004069328308105,0.6860831193625927,samples/001942_sofa_0755.npz
1943,sofa_0756,30,26,1,0,1.6294559127682078,0.1599997878074646,0.0013138115173205733,0.024058759212493896,0.6671624481678009,samples/001943_sofa_0756.npz
1944,sofa_0757,30,2,1,0,1.5977512508585008,0.1599999964237213,0.0010873484425246716,0.020003080368041992,0.6887528710067272,samples/001944_sofa_0757.npz
1945,sofa_0758,30,14,1,0,1.8325691978743568,0.1599999964237213,0.0014688201481476426,0.03255659341812134,0.6743934191763401,samples/001945_sofa_0758.npz
1946,sofa_0759,30,23,1,0,1.2510835481229872,0.15999451279640198,0.0008796110050752759,0.015243738889694214,0.6590653397142887,samples/001946_sofa_0759.npz
1947,sofa_0760,30,23,1,0,1.4553879990344885,0.15999996662139893,0.001148063107393682,0.011579155921936035,0.6599709987640381,samples/001947_sofa_0760.npz
1948,sofa_0761,30,14,1,0,1.720343613927884,0.1600000262260437,0.0014890420716255903,0.019976258277893066,0.69983334466815,samples/001948_sofa_0761.npz
1949,sofa_0762,30,14,1,0,1.4497059622606787,0.1599999964237213,0.0010767783969640732,0.02088451385498047,0.6710886135697365,samples/001949_sofa_0762.npz
1950,sofa_0763,30,34,1,0,1.8609032961683216,0.15999995172023773,0.0013648555614054203,0.02882366254925728,0.6752750016748905,samples/001950_sofa_0763.npz
1951,sofa_0764,30,2,1,0,1.1882440218840307,0.1599990427494049,0.0008369031711481512,0.01346750557422638,0.6813060976564884,samples/001951_sofa_0764.npz
1952,sofa_0765,30,26,1,0,1.673911325174082,0.1599997729063034,0.0014403939712792635,0.029357731342315674,0.6688839420676231,samples/001952_sofa_0765.npz
1953,sofa_0766,30,14,1,0,1.942597758510164,0.1599999964237213,0.001596477348357439,0.015051603317260742,0.707212645560503,samples/001953_sofa_0766.npz
1954,sofa_0767,30,23,1,0,2.219818905454864,0.1600000262260437,0.001737314509227872,0.025813966989517212,0.7252181172370911,samples/001954_sofa_0767.npz
1955,sofa_0768,30,15,1,0,1.6528586268574348,0.15269480645656586,0.0010925602400675416,0.013612449169158936,0.6997210718691349,samples/001955_sofa_0768.npz
1956,sofa_0769,30,2,1,0,0.9451577714128021,0.12927690148353577,0.0005723642534576356,0.015369191765785217,0.6604554951190948,samples/001956_sofa_0769.npz
1957,sofa_0770,30,34,1,0,1.7161336405373535,0.159999817609787,0.00125345669221133,0.019600212574005127,0.6608574390411377,samples/001957_sofa_0770.npz
1958,sofa_0771,30,23,1,0,1.4008654822806303,0.15999984741210938,0.0010302835144102573,0.014175564050674438,0.6542112603783607,samples/001958_sofa_0771.npz
1959,sofa_0772,30,14,1,0,2.1530352137742694,0.1599999964237213,0.0015886174514889717,0.02996000647544861,0.6822705306112766,samples/001959_sofa_0772.npz
1960,sofa_0773,30,26,1,0,1.7998757557904792,0.1600000113248825,0.0014429398579522967,0.029977023601531982,0.6774050705134869,samples/001960_sofa_0773.npz
1961,sofa_0774,30,26,1,0,1.677543034150768,0.15999995172023773,0.001282721757888794,0.022334635257720947,0.688260767608881,samples/001961_sofa_0774.npz
1962,sofa_0775,30,12,1,0,1.783544869072663,0.15999984741210938,0.0013687203172594309,0.025526344776153564,0.6917434707283974,samples/001962_sofa_0775.npz
1963,sofa_0776,30,2,1,0,1.8424915286093262,0.1600000262260437,0.001165539724752307,0.01324760913848877,0.71207719668746,samples/001963_sofa_0776.npz
1964,sofa_0777,30,2,1,0,0.8508978183220293,0.11791884899139404,0.0005389531725086272,0.009250819683074951,0.7088236100971699,samples/001964_sofa_0777.npz
1965,sofa_0778,30,23,1,0,1.7719857075332257,0.1599999964237213,0.0014966251328587532,0.01624155044555664,0.676671713590622,samples/001965_sofa_0778.npz
1966,sofa_0779,30,23,1,0,1.42593999527632,0.15999996662139893,0.0010477034375071526,0.011363774538040161,0.7159789614379406,samples/001966_sofa_0779.npz
1967,sofa_0780,30,1,1,0,1.4564564570823781,0.1599999964237213,0.0010675361845642328,0.01434558629989624,0.7141187116503716,samples/001967_sofa_0780.npz
1968,stairs_0125,31,26,1,0,0.8360596237817548,0.10879355669021606,0.0003444468311499804,0.011763513088226318,0.6725846491754055,samples/001968_stairs_0125.npz
1969,stairs_0126,31,15,1,0,0.9899133015007647,0.1344839334487915,0.0005629010847769678,0.014690041542053223,0.6693477779626846,samples/001969_stairs_0126.npz
1970,stairs_0127,31,26,1,0,1.161926114033783,0.13740530610084534,0.0006324424757622182,0.01815009117126465,0.6782968379557133,samples/001970_stairs_0127.npz
1971,stairs_0128,31,34,1,0,0.0017888839125185724,0.0014888942241668701,2.422893885523081e-09,2.384185791015625e-06,0.6699319928884506,samples/001971_stairs_0128.npz
1972,stairs_0129,31,26,1,0,1.121287697952522,0.11341159045696259,0.0007739841821603477,0.0067861080169677734,0.6568494625389576,samples/001972_stairs_0129.npz
1973,stairs_0130,31,29,1,0,1.0914531432817998,0.11832243204116821,0.0006964761414565146,0.009257525205612183,0.6689245477318764,samples/001973_stairs_0130.npz
1974,stairs_0131,31,2,1,0,0.5640333852360303,0.08184997737407684,0.0002655346761457622,0.0044387876987457275,0.7037789113819599,samples/001974_stairs_0131.npz
1975,stairs_0132,31,3,1,0,1.3996539871894904,0.15999996662139893,0.0007993504405021667,0.019123077392578125,0.737885233014822,samples/001975_stairs_0132.npz
1976,stairs_0133,31,26,1,0,0.8216021890002632,0.09837198257446289,0.00035583056160248816,0.0068312883377075195,0.663067601621151,samples/001976_stairs_0133.npz
1977,stairs_0134,31,26,1,0,1.0081937201976532,0.1506645232439041,0.0005502777639776468,0.011532604694366455,0.6649950370192528,samples/001977_stairs_0134.npz
1978,stairs_0135,31,29,1,0,1.1171849924339483,0.1279635727405548,0.0007994212210178375,0.013164222240447998,0.6747737154364586,samples/001978_stairs_0135.npz
1979,stairs_0136,31,26,1,0,1.0433960799970032,0.15691864490509033,0.000523800146766007,0.015557408332824707,0.6966972835361958,samples/001979_stairs_0136.npz
1980,stairs_0137,31,29,1,0,0.5574253373549782,0.12002818286418915,0.0002657259756233543,0.009674876928329468,0.6622423902153969,samples/001980_stairs_0137.npz
1981,stairs_0138,31,26,1,0,0.7989478639433135,0.11389267444610596,0.0003708656586240977,0.012438982725143433,0.659007154405117,samples/001981_stairs_0138.npz
1982,stairs_0139,31,26,1,0,0.3879812468959965,0.0895039439201355,9.07624198589474e-05,0.004715144634246826,0.6363697052001953,samples/001982_stairs_0139.npz
1983,stairs_0140,31,26,1,0,1.5207051349413974,0.15999995172023773,0.0009678608039394021,0.020563751459121704,0.6352600753307343,samples/001983_stairs_0140.npz
1984,stairs_0141,31,34,1,0,0.838546576199267,0.12283521890640259,0.0004883746150881052,0.012844979763031006,0.6398742534220219,samples/001984_stairs_0141.npz
1985,stairs_0142,31,26,1,0,0.9283240923572831,0.11847525835037231,0.0005340696079656482,0.010278820991516113,0.6482345871627331,samples/001985_stairs_0142.npz
1986,stairs_0143,31,7,1,0,0.38797567305300945,0.0657849907875061,0.0001352554972982034,0.004202216863632202,0.6489335410296917,samples/001986_stairs_0143.npz
1987,stairs_0144,31,26,1,0,1.3404376879462632,0.15999995172023773,0.000786984630394727,0.0159795880317688,0.6528834477066994,samples/001987_stairs_0144.npz
1988,stool_0091,32,19,1,0,0.6942865861182063,0.08401691913604736,0.00031881709583103657,0.0045771002769470215,0.6863206550478935,samples/001988_stool_0091.npz
1989,stool_0092,32,23,1,0,0.8346463597969378,0.11072957515716553,0.0004800044698640704,0.009269028902053833,0.6931364648044109,samples/001989_stool_0092.npz
1990,stool_0093,32,5,1,0,0.003782135813812878,0.003699660301208496,1.397347659803927e-08,1.3709068298339844e-05,0.6945750042796135,samples/001990_stool_0093.npz
1991,stool_0094,32,26,1,0,1.2890858734786128,0.11910289525985718,0.0008555359672755003,0.009539395570755005,0.6913674287497997,samples/001991_stool_0094.npz
1992,stool_0095,32,8,1,0,0.8390151793706085,0.1301489770412445,0.0005052589112892747,0.01640671119093895,0.698283527046442,samples/001992_stool_0095.npz
1993,stool_0096,32,8,1,0,0.004850923821330982,0.002440810203552246,2.2267158783506602e-08,8.761882781982422e-06,0.6756870448589325,samples/001993_stool_0096.npz
1994,stool_0097,32,24,1,0,1.090068998952691,0.1374760866165161,0.0004805814241990447,0.005226001143455505,0.6520671211183071,samples/001994_stool_0097.npz
1995,stool_0098,32,8,1,0,0.3879782799507825,0.07240380346775055,0.00011517344682943076,0.0027115046977996826,0.6548918597400188,samples/001995_stool_0098.npz
1996,stool_0099,32,8,1,0,0.00024413693969965364,0.0001736283302307129,-8.049028110690415e-11,1.1920928955078125e-07,0.6541926600039005,samples/001996_stool_0099.npz
1997,stool_0100,32,33,1,0,0.697014547069653,0.0767984390258789,0.0002847455907613039,0.00499793142080307,0.6350596360862255,samples/001997_stool_0100.npz
1998,stool_0101,32,19,1,0,1.222574395800479,0.15999996662139893,0.0006295464700087905,0.0076715461909770966,0.6353445909917355,samples/001998_stool_0101.npz
1999,stool_0102,32,19,1,0,0.5613080747842156,0.07726824283599854,0.0002689202665351331,0.0058432817459106445,0.6425443775951862,samples/001999_stool_0102.npz
2000,stool_0103,32,33,1,0,0.0011731326888792873,0.0005054771900177002,1.5199930203380063e-09,2.980232238769531e-07,0.6588096432387829,samples/002000_stool_0103.npz
2001,stool_0104,32,33,1,0,0.5559200843476197,0.08208557963371277,0.0002719417097978294,0.004861265420913696,0.6429409645497799,samples/002001_stool_0104.npz
2002,stool_0105,32,19,1,0,0.9247581043213138,0.1222313642501831,0.0005425444105640054,0.010260991752147675,0.6399781741201878,samples/002002_stool_0105.npz
2003,stool_0106,32,26,1,0,0.9337434848113821,0.1272902488708496,0.0005609769141301513,0.008396148681640625,0.6378515362739563,samples/002003_stool_0106.npz
2004,stool_0107,32,26,1,0,0.8328168142468211,0.10196185111999512,0.00038038979982957244,0.007646583020687103,0.6397214606404305,samples/002004_stool_0107.npz
2005,stool_0108,32,19,1,0,0.9702167942927911,0.10420382022857666,0.0004415193689055741,0.00822632759809494,0.6555214188992977,samples/002005_stool_0108.npz
2006,stool_0109,32,8,1,0,0.6864170518385992,0.08579175174236298,0.0002481926931068301,0.005244553089141846,0.6852329783141613,samples/002006_stool_0109.npz
2007,stool_0110,32,33,1,0,0.5622155145638238,0.08847153931856155,0.0001952530728885904,0.00423053652048111,0.7111468091607094,samples/002007_stool_0110.npz
2008,table_0393,33,12,1,0,0.5644718615844198,0.07978475093841553,0.00028428272344172,0.005605936050415039,0.6489036157727242,samples/002008_table_0393.npz
2009,table_0394,33,12,1,0,0.6830188731780691,0.07906335592269897,0.0003863925812765956,0.00654447078704834,0.659330453723669,samples/002009_table_0394.npz
2010,table_0395,33,12,1,0,0.5532928179889249,0.08268281817436218,0.00022949985577724874,0.0047692060470581055,0.6402827128767967,samples/002010_table_0395.npz
2011,table_0396,33,3,1,0,1.3263171963292861,0.15999996662139893,0.0007299775024875998,0.015972554683685303,0.636296920478344,samples/002011_table_0396.npz
2012,table_0397,33,12,1,0,0.5581489005423207,0.1002856194972992,0.00024306174600496888,0.007073312997817993,0.6472061388194561,samples/002012_table_0397.npz
2013,table_0398,33,12,1,0,0.011792275898493987,0.00485914945602417,1.3713815860683098e-07,2.5510787963867188e-05,0.6494482383131981,samples/002013_table_0398.npz
2014,table_0399,33,3,1,0,0.9187500895286049,0.12169551849365234,0.000424237921833992,0.015154123306274414,0.6363761015236378,samples/002014_table_0399.npz
2015,table_0400,33,12,1,0,0.9684919351971634,0.1120242178440094,0.0006744253914803267,0.009022057056427002,0.6495324820280075,samples/002015_table_0400.npz
2016,table_0401,33,12,1,0,0.0005296885065474993,0.0003432631492614746,1.9754224922508e-09,1.1920928955078125e-07,0.6354564167559147,samples/002016_table_0401.npz
2017,table_0402,33,3,1,0,0.898718648955284,0.12191164493560791,0.0004144808917772025,0.011225700378417969,0.6346833035349846,samples/002017_table_0402.npz
2018,table_0403,33,12,1,0,0.684515642059165,0.08503858745098114,0.0002848388394340873,0.005224466323852539,0.6379185877740383,samples/002018_table_0403.npz
2019,table_0404,33,26,1,0,1.111289601923727,0.15075889229774475,0.0006825833115726709,0.01614665985107422,0.6426856927573681,samples/002019_table_0404.npz
2020,table_0405,33,3,1,0,0.6874445871216209,0.08301055431365967,0.00034715968649834394,0.005564987659454346,0.644601758569479,samples/002020_table_0405.npz
2021,table_0406,33,12,1,0,0.387920088671817,0.06807821989059448,0.0001350590755464509,0.0031066536903381348,0.6440711729228497,samples/002021_table_0406.npz
2022,table_0407,33,12,1,0,0.3879858556979348,0.08188891410827637,0.00013623584527522326,0.006280958652496338,0.6468516737222672,samples/002022_table_0407.npz
2023,table_0408,33,26,1,0,1.4657904045616934,0.15999886393547058,0.0007107902783900499,0.020774126052856445,0.6467895284295082,samples/002023_table_0408.npz
2024,table_0409,33,12,1,0,0.00022455025700498122,8.386373519897461e-05,-1.6407284419983625e-09,1.1920928955078125e-07,0.6346711739897728,samples/002024_table_0409.npz
2025,table_0410,33,12,1,0,0.388017539729364,0.0642307847738266,0.00014137150719761848,0.0036827921867370605,0.6442601196467876,samples/002025_table_0410.npz
2026,table_0411,33,12,1,0,0.010002500125890957,0.0037183761596679688,9.570794645696878e-08,1.3828277587890625e-05,0.6456837058067322,samples/002026_table_0411.npz
2027,table_0412,33,12,1,0,0.006909818022704744,0.0030449628829956055,4.672983777709305e-08,9.5367431640625e-06,0.6532287411391735,samples/002027_table_0412.npz
2028,table_0413,33,3,1,0,1.1808129682895832,0.14305560290813446,0.0005597652634605765,0.017129957675933838,0.6652938313782215,samples/002028_table_0413.npz
2029,table_0414,33,12,1,0,0.8135527154967546,0.13922294974327087,0.00037206331035122275,0.011653125286102295,0.6726188473403454,samples/002029_table_0414.npz
2030,table_0415,33,12,1,0,0.5564125597691634,0.06604212522506714,0.00026158164837397635,0.0033986568450927734,0.643798753619194,samples/002030_table_0415.npz
2031,table_0416,33,26,1,0,1.2951657855207148,0.1600000262260437,0.0006423487211577594,0.017036765813827515,0.6381130293011665,samples/002031_table_0416.npz
2032,table_0417,33,12,1,0,0.9244776855600161,0.12259164452552795,0.0005259908502921462,0.011293888092041016,0.6447264067828655,samples/002032_table_0417.npz
2033,table_0418,33,3,1,0,0.3882868071759017,0.053595662117004395,0.00012270049774087965,0.0029497146606445312,0.6682499386370182,samples/002033_table_0418.npz
2034,table_0419,33,12,1,0,0.3885575131039089,0.09883859753608704,0.0001271852379431948,0.00309830904006958,0.6582142636179924,samples/002034_table_0419.npz
2035,table_0420,33,12,1,0,0.013218373955737366,0.00564950704574585,1.714642792194354e-07,3.314018249511719e-05,0.6669758446514606,samples/002035_table_0420.npz
2036,table_0421,33,12,1,0,0.38788493921544004,0.0706280767917633,0.000126103957882151,0.003663778305053711,0.6432611010968685,samples/002036_table_0421.npz
2037,table_0422,33,12,1,0,0.6873622561229176,0.1426042914390564,0.00035765516804531217,0.007332175970077515,0.638514794409275,samples/002037_table_0422.npz
2038,table_0423,33,12,1,0,0.9318795047858364,0.12244883179664612,0.0006203256780281663,0.009639203548431396,0.6445580720901489,samples/002038_table_0423.npz
2039,table_0424,33,3,1,0,0.5603820345741483,0.084530770778656,0.00027993562980555,0.00542604923248291,0.6330456994473934,samples/002039_table_0424.npz
2040,table_0425,33,3,1,0,0.9788591158906408,0.09654992818832397,0.00047550874296575785,0.00842691957950592,0.6278658322989941,samples/002040_table_0425.npz
2041,table_0426,33,3,1,0,0.6932006761775706,0.08432629704475403,0.0003220421203877777,0.0055350661277771,0.6304572522640228,samples/002041_table_0426.npz
2042,table_0427,33,12,1,0,0.0050223338129289676,0.0033786892890930176,2.4933797249104828e-08,1.2278556823730469e-05,0.6470436379313469,samples/002042_table_0427.npz
2043,table_0428,33,3,1,0,0.7867590358840721,0.11416846513748169,0.00042473303619772196,0.009775876998901367,0.6466850563883781,samples/002043_table_0428.npz
2044,table_0429,33,12,1,0,0.008577151483980194,0.004547119140625,7.370181265287101e-08,2.086162567138672e-05,0.6477026380598545,samples/002044_table_0429.npz
2045,table_0430,33,12,1,0,0.012668064712204838,0.005602657794952393,1.5634213923476636e-07,3.635883331298828e-05,0.6991393081843853,samples/002045_table_0430.npz
2046,table_0431,33,3,1,0,0.38798559645427894,0.05902218818664551,0.0001240828714799136,0.002679586410522461,0.7043060213327408,samples/002046_table_0431.npz
2047,table_0432,33,3,1,0,0.6906773555985113,0.08334054052829742,0.00035128131275996566,0.0054700374603271484,0.6882029138505459,samples/002047_table_0432.npz
2048,table_0433,33,26,1,0,1.336475933055202,0.1600000262260437,0.0007952498854137957,0.018048852682113647,0.6884321942925453,samples/002048_table_0433.npz
2049,table_0434,33,12,1,0,1.2302016922106367,0.1599999964237213,0.0005091233178973198,0.015363901853561401,0.6372342444956303,samples/002049_table_0434.npz
2050,table_0435,33,12,1,0,0.01307324288698522,0.004970848560333252,1.690436874923762e-07,2.753734588623047e-05,0.64154202491045,samples/002050_table_0435.npz
2051,table_0436,33,12,1,0,0.38797084808550464,0.0714799165725708,0.00013600125384982675,0.003934979438781738,0.644387386739254,samples/002051_table_0436.npz
2052,table_0437,33,12,1,0,0.5541747033162677,0.07390201091766357,0.0002716870803851634,0.005228281021118164,0.639782190322876,samples/002052_table_0437.npz
2053,table_0438,33,12,1,0,0.005623176179770657,0.0019021928310394287,3.1664058042224497e-08,4.649162292480469e-06,0.6386643126606941,samples/002053_table_0438.npz
2054,table_0439,33,12,1,0,0.38802353060081424,0.08523702621459961,0.0001297522394452244,0.0031931400299072266,0.6415547989308834,samples/002054_table_0439.npz
2055,table_0440,33,12,1,0,0.38798293199555434,0.07204678654670715,0.00013321629376150668,0.00393068790435791,0.6489259228110313,samples/002055_table_0440.npz
2056,table_0441,33,12,1,0,0.6968865846945421,0.10398519039154053,0.00033932027872651815,0.007070302963256836,0.6618130877614021,samples/002056_table_0441.npz
2057,table_0442,33,3,1,0,0.9128886290150124,0.13896311819553375,0.00041326976497657597,0.00828629732131958,0.63925901055336,samples/002057_table_0442.npz
2058,table_0443,33,12,1,0,0.7029762746556996,0.08387482166290283,0.0003465129993855953,0.005085855722427368,0.6429171487689018,samples/002058_table_0443.npz
2059,table_0444,33,12,1,0,0.38799659975487755,0.07671298086643219,0.00013438229507301003,0.004986658692359924,0.6445707269012928,samples/002059_table_0444.npz
2060,table_0445,33,12,1,0,0.000514690080112706,0.00028201937675476074,-5.093170329928398e-10,2.384185791015625e-07,0.6410525590181351,samples/002060_table_0445.npz
2061,table_0446,33,12,1,0,0.8203145435852753,0.1452733278274536,0.00040955067379400134,0.01349031925201416,0.6898714378476143,samples/002061_table_0446.npz
2062,table_0447,33,3,1,0,0.6934491703827236,0.09795058518648148,0.0003106300428044051,0.008457720279693604,0.6960321739315987,samples/002062_table_0447.npz
2063,table_0448,33,3,1,0,0.5646580980623123,0.09215211868286133,0.00025601923698559403,0.005146622657775879,0.7003094144165516,samples/002063_table_0448.npz
2064,table_0449,33,3,1,0,0.6883134689324235,0.09246045351028442,0.0003221000370103866,0.006310999393463135,0.6449977084994316,samples/002064_table_0449.npz
2065,table_0450,33,23,1,0,0.009977274336436486,0.004160672426223755,9.838913683779538e-08,1.7583370208740234e-05,0.705504760146141,samples/002065_table_0450.npz
2066,table_0451,33,12,1,0,0.013947283914507573,0.00665128231048584,1.8936498236143962e-07,4.4345855712890625e-05,0.6496675349771976,samples/002066_table_0451.npz
2067,table_0452,33,3,1,0,0.6889048765864864,0.07983001321554184,0.00037866912316530943,0.006134033203125,0.7042484730482101,samples/002067_table_0452.npz
2068,table_0453,33,12,1,0,0.9035264723308452,0.15999889373779297,0.0005225851782597601,0.014634817838668823,0.6436114870011806,samples/002068_table_0453.npz
2069,table_0454,33,3,1,0,0.687192035103232,0.1168263852596283,0.00031034392304718494,0.011497020721435547,0.6484547406435013,samples/002069_table_0454.npz
2070,table_0455,33,12,1,0,0.6732635454818884,0.08888036012649536,0.00033649097895249724,0.006034001708030701,0.639966357499361,samples/002070_table_0455.npz
2071,table_0456,33,12,1,0,9.487537268944962e-05,7.256865501403809e-05,-9.604264050722122e-10,1.1920928955078125e-07,0.6412293910980225,samples/002071_table_0456.npz
2072,table_0457,33,3,1,0,0.6810375157853393,0.09238165616989136,0.0002947452012449503,0.005885660648345947,0.6347081810235977,samples/002072_table_0457.npz
2073,table_0458,33,12,1,0,1.247629373412612,0.1599999964237213,0.0008304262300953269,0.01733335852622986,0.6414472796022892,samples/002073_table_0458.npz
2074,table_0459,33,12,1,0,0.556112802119637,0.07961467653512955,0.00024441987625323236,0.004962503910064697,0.6409570723772049,samples/002074_table_0459.npz
2075,table_0460,33,12,1,0,0.3880053272818677,0.045750319957733154,0.00014284758071880788,0.0022631436586380005,0.6438266783952713,samples/002075_table_0460.npz
2076,table_0461,33,12,1,0,0.38798208224541003,0.08090043067932129,0.00013443903299048543,0.003216981887817383,0.7434374839067459,samples/002076_table_0461.npz
2077,table_0462,33,12,1,0,0.3879371868665122,0.0669020265340805,0.00013690663035959005,0.0035176873207092285,0.6963251158595085,samples/002077_table_0462.npz
2078,table_0463,33,3,1,0,0.5581872234388646,0.08686599135398865,0.00021799733804073185,0.0033349990844726562,0.6884701438248158,samples/002078_table_0463.npz
2079,table_0464,33,12,1,0,0.6928010223635515,0.10154604911804199,0.00033061514841392636,0.005630359053611755,0.6939506158232689,samples/002079_table_0464.npz
2080,table_0465,33,3,1,0,0.5574764000490535,0.05992814898490906,0.00027551932726055384,0.004288911819458008,0.6929282434284687,samples/002080_table_0465.npz
2081,table_0466,33,12,1,0,0.38799346010144486,0.055877260863780975,0.00012890278594568372,0.002787470817565918,0.7154465317726135,samples/002081_table_0466.npz
2082,table_0467,33,12,1,0,0.3885842181326296,0.07858031988143921,0.00013806545757688582,0.003770768642425537,0.6730431914329529,samples/002082_table_0467.npz
2083,table_0468,33,12,1,0,0.7002396509664869,0.12214583158493042,0.0003119217581115663,0.009718239307403564,0.6675596982240677,samples/002083_table_0468.npz
2084,table_0469,33,12,1,0,0.3879930136349026,0.07988882064819336,0.00013172929175198078,0.004647612571716309,0.6789996884763241,samples/002084_table_0469.npz
2085,table_0470,33,12,1,0,0.6988932421962178,0.10979175567626953,0.0003556694136932492,0.007313251495361328,0.643090333789587,samples/002085_table_0470.npz
2086,table_0471,33,12,1,0,0.3880701439095894,0.05338551104068756,0.00012883539602626115,0.00267907977104187,0.6483185738325119,samples/002086_table_0471.npz
2087,table_0472,33,12,1,0,0.004474939887485776,0.003413259983062744,2.0155312085989863e-08,1.1682510375976562e-05,0.6839648298919201,samples/002087_table_0472.npz
2088,table_0473,33,12,1,0,0.38792478462849245,0.06382858753204346,0.00013411323016043752,0.0028924942016601562,0.6823285818099976,samples/002088_table_0473.npz
2089,table_0474,33,12,1,0,0.38795238302876534,0.044727444648742676,0.0001298939750995487,0.0021538734436035156,0.6591004058718681,samples/002089_table_0474.npz
2090,table_0475,33,3,1,0,0.6962331291942151,0.10740575194358826,0.00035203693551011384,0.005161166191101074,0.6642274558544159,samples/002090_table_0475.npz
2091,table_0476,33,3,1,0,0.6684583241775526,0.08586061000823975,0.00027817877708002925,0.005668938159942627,0.6488157398998737,samples/002091_table_0476.npz
2092,table_0477,33,12,1,0,0.9170027174664982,0.12213122844696045,0.000566413626074791,0.011289924383163452,0.6411831937730312,samples/002092_table_0477.npz
2093,table_0478,33,12,1,0,0.557633107454151,0.07097762823104858,0.00027513515669852495,0.004648387432098389,0.6432452015578747,samples/002093_table_0478.npz
2094,table_0479,33,3,1,0,0.5640715064706084,0.07779422402381897,0.000231702666496858,0.0064247846603393555,0.6644084453582764,samples/002094_table_0479.npz
2095,table_0480,33,12,1,0,0.7841422807220495,0.09823372960090637,0.00037788719055242836,0.006596401333808899,0.645996954292059,samples/002095_table_0480.npz
2096,table_0481,33,12,1,0,0.38795101467835186,0.06481260806322098,0.00014191842637956142,0.0040163397789001465,0.6393044553697109,samples/002096_table_0481.npz
2097,table_0482,33,26,1,0,1.5324128076040526,0.15999990701675415,0.000991795095615089,0.017782151699066162,0.6350351572036743,samples/002097_table_0482.npz
2098,table_0483,33,23,1,0,0.000557968398262804,0.00020481646060943604,-5.557012627832592e-10,1.1920928955078125e-07,0.6308233737945557,samples/002098_table_0483.npz
2099,table_0484,33,12,1,0,0.01392993654217617,0.006423592567443848,1.879307092167437e-07,4.291534423828125e-05,0.6512307710945606,samples/002099_table_0484.npz
2100,table_0485,33,12,1,0,0.38811552782524905,0.08429984748363495,0.00013540747750084847,0.004714250564575195,0.6402492746710777,samples/002100_table_0485.npz
2101,table_0486,33,12,1,0,0.5443636383136714,0.09195888042449951,0.00024499482242390513,0.0059182047843933105,0.6396260857582092,samples/002101_table_0486.npz
2102,table_0487,33,3,1,0,0.006622907245600581,0.002350151538848877,4.278444976080209e-08,5.7220458984375e-06,0.6559763103723526,samples/002102_table_0487.npz
2103,table_0488,33,12,1,0,0.7052023083491906,0.10453736782073975,0.0004292568191885948,0.008393526077270508,0.656434915959835,samples/002103_table_0488.npz
2104,table_0489,33,32,1,0,0.8360301884397872,0.10431936383247375,0.0005159057909622788,0.006445139646530151,0.6417093127965927,samples/002104_table_0489.npz
2105,table_0490,33,23,1,0,0.5701303125734885,0.0790015161037445,0.0002877562365029007,0.004869580268859863,0.6380315534770489,samples/002105_table_0490.npz
2106,table_0491,33,23,1,0,0.7032777302485905,0.08744348585605621,0.0003764599096029997,0.005997687578201294,0.6458597481250763,samples/002106_table_0491.npz
2107,table_0492,33,32,1,0,0.6983796524567469,0.08150181174278259,0.00038530296296812594,0.004094839096069336,0.6430830955505371,samples/002107_table_0492.npz
2108,tent_0164,34,7,1,0,1.3100727662049627,0.13890081644058228,0.0007771907839924097,0.009444832801818848,0.6364774741232395,samples/002108_tent_0164.npz
2109,tent_0165,34,36,1,0,1.4346817212247036,0.15999829769134521,0.001044312259182334,0.0192890465259552,0.6373416595160961,samples/002109_tent_0165.npz
2110,tent_0166,34,31,1,0,0.7107885120764681,0.13682609796524048,0.00041773251723498106,0.013409525156021118,0.6578635610640049,samples/002110_tent_0166.npz
2111,tent_0167,34,36,1,0,1.8903698394347772,0.15999996662139893,0.0017805329989641905,0.019730210304260254,0.662911556661129,samples/002111_tent_0167.npz
2112,tent_0168,34,11,1,0,1.1718186555668502,0.1600000262260437,0.0006819301052019,0.015233397483825684,0.6576497741043568,samples/002112_tent_0168.npz
2113,tent_0169,34,16,1,0,1.4103445841383235,0.15999992191791534,0.0012029840145260096,0.01293674111366272,0.6710388623178005,samples/002113_tent_0169.npz
2114,tent_0170,34,17,1,0,0.00015840819702812945,8.168816566467285e-05,-6.612026481889188e-10,1.1920928955078125e-07,0.6705742813646793,samples/002114_tent_0170.npz
2115,tent_0171,34,7,1,0,1.1571147236923525,0.1599997580051422,0.0007387296063825488,0.01370970904827118,0.7886577472090721,samples/002115_tent_0171.npz
2116,tent_0172,34,27,1,0,1.5949817273459512,0.1599999964237213,0.0013713478110730648,0.02755555510520935,0.7625869661569595,samples/002116_tent_0172.npz
2117,tent_0173,34,16,1,0,1.7255183726426655,0.1599999964237213,0.0015339958481490612,0.016026556491851807,0.7645514383912086,samples/002117_tent_0173.npz
2118,tent_0174,34,7,1,0,1.510773355745669,0.1599999964237213,0.0010509295389056206,0.009043097496032715,0.8028774559497833,samples/002118_tent_0174.npz
2119,tent_0175,34,27,1,0,0.7061550654687395,0.09050345420837402,0.00039646742516197264,0.005993291735649109,0.7279517725110054,samples/002119_tent_0175.npz
2120,tent_0176,34,7,1,0,1.2401928992357432,0.15999992191791534,0.0008382995729334652,0.011706709861755371,0.7013671398162842,samples/002120_tent_0176.npz
2121,tent_0177,34,36,1,0,1.67318006186214,0.1599998027086258,0.001086600823327899,0.01723766326904297,0.7042648568749428,samples/002121_tent_0177.npz
2122,tent_0178,34,36,1,0,1.6945800605381518,0.15999993681907654,0.0011780025670304894,0.018055856227874756,0.6660511754453182,samples/002122_tent_0178.npz
2123,tent_0179,34,28,1,0,1.3747147567693454,0.15999984741210938,0.00075726950308308,0.011678338050842285,0.6756197363138199,samples/002123_tent_0179.npz
2124,tent_0180,34,14,1,0,1.6262903409054965,0.15999996662139893,0.0012231817236170173,0.012889355421066284,0.6542439423501492,samples/002124_tent_0180.npz
2125,tent_0181,34,9,1,0,0.7424169988671779,0.11556946486234665,0.00047156657092273235,0.009343355894088745,0.6896750330924988,samples/002125_tent_0181.npz
2126,tent_0182,34,7,1,0,1.2878544782402885,0.1599999964237213,0.0007794221164658666,0.013146579265594482,0.6586722284555435,samples/002126_tent_0182.npz
2127,tent_0183,34,7,1,0,1.5868133043433414,0.1599999964237213,0.0013642641715705395,0.027061492204666138,0.6580125279724598,samples/002127_tent_0183.npz
2128,toilet_0345,35,14,1,0,1.3694051794420217,0.15999972820281982,0.001291483175009489,0.020638108253479004,0.6744459196925163,samples/002128_toilet_0345.npz
2129,toilet_0346,35,37,1,0,0.5730674256304358,0.08637869358062744,0.00028841145103797317,0.007379710674285889,0.6656506098806858,samples/002129_toilet_0346.npz
2130,toilet_0347,35,27,1,0,0.009437298038645237,0.004476308822631836,8.638016879558563e-08,2.008676528930664e-05,0.6489127799868584,samples/002130_toilet_0347.npz
2131,toilet_0348,35,29,1,0,0.9087913823052023,0.1599956750869751,0.0007074896711856127,0.018679380416870117,0.6670867688953876,samples/002131_toilet_0348.npz
2132,toilet_0349,35,37,1,0,1.5693481103013138,0.1599999964237213,0.001280420576222241,0.01983599364757538,0.6701345518231392,samples/002132_toilet_0349.npz
2133,toilet_0350,35,15,1,0,1.1573654284635073,0.14114300906658173,0.0008024707203730941,0.02260667085647583,0.6612868718802929,samples/002133_toilet_0350.npz
2134,toilet_0351,35,12,1,0,1.6465495357991304,0.15999960899353027,0.001226393855176866,0.029233336448669434,0.6714387498795986,samples/002134_toilet_0351.npz
2135,toilet_0352,35,8,1,0,2.13657232197759,0.1599999964237213,0.0015367839951068163,0.014942824840545654,0.6664564162492752,samples/002135_toilet_0352.npz
2136,toilet_0353,35,27,1,0,1.2247421338704172,0.12592700123786926,0.0009810703340917826,0.008563399314880371,0.6811375580728054,samples/002136_toilet_0353.npz
2137,toilet_0354,35,2,1,0,0.7102557990674273,0.11598199605941772,0.000398745178245008,0.010380446910858154,0.6818856224417686,samples/002137_toilet_0354.npz
2138,toilet_0355,35,15,1,0,1.7916820621568306,0.15999996662139893,0.0015600816113874316,0.020083367824554443,0.6597943790256977,samples/002138_toilet_0355.npz
2139,toilet_0356,35,23,1,0,1.433593417383306,0.1599997878074646,0.0012127397349104285,0.016864925622940063,0.6512793377041817,samples/002139_toilet_0356.npz
2140,toilet_0357,35,26,1,0,0.9591987044046082,0.15312260389328003,0.0005371336592361331,0.014896519482135773,0.6590657532215118,samples/002140_toilet_0357.npz
2141,toilet_0358,35,8,1,0,1.2875593264346095,0.15552876889705658,0.0009624282247386873,0.010588198900222778,0.6670732796192169,samples/002141_toilet_0358.npz
2142,toilet_0359,35,26,1,0,1.5112904969651073,0.159999817609787,0.001280235592275858,0.022738441824913025,0.6726669855415821,samples/002142_toilet_0359.npz
2143,toilet_0360,35,27,1,0,1.3475297287968464,0.14368712902069092,0.001113635953515768,0.012139081954956055,0.6680984012782574,samples/002143_toilet_0360.npz
2144,toilet_0361,35,15,1,0,1.5493271205470311,0.15999998152256012,0.0012565279612317681,0.017253607511520386,0.6529298983514309,samples/002144_toilet_0361.npz
2145,toilet_0362,35,14,1,0,1.176952159234229,0.1599999964237213,0.0010218776296824217,0.013669133186340332,0.6913636401295662,samples/002145_toilet_0362.npz
2146,toilet_0363,35,23,1,0,1.4504892378903884,0.15999889373779297,0.0011499717365950346,0.01108396053314209,0.6602627635002136,samples/002146_toilet_0363.npz
2147,toilet_0364,35,14,1,0,1.1472412028845118,0.11305481195449829,0.0008803341188468039,0.007449984550476074,0.681232076138258,samples/002147_toilet_0364.npz
2148,toilet_0365,35,14,1,0,1.8310078118999846,0.1599999964237213,0.0016035926528275013,0.026863425970077515,0.6973106451332569,samples/002148_toilet_0365.npz
2149,toilet_0366,35,36,1,0,1.4461458020603075,0.1600000262260437,0.0011285899672657251,0.015401303768157959,0.6704168654978275,samples/002149_toilet_0366.npz
2150,toilet_0367,35,38,1,0,2.1861956658653745,0.1599999964237213,0.001675865612924099,0.022642701864242554,0.6723113507032394,samples/002150_toilet_0367.npz
2151,toilet_0368,35,36,1,0,1.6094465332429553,0.15999962389469147,0.0011999476701021194,0.02035653591156006,0.682729996740818,samples/002151_toilet_0368.npz
2152,toilet_0369,35,8,1,0,1.7141214817856405,0.15999993681907654,0.0013643003767356277,0.018503457307815552,0.6788242347538471,samples/002152_toilet_0369.npz
2153,toilet_0370,35,36,1,0,1.8802996126316238,0.1600000262260437,0.0014700568281114101,0.018173933029174805,0.7043547444045544,samples/002153_toilet_0370.npz
2154,toilet_0371,35,27,1,0,1.3579427474471781,0.1599999964237213,0.001105800736695528,0.01172173023223877,0.6650275401771069,samples/002154_toilet_0371.npz
2155,toilet_0372,35,8,1,0,1.036759958835233,0.13773031532764435,0.0005688717355951667,0.009932510554790497,0.6752615459263325,samples/002155_toilet_0372.npz
2156,toilet_0373,35,37,1,0,0.5373854257207156,0.12438583374023438,0.0002750088751781732,0.011874556541442871,0.6545475982129574,samples/002156_toilet_0373.npz
2157,toilet_0374,35,26,1,0,1.7611411558243195,0.15999987721443176,0.0014990544877946377,0.027748286724090576,0.6574830636382103,samples/002157_toilet_0374.npz
2158,toilet_0375,35,26,1,0,1.1705394000331768,0.1599999964237213,0.0009553080890327692,0.02315710484981537,0.6621550098061562,samples/002158_toilet_0375.npz
2159,toilet_0376,35,14,1,0,1.8274168941737663,0.15999984741210938,0.0014524242142215371,0.01903468370437622,0.6732626408338547,samples/002159_toilet_0376.npz
2160,toilet_0377,35,8,1,0,1.680767989284075,0.15999990701675415,0.0013138779904693365,0.023960202932357788,0.7195371277630329,samples/002160_toilet_0377.npz
2161,toilet_0378,35,38,1,0,1.4494992830354325,0.15999969840049744,0.0011382406810298562,0.021330833435058594,0.7053396739065647,samples/002161_toilet_0378.npz
2162,toilet_0379,35,37,1,0,1.7012769664446243,0.15947505831718445,0.0011791408760473132,0.019771546125411987,0.6733017973601818,samples/002162_toilet_0379.npz
2163,toilet_0380,35,14,1,0,1.0831427528788686,0.15996438264846802,0.0008124123560264707,0.01931321620941162,0.6912238672375679,samples/002163_toilet_0380.npz
2164,toilet_0381,35,8,1,0,1.9165451764565171,0.15999984741210938,0.0014503386337310076,0.01814091205596924,0.6647549271583557,samples/002164_toilet_0381.npz
2165,toilet_0382,35,8,1,0,1.6699795361652743,0.15999996662139893,0.0013376488350331783,0.014841943979263306,0.6900251060724258,samples/002165_toilet_0382.npz
2166,toilet_0383,35,14,1,0,1.0310195752116098,0.1536576747894287,0.0007261488353833556,0.011685490608215332,0.7168895937502384,samples/002166_toilet_0383.npz
2167,toilet_0384,35,23,1,0,1.1511832519838918,0.1429499089717865,0.000962120364420116,0.00827944278717041,0.6629691235721111,samples/002167_toilet_0384.npz
2168,toilet_0385,35,14,1,0,1.5799714984918558,0.15999972820281982,0.0012617763131856918,0.027943015098571777,0.6450656838715076,samples/002168_toilet_0385.npz
2169,toilet_0386,35,29,1,0,1.6590343858525083,0.1600000262260437,0.0012649495620280504,0.026906218379735947,0.7021988891065121,samples/002169_toilet_0386.npz
2170,toilet_0387,35,5,1,0,2.1366006096742356,0.1599999964237213,0.0015330505557358265,0.021220088005065918,0.697379719465971,samples/002170_toilet_0387.npz
2171,toilet_0388,35,36,1,0,1.6905460416790976,0.1599999964237213,0.0012889867648482323,0.017497360706329346,0.7012577541172504,samples/002171_toilet_0388.npz
2172,toilet_0389,35,1,1,0,0.957903048418656,0.10550129413604736,0.0007153851329348981,0.009029507637023926,0.6989741772413254,samples/002172_toilet_0389.npz
2173,toilet_0390,35,15,1,0,1.1626355046083894,0.15999671816825867,0.000839994172565639,0.014491736888885498,0.6971899680793285,samples/002173_toilet_0390.npz
2174,toilet_0391,35,23,1,0,1.770668220302224,0.15999984741210938,0.0016041864873841405,0.011087477207183838,0.697808038443327,samples/002174_toilet_0391.npz
2175,toilet_0392,35,32,1,0,1.2377603921610019,0.12601113319396973,0.0010691552888602018,0.01393347978591919,0.6903270483016968,samples/002175_toilet_0392.npz
2176,toilet_0393,35,8,1,0,1.1850455039377694,0.15787243843078613,0.0009056833223439753,0.009775787591934204,0.7066625468432903,samples/002176_toilet_0393.npz
2177,toilet_0394,35,26,1,0,2.1082045804793212,0.1599999964237213,0.0018214504234492779,0.031226366758346558,0.6591841094195843,samples/002177_toilet_0394.npz
2178,toilet_0395,35,37,1,0,1.0306214237555922,0.14520061016082764,0.0006629984709434211,0.014378070831298828,0.6670449748635292,samples/002178_toilet_0395.npz
2179,toilet_0396,35,27,1,0,1.5550005228648887,0.15999987721443176,0.0011620511068031192,0.023536235094070435,0.6685387827455997,samples/002179_toilet_0396.npz
2180,toilet_0397,35,15,1,0,1.519528406135624,0.15999996662139893,0.0012596556916832924,0.01625484973192215,0.6520107425749302,samples/002180_toilet_0397.npz
2181,toilet_0398,35,14,1,0,1.5045709701525953,0.15999992191791534,0.0011645329650491476,0.018470585346221924,0.6530853733420372,samples/002181_toilet_0398.npz
2182,toilet_0399,35,14,1,0,1.436647825995254,0.1600000262260437,0.0010215938091278076,0.012371838092803955,0.6465971767902374,samples/002182_toilet_0399.npz
2183,toilet_0400,35,5,1,0,1.3616620260429604,0.14064167439937592,0.001098317326977849,0.009745165705680847,0.6456962451338768,samples/002183_toilet_0400.npz
2184,toilet_0401,35,8,1,0,1.3674872151601845,0.1599999964237213,0.001039218856021762,0.020990848541259766,0.6581578925251961,samples/002184_toilet_0401.npz
2185,toilet_0402,35,23,1,0,2.0110753187778787,0.1600000262260437,0.001544271013699472,0.019149601459503174,0.7784485965967178,samples/002185_toilet_0402.npz
2186,toilet_0403,35,21,1,0,1.2432427872080924,0.15999998152256012,0.0009078809525817633,0.01793569326400757,0.7748554237186909,samples/002186_toilet_0403.npz
2187,toilet_0404,35,37,1,0,1.5658434572682642,0.1599999964237213,0.0012252882588654757,0.009595215320587158,0.7514810189604759,samples/002187_toilet_0404.npz
2188,toilet_0405,35,15,1,0,0.38799896167924663,0.045597225427627563,0.0001464442757423967,0.0025020837783813477,0.7324856892228127,samples/002188_toilet_0405.npz
2189,toilet_0406,35,8,1,0,1.5483862112964706,0.1387040764093399,0.0011859945952892303,0.011216402053833008,0.7384527623653412,samples/002189_toilet_0406.npz
2190,toilet_0407,35,8,1,0,1.7291546690957431,0.15999996662139893,0.001373844570480287,0.011178255081176758,0.6660616397857666,samples/002190_toilet_0407.npz
2191,toilet_0408,35,14,1,0,1.6740553711651622,0.15999998152256012,0.0013450434198603034,0.023035049438476562,0.6931982226669788,samples/002191_toilet_0408.npz
2192,toilet_0409,35,8,1,0,1.6108515919109236,0.1599999964237213,0.0012976974248886108,0.020489126443862915,0.652476005256176,samples/002192_toilet_0409.npz
2193,toilet_0410,35,37,1,0,1.552376356775938,0.15999966859817505,0.0011286702938377857,0.01533365249633789,0.6460659801959991,samples/002193_toilet_0410.npz
2194,toilet_0411,35,26,1,0,1.952688824587274,0.15999996662139893,0.0015341485850512981,0.026400387287139893,0.6494443900883198,samples/002194_toilet_0411.npz
2195,toilet_0412,35,37,1,0,1.2038093082280104,0.15622544288635254,0.0009990464895963669,0.01907038688659668,0.653765358030796,samples/002195_toilet_0412.npz
2196,toilet_0413,35,27,1,0,1.845264491684966,0.15999996662139893,0.0014485962456092238,0.024633020162582397,0.6459052972495556,samples/002196_toilet_0413.npz
2197,toilet_0414,35,8,1,0,1.6192520894703673,0.1599999964237213,0.0013174181804060936,0.021312221884727478,0.6429140605032444,samples/002197_toilet_0414.npz
2198,toilet_0415,35,15,1,0,1.339685836694858,0.13027828931808472,0.001100341440178454,0.014768391847610474,0.6451455503702164,samples/002198_toilet_0415.npz
2199,toilet_0416,35,37,1,0,1.9352397963808399,0.15999987721443176,0.0015179438050836325,0.021162569522857666,0.6472687609493732,samples/002199_toilet_0416.npz
2200,toilet_0417,35,14,1,0,1.246415338902728,0.15999996662139893,0.0009303140686824918,0.016858816146850586,0.6489365547895432,samples/002200_toilet_0417.npz
2201,toilet_0418,35,29,1,0,0.9493097332336383,0.15999990701675415,0.0006713111652061343,0.02702459692955017,0.646114706993103,samples/002201_toilet_0418.npz
2202,toilet_0419,35,8,1,0,1.4005589723152356,0.15999990701675415,0.001155263278633356,0.023627430200576782,0.6561697199940681,samples/002202_toilet_0419.npz
2203,toilet_0420,35,15,1,0,1.3020298781548527,0.15999996662139893,0.0011206974741071463,0.01678277552127838,0.6458013951778412,samples/002203_toilet_0420.npz
2204,toilet_0421,35,26,1,0,1.659987766467827,0.15999998152256012,0.0013512131990864873,0.020111501216888428,0.6442287229001522,samples/002204_toilet_0421.npz
2205,toilet_0422,35,5,1,0,1.6970377638508918,0.1599999964237213,0.0013622872065752745,0.014932632446289062,0.6429812721908092,samples/002205_toilet_0422.npz
2206,toilet_0423,35,2,1,0,1.7843865335763145,0.15999995172023773,0.0015314531046897173,0.015732109546661377,0.6438560821115971,samples/002206_toilet_0423.npz
2207,toilet_0424,35,15,1,0,1.0585601913932388,0.13188649713993073,0.000808430602774024,0.011037051677703857,0.7716048508882523,samples/002207_toilet_0424.npz
2208,toilet_0425,35,36,1,0,1.573305380917753,0.1599999964237213,0.0015166508965194225,0.022771000862121582,0.7616667598485947,samples/002208_toilet_0425.npz
2209,toilet_0426,35,36,1,0,1.5159172484225323,0.1600000113248825,0.001227006083354354,0.01870793104171753,0.7625904120504856,samples/002209_toilet_0426.npz
2210,toilet_0427,35,8,1,0,1.3598484004249203,0.1599993258714676,0.0011669537052512169,0.01723247766494751,0.759495947510004,samples/002210_toilet_0427.npz
2211,toilet_0428,35,5,1,0,1.7128734870496964,0.15999998152256012,0.0012735454365611076,0.021448194980621338,0.7958550602197647,samples/002211_toilet_0428.npz
2212,toilet_0429,35,26,1,0,1.8222942779349023,0.1599999964237213,0.0014055243227630854,0.01632697880268097,0.706561766564846,samples/002212_toilet_0429.npz
2213,toilet_0430,35,8,1,0,0.860304035515096,0.0997043251991272,0.0005465777358040214,0.00903022289276123,0.6566961631178856,samples/002213_toilet_0430.npz
2214,toilet_0431,35,37,1,0,1.8810961803018482,0.1599999964237213,0.0014132459182292223,0.01133739948272705,0.652583334594965,samples/002214_toilet_0431.npz
2215,toilet_0432,35,14,1,0,1.3171107503991402,0.1599995493888855,0.0009906518971547484,0.01819683611392975,0.6524934768676758,samples/002215_toilet_0432.npz
2216,toilet_0433,35,26,1,0,1.5409114207728136,0.13814738392829895,0.0012895530089735985,0.014603734016418457,0.6546914801001549,samples/002216_toilet_0433.npz
2217,toilet_0434,35,15,1,0,1.1403057879738865,0.15999826788902283,0.0007292797090485692,0.019371628761291504,0.6780197657644749,samples/002217_toilet_0434.npz
2218,toilet_0435,35,37,1,0,1.7620600942740658,0.15999990701675415,0.001268929336220026,0.010313928127288818,0.7252696268260479,samples/002218_toilet_0435.npz
2219,toilet_0436,35,36,1,0,1.6287457503690048,0.1599999964237213,0.0013366767670959234,0.01566396653652191,0.6778924539685249,samples/002219_toilet_0436.npz
2220,toilet_0437,35,38,1,0,1.874208187758851,0.1599999964237213,0.0015377117088064551,0.013376474380493164,0.7006436251103878,samples/002220_toilet_0437.npz
2221,toilet_0438,35,37,1,0,1.6190254161234596,0.1599999964237213,0.0012444928288459778,0.023759126663208008,0.6943619512021542,samples/002221_toilet_0438.npz
2222,toilet_0439,35,8,1,0,1.0405818758440313,0.1599999964237213,0.0007777930004522204,0.01958724856376648,0.688734870404005,samples/002222_toilet_0439.npz
2223,toilet_0440,35,36,1,0,1.696397583542227,0.1599999964237213,0.0013436521403491497,0.01623108983039856,0.6969437561929226,samples/002223_toilet_0440.npz
2224,toilet_0441,35,8,1,0,1.4276531942643176,0.15999998152256012,0.001152085606008768,0.020688489079475403,0.6912598460912704,samples/002224_toilet_0441.npz
2225,toilet_0442,35,37,1,0,1.547721226737298,0.15999957919120789,0.0012311887694522738,0.0179443359375,0.6940623372793198,samples/002225_toilet_0442.npz
2226,toilet_0443,35,8,1,0,1.5674793819732444,0.1600000262260437,0.0012460248544812202,0.0180666446685791,0.6459290385246277,samples/002226_toilet_0443.npz
2227,toilet_0444,35,26,1,0,1.55956284073943,0.15999996662139893,0.0012146856170147657,0.017848044633865356,0.6476648114621639,samples/002227_toilet_0444.npz
2228,tv_stand_0268,36,4,1,0,1.244727147663529,0.15999984741210938,0.000851681747008115,0.008449435234069824,0.6368394605815411,samples/002228_tv_stand_0268.npz
2229,tv_stand_0269,36,4,1,0,0.005033044101198663,0.001718759536743164,2.6980160328093916e-08,3.2186508178710938e-06,0.6417098045349121,samples/002229_tv_stand_0269.npz
2230,tv_stand_0270,36,4,1,0,0.715494672493524,0.07563324272632599,0.0004667506436817348,0.006650805473327637,0.6480421610176563,samples/002230_tv_stand_0270.npz
2231,tv_stand_0271,36,27,1,0,0.7159071657538848,0.103902667760849,0.000442403310444206,0.007448554039001465,0.6403269842267036,samples/002231_tv_stand_0271.npz
2232,tv_stand_0272,36,3,1,0,0.6900314628642553,0.08215856552124023,0.0004267545882612467,0.005627855658531189,0.6397686377167702,samples/002232_tv_stand_0272.npz
2233,tv_stand_0273,36,4,1,0,0.9249424091659668,0.12710440158843994,0.0007319432334043086,0.005780279636383057,0.6450490579009056,samples/002233_tv_stand_0273.npz
2234,tv_stand_0274,36,4,1,0,0.3880223497152034,0.04298430681228638,0.0001468285045120865,0.0021648406982421875,0.6357962675392628,samples/002234_tv_stand_0274.npz
2235,tv_stand_0275,36,4,1,0,0.8209466118192534,0.09387750178575516,0.0005041616968810558,0.005040377378463745,0.6353941112756729,samples/002235_tv_stand_0275.npz
2236,tv_stand_0276,36,3,1,0,0.38799502993133694,0.05861213803291321,0.00014209264190867543,0.005735635757446289,0.6390041820704937,samples/002236_tv_stand_0276.npz
2237,tv_stand_0277,36,14,1,0,0.9434824324247448,0.12915736436843872,0.0007595670176669955,0.012769505381584167,0.6381769217550755,samples/002237_tv_stand_0277.npz
2238,tv_stand_0278,36,3,1,0,0.8395262273215416,0.1254211664199829,0.0005524120060727,0.01121586561203003,0.6499647237360477,samples/002238_tv_stand_0278.npz
2239,tv_stand_0279,36,3,1,0,0.0007367335474169249,0.0005460381507873535,6.002665031701326e-11,3.5762786865234375e-07,0.6663422957062721,samples/002239_tv_stand_0279.npz
2240,tv_stand_0280,36,4,1,0,0.9137987587753151,0.11454932391643524,0.0006198004120960832,0.009501993656158447,0.6528519280254841,samples/002240_tv_stand_0280.npz
2241,tv_stand_0281,36,23,1,0,0.7152440248064461,0.09963113069534302,0.000447936006821692,0.00848686695098877,0.6538577787578106,samples/002241_tv_stand_0281.npz
2242,tv_stand_0282,36,33,1,0,0.5494570335944519,0.0652172863483429,0.00027651648269966245,0.004637479782104492,0.6402524225413799,samples/002242_tv_stand_0282.npz
2243,tv_stand_0283,36,3,1,0,0.5670795779368968,0.0695343166589737,0.00027310315635986626,0.0047653913497924805,0.6604532524943352,samples/002243_tv_stand_0283.npz
2244,tv_stand_0284,36,34,1,0,0.8439166381315227,0.10576820373535156,0.0005647399229928851,0.012146294116973877,0.659205324947834,samples/002244_tv_stand_0284.npz
2245,tv_stand_0285,36,4,1,0,0.5680976343645862,0.06768405437469482,0.00031316091190092266,0.005175292491912842,0.66179583594203,samples/002245_tv_stand_0285.npz
2246,tv_stand_0286,36,27,1,0,0.38812547644526035,0.08529733121395111,0.00013733978266827762,0.0027977153658866882,0.6763500981032848,samples/002246_tv_stand_0286.npz
2247,tv_stand_0287,36,33,1,0,1.163860956448364,0.1600000262260437,0.0008823357056826353,0.0180588960647583,0.6554911844432354,samples/002247_tv_stand_0287.npz
2248,tv_stand_0288,36,3,1,0,0.3879350694393091,0.06320551037788391,0.00013995195331517607,0.003250300884246826,0.6472305469214916,samples/002248_tv_stand_0288.npz
2249,tv_stand_0289,36,33,1,0,0.38798173658380186,0.06028452515602112,0.00013959809439256787,0.0034849941730499268,0.6477284580469131,samples/002249_tv_stand_0289.npz
2250,tv_stand_0290,36,14,1,0,0.7017859423823178,0.10621827840805054,0.00044953657197766006,0.007167071104049683,0.6538448482751846,samples/002250_tv_stand_0290.npz
2251,tv_stand_0291,36,23,1,0,1.0065376291219443,0.1599999964237213,0.0008197325514629483,0.01919350028038025,0.6484628617763519,samples/002251_tv_stand_0291.npz
2252,tv_stand_0292,36,23,1,0,0.9465464427967603,0.15780624747276306,0.0007077594054862857,0.009332120418548584,0.6575526744127274,samples/002252_tv_stand_0292.npz
2253,tv_stand_0293,36,4,1,0,0.3880059753577251,0.0747794657945633,0.0001307967322645709,0.0028463006019592285,0.6626796908676624,samples/002253_tv_stand_0293.npz
2254,tv_stand_0294,36,4,1,0,0.5682978449284559,0.07542262971401215,0.000290496478555724,0.004844367504119873,0.6684119403362274,samples/002254_tv_stand_0294.npz
2255,tv_stand_0295,36,23,1,0,0.38796128439048033,0.07386016845703125,0.00014292850391939282,0.004575490951538086,0.67276731133461,samples/002255_tv_stand_0295.npz
2256,tv_stand_0296,36,1,1,0,0.0073504741029653065,0.004919111728668213,5.249421519692987e-08,2.4318695068359375e-05,0.6742119900882244,samples/002256_tv_stand_0296.npz
2257,tv_stand_0297,36,4,1,0,0.38797283569132684,0.06161463260650635,0.0001448217371944338,0.003603696823120117,0.6437039338052273,samples/002257_tv_stand_0297.npz
2258,tv_stand_0298,36,3,1,0,0.7033758669594153,0.09636890888214111,0.00043015816481783986,0.00595015287399292,0.6472526974976063,samples/002258_tv_stand_0298.npz
2259,tv_stand_0299,36,3,1,0,1.226299597877462,0.13964393734931946,0.0007658181712031364,0.01103392243385315,0.6400350145995617,samples/002259_tv_stand_0299.npz
2260,tv_stand_0300,36,3,1,0,0.38799197667837054,0.06591768562793732,0.00014042126713320613,0.0035499930381774902,0.6458303332328796,samples/002260_tv_stand_0300.npz
2261,tv_stand_0301,36,4,1,0,0.3880014820095153,0.0760575532913208,0.00014034754713065922,0.006381094455718994,0.6376320458948612,samples/002261_tv_stand_0301.npz
2262,tv_stand_0302,36,3,1,0,0.3880153507340302,0.08604341745376587,0.00012930257071275264,0.003262072801589966,0.635458692908287,samples/002262_tv_stand_0302.npz
2263,tv_stand_0303,36,14,1,0,0.5787219754266206,0.08285897970199585,0.0003034916298929602,0.005496799945831299,0.6430594511330128,samples/002263_tv_stand_0303.npz
2264,tv_stand_0304,36,4,1,0,1.2420530426382477,0.1563379168510437,0.0008995840325951576,0.018699003383517265,0.645243838429451,samples/002264_tv_stand_0304.npz
2265,tv_stand_0305,36,15,1,0,1.2906979676464498,0.15999925136566162,0.0009557422599755228,0.018996894359588623,0.6476114094257355,samples/002265_tv_stand_0305.npz
2266,tv_stand_0306,36,4,1,0,0.38798147733739363,0.06616902351379395,0.00014325862866826355,0.0030301809310913086,0.6548126265406609,samples/002266_tv_stand_0306.npz
2267,tv_stand_0307,36,3,1,0,0.5600722692893613,0.091525137424469,0.0002784502867143601,0.008187294006347656,0.6589571870863438,samples/002267_tv_stand_0307.npz
2268,tv_stand_0308,36,23,1,0,0.5747977276768595,0.152612566947937,0.00028134879539720714,0.006775170564651489,0.6491845585405827,samples/002268_tv_stand_0308.npz
2269,tv_stand_0309,36,23,1,0,0.5665701201589767,0.08818584680557251,0.0002908801834564656,0.004813849925994873,0.6515529416501522,samples/002269_tv_stand_0309.npz
2270,tv_stand_0310,36,23,1,0,0.5645845847508918,0.11290812492370605,0.0003012146335095167,0.009963735938072205,0.654934711754322,samples/002270_tv_stand_0310.npz
2271,tv_stand_0311,36,23,1,0,1.1612899712416542,0.14921864867210388,0.0010288587072864175,0.017283618450164795,0.6495390236377716,samples/002271_tv_stand_0311.npz
2272,tv_stand_0312,36,27,1,0,0.8677279360611189,0.13180741667747498,0.0005880017997696996,0.010131627321243286,0.6578493565320969,samples/002272_tv_stand_0312.npz
2273,tv_stand_0313,36,4,1,0,0.7258182220568485,0.07403755187988281,0.00043871754314750433,0.004923135042190552,0.6562458388507366,samples/002273_tv_stand_0313.npz
2274,tv_stand_0314,36,14,1,0,0.0003462087138510467,0.0001518726348876953,5.529727786779404e-10,1.1920928955078125e-07,0.6867464035749435,samples/002274_tv_stand_0314.npz
2275,tv_stand_0315,36,27,1,0,1.5607917603052834,0.1600000262260437,0.0010802848264575005,0.020105451345443726,0.6871026046574116,samples/002275_tv_stand_0315.npz
2276,tv_stand_0316,36,4,1,0,0.8043633798947006,0.10440021753311157,0.0005777926999144256,0.009665697813034058,0.6961128562688828,samples/002276_tv_stand_0316.npz
2277,tv_stand_0317,36,23,1,0,0.5659400534085113,0.06015336513519287,0.0003053296240977943,0.0053822994232177734,0.6926421038806438,samples/002277_tv_stand_0317.npz
2278,tv_stand_0318,36,38,1,0,0.5681192146296264,0.07082849740982056,0.00029602000722661614,0.0034798383712768555,0.6998474448919296,samples/002278_tv_stand_0318.npz
2279,tv_stand_0319,36,3,1,0,0.7227583014111428,0.08700601756572723,0.0004295644466765225,0.007865816354751587,0.6958539448678493,samples/002279_tv_stand_0319.npz
2280,tv_stand_0320,36,16,1,0,0.5879241832394139,0.07723554968833923,0.0003219775389879942,0.004852294921875,0.6921411976218224,samples/002280_tv_stand_0320.npz
2281,tv_stand_0321,36,34,1,0,1.244647990065849,0.15855735540390015,0.001059377333149314,0.013912498950958252,0.6932899244129658,samples/002281_tv_stand_0321.npz
2282,tv_stand_0322,36,27,1,0,0.5687907636622387,0.08638337254524231,0.0002813386672642082,0.004941284656524658,0.6978385336697102,samples/002282_tv_stand_0322.npz
2283,tv_stand_0323,36,4,1,0,0.7316879868134707,0.10404360294342041,0.0004735023248940706,0.011867821216583252,0.698415745049715,samples/002283_tv_stand_0323.npz
2284,tv_stand_0324,36,38,1,0,0.6985329082788289,0.06855659186840057,0.0004184043500572443,0.004515409469604492,0.6982594355940819,samples/002284_tv_stand_0324.npz
2285,tv_stand_0325,36,3,1,0,0.8415070231666492,0.11045938730239868,0.0005960314883850515,0.009921729564666748,0.6970873586833477,samples/002285_tv_stand_0325.npz
2286,tv_stand_0326,36,23,1,0,0.8556345165021614,0.10210558772087097,0.0006525647477246821,0.009750664234161377,0.6978910453617573,samples/002286_tv_stand_0326.npz
2287,tv_stand_0327,36,4,1,0,1.0258218349031352,0.1086629331111908,0.0008554506348446012,0.00897073745727539,0.691709604114294,samples/002287_tv_stand_0327.npz
2288,tv_stand_0328,36,4,1,0,0.8252346052035677,0.07706931233406067,0.0005809006397612393,0.006913483142852783,0.6966063305735588,samples/002288_tv_stand_0328.npz
2289,tv_stand_0329,36,4,1,0,0.38785530459661605,0.04790571331977844,0.00014428618305828422,0.0026050209999084473,0.692620512098074,samples/002289_tv_stand_0329.npz
2290,tv_stand_0330,36,4,1,0,0.38781921271017616,0.05156749486923218,0.0001423843059455976,0.002558831125497818,0.696765523403883,samples/002290_tv_stand_0330.npz
2291,tv_stand_0331,36,27,1,0,0.7235891043246797,0.08695679903030396,0.0004286319890525192,0.006838023662567139,0.6975542791187763,samples/002291_tv_stand_0331.npz
2292,tv_stand_0332,36,27,1,0,0.8277804629648922,0.13103333115577698,0.0005298296455293894,0.008232831954956055,0.6676281951367855,samples/002292_tv_stand_0332.npz
2293,tv_stand_0333,36,27,1,0,0.574621857041416,0.11586248874664307,0.00028916302835568786,0.00427556037902832,0.6617673076689243,samples/002293_tv_stand_0333.npz
2294,tv_stand_0334,36,3,1,0,0.0002784937331697823,0.00016355514526367188,-1.8735590856522322e-10,1.1920928955078125e-07,0.6621431335806847,samples/002294_tv_stand_0334.npz
2295,tv_stand_0335,36,14,1,0,0.38800849564243595,0.04742078483104706,0.000142016084282659,0.002271294593811035,0.6615849621593952,samples/002295_tv_stand_0335.npz
2296,tv_stand_0336,36,34,1,0,0.3880219464851473,0.058725595474243164,0.00014424453547690064,0.00395435094833374,0.6656179539859295,samples/002296_tv_stand_0336.npz
2297,tv_stand_0337,36,27,1,0,0.5633176781227915,0.07437866926193237,0.00028685430879704654,0.006439864635467529,0.7010288834571838,samples/002297_tv_stand_0337.npz
2298,tv_stand_0338,36,4,1,0,0.0006972319812227309,0.000540316104888916,6.421032594516873e-10,4.76837158203125e-07,0.6678633987903595,samples/002298_tv_stand_0338.npz
2299,tv_stand_0339,36,4,1,0,0.5676234091371221,0.0759640634059906,0.0002729358966462314,0.004846245050430298,0.6620171517133713,samples/002299_tv_stand_0339.npz
2300,tv_stand_0340,36,23,1,0,0.9570015571814756,0.1264641284942627,0.0007175903301686049,0.012499012053012848,0.667383462190628,samples/002300_tv_stand_0340.npz
2301,tv_stand_0341,36,12,1,0,0.001107001969339174,0.0007956027984619141,1.04046193882823e-09,5.960464477539062e-07,0.6660446375608444,samples/002301_tv_stand_0341.npz
2302,tv_stand_0342,36,4,1,0,0.3879665847807008,0.058066725730895996,0.00014699081657454371,0.004757523536682129,0.7127836383879185,samples/002302_tv_stand_0342.npz
2303,tv_stand_0343,36,4,1,0,0.9133898876830704,0.1574976146221161,0.0006058053113520145,0.009025871753692627,0.6638498492538929,samples/002303_tv_stand_0343.npz
2304,tv_stand_0344,36,12,1,0,1.153261950354243,0.145461767911911,0.000989515334367752,0.01544278860092163,0.6574453450739384,samples/002304_tv_stand_0344.npz
2305,tv_stand_0345,36,33,1,0,1.2672514884023378,0.1599999964237213,0.0011235689744353294,0.0296018123626709,0.7178502045571804,samples/002305_tv_stand_0345.npz
2306,tv_stand_0346,36,33,1,0,0.9138367692059629,0.12287004292011261,0.0006199777708388865,0.012003898620605469,0.6733887642621994,samples/002306_tv_stand_0346.npz
2307,tv_stand_0347,36,16,1,0,0.004226589244841755,0.00275266170501709,1.8655555322766304e-08,7.62939453125e-06,0.7144793421030045,samples/002307_tv_stand_0347.npz
2308,tv_stand_0348,36,23,1,0,0.5690437404613587,0.12985721230506897,0.0002774285967461765,0.01379019021987915,0.6750716231763363,samples/002308_tv_stand_0348.npz
2309,tv_stand_0349,36,4,1,0,0.38798458828285937,0.08848711848258972,0.00014447333524003625,0.009375452995300293,0.6585669405758381,samples/002309_tv_stand_0349.npz
2310,tv_stand_0350,36,4,1,0,0.38799284080900637,0.06360593438148499,0.0001440458872821182,0.003421977162361145,0.6612493768334389,samples/002310_tv_stand_0350.npz
2311,tv_stand_0351,36,4,1,0,0.3879821254530894,0.06532412767410278,0.00014688170631416142,0.004953205585479736,0.67898303642869,samples/002311_tv_stand_0351.npz
2312,tv_stand_0352,36,14,1,0,0.38807935934726345,0.0665038526058197,0.00014330961857922375,0.003439486026763916,0.6649193651974201,samples/002312_tv_stand_0352.npz
2313,tv_stand_0353,36,4,1,0,0.9262820470725492,0.08811484277248383,0.0006687272689305246,0.006002187728881836,0.6952392272651196,samples/002313_tv_stand_0353.npz
2314,tv_stand_0354,36,27,1,0,0.57322113804293,0.08110916614532471,0.0002979878627229482,0.006359368562698364,0.6659072451293468,samples/002314_tv_stand_0354.npz
2315,tv_stand_0355,36,22,1,0,0.0006120889864623498,0.00028443336486816406,1.356966095045209e-09,2.384185791015625e-07,0.6900541707873344,samples/002315_tv_stand_0355.npz
2316,tv_stand_0356,36,4,1,0,0.38798643179432774,0.04497891664505005,0.0001467273395974189,0.0032758712768554688,0.689360685646534,samples/002316_tv_stand_0356.npz
2317,tv_stand_0357,36,14,1,0,0.003055434991835199,0.0030170679092407227,1.076841726899147e-08,9.179115295410156e-06,0.6929325573146343,samples/002317_tv_stand_0357.npz
2318,tv_stand_0358,36,4,1,0,0.9392723972380443,0.1371280550956726,0.0006750610773451626,0.01066620647907257,0.6934509314596653,samples/002318_tv_stand_0358.npz
2319,tv_stand_0359,36,4,1,0,0.7147534422816577,0.08360213041305542,0.0004558074870146811,0.008543014526367188,0.6792593449354172,samples/002319_tv_stand_0359.npz
2320,tv_stand_0360,36,27,1,0,0.3880764795464979,0.09300625324249268,0.0001269360800506547,0.004163861274719238,0.7088425531983376,samples/002320_tv_stand_0360.npz
2321,tv_stand_0361,36,3,1,0,0.3880254891348799,0.048415958881378174,0.00013835162098985165,0.0033376216888427734,0.6720754653215408,samples/002321_tv_stand_0361.npz
2322,tv_stand_0362,36,4,1,0,0.3879478890598304,0.060707658529281616,0.00014697339793201536,0.0038394927978515625,0.694260373711586,samples/002322_tv_stand_0362.npz
2323,tv_stand_0363,36,2,1,0,0.6873136723053868,0.10158240795135498,0.0004353380645625293,0.008909761905670166,0.6857120655477047,samples/002323_tv_stand_0363.npz
2324,tv_stand_0364,36,27,1,0,0.5653065166821,0.07993000745773315,0.0002734099980443716,0.006865322589874268,0.6596931852400303,samples/002324_tv_stand_0364.npz
2325,tv_stand_0365,36,4,1,0,0.3878092562334635,0.05048486590385437,0.00014553009532392025,0.003295719623565674,0.6637997105717659,samples/002325_tv_stand_0365.npz
2326,tv_stand_0366,36,3,1,0,0.3880071706948003,0.05398207902908325,0.00014352391008287668,0.0036263465881347656,0.6863854676485062,samples/002326_tv_stand_0366.npz
2327,tv_stand_0367,36,3,1,0,0.7329768710234414,0.09940895438194275,0.00047071115113794804,0.007884323596954346,0.6699504740536213,samples/002327_tv_stand_0367.npz
2328,vase_0476,37,15,1,0,1.505623587468721,0.1600000262260437,0.001523548737168312,0.02706044912338257,0.6981605403125286,samples/002328_vase_0476.npz
2329,vase_0477,37,15,1,0,0.7274319768349038,0.1378490924835205,0.0004483839438762516,0.017298579216003418,0.7238455154001713,samples/002329_vase_0477.npz
2330,vase_0478,37,15,1,0,0.5923884050990081,0.14174002408981323,0.0002870410680770874,0.01773369312286377,0.7291913591325283,samples/002330_vase_0478.npz
2331,vase_0479,37,15,1,0,0.7098799164728232,0.09327131509780884,0.00046972304699011147,0.009781837463378906,0.7196630127727985,samples/002331_vase_0479.npz
2332,vase_0480,37,10,1,0,0.0016071851591890679,0.001088261604309082,3.14321368932724e-09,1.3113021850585938e-06,0.6703460738062859,samples/002332_vase_0480.npz
2333,vase_0481,37,15,1,0,0.3880037430918815,0.07689361274242401,0.00013547486742027104,0.0033353567123413086,0.6339285299181938,samples/002333_vase_0481.npz
2334,vase_0482,37,15,1,0,0.9779114828363785,0.13967789709568024,0.0005817301571369171,0.01472461223602295,0.6984275132417679,samples/002334_vase_0482.npz
2335,vase_0483,37,15,1,0,0.00031720615883188764,0.00016450881958007812,1.0186340659856796e-10,2.384185791015625e-07,0.713577039539814,samples/002335_vase_0483.npz
2336,vase_0484,37,14,1,0,0.5572763727591075,0.11101466417312622,0.00028306571766734123,0.008130192756652832,0.7357257269322872,samples/002336_vase_0484.npz
2337,vase_0485,37,34,1,0,0.3879802099080154,0.05622324347496033,0.0001434946316294372,0.0028611719608306885,0.7172922194004059,samples/002337_vase_0485.npz
2338,vase_0486,37,15,1,0,1.1260882915239088,0.1368846297264099,0.0009026898769661784,0.01898592710494995,0.756263978779316,samples/002338_vase_0486.npz
2339,vase_0487,37,15,1,0,0.5570357075067468,0.13081204891204834,0.0002195635752286762,0.010129928588867188,0.7358750365674496,samples/002339_vase_0487.npz
2340,vase_0488,37,15,1,0,1.0643893021514732,0.12786516547203064,0.0007171047618612647,0.009560108184814453,0.7061272822320461,samples/002340_vase_0488.npz
2341,vase_0489,37,5,1,0,0.693457164047222,0.0939861536026001,0.0003538519376888871,0.0063859522342681885,0.7230151370167732,samples/002341_vase_0489.npz
2342,vase_0490,37,10,1,0,0.0017041952233843437,0.00150221586227417,1.367880031466484e-09,2.2649765014648438e-06,0.6641571968793869,samples/002342_vase_0490.npz
2343,vase_0491,37,5,1,0,1.0550997458216036,0.11731606721878052,0.0005754341254942119,0.014032959938049316,0.6580593846738338,samples/002343_vase_0491.npz
2344,vase_0492,37,15,1,0,1.8247712501451916,0.1599999964237213,0.001006842590868473,0.026480555534362793,0.681067306548357,samples/002344_vase_0492.npz
2345,vase_0493,37,15,1,0,0.5778506310973187,0.10831663012504578,0.00027468157350085676,0.01095658540725708,0.6735548563301563,samples/002345_vase_0493.npz
2346,vase_0494,37,5,1,0,0.3879891106313179,0.08475890755653381,0.00011205518967472017,0.004133701324462891,0.661944679915905,samples/002346_vase_0494.npz
2347,vase_0495,37,10,1,0,0.3879870654993719,0.06477010250091553,0.00014042769907973707,0.004170656204223633,0.6698554158210754,samples/002347_vase_0495.npz
2348,vase_0496,37,15,1,0,0.8667791281383732,0.15999996662139893,0.000539434258826077,0.02658534049987793,0.7495118007063866,samples/002348_vase_0496.npz
2349,vase_0497,37,15,1,0,0.5610751344465694,0.11429989337921143,0.0002709444670472294,0.009467065334320068,0.6472766324877739,samples/002349_vase_0497.npz
2350,vase_0498,37,6,1,0,0.7483939618087778,0.10411703586578369,0.00049037323333323,0.008277297019958496,0.6560422666370869,samples/002350_vase_0498.npz
2351,vase_0499,37,26,1,0,1.0392229773711177,0.1344870924949646,0.00067569047678262,0.01346820592880249,0.6651380509138107,samples/002351_vase_0499.npz
2352,vase_0500,37,15,1,0,0.8377093405781948,0.0930626392364502,0.0005828813882544637,0.011308550834655762,0.6392685510218143,samples/002352_vase_0500.npz
2353,vase_0501,37,15,1,0,0.7185563469276853,0.15999966859817505,0.00042165821650996804,0.016838669776916504,0.6442930735647678,samples/002353_vase_0501.npz
2354,vase_0502,37,5,1,0,1.2349616720839014,0.14238210022449493,0.0009830780327320099,0.010721743106842041,0.6398716941475868,samples/002354_vase_0502.npz
2355,vase_0503,37,15,1,0,1.2793278115295654,0.1599999964237213,0.0012975608697161078,0.026523828506469727,0.636615589261055,samples/002355_vase_0503.npz
2356,vase_0504,37,6,1,0,1.5645163876890407,0.1599999964237213,0.001282322220504284,0.04356628656387329,0.6425307728350163,samples/002356_vase_0504.npz
2357,vase_0505,37,5,1,0,0.8267101941903358,0.120144784450531,0.0006091500399634242,0.008571624755859375,0.6433129087090492,samples/002357_vase_0505.npz
2358,vase_0506,37,26,1,0,1.3527895478583616,0.1599999964237213,0.0011728501413017511,0.010183453559875488,0.6445638686418533,samples/002358_vase_0506.npz
2359,vase_0507,37,15,1,0,1.2422097402057177,0.15999960899353027,0.0009725526906549931,0.030218422412872314,0.6299772001802921,samples/002359_vase_0507.npz
2360,vase_0508,37,5,1,0,0.0029991509195959223,0.002260148525238037,6.439222488552332e-09,5.125999450683594e-06,0.6354592815041542,samples/002360_vase_0508.npz
2361,vase_0509,37,5,1,0,1.0899645010390893,0.1600000262260437,0.0007976851193234324,0.017368614673614502,0.635536827147007,samples/002361_vase_0509.npz
2362,vase_0510,37,15,1,0,0.38798116048043724,0.042635828256607056,0.00014453951735049486,0.0032404959201812744,0.6331372410058975,samples/002362_vase_0510.npz
2363,vase_0511,37,5,1,0,0.3880401490244718,0.07255548238754272,0.00013489986304193735,0.002709507942199707,0.6470659375190735,samples/002363_vase_0511.npz
2364,vase_0512,37,15,1,0,0.7078519557541079,0.14532136917114258,0.00036978680873289704,0.014004349708557129,0.6438531018793583,samples/002364_vase_0512.npz
2365,vase_0513,37,5,1,0,0.6985171010273045,0.10806572437286377,0.0004485920653678477,0.014685392379760742,0.6423870623111725,samples/002365_vase_0513.npz
2366,vase_0514,37,15,1,0,0.5699984129770672,0.08887720108032227,0.0003016623086296022,0.00855797529220581,0.642432302236557,samples/002366_vase_0514.npz
2367,vase_0515,37,26,1,0,1.494004905370909,0.14347410202026367,0.001413735095411539,0.0150909423828125,0.6465431898832321,samples/002367_vase_0515.npz
2368,vase_0516,37,5,1,0,0.573314402254085,0.08609787374734879,0.0003048463840968907,0.00663912296295166,0.683777429163456,samples/002368_vase_0516.npz
2369,vase_0517,37,15,1,0,0.7227480031094432,0.10203629732131958,0.0004426469386089593,0.011428594589233398,0.6594261527061462,samples/002369_vase_0517.npz
2370,vase_0518,37,15,1,0,1.0061658225776056,0.15999898314476013,0.0007276267278939486,0.030464589595794678,0.6550594940781593,samples/002370_vase_0518.npz
2371,vase_0519,37,24,1,0,0.8457676816620473,0.138322651386261,0.00047846449888311327,0.011416733264923096,0.6610889062285423,samples/002371_vase_0519.npz
2372,vase_0520,37,5,1,0,1.1207249795851022,0.15406811237335205,0.000746122095733881,0.01659458875656128,0.6469516791403294,samples/002372_vase_0520.npz
2373,vase_0521,37,15,1,0,1.3548232858577554,0.1600000262260437,0.001195800257846713,0.03393268585205078,0.6666059717535973,samples/002373_vase_0521.npz
2374,vase_0522,37,5,1,0,0.5769418453180608,0.11080896854400635,0.0002947029424831271,0.009137213230133057,0.6541425436735153,samples/002374_vase_0522.npz
2375,vase_0523,37,15,1,0,0.00019814875449545842,0.00013968348503112793,-8.731149137020111e-10,1.1920928955078125e-07,0.661879163235426,samples/002375_vase_0523.npz
2376,vase_0524,37,15,1,0,1.0942958423432334,0.1600000262260437,0.000965244194958359,0.0292319655418396,0.6463526077568531,samples/002376_vase_0524.npz
2377,vase_0525,37,26,1,0,1.3418233277491092,0.15999996662139893,0.0014405909460037947,0.03621816635131836,0.6458058245480061,samples/002377_vase_0525.npz
2378,vase_0526,37,15,1,0,1.0647556819867166,0.15038621425628662,0.0009558962192386389,0.02019864320755005,0.6518121473491192,samples/002378_vase_0526.npz
2379,vase_0527,37,15,1,0,1.0651926953646147,0.15999823808670044,0.0007649565814062953,0.02500861883163452,0.6661012172698975,samples/002379_vase_0527.npz
2380,vase_0528,37,10,1,0,0.00018707580552385897,0.00011214613914489746,1.5279510989785194e-10,1.1920928955078125e-07,0.6488711349666119,samples/002380_vase_0528.npz
2381,vase_0529,37,6,1,0,0.38797820793726706,0.055597782135009766,0.00014699966413900256,0.003473043441772461,0.6513612531125546,samples/002381_vase_0529.npz
2382,vase_0530,37,11,1,0,0.5577283972160533,0.09616607427597046,0.0002899217652156949,0.009077727794647217,0.6480556726455688,samples/002382_vase_0530.npz
2383,vase_0531,37,10,1,0,0.6743344270699978,0.09473633766174316,0.00035591277992352843,0.006524205207824707,0.64439282938838,samples/002383_vase_0531.npz
2384,vase_0532,37,15,1,0,0.5695405268600396,0.10851103067398071,0.00025545479729771614,0.008876442909240723,0.6447160057723522,samples/002384_vase_0532.npz
2385,vase_0533,37,15,1,0,0.735411227415969,0.1215590238571167,0.00035857022157870233,0.015985488891601562,0.6422151327133179,samples/002385_vase_0533.npz
2386,vase_0534,37,10,1,0,0.0037120974353884646,0.0036156177520751953,1.3387762010097504e-08,1.3470649719238281e-05,0.6483225524425507,samples/002386_vase_0534.npz
2387,vase_0535,37,15,1,0,0.8611735769699902,0.15182963013648987,0.0005012466572225094,0.018135905265808105,0.6426966860890388,samples/002387_vase_0535.npz
2388,vase_0536,37,15,1,0,0.5822535864628247,0.08199381828308105,0.0003308599116280675,0.008039236068725586,0.6398098766803741,samples/002388_vase_0536.npz
2389,vase_0537,37,10,1,0,0.0002679505873567487,0.0001852661371231079,-3.4924596548080444e-09,1.1920928955078125e-07,0.6400839909911156,samples/002389_vase_0537.npz
2390,vase_0538,37,15,1,0,0.8666811831034961,0.15515515208244324,0.00042667638626880944,0.015171289443969727,0.6390134170651436,samples/002390_vase_0538.npz
2391,vase_0539,37,15,1,0,0.3879504817405691,0.12521350383758545,0.00012700201477855444,0.01158982515335083,0.6435671523213387,samples/002391_vase_0539.npz
2392,vase_0540,37,15,1,0,0.7108602062588997,0.09210655093193054,0.00039542902959510684,0.007971048355102539,0.6450265944004059,samples/002392_vase_0540.npz
2393,vase_0541,37,15,1,0,1.1284721754351223,0.15999957919120789,0.0008594340179115534,0.03166288137435913,0.6444398052990437,samples/002393_vase_0541.npz
2394,vase_0542,37,15,1,0,0.5666835500735803,0.07599896192550659,0.00029674352845177054,0.007153511047363281,0.6453541815280914,samples/002394_vase_0542.npz
2395,vase_0543,37,15,1,0,0.5726301054561427,0.08943957090377808,0.0002998741692863405,0.008061707019805908,0.6473021171987057,samples/002395_vase_0543.npz
2396,vase_0544,37,5,1,0,0.7336851897852826,0.13245391845703125,0.0003519126330502331,0.010790228843688965,0.6726405322551727,samples/002396_vase_0544.npz
2397,vase_0545,37,15,1,0,0.5672278397772123,0.08861181139945984,0.00029143845313228667,0.005006372928619385,0.6494817361235619,samples/002397_vase_0545.npz
2398,vase_0546,37,5,1,0,1.1568363739069525,0.12428545951843262,0.000816205982118845,0.013505935668945312,0.6486850157380104,samples/002398_vase_0546.npz
2399,vase_0547,37,15,1,0,0.00037496641066716424,0.0002956986427307129,3.1213858164846897e-09,1.1920928955078125e-07,0.6928873024880886,samples/002399_vase_0547.npz
2400,vase_0548,37,10,1,0,0.0007545268052998906,0.0004460960626602173,2.153683453798294e-09,1.7881393432617188e-07,0.7055778503417969,samples/002400_vase_0548.npz
2401,vase_0549,37,5,1,0,1.3224666110260581,0.1599997878074646,0.0006802353309467435,0.008944869041442871,0.6672654487192631,samples/002401_vase_0549.npz
2402,vase_0550,37,5,1,0,0.7211189311085084,0.1599971055984497,0.00035182989086024463,0.01596277952194214,0.6979184746742249,samples/002402_vase_0550.npz
2403,vase_0551,37,10,1,0,0.3879802099080154,0.06511205434799194,0.00014628481585532427,0.0042934417724609375,0.6678004674613476,samples/002403_vase_0551.npz
2404,vase_0552,37,8,1,0,1.3352281125875816,0.1599999964237213,0.0007453063735738397,0.0198553204536438,0.6477814540266991,samples/002404_vase_0552.npz
2405,vase_0553,37,6,1,0,0.0003539631202010379,0.00030493736267089844,-5.820766091346741e-11,1.1920928955078125e-07,0.6494203023612499,samples/002405_vase_0553.npz
2406,vase_0554,37,15,1,0,0.5768105345545896,0.08657616376876831,0.00026605199673213065,0.007911860942840576,0.6540181897580624,samples/002406_vase_0554.npz
2407,vase_0555,37,15,1,0,0.3879746792586391,0.105618417263031,0.00012832364882342517,0.009162366390228271,0.642712440341711,samples/002407_vase_0555.npz
2408,vase_0556,37,15,1,0,0.3879824279067102,0.08437004685401917,0.00013025326188653708,0.006169915199279785,0.6398655511438847,samples/002408_vase_0556.npz
2409,vase_0557,37,28,1,0,0.38792658521030005,0.06233508884906769,0.00014455380733124912,0.003805190324783325,0.6486315615475178,samples/002409_vase_0557.npz
2410,vase_0558,37,5,1,0,0.719646889405852,0.15885257720947266,0.0004059593193233013,0.019302964210510254,0.648852750658989,samples/002410_vase_0558.npz
2411,vase_0559,37,10,1,0,0.0005847631047452094,0.0004941821098327637,4.394678398966789e-09,2.384185791015625e-07,0.6407664567232132,samples/002411_vase_0559.npz
2412,vase_0560,37,34,1,0,0.38797820793726706,0.058671921491622925,0.00014587273471988738,0.003924936056137085,0.6458034068346024,samples/002412_vase_0560.npz
2413,vase_0561,37,26,1,0,0.9693059095335371,0.1599993109703064,0.0004897329490631819,0.02675020694732666,0.6463231965899467,samples/002413_vase_0561.npz
2414,vase_0562,37,15,1,0,0.5594745174516165,0.10868901014328003,0.00027414015494287014,0.008952140808105469,0.6420220173895359,samples/002414_vase_0562.npz
2415,vase_0563,37,15,1,0,1.2067734526352107,0.1599997878074646,0.0011869266163557768,0.023887276649475098,0.6408785954117775,samples/002415_vase_0563.npz
2416,vase_0564,37,5,1,0,0.3879839257687858,0.12801042199134827,0.00012272542517166585,0.002540767192840576,0.6470880769193172,samples/002416_vase_0564.npz
2417,vase_0565,37,15,1,0,1.6040308283806575,0.1599999964237213,0.0011489326134324074,0.016360700130462646,0.6584729924798012,samples/002417_vase_0565.npz
2418,vase_0566,37,15,1,0,0.7244598974814113,0.09665530920028687,0.00047316672862507403,0.006357669830322266,0.6751832962036133,samples/002418_vase_0566.npz
2419,vase_0567,37,26,1,0,0.8220023324908974,0.1405927836894989,0.00026348530082032084,0.012858450412750244,0.670344989746809,samples/002419_vase_0567.npz
2420,vase_0568,37,5,1,0,0.0002989126255711117,0.00015245378017425537,-9.89530235528946e-10,1.1920928955078125e-07,0.6872853264212608,samples/002420_vase_0568.npz
2421,vase_0569,37,15,1,0,1.4230434311922735,0.1600000262260437,0.0013191963080316782,0.01220715045928955,0.6833856478333473,samples/002421_vase_0569.npz
2422,vase_0570,37,15,1,0,1.0608683989189012,0.1599999964237213,0.0007712607621215284,0.012814700603485107,0.6755289733409882,samples/002422_vase_0570.npz
2423,vase_0571,37,15,1,0,0.5612220353315475,0.12377327680587769,0.0001877663453342393,0.010657310485839844,0.6879795007407665,samples/002423_vase_0571.npz
2424,vase_0572,37,10,1,0,0.3880316526922849,0.05650585889816284,0.00014043172996025532,0.003085911273956299,0.7055139169096947,samples/002424_vase_0572.npz
2425,vase_0573,37,15,1,0,0.8970526097380425,0.13502347469329834,0.0005274275899864733,0.01515507698059082,0.6945750899612904,samples/002425_vase_0573.npz
2426,vase_0574,37,15,1,0,1.1201572693734858,0.15999996662139893,0.0004906206158921123,0.026673853397369385,0.6535284146666527,samples/002426_vase_0574.npz
2427,vase_0575,37,15,1,0,0.38803790255473064,0.07737305760383606,0.00014691932301502675,0.006524324417114258,0.676764041185379,samples/002427_vase_0575.npz
2428,wardrobe_0088,38,14,1,0,0.5686389982454796,0.08866149187088013,0.00029413693118840456,0.006400883197784424,0.6832150779664516,samples/002428_wardrobe_0088.npz
2429,wardrobe_0089,38,39,1,0,0.38801288809951834,0.05797216296195984,0.00014549109619110823,0.0037283003330230713,0.6835402399301529,samples/002429_wardrobe_0089.npz
2430,wardrobe_0090,38,4,1,0,0.5596601204429174,0.07849007844924927,0.0002770663413684815,0.005163967609405518,0.6911983862519264,samples/002430_wardrobe_0090.npz
2431,wardrobe_0091,38,4,1,0,0.3880008339261527,0.060199618339538574,0.00014633682440035045,0.0037696361541748047,0.6984831355512142,samples/002431_wardrobe_0091.npz
2432,wardrobe_0092,38,27,1,0,0.5714972679055357,0.08098448812961578,0.00028844134067185223,0.006553232669830322,0.660058069974184,samples/002432_wardrobe_0092.npz
2433,wardrobe_0093,38,39,1,0,0.5636152695052554,0.07838255167007446,0.0002891285694204271,0.005212724208831787,0.6700555756688118,samples/002433_wardrobe_0093.npz
2434,wardrobe_0094,38,14,1,0,0.3880920734122034,0.07079046964645386,0.00014609572826884687,0.007575660943984985,0.680630624294281,samples/002434_wardrobe_0094.npz
2435,wardrobe_0095,38,4,1,0,0.004727767635021757,0.002547025680541992,2.179785951739177e-08,8.165836334228516e-06,0.6658219024538994,samples/002435_wardrobe_0095.npz
2436,wardrobe_0096,38,39,1,0,0.696994889214604,0.13066330552101135,0.0003816468524746597,0.010749563574790955,0.6840963289141655,samples/002436_wardrobe_0096.npz
2437,wardrobe_0097,38,4,1,0,0.5852590065792277,0.08173400163650513,0.00029900623485445976,0.005585342645645142,0.6523352898657322,samples/002437_wardrobe_0097.npz
2438,wardrobe_0098,38,14,1,0,0.013858916441987657,0.003594815731048584,1.889020495582372e-07,1.3113021850585938e-05,0.7482277303934097,samples/002438_wardrobe_0098.npz
2439,wardrobe_0099,38,14,1,0,0.006607372331959447,0.0032275021076202393,4.390312824398279e-08,1.1086463928222656e-05,0.6693375706672668,samples/002439_wardrobe_0099.npz
2440,wardrobe_0100,38,39,1,0,0.388316653496979,0.06868934631347656,0.0001353324914816767,0.0033527016639709473,0.6635435670614243,samples/002440_wardrobe_0100.npz
2441,wardrobe_0101,38,39,1,0,0.3879575395059083,0.11426183581352234,0.00012971596152056009,0.004688262939453125,0.6625881493091583,samples/002441_wardrobe_0101.npz
2442,wardrobe_0102,38,27,1,0,0.8182369677784673,0.0891997218132019,0.00046540284529328346,0.005152672529220581,0.6664228029549122,samples/002442_wardrobe_0102.npz
2443,wardrobe_0103,38,39,1,0,0.5769901155301985,0.06193357706069946,0.00029726626235060394,0.007771730422973633,0.6730538234114647,samples/002443_wardrobe_0103.npz
2444,wardrobe_0104,38,14,1,0,0.5685231081108526,0.08643841743469238,0.0002836239291355014,0.003841578960418701,0.6595619730651379,samples/002444_wardrobe_0104.npz
2445,wardrobe_0105,38,39,1,0,0.005636350755949633,0.0038088560104370117,3.2014213502407074e-08,1.537799835205078e-05,0.6672653183341026,samples/002445_wardrobe_0105.npz
2446,wardrobe_0106,38,27,1,0,0.7080452744668841,0.09876489639282227,0.0004256372922100127,0.009555339813232422,0.6780721955001354,samples/002446_wardrobe_0106.npz
2447,wardrobe_0107,38,14,1,0,0.5634224004515319,0.07950276136398315,0.00029037700733169913,0.005675554275512695,0.6649156771600246,samples/002447_wardrobe_0107.npz
2448,xbox_0104,39,5,1,0,0.5693507249851826,0.09383156150579453,0.00028175339684821665,0.007220089435577393,0.6619361266493797,samples/002448_xbox_0104.npz
2449,xbox_0105,39,14,1,0,0.004600984961959164,0.0045195817947387695,2.1878804545849562e-08,2.0623207092285156e-05,0.6577553860843182,samples/002449_xbox_0105.npz
2450,xbox_0106,39,27,1,0,0.38798133331153645,0.0950038954615593,0.00012987165246158838,0.0035190582275390625,0.6592403687536716,samples/002450_xbox_0106.npz
2451,xbox_0107,39,38,1,0,0.7237789917609184,0.0815584659576416,0.0004250432539265603,0.006011843681335449,0.714017890393734,samples/002451_xbox_0107.npz
2452,xbox_0108,39,38,1,0,0.38790353713196735,0.08555388450622559,0.00013583835971076041,0.009171068668365479,0.7211709655821323,samples/002452_xbox_0108.npz
2453,xbox_0109,39,11,1,0,1.2822917331888701,0.15321964025497437,0.0008375476463697851,0.012182772159576416,0.6881208047270775,samples/002453_xbox_0109.npz
2454,xbox_0110,39,14,1,0,0.5612918276588938,0.13777750730514526,0.000270202464889735,0.006314098834991455,0.6525636836886406,samples/002454_xbox_0110.npz
2455,xbox_0111,39,38,1,0,0.38790637500053793,0.058005183935165405,0.0001403164933435619,0.00447458028793335,0.7088357880711555,samples/002455_xbox_0111.npz
2456,xbox_0112,39,5,1,0,0.8507576647555294,0.12472358345985413,0.0005057327216491103,0.008281588554382324,0.6605279222130775,samples/002456_xbox_0112.npz
2457,xbox_0113,39,14,1,0,0.6863833483916166,0.10250353813171387,0.0003909860097337514,0.006071209907531738,0.6670029871165752,samples/002457_xbox_0113.npz
2458,xbox_0114,39,14,1,0,0.8413388185390932,0.12906670570373535,0.0005191168747842312,0.007577985525131226,0.6684754751622677,samples/002458_xbox_0114.npz
2459,xbox_0115,39,4,1,0,0.0014240903388829703,0.0006681680679321289,4.588400770444423e-09,4.76837158203125e-07,0.6538070403039455,samples/002459_xbox_0115.npz
2460,xbox_0116,39,14,1,0,0.38801661804862336,0.07140547037124634,0.00014007660502102226,0.0038040578365325928,0.6525176130235195,samples/002460_xbox_0116.npz
2461,xbox_0117,39,38,1,0,0.5532099359570091,0.09831106662750244,0.00027565209893509746,0.007039815187454224,0.6640424989163876,samples/002461_xbox_0117.npz
2462,xbox_0118,39,38,1,0,0.3879938777632289,0.07109701633453369,0.00013534551544580609,0.006292819976806641,0.7048652619123459,samples/002462_xbox_0118.npz
2463,xbox_0119,39,5,1,0,0.8484442779101676,0.10954421758651733,0.000519156688824296,0.008610129356384277,0.6534377038478851,samples/002463_xbox_0119.npz
2464,xbox_0120,39,38,1,0,0.38795712180500364,0.079424649477005,0.00012965284986421466,0.004364430904388428,0.6515354141592979,samples/002464_xbox_0120.npz
2465,xbox_0121,39,38,1,0,0.3879959084572203,0.0680508017539978,0.00013167819997761399,0.003916740417480469,0.6654564216732979,samples/002465_xbox_0121.npz
2466,xbox_0122,39,14,1,0,0.73418674693934,0.11236196756362915,0.0004614224599208683,0.007625013589859009,0.6536573991179466,samples/002466_xbox_0122.npz
2467,xbox_0123,39,26,1,0,0.8166352001197213,0.10496395826339722,0.0005267005180940032,0.008790701627731323,0.650956854224205,samples/002467_xbox_0123.npz
